inventory_ID,product_ID,quantity_on_hand,quantity_reserved,quantity_available,reorder_level,reorder_quantity,last_restock_date,inventory_status,lot_number,storage_conditions
1,1,327,57,270,13,120,2025-06-29 02:05:23,In Stock,LOT-10433,Refrigerated
2,2,71,13,58,96,189,2025-09-18 02:05:23,backordered,LOT-21819,Humidity controlled
3,3,216,8,208,13,73,2025-07-13 02:05:23,In Stock,LOT-60013,Refrigerated
4,4,258,13,245,81,100,2024-12-04 02:05:23,In Stock,LOT-38908,Humidity controlled
5,5,214,56,158,67,200,2025-06-12 02:05:23,In Stock,LOT-38637,Cool and dry place
6,6,388,81,307,99,158,2025-05-11 02:05:23,In Stock,LOT-94026,Room temperature
7,7,79,27,52,53,76,2025-09-15 02:05:23,backordered,LOT-54235,Keep away from sunlight
8,8,49,22,27,54,117,2025-10-10 02:05:23,backordered,LOT-11615,Keep away from sunlight
9,9,274,63,211,58,70,2025-01-23 02:05:23,In Stock,LOT-59407,Room temperature
10,10,424,321,103,89,142,2025-01-10 02:05:23,In Stock,LOT-81618,Refrigerated
11,11,360,35,325,15,108,2025-06-06 02:05:23,In Stock,LOT-49593,Cool and dry place
12,12,437,119,318,22,147,2025-06-12 02:05:23,In Stock,LOT-10341,Keep away from sunlight
13,13,325,186,139,30,144,2025-05-04 02:05:23,In Stock,LOT-31647,Refrigerated
14,14,343,136,207,99,68,2024-12-25 02:05:23,In Stock,LOT-52553,Refrigerated
15,15,273,125,148,30,168,2025-04-21 02:05:23,In Stock,LOT-41928,Room temperature
16,16,473,327,146,98,192,2025-07-12 02:05:23,In Stock,LOT-32764,Room temperature
17,17,431,393,38,17,108,2025-10-16 02:05:23,In Stock,LOT-83503,Room temperature
18,18,205,68,137,18,104,2025-01-15 02:05:23,In Stock,LOT-05641,Room temperature
19,19,108,83,25,73,151,2024-12-07 02:05:23,backordered,LOT-39537,Keep away from sunlight
20,20,73,33,40,27,113,2025-01-18 02:05:23,In Stock,LOT-67242,Humidity controlled
21,21,134,109,25,84,152,2025-04-30 02:05:23,backordered,LOT-38849,Refrigerated
22,22,70,65,5,73,73,2025-10-08 02:05:23,backordered,LOT-69653,Cool and dry place
23,23,78,20,58,97,158,2024-12-31 02:05:23,backordered,LOT-28710,Cool and dry place
24,24,197,97,100,86,169,2025-02-04 02:05:23,In Stock,LOT-12269,Room temperature
25,25,497,283,214,11,79,2024-11-17 02:05:23,In Stock,LOT-16697,Humidity controlled
26,26,384,136,248,92,137,2025-09-05 02:05:23,In Stock,LOT-84801,Room temperature
27,27,222,40,182,68,50,2025-06-20 02:05:23,In Stock,LOT-84514,Humidity controlled
28,28,390,91,299,74,77,2024-12-16 02:05:23,In Stock,LOT-62704,Room temperature
29,29,430,327,103,74,100,2025-08-15 02:05:23,In Stock,LOT-82814,Room temperature
30,30,390,82,308,79,185,2025-11-01 02:05:23,In Stock,LOT-89325,Humidity controlled
31,31,165,125,40,12,78,2025-04-30 02:05:23,In Stock,LOT-28809,Room temperature
32,32,122,7,115,40,195,2025-09-22 02:05:23,In Stock,LOT-57015,Cool and dry place
33,33,374,248,126,18,186,2025-08-29 02:05:23,In Stock,LOT-43039,Refrigerated
34,34,337,243,94,80,92,2025-06-19 02:05:23,In Stock,LOT-11718,Humidity controlled
35,35,446,310,136,64,104,2025-01-29 02:05:23,In Stock,LOT-22782,Refrigerated
36,36,365,159,206,61,145,2025-03-22 02:05:23,In Stock,LOT-48963,Humidity controlled
37,37,231,30,201,41,107,2025-09-30 02:05:23,In Stock,LOT-83465,Room temperature
38,38,10,9,1,80,108,2025-01-04 02:05:23,backordered,LOT-78713,Refrigerated
39,39,3,0,3,100,65,2025-07-07 02:05:23,backordered,LOT-31509,Cool and dry place
40,40,463,16,447,52,68,2025-02-11 02:05:23,In Stock,LOT-83930,Refrigerated
41,41,142,124,18,37,188,2025-08-26 02:05:23,backordered,LOT-10310,Humidity controlled
42,42,295,242,53,41,171,2025-04-07 02:05:23,In Stock,LOT-51834,Refrigerated
43,43,48,6,42,94,160,2025-05-04 02:05:23,backordered,LOT-73829,Keep away from sunlight
44,44,210,119,91,16,75,2025-10-01 02:05:23,In Stock,LOT-97376,Keep away from sunlight
45,45,372,173,199,23,113,2025-07-26 02:05:23,In Stock,LOT-31165,Refrigerated
46,46,274,229,45,27,158,2025-07-31 02:05:23,In Stock,LOT-66701,Room temperature
47,47,236,63,173,19,163,2025-01-24 02:05:23,In Stock,LOT-06513,Cool and dry place
48,48,25,20,5,79,53,2025-09-15 02:05:23,backordered,LOT-33872,Refrigerated
49,49,85,52,33,72,173,2025-07-15 02:05:23,backordered,LOT-62473,Keep away from sunlight
50,50,462,30,432,31,147,2025-10-31 02:05:23,In Stock,LOT-17810,Keep away from sunlight
51,51,135,116,19,46,158,2024-11-10 02:05:23,backordered,LOT-80132,Humidity controlled
52,52,338,249,89,29,98,2025-06-03 02:05:23,In Stock,LOT-67736,Refrigerated
53,53,495,29,466,84,188,2025-10-01 02:05:23,In Stock,LOT-02606,Room temperature
54,54,29,1,28,84,172,2025-02-17 02:05:23,backordered,LOT-47468,Humidity controlled
55,55,80,7,73,75,70,2025-07-29 02:05:23,backordered,LOT-72343,Cool and dry place
56,56,304,34,270,96,110,2025-04-09 02:05:23,In Stock,LOT-09805,Cool and dry place
57,57,482,455,27,82,113,2025-01-09 02:05:23,backordered,LOT-00978,Humidity controlled
58,58,20,19,1,20,157,2024-11-30 02:05:23,backordered,LOT-82081,Humidity controlled
59,59,289,267,22,50,116,2025-07-20 02:05:23,backordered,LOT-21913,Room temperature
60,60,122,33,89,60,83,2024-11-23 02:05:23,In Stock,LOT-61939,Room temperature
61,61,234,80,154,19,52,2025-03-12 02:05:23,In Stock,LOT-90916,Humidity controlled
62,62,288,51,237,19,187,2025-07-15 02:05:23,In Stock,LOT-99854,Humidity controlled
63,63,135,33,102,54,67,2025-06-29 02:05:23,In Stock,LOT-35346,Room temperature
64,64,145,40,105,66,189,2024-11-06 02:05:23,In Stock,LOT-24751,Room temperature
65,65,313,270,43,11,191,2025-06-01 02:05:23,In Stock,LOT-07991,Cool and dry place
66,66,480,449,31,27,117,2025-09-03 02:05:23,In Stock,LOT-18384,Cool and dry place
67,67,380,283,97,29,119,2025-06-10 02:05:23,In Stock,LOT-25135,Humidity controlled
68,68,107,91,16,53,102,2024-11-15 02:05:23,backordered,LOT-42784,Room temperature
69,69,258,250,8,42,63,2025-09-15 02:05:23,backordered,LOT-98084,Keep away from sunlight
70,70,424,141,283,15,50,2025-05-15 02:05:23,In Stock,LOT-12411,Refrigerated
71,71,326,134,192,30,163,2025-01-23 02:05:23,In Stock,LOT-82449,Keep away from sunlight
72,72,287,4,283,24,69,2024-11-13 02:05:23,In Stock,LOT-35348,Refrigerated
73,73,279,18,261,57,199,2025-01-23 02:05:23,In Stock,LOT-74016,Refrigerated
74,74,220,32,188,15,128,2025-04-29 02:05:23,In Stock,LOT-40052,Cool and dry place
75,75,460,183,277,36,113,2024-11-25 02:05:23,In Stock,LOT-42786,Cool and dry place
76,76,181,143,38,62,89,2025-07-03 02:05:23,backordered,LOT-80112,Refrigerated
77,77,499,409,90,32,155,2025-10-20 02:05:23,In Stock,LOT-80598,Refrigerated
78,78,377,170,207,62,113,2025-06-18 02:05:23,In Stock,LOT-26204,Refrigerated
79,79,403,359,44,23,147,2025-10-13 02:05:23,In Stock,LOT-50533,Keep away from sunlight
80,80,113,25,88,68,139,2025-05-29 02:05:23,In Stock,LOT-15869,Refrigerated
81,81,114,3,111,94,99,2025-04-11 02:05:23,In Stock,LOT-23226,Room temperature
82,82,142,17,125,45,139,2024-12-08 02:05:23,In Stock,LOT-02563,Humidity controlled
83,83,204,173,31,78,134,2025-10-18 02:05:23,backordered,LOT-42160,Cool and dry place
84,84,449,133,316,32,198,2025-06-19 02:05:23,In Stock,LOT-73375,Cool and dry place
85,85,55,38,17,65,138,2025-05-25 02:05:23,backordered,LOT-43303,Keep away from sunlight
86,86,310,261,49,24,148,2025-01-10 02:05:23,In Stock,LOT-65414,Refrigerated
87,87,130,11,119,100,161,2025-11-01 02:05:23,In Stock,LOT-58685,Humidity controlled
88,88,473,412,61,78,100,2025-04-29 02:05:23,backordered,LOT-01429,Keep away from sunlight
89,89,35,21,14,89,130,2024-11-27 02:05:23,backordered,LOT-40196,Cool and dry place
90,90,368,153,215,74,129,2024-11-25 02:05:23,In Stock,LOT-55698,Keep away from sunlight
91,91,167,103,64,99,125,2025-01-22 02:05:23,backordered,LOT-16934,Refrigerated
92,92,98,53,45,95,147,2024-11-20 02:05:23,backordered,LOT-06088,Refrigerated
93,93,315,291,24,48,153,2025-01-25 02:05:23,backordered,LOT-35615,Cool and dry place
94,94,155,73,82,36,160,2025-01-09 02:05:23,In Stock,LOT-95148,Humidity controlled
95,95,335,164,171,69,163,2025-03-20 02:05:23,In Stock,LOT-46564,Refrigerated
96,96,261,242,19,31,71,2025-06-09 02:05:23,backordered,LOT-82366,Humidity controlled
97,97,339,324,15,89,135,2025-09-15 02:05:23,backordered,LOT-29946,Refrigerated
98,98,344,158,186,38,100,2025-08-18 02:05:23,In Stock,LOT-80443,Cool and dry place
99,99,23,7,16,70,68,2025-03-13 02:05:23,backordered,LOT-69957,Keep away from sunlight
100,100,453,322,131,83,99,2024-11-10 02:05:23,In Stock,LOT-77387,Keep away from sunlight
101,101,253,102,151,41,87,2024-12-01 02:05:23,In Stock,LOT-21489,Cool and dry place
102,102,457,384,73,23,158,2025-07-12 02:05:23,In Stock,LOT-51343,Refrigerated
103,103,411,356,55,76,168,2025-10-07 02:05:23,backordered,LOT-32003,Humidity controlled
104,104,127,31,96,68,84,2025-03-09 02:05:23,In Stock,LOT-79176,Humidity controlled
105,105,286,162,124,66,179,2025-03-28 02:05:23,In Stock,LOT-93676,Humidity controlled
106,106,228,40,188,70,165,2025-06-22 02:05:23,In Stock,LOT-32016,Refrigerated
107,107,430,326,104,45,183,2025-02-26 02:05:23,In Stock,LOT-32870,Refrigerated
108,108,140,112,28,19,123,2025-07-04 02:05:23,In Stock,LOT-83172,Room temperature
109,109,171,81,90,79,70,2025-08-23 02:05:23,In Stock,LOT-78895,Refrigerated
110,110,118,49,69,98,89,2024-11-05 02:05:23,backordered,LOT-79868,Refrigerated
111,111,32,26,6,62,134,2025-01-28 02:05:23,backordered,LOT-72774,Keep away from sunlight
112,112,212,15,197,36,157,2025-04-16 02:05:23,In Stock,LOT-34873,Humidity controlled
113,113,484,356,128,12,197,2025-04-21 02:05:23,In Stock,LOT-47143,Keep away from sunlight
114,114,3,2,1,48,149,2025-04-01 02:05:23,backordered,LOT-45581,Humidity controlled
115,115,382,376,6,79,106,2025-02-25 02:05:23,backordered,LOT-22362,Refrigerated
116,116,139,111,28,72,57,2025-04-16 02:05:23,backordered,LOT-31665,Room temperature
117,117,342,207,135,31,169,2025-08-28 02:05:23,In Stock,LOT-87603,Humidity controlled
118,118,273,13,260,60,194,2024-11-27 02:05:23,In Stock,LOT-66909,Cool and dry place
119,119,42,41,1,64,84,2025-03-10 02:05:23,backordered,LOT-67054,Refrigerated
120,120,25,8,17,58,133,2025-07-16 02:05:23,backordered,LOT-66889,Keep away from sunlight
121,121,167,86,81,58,121,2025-03-31 02:05:23,In Stock,LOT-37346,Room temperature
122,122,427,41,386,70,54,2025-01-29 02:05:23,In Stock,LOT-70656,Cool and dry place
123,123,487,179,308,38,67,2024-12-03 02:05:23,In Stock,LOT-27298,Cool and dry place
124,124,386,15,371,41,101,2025-10-22 02:05:23,In Stock,LOT-06990,Humidity controlled
125,125,78,30,48,26,171,2024-11-24 02:05:23,In Stock,LOT-16272,Cool and dry place
126,126,288,111,177,69,115,2025-04-27 02:05:23,In Stock,LOT-04653,Refrigerated
127,127,310,310,0,24,91,2025-05-26 02:05:23,backordered,LOT-75564,Cool and dry place
128,128,296,13,283,49,197,2024-11-20 02:05:23,In Stock,LOT-64170,Keep away from sunlight
129,129,203,183,20,35,69,2025-01-02 02:05:23,backordered,LOT-80531,Refrigerated
130,130,52,44,8,48,80,2025-01-16 02:05:23,backordered,LOT-00330,Cool and dry place
131,131,177,136,41,64,144,2025-09-27 02:05:23,backordered,LOT-92327,Humidity controlled
132,132,331,174,157,11,157,2025-02-24 02:05:23,In Stock,LOT-19374,Cool and dry place
133,133,221,92,129,91,167,2024-11-04 02:05:23,In Stock,LOT-52991,Refrigerated
134,134,222,45,177,76,119,2024-12-21 02:05:23,In Stock,LOT-24190,Humidity controlled
135,135,396,247,149,69,161,2025-01-02 02:05:23,In Stock,LOT-49663,Room temperature
136,136,165,62,103,21,121,2025-03-16 02:05:23,In Stock,LOT-19314,Refrigerated
137,137,384,237,147,82,147,2025-05-13 02:05:23,In Stock,LOT-91905,Cool and dry place
138,138,253,217,36,51,96,2025-02-25 02:05:23,backordered,LOT-86518,Refrigerated
139,139,181,66,115,53,121,2024-12-31 02:05:23,In Stock,LOT-50671,Room temperature
140,140,284,5,279,76,98,2025-09-19 02:05:23,In Stock,LOT-65726,Refrigerated
141,141,368,208,160,72,192,2025-07-01 02:05:23,In Stock,LOT-28498,Keep away from sunlight
142,142,330,251,79,67,54,2025-09-15 02:05:23,In Stock,LOT-77694,Room temperature
143,143,113,51,62,98,112,2025-05-29 02:05:23,backordered,LOT-53147,Humidity controlled
144,144,188,121,67,80,185,2025-05-09 02:05:23,backordered,LOT-37996,Keep away from sunlight
145,145,381,281,100,52,140,2024-11-07 02:05:23,In Stock,LOT-50752,Keep away from sunlight
146,146,138,78,60,42,109,2025-09-01 02:05:23,In Stock,LOT-73545,Refrigerated
147,147,161,30,131,78,97,2025-07-26 02:05:23,In Stock,LOT-49480,Refrigerated
148,148,378,247,131,45,200,2025-02-06 02:05:23,In Stock,LOT-83136,Humidity controlled
149,149,144,25,119,34,125,2025-07-08 02:05:23,In Stock,LOT-78377,Room temperature
150,150,91,38,53,11,186,2025-08-29 02:05:23,In Stock,LOT-70143,Room temperature
151,151,23,1,22,80,124,2024-11-09 02:05:23,backordered,LOT-63495,Refrigerated
152,152,326,251,75,23,53,2025-01-12 02:05:23,In Stock,LOT-78856,Room temperature
153,153,240,122,118,66,137,2025-07-30 02:05:23,In Stock,LOT-85574,Cool and dry place
154,154,129,122,7,24,66,2025-04-10 02:05:23,backordered,LOT-44313,Keep away from sunlight
155,155,37,36,1,90,63,2025-08-16 02:05:23,backordered,LOT-51823,Refrigerated
156,156,415,288,127,48,71,2025-06-27 02:05:23,In Stock,LOT-37498,Cool and dry place
157,157,285,213,72,87,107,2025-02-07 02:05:23,backordered,LOT-94134,Keep away from sunlight
158,158,230,113,117,48,200,2025-03-27 02:05:23,In Stock,LOT-35240,Room temperature
159,159,291,30,261,88,75,2025-07-18 02:05:23,In Stock,LOT-82400,Refrigerated
160,160,135,20,115,30,111,2025-08-05 02:05:23,In Stock,LOT-84271,Humidity controlled
161,161,38,10,28,10,154,2025-03-16 02:05:23,In Stock,LOT-09477,Humidity controlled
162,162,240,74,166,14,109,2025-06-07 02:05:23,In Stock,LOT-75204,Room temperature
163,163,359,232,127,19,109,2025-06-19 02:05:23,In Stock,LOT-71167,Humidity controlled
164,164,338,101,237,64,79,2025-01-27 02:05:23,In Stock,LOT-19022,Refrigerated
165,165,331,76,255,44,86,2025-09-26 02:05:23,In Stock,LOT-94131,Cool and dry place
166,166,84,39,45,86,195,2025-06-07 02:05:23,backordered,LOT-86999,Keep away from sunlight
167,167,63,59,4,98,127,2024-11-08 02:05:23,backordered,LOT-38677,Keep away from sunlight
168,168,482,139,343,74,188,2025-02-22 02:05:23,In Stock,LOT-49649,Keep away from sunlight
169,169,41,38,3,15,160,2025-05-20 02:05:23,backordered,LOT-90913,Humidity controlled
170,170,128,6,122,21,108,2024-11-21 02:05:23,In Stock,LOT-34123,Humidity controlled
171,171,300,10,290,96,118,2025-01-10 02:05:23,In Stock,LOT-28120,Cool and dry place
172,172,390,387,3,32,170,2025-02-09 02:05:23,backordered,LOT-67974,Keep away from sunlight
173,173,469,142,327,33,199,2025-03-23 02:05:23,In Stock,LOT-03447,Keep away from sunlight
174,174,496,46,450,70,139,2025-04-06 02:05:23,In Stock,LOT-13493,Room temperature
175,175,164,26,138,30,134,2025-04-05 02:05:23,In Stock,LOT-61832,Keep away from sunlight
176,176,147,102,45,80,59,2025-03-14 02:05:23,backordered,LOT-42102,Cool and dry place
177,177,161,64,97,51,79,2025-04-09 02:05:23,In Stock,LOT-49947,Humidity controlled
178,178,422,0,422,94,188,2025-03-10 02:05:23,In Stock,LOT-17464,Keep away from sunlight
179,179,27,6,21,76,142,2024-12-18 02:05:23,backordered,LOT-88771,Keep away from sunlight
180,180,320,226,94,16,102,2025-06-18 02:05:23,In Stock,LOT-90659,Humidity controlled
181,181,67,36,31,66,174,2025-08-31 02:05:23,backordered,LOT-40139,Cool and dry place
182,182,498,322,176,87,111,2024-11-03 02:05:23,In Stock,LOT-90490,Refrigerated
183,183,159,141,18,11,191,2025-04-07 02:05:23,In Stock,LOT-27874,Cool and dry place
184,184,115,107,8,24,168,2025-09-02 02:05:23,backordered,LOT-29671,Refrigerated
185,185,255,149,106,75,119,2025-04-03 02:05:23,In Stock,LOT-75655,Keep away from sunlight
186,186,241,62,179,68,191,2025-08-19 02:05:23,In Stock,LOT-12567,Keep away from sunlight
187,187,97,76,21,75,84,2025-09-27 02:05:23,backordered,LOT-46807,Room temperature
188,188,395,212,183,53,179,2025-06-18 02:05:23,In Stock,LOT-15451,Cool and dry place
189,189,144,76,68,85,198,2024-11-29 02:05:23,backordered,LOT-68087,Keep away from sunlight
190,190,443,76,367,67,187,2025-02-27 02:05:23,In Stock,LOT-60385,Room temperature
191,191,170,141,29,79,146,2025-03-13 02:05:23,backordered,LOT-97703,Room temperature
192,192,445,96,349,99,111,2025-01-13 02:05:23,In Stock,LOT-48247,Keep away from sunlight
193,193,119,109,10,62,61,2025-05-23 02:05:23,backordered,LOT-71093,Keep away from sunlight
194,194,361,195,166,59,88,2025-02-21 02:05:23,In Stock,LOT-24808,Cool and dry place
195,195,64,64,0,85,134,2025-09-11 02:05:23,backordered,LOT-61317,Keep away from sunlight
196,196,51,33,18,68,53,2025-08-20 02:05:23,backordered,LOT-12748,Keep away from sunlight
197,197,445,335,110,29,69,2025-03-06 02:05:23,In Stock,LOT-46773,Room temperature
198,198,173,159,14,98,151,2024-12-04 02:05:23,backordered,LOT-78263,Cool and dry place
199,199,436,168,268,96,186,2025-04-21 02:05:23,In Stock,LOT-98214,Room temperature
200,200,320,249,71,79,59,2024-12-20 02:05:23,backordered,LOT-65840,Cool and dry place
201,201,120,80,40,97,123,2025-07-08 02:05:23,backordered,LOT-44997,Cool and dry place
202,202,222,25,197,91,75,2025-03-19 02:05:23,In Stock,LOT-27875,Refrigerated
203,203,355,153,202,13,61,2025-05-19 02:05:23,In Stock,LOT-58867,Cool and dry place
204,204,150,91,59,57,160,2025-08-19 02:05:23,In Stock,LOT-53396,Refrigerated
205,205,271,210,61,82,96,2025-08-06 02:05:23,backordered,LOT-36057,Refrigerated
206,206,40,39,1,58,111,2025-02-20 02:05:23,backordered,LOT-66270,Humidity controlled
207,207,73,29,44,69,115,2025-03-11 02:05:23,backordered,LOT-28951,Room temperature
208,208,341,4,337,69,123,2024-11-20 02:05:23,In Stock,LOT-71870,Humidity controlled
209,209,80,9,71,66,138,2025-01-05 02:05:23,In Stock,LOT-26217,Room temperature
210,210,327,217,110,98,114,2025-03-13 02:05:23,In Stock,LOT-45961,Room temperature
211,211,101,49,52,71,77,2025-07-03 02:05:23,backordered,LOT-58657,Keep away from sunlight
212,212,292,183,109,83,125,2024-11-08 02:05:23,In Stock,LOT-80913,Room temperature
213,213,11,10,1,60,120,2025-10-28 02:05:23,backordered,LOT-43161,Humidity controlled
214,214,442,351,91,16,177,2025-06-08 02:05:23,In Stock,LOT-17240,Refrigerated
215,215,310,180,130,38,98,2024-12-19 02:05:23,In Stock,LOT-05045,Room temperature
216,216,347,337,10,97,85,2024-12-15 02:05:23,backordered,LOT-56238,Cool and dry place
217,217,462,321,141,92,60,2025-05-27 02:05:23,In Stock,LOT-69222,Keep away from sunlight
218,218,17,11,6,26,73,2025-06-03 02:05:23,backordered,LOT-19693,Room temperature
219,219,382,212,170,32,101,2025-08-26 02:05:23,In Stock,LOT-79237,Humidity controlled
220,220,448,187,261,77,178,2025-06-15 02:05:23,In Stock,LOT-47407,Refrigerated
221,221,131,123,8,47,136,2025-09-04 02:05:23,backordered,LOT-48217,Keep away from sunlight
222,222,493,38,455,28,107,2024-11-20 02:05:23,In Stock,LOT-59464,Keep away from sunlight
223,223,495,433,62,81,143,2025-09-16 02:05:23,backordered,LOT-74367,Keep away from sunlight
224,224,7,4,3,78,81,2025-03-14 02:05:23,backordered,LOT-13695,Room temperature
225,225,344,344,0,43,199,2025-04-20 02:05:23,backordered,LOT-94406,Room temperature
226,226,55,43,12,39,170,2025-10-20 02:05:23,backordered,LOT-40909,Humidity controlled
227,227,452,287,165,51,106,2024-12-05 02:05:23,In Stock,LOT-74395,Cool and dry place
228,228,325,237,88,99,127,2024-12-04 02:05:23,backordered,LOT-33942,Keep away from sunlight
229,229,59,8,51,15,59,2025-05-30 02:05:23,In Stock,LOT-10470,Keep away from sunlight
230,230,59,6,53,40,187,2025-08-24 02:05:23,In Stock,LOT-95214,Keep away from sunlight
231,231,232,94,138,95,188,2025-04-01 02:05:23,In Stock,LOT-56232,Humidity controlled
232,232,380,372,8,29,156,2024-12-01 02:05:23,backordered,LOT-85884,Cool and dry place
233,233,426,250,176,88,154,2025-06-11 02:05:23,In Stock,LOT-24745,Cool and dry place
234,234,353,189,164,37,163,2025-03-19 02:05:23,In Stock,LOT-17123,Refrigerated
235,235,437,185,252,22,144,2025-01-27 02:05:23,In Stock,LOT-68516,Room temperature
236,236,31,25,6,45,98,2025-08-31 02:05:23,backordered,LOT-04817,Keep away from sunlight
237,237,46,42,4,37,55,2025-10-07 02:05:23,backordered,LOT-54965,Room temperature
238,238,124,16,108,82,102,2025-09-27 02:05:23,In Stock,LOT-13709,Humidity controlled
239,239,106,75,31,37,109,2025-05-17 02:05:23,backordered,LOT-85931,Refrigerated
240,240,403,305,98,10,120,2025-08-19 02:05:23,In Stock,LOT-74612,Refrigerated
241,241,276,128,148,32,78,2024-11-28 02:05:23,In Stock,LOT-00471,Cool and dry place
242,242,67,1,66,55,110,2025-01-04 02:05:23,In Stock,LOT-13826,Room temperature
243,243,8,2,6,43,63,2025-08-29 02:05:23,backordered,LOT-75869,Keep away from sunlight
244,244,269,58,211,18,171,2025-03-17 02:05:23,In Stock,LOT-26179,Room temperature
245,245,262,55,207,67,178,2025-07-11 02:05:23,In Stock,LOT-64053,Humidity controlled
246,246,22,21,1,76,127,2025-03-12 02:05:23,backordered,LOT-77351,Cool and dry place
247,247,31,30,1,61,159,2024-11-15 02:05:23,backordered,LOT-58506,Cool and dry place
248,248,251,182,69,66,68,2025-09-21 02:05:23,In Stock,LOT-43171,Room temperature
249,249,311,75,236,18,82,2025-06-14 02:05:23,In Stock,LOT-39005,Humidity controlled
250,250,324,299,25,80,133,2025-04-20 02:05:23,backordered,LOT-32931,Humidity controlled
251,251,271,150,121,68,179,2024-12-27 02:05:23,In Stock,LOT-83933,Keep away from sunlight
252,252,50,50,0,99,79,2024-12-01 02:05:23,backordered,LOT-52904,Humidity controlled
253,253,369,110,259,65,165,2025-07-08 02:05:23,In Stock,LOT-22842,Keep away from sunlight
254,254,173,116,57,61,156,2025-09-14 02:05:23,backordered,LOT-10205,Room temperature
255,255,218,80,138,95,115,2025-04-24 02:05:23,In Stock,LOT-39502,Refrigerated
256,256,351,242,109,18,73,2025-09-19 02:05:23,In Stock,LOT-40268,Cool and dry place
257,257,221,24,197,57,83,2025-01-21 02:05:23,In Stock,LOT-11775,Cool and dry place
258,258,300,287,13,81,134,2024-11-23 02:05:23,backordered,LOT-89178,Cool and dry place
259,259,210,90,120,95,158,2025-10-06 02:05:23,In Stock,LOT-39084,Room temperature
260,260,307,159,148,55,76,2025-01-10 02:05:23,In Stock,LOT-70076,Humidity controlled
261,261,108,19,89,94,173,2025-07-10 02:05:23,backordered,LOT-61771,Cool and dry place
262,262,179,142,37,57,79,2025-06-12 02:05:23,backordered,LOT-15921,Humidity controlled
263,263,115,103,12,64,193,2024-12-18 02:05:23,backordered,LOT-24998,Humidity controlled
264,264,345,329,16,81,56,2024-12-25 02:05:23,backordered,LOT-56984,Room temperature
265,265,14,2,12,44,129,2025-05-12 02:05:23,backordered,LOT-78961,Room temperature
266,266,3,1,2,28,194,2024-11-30 02:05:23,backordered,LOT-18367,Keep away from sunlight
267,267,35,9,26,91,57,2025-09-16 02:05:23,backordered,LOT-36576,Humidity controlled
268,268,110,48,62,63,166,2025-05-11 02:05:23,backordered,LOT-61565,Refrigerated
269,269,189,79,110,51,195,2024-12-31 02:05:23,In Stock,LOT-45271,Cool and dry place
270,270,452,26,426,29,90,2024-12-20 02:05:23,In Stock,LOT-11161,Cool and dry place
271,271,345,41,304,44,163,2024-11-28 02:05:23,In Stock,LOT-52809,Keep away from sunlight
272,272,248,155,93,66,156,2025-06-15 02:05:23,In Stock,LOT-88516,Refrigerated
273,273,386,262,124,24,138,2025-03-26 02:05:23,In Stock,LOT-56049,Cool and dry place
274,274,145,124,21,77,128,2025-10-09 02:05:23,backordered,LOT-45198,Refrigerated
275,275,202,153,49,17,51,2025-07-20 02:05:23,In Stock,LOT-32731,Room temperature
276,276,484,108,376,27,115,2025-06-06 02:05:23,In Stock,LOT-58514,Room temperature
277,277,61,0,61,73,160,2025-08-04 02:05:23,backordered,LOT-93689,Refrigerated
278,278,194,136,58,100,108,2025-02-18 02:05:23,backordered,LOT-98094,Humidity controlled
279,279,426,342,84,55,68,2025-04-12 02:05:23,In Stock,LOT-02445,Cool and dry place
280,280,223,4,219,68,69,2025-05-25 02:05:23,In Stock,LOT-50229,Humidity controlled
281,281,219,146,73,61,156,2025-06-06 02:05:23,In Stock,LOT-61201,Cool and dry place
282,282,207,5,202,51,93,2024-12-20 02:05:23,In Stock,LOT-83667,Keep away from sunlight
283,283,425,353,72,56,72,2025-03-23 02:05:23,In Stock,LOT-52545,Cool and dry place
284,284,124,55,69,85,152,2025-02-06 02:05:23,backordered,LOT-99102,Cool and dry place
285,285,202,79,123,53,106,2025-05-15 02:05:23,In Stock,LOT-29014,Refrigerated
286,286,39,32,7,91,79,2025-02-03 02:05:23,backordered,LOT-76797,Humidity controlled
287,287,99,99,0,54,139,2024-12-06 02:05:23,backordered,LOT-64381,Refrigerated
288,288,120,13,107,28,115,2025-07-23 02:05:23,In Stock,LOT-56149,Refrigerated
289,289,308,78,230,93,69,2025-08-03 02:05:23,In Stock,LOT-78403,Keep away from sunlight
290,290,237,193,44,82,198,2025-03-17 02:05:23,backordered,LOT-69003,Humidity controlled
291,291,329,325,4,89,132,2024-12-15 02:05:23,backordered,LOT-43244,Room temperature
292,292,77,56,21,18,170,2025-03-20 02:05:23,In Stock,LOT-51076,Room temperature
293,293,407,140,267,85,64,2025-05-05 02:05:23,In Stock,LOT-22683,Humidity controlled
294,294,37,19,18,69,165,2025-10-13 02:05:23,backordered,LOT-88516,Cool and dry place
295,295,188,73,115,19,73,2024-12-22 02:05:23,In Stock,LOT-06071,Humidity controlled
296,296,259,196,63,69,198,2025-01-22 02:05:23,backordered,LOT-59696,Cool and dry place
297,297,230,207,23,83,98,2025-05-21 02:05:23,backordered,LOT-64160,Humidity controlled
298,298,243,128,115,29,65,2025-03-16 02:05:23,In Stock,LOT-52975,Cool and dry place
299,299,415,175,240,20,179,2024-12-06 02:05:23,In Stock,LOT-16136,Refrigerated
300,300,20,7,13,100,162,2025-03-22 02:05:23,backordered,LOT-96816,Humidity controlled
301,301,267,81,186,56,145,2025-06-10 02:05:23,In Stock,LOT-45352,Keep away from sunlight
302,302,209,198,11,53,63,2024-12-13 02:05:23,backordered,LOT-18188,Room temperature
303,303,33,21,12,22,192,2024-11-19 02:05:23,backordered,LOT-35523,Keep away from sunlight
304,304,145,64,81,94,88,2025-05-15 02:05:23,backordered,LOT-12432,Cool and dry place
305,305,298,72,226,54,129,2024-12-01 02:05:23,In Stock,LOT-92127,Keep away from sunlight
306,306,66,10,56,49,193,2025-04-23 02:05:23,In Stock,LOT-79979,Room temperature
307,307,416,65,351,95,184,2025-09-15 02:05:23,In Stock,LOT-95527,Keep away from sunlight
308,308,260,185,75,12,142,2025-05-27 02:05:23,In Stock,LOT-17744,Refrigerated
309,309,486,109,377,53,174,2025-07-26 02:05:23,In Stock,LOT-90581,Refrigerated
310,310,70,19,51,19,125,2025-09-11 02:05:23,In Stock,LOT-47700,Humidity controlled
311,311,394,276,118,77,59,2024-11-28 02:05:23,In Stock,LOT-54119,Room temperature
312,312,448,392,56,89,83,2024-12-31 02:05:23,backordered,LOT-98679,Keep away from sunlight
313,313,78,20,58,33,92,2025-03-22 02:05:23,In Stock,LOT-80793,Cool and dry place
314,314,210,93,117,96,110,2025-03-19 02:05:23,In Stock,LOT-59782,Humidity controlled
315,315,145,114,31,39,186,2025-07-02 02:05:23,backordered,LOT-07151,Room temperature
316,316,494,414,80,70,99,2025-04-27 02:05:23,In Stock,LOT-82037,Humidity controlled
317,317,225,118,107,46,147,2025-02-17 02:05:23,In Stock,LOT-78892,Humidity controlled
318,318,214,41,173,35,85,2025-06-26 02:05:23,In Stock,LOT-55466,Cool and dry place
319,319,328,246,82,57,191,2025-09-10 02:05:23,In Stock,LOT-59051,Humidity controlled
320,320,435,63,372,46,71,2025-08-11 02:05:23,In Stock,LOT-51864,Room temperature
321,321,230,131,99,28,161,2025-09-16 02:05:23,In Stock,LOT-49251,Refrigerated
322,322,418,230,188,54,56,2025-04-03 02:05:23,In Stock,LOT-92546,Cool and dry place
323,323,202,128,74,57,110,2025-04-18 02:05:23,In Stock,LOT-29148,Cool and dry place
324,324,191,57,134,13,131,2025-09-12 02:05:23,In Stock,LOT-65281,Room temperature
325,325,405,74,331,27,59,2025-06-08 02:05:23,In Stock,LOT-68505,Keep away from sunlight
326,326,356,71,285,100,170,2025-03-17 02:05:23,In Stock,LOT-42357,Humidity controlled
327,327,2,0,2,12,115,2025-07-14 02:05:23,backordered,LOT-33221,Refrigerated
328,328,280,270,10,64,78,2025-06-07 02:05:23,backordered,LOT-41888,Refrigerated
329,329,154,31,123,16,111,2025-04-01 02:05:23,In Stock,LOT-05929,Humidity controlled
330,330,234,16,218,24,177,2024-12-31 02:05:23,In Stock,LOT-62229,Humidity controlled
331,331,8,8,0,83,111,2025-08-20 02:05:23,backordered,LOT-27065,Room temperature
332,332,219,0,219,88,140,2025-07-01 02:05:23,In Stock,LOT-37947,Humidity controlled
333,333,213,47,166,95,71,2025-02-06 02:05:23,In Stock,LOT-38347,Room temperature
334,334,34,33,1,79,179,2025-02-15 02:05:23,backordered,LOT-35977,Humidity controlled
335,335,10,6,4,70,61,2024-12-11 02:05:23,backordered,LOT-46886,Keep away from sunlight
336,336,191,64,127,12,141,2025-09-28 02:05:23,In Stock,LOT-23924,Room temperature
337,337,123,93,30,94,76,2025-01-08 02:05:23,backordered,LOT-07581,Room temperature
338,338,68,5,63,55,189,2025-05-12 02:05:23,In Stock,LOT-81412,Refrigerated
339,339,425,398,27,97,168,2024-11-10 02:05:23,backordered,LOT-47826,Keep away from sunlight
340,340,323,93,230,27,66,2025-03-12 02:05:23,In Stock,LOT-13750,Cool and dry place
341,341,150,51,99,15,101,2025-10-11 02:05:23,In Stock,LOT-60685,Room temperature
342,342,477,158,319,75,151,2025-01-27 02:05:23,In Stock,LOT-36153,Keep away from sunlight
343,343,129,9,120,92,98,2025-06-08 02:05:23,In Stock,LOT-05152,Room temperature
344,344,441,399,42,16,134,2025-06-15 02:05:23,In Stock,LOT-20472,Cool and dry place
345,345,409,188,221,65,152,2025-03-21 02:05:23,In Stock,LOT-77901,Keep away from sunlight
346,346,173,47,126,73,177,2025-04-27 02:05:23,In Stock,LOT-04328,Humidity controlled
347,347,136,21,115,64,70,2025-03-26 02:05:23,In Stock,LOT-98614,Humidity controlled
348,348,421,92,329,79,125,2025-05-21 02:05:23,In Stock,LOT-34103,Cool and dry place
349,349,40,20,20,94,125,2025-05-29 02:05:23,backordered,LOT-69711,Keep away from sunlight
350,350,308,218,90,31,163,2025-05-06 02:05:23,In Stock,LOT-79808,Keep away from sunlight
351,351,21,11,10,88,161,2025-06-14 02:05:23,backordered,LOT-93246,Cool and dry place
352,352,38,25,13,56,181,2024-11-19 02:05:23,backordered,LOT-09539,Refrigerated
353,353,487,15,472,28,162,2025-10-15 02:05:23,In Stock,LOT-62185,Refrigerated
354,354,34,15,19,92,143,2025-04-30 02:05:23,backordered,LOT-18888,Keep away from sunlight
355,355,486,290,196,14,89,2024-11-19 02:05:23,In Stock,LOT-80670,Keep away from sunlight
356,356,485,189,296,57,163,2025-09-23 02:05:23,In Stock,LOT-65405,Humidity controlled
357,357,70,67,3,56,151,2025-05-25 02:05:23,backordered,LOT-15319,Room temperature
358,358,127,29,98,13,97,2025-02-19 02:05:23,In Stock,LOT-52058,Humidity controlled
359,359,198,143,55,25,117,2025-06-21 02:05:23,In Stock,LOT-52772,Keep away from sunlight
360,360,109,78,31,46,175,2025-07-22 02:05:23,backordered,LOT-21704,Cool and dry place
361,361,69,9,60,67,94,2024-11-01 02:05:23,backordered,LOT-30305,Keep away from sunlight
362,362,44,43,1,50,138,2024-11-03 02:05:23,backordered,LOT-48687,Cool and dry place
363,363,281,277,4,47,126,2025-08-13 02:05:23,backordered,LOT-40345,Refrigerated
364,364,406,185,221,75,107,2025-08-31 02:05:23,In Stock,LOT-05415,Refrigerated
365,365,405,71,334,40,176,2025-10-19 02:05:23,In Stock,LOT-66765,Room temperature
366,366,283,188,95,69,191,2025-08-27 02:05:23,In Stock,LOT-27758,Humidity controlled
367,367,452,44,408,18,129,2025-04-12 02:05:23,In Stock,LOT-41616,Keep away from sunlight
368,368,269,210,59,62,197,2025-09-25 02:05:23,backordered,LOT-92845,Refrigerated
369,369,497,162,335,92,68,2025-03-16 02:05:23,In Stock,LOT-11544,Keep away from sunlight
370,370,348,264,84,54,82,2025-01-23 02:05:23,In Stock,LOT-79627,Humidity controlled
371,371,93,16,77,65,178,2025-10-04 02:05:23,In Stock,LOT-57059,Cool and dry place
372,372,265,78,187,48,92,2025-08-11 02:05:23,In Stock,LOT-64016,Room temperature
373,373,478,363,115,38,138,2025-02-09 02:05:23,In Stock,LOT-58202,Room temperature
374,374,433,40,393,42,100,2024-12-11 02:05:23,In Stock,LOT-97021,Humidity controlled
375,375,140,32,108,90,127,2024-12-22 02:05:23,In Stock,LOT-35569,Humidity controlled
376,376,47,32,15,92,93,2025-01-02 02:05:23,backordered,LOT-09275,Humidity controlled
377,377,78,21,57,94,136,2025-01-17 02:05:23,backordered,LOT-57192,Cool and dry place
378,378,422,14,408,20,61,2024-12-08 02:05:23,In Stock,LOT-85654,Humidity controlled
379,379,135,53,82,83,156,2024-12-20 02:05:23,backordered,LOT-31027,Cool and dry place
380,380,254,227,27,90,189,2025-06-06 02:05:23,backordered,LOT-86814,Room temperature
381,381,247,62,185,97,153,2025-06-02 02:05:23,In Stock,LOT-47394,Keep away from sunlight
382,382,37,3,34,30,162,2025-04-03 02:05:23,In Stock,LOT-73121,Keep away from sunlight
383,383,237,52,185,53,86,2025-05-25 02:05:23,In Stock,LOT-72715,Room temperature
384,384,375,176,199,61,83,2025-04-26 02:05:23,In Stock,LOT-51884,Humidity controlled
385,385,287,54,233,50,111,2025-03-08 02:05:23,In Stock,LOT-42258,Cool and dry place
386,386,136,115,21,41,86,2025-09-13 02:05:23,backordered,LOT-31323,Cool and dry place
387,387,148,98,50,88,157,2025-06-27 02:05:23,backordered,LOT-70589,Refrigerated
388,388,416,167,249,83,130,2025-07-27 02:05:23,In Stock,LOT-57829,Refrigerated
389,389,255,239,16,73,128,2025-02-20 02:05:23,backordered,LOT-11467,Cool and dry place
390,390,46,25,21,74,167,2025-07-01 02:05:23,backordered,LOT-86691,Refrigerated
391,391,298,180,118,16,62,2025-06-10 02:05:23,In Stock,LOT-25177,Keep away from sunlight
392,392,305,240,65,46,187,2025-10-28 02:05:23,In Stock,LOT-85289,Cool and dry place
393,393,220,34,186,43,143,2025-04-09 02:05:23,In Stock,LOT-22680,Room temperature
394,394,23,12,11,16,195,2025-01-18 02:05:23,backordered,LOT-18242,Refrigerated
395,395,185,141,44,46,68,2025-04-18 02:05:23,backordered,LOT-25358,Humidity controlled
396,396,230,195,35,80,121,2024-12-17 02:05:23,backordered,LOT-41438,Humidity controlled
397,397,60,8,52,22,150,2025-04-24 02:05:23,In Stock,LOT-42498,Room temperature
398,398,285,187,98,28,100,2024-12-28 02:05:23,In Stock,LOT-18299,Humidity controlled
399,399,205,128,77,15,61,2025-10-13 02:05:23,In Stock,LOT-22995,Refrigerated
400,400,365,170,195,70,182,2025-03-13 02:05:23,In Stock,LOT-90010,Refrigerated
401,401,310,263,47,27,133,2024-12-23 02:05:23,In Stock,LOT-94396,Room temperature
402,402,83,50,33,88,126,2025-01-02 02:05:23,backordered,LOT-90784,Room temperature
403,403,259,250,9,100,194,2025-06-01 02:05:23,backordered,LOT-47364,Keep away from sunlight
404,404,417,8,409,57,134,2024-11-22 02:05:23,In Stock,LOT-71027,Cool and dry place
405,405,213,149,64,49,56,2024-12-31 02:05:23,In Stock,LOT-67735,Keep away from sunlight
406,406,135,58,77,16,199,2025-03-01 02:05:23,In Stock,LOT-92555,Refrigerated
407,407,268,194,74,28,112,2025-10-16 02:05:23,In Stock,LOT-62588,Humidity controlled
408,408,485,358,127,24,98,2025-10-23 02:05:23,In Stock,LOT-15371,Keep away from sunlight
409,409,160,107,53,29,155,2024-11-13 02:05:23,In Stock,LOT-47321,Refrigerated
410,410,210,128,82,88,170,2025-10-01 02:05:23,backordered,LOT-04696,Refrigerated
411,411,265,106,159,81,133,2024-11-27 02:05:23,In Stock,LOT-32595,Keep away from sunlight
412,412,269,192,77,50,94,2025-03-11 02:05:23,In Stock,LOT-32787,Humidity controlled
413,413,175,139,36,55,117,2024-12-24 02:05:23,backordered,LOT-74701,Keep away from sunlight
414,414,98,31,67,45,192,2025-06-02 02:05:23,In Stock,LOT-68733,Refrigerated
415,415,482,152,330,46,103,2024-11-13 02:05:23,In Stock,LOT-95004,Keep away from sunlight
416,416,162,122,40,54,193,2025-06-14 02:05:23,backordered,LOT-79748,Room temperature
417,417,62,36,26,96,189,2025-04-21 02:05:23,backordered,LOT-01624,Keep away from sunlight
418,418,419,176,243,28,124,2025-10-11 02:05:23,In Stock,LOT-56506,Room temperature
419,419,489,365,124,20,138,2025-03-20 02:05:23,In Stock,LOT-09835,Room temperature
420,420,382,245,137,37,101,2025-01-30 02:05:23,In Stock,LOT-84168,Room temperature
421,421,477,287,190,99,119,2025-08-23 02:05:23,In Stock,LOT-78499,Cool and dry place
422,422,315,300,15,40,112,2025-10-07 02:05:23,backordered,LOT-12165,Humidity controlled
423,423,115,81,34,39,63,2025-09-11 02:05:23,backordered,LOT-58523,Keep away from sunlight
424,424,169,120,49,22,85,2025-10-30 02:05:23,In Stock,LOT-98680,Humidity controlled
425,425,500,475,25,30,154,2024-12-02 02:05:23,backordered,LOT-00257,Keep away from sunlight
426,426,244,166,78,35,123,2025-05-21 02:05:23,In Stock,LOT-87298,Room temperature
427,427,330,30,300,21,196,2025-07-06 02:05:23,In Stock,LOT-25952,Humidity controlled
428,428,378,370,8,14,94,2025-04-02 02:05:23,backordered,LOT-69495,Refrigerated
429,429,478,470,8,14,151,2025-02-21 02:05:23,backordered,LOT-88879,Refrigerated
430,430,479,383,96,47,59,2025-10-28 02:05:23,In Stock,LOT-47055,Room temperature
431,431,290,54,236,52,122,2025-03-14 02:05:23,In Stock,LOT-16940,Humidity controlled
432,432,268,252,16,27,179,2025-03-07 02:05:23,backordered,LOT-97499,Room temperature
433,433,98,14,84,52,91,2025-03-12 02:05:23,In Stock,LOT-30972,Room temperature
434,434,367,95,272,11,136,2025-06-03 02:05:23,In Stock,LOT-89623,Humidity controlled
435,435,345,98,247,32,153,2025-03-28 02:05:23,In Stock,LOT-09130,Humidity controlled
436,436,167,22,145,61,74,2025-07-30 02:05:23,In Stock,LOT-75626,Refrigerated
437,437,244,82,162,41,51,2025-06-21 02:05:23,In Stock,LOT-36897,Keep away from sunlight
438,438,120,57,63,44,134,2025-05-31 02:05:23,In Stock,LOT-02838,Humidity controlled
439,439,370,293,77,11,116,2024-12-02 02:05:23,In Stock,LOT-57865,Room temperature
440,440,354,120,234,17,80,2025-03-08 02:05:23,In Stock,LOT-27858,Room temperature
441,441,81,51,30,97,178,2024-11-06 02:05:23,backordered,LOT-54973,Room temperature
442,442,353,60,293,91,125,2025-04-27 02:05:23,In Stock,LOT-34843,Humidity controlled
443,443,113,28,85,27,172,2025-08-15 02:05:23,In Stock,LOT-44375,Keep away from sunlight
444,444,382,310,72,57,156,2024-11-07 02:05:23,In Stock,LOT-75844,Humidity controlled
445,445,467,241,226,78,105,2025-06-28 02:05:23,In Stock,LOT-19866,Humidity controlled
446,446,447,403,44,20,184,2025-03-18 02:05:23,In Stock,LOT-52404,Humidity controlled
447,447,360,185,175,19,194,2025-09-05 02:05:23,In Stock,LOT-15747,Cool and dry place
448,448,424,280,144,74,101,2025-01-12 02:05:23,In Stock,LOT-33848,Humidity controlled
449,449,76,21,55,51,183,2025-03-20 02:05:23,In Stock,LOT-42199,Cool and dry place
450,450,348,105,243,84,175,2025-09-16 02:05:23,In Stock,LOT-33083,Humidity controlled
451,451,228,207,21,17,166,2025-08-26 02:05:23,In Stock,LOT-30165,Humidity controlled
452,452,212,116,96,82,64,2025-01-19 02:05:23,In Stock,LOT-71208,Keep away from sunlight
453,453,344,157,187,12,151,2025-06-24 02:05:23,In Stock,LOT-26773,Cool and dry place
454,454,381,111,270,84,68,2025-10-09 02:05:23,In Stock,LOT-45401,Keep away from sunlight
455,455,176,16,160,79,65,2025-09-27 02:05:23,In Stock,LOT-93802,Keep away from sunlight
456,456,16,9,7,62,96,2025-08-24 02:05:23,backordered,LOT-62067,Keep away from sunlight
457,457,191,97,94,67,146,2025-04-23 02:05:23,In Stock,LOT-24004,Cool and dry place
458,458,349,338,11,79,84,2024-12-02 02:05:23,backordered,LOT-99154,Room temperature
459,459,60,11,49,78,150,2025-02-04 02:05:23,backordered,LOT-78872,Refrigerated
460,460,372,114,258,10,55,2025-06-02 02:05:23,In Stock,LOT-87431,Keep away from sunlight
461,461,344,278,66,64,186,2025-04-21 02:05:23,In Stock,LOT-52742,Refrigerated
462,462,126,58,68,54,89,2025-06-13 02:05:23,In Stock,LOT-05493,Refrigerated
463,463,479,448,31,24,58,2024-11-28 02:05:23,In Stock,LOT-29668,Keep away from sunlight
464,464,314,8,306,40,102,2025-09-28 02:05:23,In Stock,LOT-51612,Cool and dry place
465,465,304,17,287,67,62,2025-06-29 02:05:23,In Stock,LOT-27530,Cool and dry place
466,466,205,112,93,39,188,2025-07-13 02:05:23,In Stock,LOT-46374,Cool and dry place
467,467,71,64,7,47,109,2025-01-11 02:05:23,backordered,LOT-54990,Room temperature
468,468,295,164,131,40,127,2025-08-20 02:05:23,In Stock,LOT-45301,Humidity controlled
469,469,113,52,61,48,120,2025-10-01 02:05:23,In Stock,LOT-74268,Humidity controlled
470,470,485,302,183,32,159,2025-01-21 02:05:23,In Stock,LOT-41459,Keep away from sunlight
471,471,24,11,13,92,147,2025-02-06 02:05:23,backordered,LOT-33272,Room temperature
472,472,356,213,143,62,88,2025-06-01 02:05:23,In Stock,LOT-79568,Keep away from sunlight
473,473,94,68,26,70,111,2025-07-09 02:05:23,backordered,LOT-78339,Room temperature
474,474,439,362,77,28,168,2025-10-03 02:05:23,In Stock,LOT-18785,Humidity controlled
475,475,211,106,105,81,185,2025-08-25 02:05:23,In Stock,LOT-19108,Keep away from sunlight
476,476,124,32,92,36,134,2024-12-05 02:05:23,In Stock,LOT-83982,Cool and dry place
477,477,472,230,242,57,73,2025-01-31 02:05:23,In Stock,LOT-25871,Refrigerated
478,478,26,8,18,58,60,2025-09-25 02:05:23,backordered,LOT-39718,Refrigerated
479,479,411,389,22,85,193,2025-07-13 02:05:23,backordered,LOT-70728,Keep away from sunlight
480,480,106,42,64,48,53,2025-07-16 02:05:23,In Stock,LOT-67908,Refrigerated
481,481,492,379,113,25,172,2025-06-30 02:05:23,In Stock,LOT-74064,Humidity controlled
482,482,360,104,256,60,111,2025-01-23 02:05:23,In Stock,LOT-03910,Room temperature
483,483,397,144,253,58,169,2025-02-01 02:05:23,In Stock,LOT-65180,Room temperature
484,484,157,66,91,56,181,2025-02-20 02:05:23,In Stock,LOT-17046,Keep away from sunlight
485,485,50,46,4,70,131,2025-07-20 02:05:23,backordered,LOT-22656,Room temperature
486,486,160,105,55,15,194,2025-07-11 02:05:23,In Stock,LOT-76618,Refrigerated
487,487,8,4,4,80,199,2025-01-09 02:05:23,backordered,LOT-25128,Keep away from sunlight
488,488,151,39,112,35,134,2025-07-07 02:05:23,In Stock,LOT-68230,Keep away from sunlight
489,489,291,125,166,73,190,2024-12-01 02:05:23,In Stock,LOT-04786,Room temperature
490,490,131,125,6,92,175,2025-03-11 02:05:23,backordered,LOT-86337,Refrigerated
491,491,375,180,195,31,85,2025-01-26 02:05:23,In Stock,LOT-52431,Keep away from sunlight
492,492,94,69,25,92,65,2025-02-06 02:05:23,backordered,LOT-06903,Cool and dry place
493,493,429,38,391,95,62,2025-10-29 02:05:23,In Stock,LOT-31190,Keep away from sunlight
494,494,70,29,41,18,88,2025-10-28 02:05:23,In Stock,LOT-79030,Refrigerated
495,495,258,233,25,57,65,2024-12-20 02:05:23,backordered,LOT-67383,Humidity controlled
496,496,467,247,220,94,174,2025-10-24 02:05:23,In Stock,LOT-02843,Cool and dry place
497,497,272,210,62,11,54,2025-02-03 02:05:23,In Stock,LOT-95995,Room temperature
498,498,274,146,128,12,178,2024-11-09 02:05:23,In Stock,LOT-34283,Keep away from sunlight
499,499,412,91,321,23,74,2025-02-06 02:05:23,In Stock,LOT-64408,Refrigerated
500,500,123,24,99,89,184,2025-06-25 02:05:23,In Stock,LOT-92687,Room temperature
501,501,136,101,35,20,145,2025-04-08 02:05:23,In Stock,LOT-05685,Keep away from sunlight
502,502,289,124,165,99,107,2025-06-01 02:05:23,In Stock,LOT-66246,Cool and dry place
503,503,334,332,2,14,73,2025-04-08 02:05:23,backordered,LOT-28733,Keep away from sunlight
504,504,193,141,52,70,64,2024-12-10 02:05:23,backordered,LOT-42708,Cool and dry place
505,505,359,87,272,20,177,2025-03-24 02:05:23,In Stock,LOT-66882,Room temperature
506,506,289,48,241,77,60,2025-07-07 02:05:23,In Stock,LOT-63435,Refrigerated
507,507,461,444,17,98,195,2025-03-03 02:05:23,backordered,LOT-17518,Room temperature
508,508,23,2,21,97,121,2025-01-27 02:05:23,backordered,LOT-30469,Humidity controlled
509,509,336,16,320,32,130,2025-10-24 02:05:23,In Stock,LOT-90139,Refrigerated
510,510,300,73,227,60,69,2025-06-01 02:05:23,In Stock,LOT-83735,Refrigerated
511,511,288,123,165,82,149,2024-11-20 02:05:23,In Stock,LOT-40331,Humidity controlled
512,512,169,98,71,27,70,2025-02-18 02:05:23,In Stock,LOT-73936,Room temperature
513,513,27,3,24,65,109,2025-09-24 02:05:23,backordered,LOT-38546,Room temperature
514,514,309,304,5,60,133,2025-10-17 02:05:23,backordered,LOT-78544,Room temperature
515,515,401,230,171,72,108,2025-05-03 02:05:23,In Stock,LOT-58771,Humidity controlled
516,516,481,192,289,65,97,2024-11-18 02:05:23,In Stock,LOT-75355,Humidity controlled
517,517,338,194,144,20,125,2025-06-28 02:05:23,In Stock,LOT-60932,Cool and dry place
518,518,42,17,25,29,147,2024-11-02 02:05:23,backordered,LOT-04899,Refrigerated
519,519,378,199,179,50,142,2025-09-08 02:05:23,In Stock,LOT-64235,Cool and dry place
520,520,2,1,1,66,142,2025-06-16 02:05:23,backordered,LOT-36937,Cool and dry place
521,521,67,11,56,33,160,2025-03-17 02:05:23,In Stock,LOT-85477,Humidity controlled
522,522,284,262,22,62,76,2025-10-19 02:05:23,backordered,LOT-72522,Cool and dry place
523,523,181,141,40,21,133,2025-04-18 02:05:23,In Stock,LOT-87280,Cool and dry place
524,524,149,105,44,59,71,2025-01-19 02:05:23,backordered,LOT-80100,Refrigerated
525,525,292,266,26,31,147,2025-08-07 02:05:23,backordered,LOT-62312,Refrigerated
526,526,137,77,60,44,176,2025-08-19 02:05:23,In Stock,LOT-03875,Cool and dry place
527,527,85,55,30,45,157,2025-06-01 02:05:23,backordered,LOT-09977,Keep away from sunlight
528,528,400,39,361,56,114,2025-06-28 02:05:23,In Stock,LOT-00886,Keep away from sunlight
529,529,304,100,204,68,77,2025-08-24 02:05:23,In Stock,LOT-00848,Room temperature
530,530,3,3,0,52,147,2025-05-17 02:05:23,backordered,LOT-40862,Keep away from sunlight
531,531,171,110,61,93,84,2025-06-01 02:05:23,backordered,LOT-11823,Room temperature
532,532,308,102,206,71,130,2025-08-03 02:05:23,In Stock,LOT-39845,Keep away from sunlight
533,533,495,163,332,47,175,2025-01-11 02:05:23,In Stock,LOT-46156,Refrigerated
534,534,166,96,70,45,150,2025-04-29 02:05:23,In Stock,LOT-79334,Cool and dry place
535,535,477,288,189,35,189,2025-08-01 02:05:23,In Stock,LOT-10166,Humidity controlled
536,536,13,11,2,69,103,2025-03-22 02:05:23,backordered,LOT-68700,Room temperature
537,537,425,354,71,18,154,2024-11-22 02:05:23,In Stock,LOT-21765,Keep away from sunlight
538,538,71,38,33,40,114,2024-11-29 02:05:23,backordered,LOT-91803,Refrigerated
539,539,366,216,150,58,68,2025-03-17 02:05:23,In Stock,LOT-39740,Humidity controlled
540,540,245,149,96,61,186,2025-02-15 02:05:23,In Stock,LOT-14890,Keep away from sunlight
541,541,278,18,260,56,187,2025-01-01 02:05:23,In Stock,LOT-25039,Cool and dry place
542,542,55,49,6,41,140,2025-08-08 02:05:23,backordered,LOT-26142,Humidity controlled
543,543,22,18,4,92,152,2025-05-16 02:05:23,backordered,LOT-93968,Keep away from sunlight
544,544,54,0,54,22,116,2025-07-11 02:05:23,In Stock,LOT-56218,Humidity controlled
545,545,382,265,117,81,198,2024-11-14 02:05:23,In Stock,LOT-50163,Humidity controlled
546,546,113,57,56,57,150,2025-03-09 02:05:23,backordered,LOT-15999,Humidity controlled
547,547,353,256,97,29,138,2025-10-20 02:05:23,In Stock,LOT-65047,Keep away from sunlight
548,548,53,18,35,63,71,2025-09-03 02:05:23,backordered,LOT-73586,Refrigerated
549,549,178,79,99,53,166,2025-07-19 02:05:23,In Stock,LOT-62961,Humidity controlled
550,550,247,89,158,70,74,2025-03-22 02:05:23,In Stock,LOT-94311,Keep away from sunlight
551,551,163,17,146,48,61,2024-11-03 02:05:23,In Stock,LOT-42626,Cool and dry place
552,552,11,5,6,92,77,2024-11-20 02:05:23,backordered,LOT-55110,Refrigerated
553,553,476,379,97,41,182,2025-08-04 02:05:23,In Stock,LOT-47541,Humidity controlled
554,554,81,42,39,81,159,2025-03-10 02:05:23,backordered,LOT-21267,Refrigerated
555,555,408,207,201,90,97,2025-07-29 02:05:23,In Stock,LOT-88861,Keep away from sunlight
556,556,202,7,195,88,100,2025-03-16 02:05:23,In Stock,LOT-01581,Humidity controlled
557,557,219,99,120,10,104,2025-07-19 02:05:23,In Stock,LOT-99560,Room temperature
558,558,385,360,25,18,197,2025-09-10 02:05:23,In Stock,LOT-46618,Humidity controlled
559,559,95,46,49,51,100,2025-03-12 02:05:23,backordered,LOT-39826,Cool and dry place
560,560,134,125,9,77,130,2024-12-31 02:05:23,backordered,LOT-22444,Keep away from sunlight
561,561,312,200,112,85,79,2025-05-07 02:05:23,In Stock,LOT-72126,Room temperature
562,562,432,234,198,89,94,2024-11-22 02:05:23,In Stock,LOT-46471,Room temperature
563,563,470,314,156,85,71,2024-11-22 02:05:23,In Stock,LOT-54379,Refrigerated
564,564,160,30,130,40,128,2025-09-03 02:05:23,In Stock,LOT-93712,Refrigerated
565,565,191,177,14,28,180,2025-04-17 02:05:23,backordered,LOT-40659,Keep away from sunlight
566,566,305,70,235,83,148,2025-03-30 02:05:23,In Stock,LOT-65756,Refrigerated
567,567,249,162,87,78,94,2025-01-21 02:05:23,In Stock,LOT-92459,Refrigerated
568,568,250,73,177,27,97,2025-05-24 02:05:23,In Stock,LOT-37526,Keep away from sunlight
569,569,317,27,290,55,52,2025-02-26 02:05:23,In Stock,LOT-54793,Refrigerated
570,570,99,49,50,81,179,2024-12-02 02:05:23,backordered,LOT-56465,Keep away from sunlight
571,571,209,175,34,72,156,2024-11-03 02:05:23,backordered,LOT-19398,Keep away from sunlight
572,572,250,42,208,20,194,2025-10-17 02:05:23,In Stock,LOT-28073,Refrigerated
573,573,149,8,141,45,107,2025-01-30 02:05:23,In Stock,LOT-74167,Room temperature
574,574,86,58,28,82,176,2025-01-24 02:05:23,backordered,LOT-24342,Humidity controlled
575,575,57,36,21,24,118,2025-01-27 02:05:23,backordered,LOT-66179,Room temperature
576,576,277,21,256,66,189,2025-07-13 02:05:23,In Stock,LOT-79688,Keep away from sunlight
577,577,52,47,5,93,113,2025-06-02 02:05:23,backordered,LOT-68058,Cool and dry place
578,578,230,67,163,54,72,2025-03-22 02:05:23,In Stock,LOT-91135,Cool and dry place
579,579,397,121,276,36,200,2024-11-14 02:05:23,In Stock,LOT-29096,Room temperature
580,580,440,363,77,88,159,2025-08-09 02:05:23,backordered,LOT-56101,Humidity controlled
581,581,71,26,45,36,65,2025-01-14 02:05:23,In Stock,LOT-43888,Room temperature
582,582,272,143,129,86,187,2025-08-07 02:05:23,In Stock,LOT-99375,Room temperature
583,583,360,149,211,47,196,2025-06-18 02:05:23,In Stock,LOT-67982,Humidity controlled
584,584,460,347,113,22,84,2025-04-05 02:05:23,In Stock,LOT-50714,Cool and dry place
585,585,141,32,109,99,83,2025-06-27 02:05:23,In Stock,LOT-61125,Refrigerated
586,586,364,164,200,41,150,2025-02-24 02:05:23,In Stock,LOT-45738,Refrigerated
587,587,295,137,158,90,156,2025-04-23 02:05:23,In Stock,LOT-75717,Keep away from sunlight
588,588,38,5,33,61,181,2025-06-12 02:05:23,backordered,LOT-75140,Room temperature
589,589,232,124,108,51,198,2025-10-31 02:05:23,In Stock,LOT-10512,Cool and dry place
590,590,374,234,140,91,141,2025-09-30 02:05:23,In Stock,LOT-38282,Humidity controlled
591,591,203,55,148,64,104,2025-02-21 02:05:23,In Stock,LOT-58673,Room temperature
592,592,165,72,93,53,190,2025-01-10 02:05:23,In Stock,LOT-62266,Refrigerated
593,593,289,248,41,53,62,2025-10-09 02:05:23,backordered,LOT-09379,Cool and dry place
594,594,320,235,85,12,81,2025-08-13 02:05:23,In Stock,LOT-66033,Keep away from sunlight
595,595,233,0,233,64,101,2024-11-14 02:05:23,In Stock,LOT-41918,Refrigerated
596,596,451,332,119,48,90,2025-06-14 02:05:23,In Stock,LOT-25537,Cool and dry place
597,597,335,184,151,42,71,2025-04-25 02:05:23,In Stock,LOT-14785,Refrigerated
598,598,26,12,14,90,128,2024-11-08 02:05:23,backordered,LOT-96969,Refrigerated
599,599,219,167,52,21,74,2025-11-01 02:05:23,In Stock,LOT-15579,Refrigerated
600,600,244,19,225,26,107,2025-02-09 02:05:23,In Stock,LOT-24991,Keep away from sunlight
601,601,4,0,4,99,137,2025-09-01 02:05:23,backordered,LOT-25134,Keep away from sunlight
602,602,355,67,288,71,68,2025-07-07 02:05:23,In Stock,LOT-12528,Keep away from sunlight
603,603,45,6,39,23,130,2025-04-27 02:05:23,In Stock,LOT-66929,Room temperature
604,604,70,48,22,27,86,2025-09-27 02:05:23,backordered,LOT-66278,Humidity controlled
605,605,288,4,284,88,92,2025-03-21 02:05:23,In Stock,LOT-28274,Room temperature
606,606,369,109,260,90,88,2025-04-05 02:05:23,In Stock,LOT-22579,Humidity controlled
607,607,351,226,125,37,72,2025-09-11 02:05:23,In Stock,LOT-05072,Refrigerated
608,608,385,63,322,85,148,2025-05-06 02:05:23,In Stock,LOT-36887,Keep away from sunlight
609,609,161,35,126,41,120,2024-12-06 02:05:23,In Stock,LOT-67677,Cool and dry place
610,610,127,72,55,98,56,2024-11-29 02:05:23,backordered,LOT-21903,Room temperature
611,611,105,66,39,87,180,2025-07-28 02:05:23,backordered,LOT-40438,Keep away from sunlight
612,612,151,13,138,40,176,2025-04-18 02:05:23,In Stock,LOT-42797,Cool and dry place
613,613,123,63,60,91,68,2025-02-04 02:05:23,backordered,LOT-88191,Cool and dry place
614,614,184,81,103,26,149,2025-01-14 02:05:23,In Stock,LOT-48580,Keep away from sunlight
615,615,187,139,48,97,94,2025-03-05 02:05:23,backordered,LOT-78361,Cool and dry place
616,616,8,1,7,11,117,2025-07-14 02:05:23,backordered,LOT-34074,Cool and dry place
617,617,472,30,442,60,179,2025-06-08 02:05:23,In Stock,LOT-51713,Humidity controlled
618,618,392,212,180,64,152,2025-09-20 02:05:23,In Stock,LOT-39596,Humidity controlled
619,619,275,78,197,45,71,2025-05-27 02:05:23,In Stock,LOT-29233,Cool and dry place
620,620,261,104,157,29,187,2025-05-18 02:05:23,In Stock,LOT-09584,Keep away from sunlight
621,621,300,33,267,49,161,2025-07-02 02:05:23,In Stock,LOT-98254,Cool and dry place
622,622,125,11,114,65,79,2025-03-14 02:05:23,In Stock,LOT-49481,Humidity controlled
623,623,311,28,283,49,94,2025-09-01 02:05:23,In Stock,LOT-26042,Cool and dry place
624,624,362,70,292,99,52,2025-08-10 02:05:23,In Stock,LOT-23253,Keep away from sunlight
625,625,487,177,310,76,182,2025-06-22 02:05:23,In Stock,LOT-67294,Refrigerated
626,626,190,32,158,44,80,2025-10-17 02:05:23,In Stock,LOT-66711,Room temperature
627,627,413,219,194,44,184,2025-09-30 02:05:23,In Stock,LOT-68457,Room temperature
628,628,364,295,69,90,69,2025-02-20 02:05:23,backordered,LOT-75901,Keep away from sunlight
629,629,261,184,77,17,177,2025-01-15 02:05:23,In Stock,LOT-75186,Refrigerated
630,630,188,40,148,42,76,2025-01-12 02:05:23,In Stock,LOT-36374,Cool and dry place
631,631,116,94,22,75,50,2025-10-10 02:05:23,backordered,LOT-54589,Cool and dry place
632,632,125,5,120,70,143,2025-04-19 02:05:23,In Stock,LOT-29750,Refrigerated
633,633,91,4,87,80,157,2025-07-10 02:05:23,In Stock,LOT-01701,Room temperature
634,634,127,106,21,50,119,2025-09-23 02:05:23,backordered,LOT-27706,Humidity controlled
635,635,190,30,160,74,63,2025-08-02 02:05:23,In Stock,LOT-32424,Refrigerated
636,636,411,264,147,15,152,2025-09-27 02:05:23,In Stock,LOT-15415,Keep away from sunlight
637,637,443,144,299,49,133,2025-09-18 02:05:23,In Stock,LOT-20643,Humidity controlled
638,638,233,2,231,57,101,2025-06-05 02:05:23,In Stock,LOT-61103,Humidity controlled
639,639,401,155,246,89,112,2025-03-09 02:05:23,In Stock,LOT-71293,Room temperature
640,640,302,252,50,35,189,2025-06-29 02:05:23,In Stock,LOT-87005,Refrigerated
641,641,3,3,0,13,109,2025-01-28 02:05:23,backordered,LOT-16271,Room temperature
642,642,325,4,321,52,50,2024-11-30 02:05:23,In Stock,LOT-36111,Keep away from sunlight
643,643,434,377,57,49,76,2025-07-19 02:05:23,In Stock,LOT-55426,Humidity controlled
644,644,121,53,68,72,65,2025-08-21 02:05:23,backordered,LOT-22189,Room temperature
645,645,47,2,45,39,183,2025-04-04 02:05:23,In Stock,LOT-09275,Room temperature
646,646,234,191,43,20,198,2025-09-14 02:05:23,In Stock,LOT-32697,Humidity controlled
647,647,68,50,18,19,195,2025-10-01 02:05:23,backordered,LOT-31121,Keep away from sunlight
648,648,339,66,273,40,124,2025-06-21 02:05:23,In Stock,LOT-96565,Room temperature
649,649,474,410,64,60,133,2025-05-23 02:05:23,In Stock,LOT-23413,Keep away from sunlight
650,650,139,59,80,19,101,2025-08-24 02:05:23,In Stock,LOT-89994,Humidity controlled
651,651,55,9,46,23,92,2025-03-16 02:05:23,In Stock,LOT-04389,Keep away from sunlight
652,652,160,104,56,25,187,2025-05-02 02:05:23,In Stock,LOT-83640,Refrigerated
653,653,231,78,153,69,117,2025-09-01 02:05:23,In Stock,LOT-37613,Cool and dry place
654,654,80,38,42,100,60,2025-07-14 02:05:23,backordered,LOT-79180,Room temperature
655,655,75,11,64,41,141,2025-04-13 02:05:23,In Stock,LOT-55269,Humidity controlled
656,656,25,21,4,48,116,2025-08-04 02:05:23,backordered,LOT-65827,Cool and dry place
657,657,487,207,280,67,192,2025-01-24 02:05:23,In Stock,LOT-10910,Refrigerated
658,658,48,29,19,23,85,2025-08-31 02:05:23,backordered,LOT-43006,Cool and dry place
659,659,31,14,17,26,100,2025-04-10 02:05:23,backordered,LOT-84866,Room temperature
660,660,351,322,29,92,71,2025-01-07 02:05:23,backordered,LOT-61889,Humidity controlled
661,661,132,19,113,12,66,2025-07-23 02:05:23,In Stock,LOT-24141,Keep away from sunlight
662,662,414,65,349,21,134,2025-08-31 02:05:23,In Stock,LOT-83285,Cool and dry place
663,663,482,236,246,16,93,2025-01-12 02:05:23,In Stock,LOT-69146,Keep away from sunlight
664,664,420,370,50,60,177,2025-10-17 02:05:23,backordered,LOT-30316,Keep away from sunlight
665,665,349,218,131,32,140,2025-07-15 02:05:23,In Stock,LOT-17990,Refrigerated
666,666,140,71,69,67,88,2025-10-15 02:05:23,In Stock,LOT-42102,Humidity controlled
667,667,317,315,2,41,125,2025-02-19 02:05:23,backordered,LOT-02758,Keep away from sunlight
668,668,451,281,170,71,65,2025-09-18 02:05:23,In Stock,LOT-84252,Room temperature
669,669,196,35,161,63,101,2024-12-07 02:05:23,In Stock,LOT-41056,Humidity controlled
670,670,127,4,123,58,141,2025-03-01 02:05:23,In Stock,LOT-48149,Humidity controlled
671,671,400,248,152,54,194,2025-02-17 02:05:23,In Stock,LOT-17785,Room temperature
672,672,198,69,129,33,56,2025-05-22 02:05:23,In Stock,LOT-07925,Humidity controlled
673,673,112,3,109,45,64,2025-03-05 02:05:23,In Stock,LOT-24191,Humidity controlled
674,674,183,149,34,39,90,2025-09-11 02:05:23,backordered,LOT-38000,Refrigerated
675,675,336,123,213,44,186,2025-10-04 02:05:23,In Stock,LOT-30756,Refrigerated
676,676,294,198,96,55,94,2025-08-03 02:05:23,In Stock,LOT-22086,Refrigerated
677,677,303,162,141,99,141,2025-01-03 02:05:23,In Stock,LOT-35365,Cool and dry place
678,678,360,358,2,55,195,2025-01-17 02:05:23,backordered,LOT-41951,Refrigerated
679,679,288,96,192,73,188,2025-05-27 02:05:23,In Stock,LOT-80238,Refrigerated
680,680,251,9,242,21,64,2025-07-05 02:05:23,In Stock,LOT-06174,Humidity controlled
681,681,112,2,110,77,172,2025-11-01 02:05:23,In Stock,LOT-45187,Room temperature
682,682,469,314,155,35,83,2025-05-11 02:05:23,In Stock,LOT-05349,Refrigerated
683,683,470,410,60,51,65,2025-10-21 02:05:23,In Stock,LOT-49375,Refrigerated
684,684,300,72,228,24,184,2025-04-29 02:05:23,In Stock,LOT-97383,Cool and dry place
685,685,191,180,11,94,151,2025-01-05 02:05:23,backordered,LOT-20603,Cool and dry place
686,686,172,77,95,51,84,2025-08-13 02:05:23,In Stock,LOT-85050,Keep away from sunlight
687,687,405,327,78,72,131,2025-08-04 02:05:23,In Stock,LOT-64138,Humidity controlled
688,688,355,314,41,55,107,2024-11-26 02:05:23,backordered,LOT-36702,Humidity controlled
689,689,417,89,328,58,128,2024-11-14 02:05:23,In Stock,LOT-41038,Room temperature
690,690,65,22,43,10,196,2025-04-15 02:05:23,In Stock,LOT-65719,Humidity controlled
691,691,16,5,11,87,131,2024-12-23 02:05:23,backordered,LOT-18261,Refrigerated
692,692,327,289,38,23,177,2025-08-21 02:05:23,In Stock,LOT-99062,Room temperature
693,693,381,39,342,40,138,2025-05-22 02:05:23,In Stock,LOT-34456,Refrigerated
694,694,325,45,280,100,135,2025-03-18 02:05:23,In Stock,LOT-55743,Cool and dry place
695,695,135,53,82,41,67,2025-05-06 02:05:23,In Stock,LOT-13291,Room temperature
696,696,402,55,347,10,62,2025-04-18 02:05:23,In Stock,LOT-21277,Keep away from sunlight
697,697,375,214,161,31,155,2025-02-22 02:05:23,In Stock,LOT-56185,Keep away from sunlight
698,698,179,139,40,58,75,2025-03-01 02:05:23,backordered,LOT-37474,Humidity controlled
699,699,333,115,218,30,165,2025-09-25 02:05:23,In Stock,LOT-11249,Cool and dry place
700,700,150,5,145,50,116,2025-09-09 02:05:23,In Stock,LOT-03521,Cool and dry place
701,701,175,43,132,58,91,2025-09-24 02:05:23,In Stock,LOT-35680,Humidity controlled
702,702,482,459,23,21,136,2025-01-01 02:05:23,In Stock,LOT-44206,Humidity controlled
703,703,457,247,210,100,57,2025-03-26 02:05:23,In Stock,LOT-78831,Refrigerated
704,704,310,222,88,30,63,2025-09-11 02:05:23,In Stock,LOT-71210,Room temperature
705,705,105,24,81,62,191,2025-01-29 02:05:23,In Stock,LOT-03236,Room temperature
706,706,338,144,194,48,110,2025-09-13 02:05:23,In Stock,LOT-51994,Cool and dry place
707,707,201,146,55,80,175,2025-08-15 02:05:23,backordered,LOT-10137,Cool and dry place
708,708,184,0,184,64,72,2025-06-04 02:05:23,In Stock,LOT-21510,Humidity controlled
709,709,245,51,194,22,56,2025-07-19 02:05:23,In Stock,LOT-70296,Refrigerated
710,710,326,149,177,20,171,2025-09-03 02:05:23,In Stock,LOT-67066,Room temperature
711,711,401,203,198,70,175,2024-11-28 02:05:23,In Stock,LOT-25324,Room temperature
712,712,46,41,5,79,149,2025-07-30 02:05:23,backordered,LOT-47209,Room temperature
713,713,453,195,258,57,97,2025-03-18 02:05:23,In Stock,LOT-99347,Cool and dry place
714,714,134,112,22,69,117,2025-07-09 02:05:23,backordered,LOT-68701,Room temperature
715,715,288,31,257,29,74,2025-09-19 02:05:23,In Stock,LOT-46263,Room temperature
716,716,413,277,136,62,200,2025-07-08 02:05:23,In Stock,LOT-83806,Humidity controlled
717,717,31,24,7,76,157,2025-01-31 02:05:23,backordered,LOT-57875,Keep away from sunlight
718,718,293,120,173,70,126,2025-09-22 02:05:23,In Stock,LOT-98564,Keep away from sunlight
719,719,462,437,25,14,178,2025-01-13 02:05:23,In Stock,LOT-20593,Humidity controlled
720,720,409,292,117,96,87,2025-09-01 02:05:23,In Stock,LOT-04078,Keep away from sunlight
721,721,88,21,67,37,99,2025-08-29 02:05:23,In Stock,LOT-59321,Cool and dry place
722,722,216,20,196,97,161,2025-07-21 02:05:23,In Stock,LOT-33480,Refrigerated
723,723,427,304,123,43,131,2025-09-28 02:05:23,In Stock,LOT-39652,Cool and dry place
724,724,198,142,56,60,191,2025-05-19 02:05:23,backordered,LOT-23955,Room temperature
725,725,266,234,32,11,200,2025-02-07 02:05:23,In Stock,LOT-90599,Keep away from sunlight
726,726,57,26,31,29,87,2025-01-15 02:05:23,In Stock,LOT-29378,Humidity controlled
727,727,298,51,247,23,194,2025-09-11 02:05:23,In Stock,LOT-42701,Room temperature
728,728,444,274,170,54,155,2025-06-19 02:05:23,In Stock,LOT-03930,Keep away from sunlight
729,729,335,248,87,83,171,2025-10-13 02:05:23,In Stock,LOT-87059,Refrigerated
730,730,141,103,38,28,152,2025-10-13 02:05:23,In Stock,LOT-32525,Keep away from sunlight
731,731,455,450,5,52,110,2025-10-07 02:05:23,backordered,LOT-00292,Keep away from sunlight
732,732,471,137,334,57,55,2025-05-13 02:05:23,In Stock,LOT-18515,Room temperature
733,733,159,71,88,72,75,2025-07-08 02:05:23,In Stock,LOT-69154,Refrigerated
734,734,153,113,40,51,118,2025-04-02 02:05:23,backordered,LOT-52267,Humidity controlled
735,735,330,45,285,34,163,2025-07-16 02:05:23,In Stock,LOT-52895,Keep away from sunlight
736,736,379,248,131,76,145,2025-10-04 02:05:23,In Stock,LOT-39264,Humidity controlled
737,737,405,81,324,18,129,2024-11-03 02:05:23,In Stock,LOT-42209,Humidity controlled
738,738,206,34,172,77,195,2025-10-18 02:05:23,In Stock,LOT-69029,Refrigerated
739,739,98,25,73,17,113,2025-10-16 02:05:23,In Stock,LOT-59391,Keep away from sunlight
740,740,25,11,14,100,100,2025-06-14 02:05:23,backordered,LOT-72513,Room temperature
741,741,421,237,184,74,151,2024-12-11 02:05:23,In Stock,LOT-55215,Cool and dry place
742,742,348,15,333,40,145,2025-02-24 02:05:23,In Stock,LOT-70433,Humidity controlled
743,743,228,45,183,70,200,2025-01-23 02:05:23,In Stock,LOT-15410,Room temperature
744,744,176,41,135,43,73,2025-06-09 02:05:23,In Stock,LOT-06762,Cool and dry place
745,745,197,12,185,30,196,2025-07-15 02:05:23,In Stock,LOT-67658,Refrigerated
746,746,331,115,216,96,102,2025-06-17 02:05:23,In Stock,LOT-61793,Keep away from sunlight
747,747,262,10,252,97,52,2025-03-04 02:05:23,In Stock,LOT-27104,Refrigerated
748,748,331,88,243,86,52,2025-07-10 02:05:23,In Stock,LOT-05411,Room temperature
749,749,311,156,155,100,120,2025-03-30 02:05:23,In Stock,LOT-52621,Keep away from sunlight
750,750,436,178,258,68,114,2025-07-13 02:05:23,In Stock,LOT-81599,Keep away from sunlight
751,751,154,133,21,89,151,2025-01-06 02:05:23,backordered,LOT-70629,Cool and dry place
752,752,3,2,1,81,122,2025-06-02 02:05:23,backordered,LOT-62015,Cool and dry place
753,753,246,16,230,53,120,2024-12-09 02:05:23,In Stock,LOT-33688,Room temperature
754,754,441,141,300,43,126,2025-07-28 02:05:23,In Stock,LOT-44431,Refrigerated
755,755,264,123,141,17,153,2024-11-28 02:05:23,In Stock,LOT-06987,Room temperature
756,756,348,71,277,13,177,2025-06-03 02:05:23,In Stock,LOT-20506,Room temperature
757,757,464,214,250,61,149,2025-10-14 02:05:23,In Stock,LOT-14973,Humidity controlled
758,758,362,292,70,34,137,2024-11-01 02:05:23,In Stock,LOT-10324,Refrigerated
759,759,351,273,78,91,171,2024-11-23 02:05:23,backordered,LOT-17146,Room temperature
760,760,259,153,106,31,192,2025-08-01 02:05:23,In Stock,LOT-77418,Room temperature
761,761,49,30,19,26,116,2025-01-19 02:05:23,backordered,LOT-62565,Refrigerated
762,762,484,348,136,52,72,2025-07-11 02:05:23,In Stock,LOT-27047,Room temperature
763,763,114,95,19,49,157,2025-05-16 02:05:23,backordered,LOT-74349,Room temperature
764,764,133,75,58,69,80,2025-03-06 02:05:23,backordered,LOT-02115,Cool and dry place
765,765,443,324,119,84,198,2024-12-19 02:05:23,In Stock,LOT-86938,Cool and dry place
766,766,241,227,14,34,178,2025-09-01 02:05:23,backordered,LOT-06868,Keep away from sunlight
767,767,271,152,119,62,63,2025-08-16 02:05:23,In Stock,LOT-79374,Refrigerated
768,768,102,43,59,62,195,2025-03-12 02:05:23,backordered,LOT-16089,Refrigerated
769,769,161,46,115,20,174,2025-05-15 02:05:23,In Stock,LOT-89921,Refrigerated
770,770,160,14,146,10,165,2025-06-14 02:05:23,In Stock,LOT-72233,Refrigerated
771,771,389,86,303,83,90,2025-02-24 02:05:23,In Stock,LOT-20616,Cool and dry place
772,772,66,55,11,91,159,2025-04-09 02:05:23,backordered,LOT-32945,Keep away from sunlight
773,773,494,244,250,59,51,2025-10-13 02:05:23,In Stock,LOT-11686,Humidity controlled
774,774,102,93,9,57,53,2025-05-21 02:05:23,backordered,LOT-85487,Humidity controlled
775,775,97,2,95,96,51,2024-12-16 02:05:23,backordered,LOT-09986,Refrigerated
776,776,115,88,27,54,129,2025-08-27 02:05:23,backordered,LOT-16229,Cool and dry place
777,777,196,128,68,85,128,2025-08-08 02:05:23,backordered,LOT-99119,Cool and dry place
778,778,421,23,398,48,124,2025-03-13 02:05:23,In Stock,LOT-14856,Humidity controlled
779,779,305,268,37,53,161,2024-11-15 02:05:23,backordered,LOT-46799,Refrigerated
780,780,175,125,50,55,98,2025-08-09 02:05:23,backordered,LOT-70246,Keep away from sunlight
781,781,9,3,6,38,83,2025-07-16 02:05:23,backordered,LOT-29960,Cool and dry place
782,782,301,258,43,31,81,2025-04-28 02:05:23,In Stock,LOT-65307,Cool and dry place
783,783,192,163,29,42,186,2024-12-17 02:05:23,backordered,LOT-45054,Cool and dry place
784,784,304,24,280,94,77,2024-12-02 02:05:23,In Stock,LOT-44713,Cool and dry place
785,785,24,22,2,24,156,2025-03-19 02:05:23,backordered,LOT-24754,Keep away from sunlight
786,786,63,32,31,70,89,2025-07-19 02:05:23,backordered,LOT-69137,Cool and dry place
787,787,154,107,47,94,75,2024-11-27 02:05:23,backordered,LOT-36785,Humidity controlled
788,788,138,35,103,63,76,2025-02-13 02:05:23,In Stock,LOT-08214,Humidity controlled
789,789,60,18,42,24,77,2025-02-20 02:05:23,In Stock,LOT-86289,Refrigerated
790,790,311,102,209,43,183,2025-07-21 02:05:23,In Stock,LOT-02330,Room temperature
791,791,360,209,151,47,91,2025-10-12 02:05:23,In Stock,LOT-30705,Humidity controlled
792,792,254,233,21,36,173,2025-05-16 02:05:23,backordered,LOT-34578,Refrigerated
793,793,1,0,1,95,72,2025-09-06 02:05:23,backordered,LOT-61035,Humidity controlled
794,794,342,252,90,29,73,2025-02-13 02:05:23,In Stock,LOT-79727,Cool and dry place
795,795,370,370,0,22,115,2024-12-07 02:05:23,backordered,LOT-98552,Refrigerated
796,796,233,75,158,43,168,2025-10-07 02:05:23,In Stock,LOT-41406,Cool and dry place
797,797,416,89,327,15,124,2025-05-01 02:05:23,In Stock,LOT-02933,Room temperature
798,798,218,189,29,24,74,2025-10-09 02:05:23,In Stock,LOT-33468,Cool and dry place
799,799,436,70,366,94,93,2025-05-17 02:05:23,In Stock,LOT-00722,Room temperature
800,800,457,224,233,89,118,2025-09-15 02:05:23,In Stock,LOT-90349,Room temperature
801,801,417,175,242,33,79,2025-04-10 02:05:23,In Stock,LOT-44665,Keep away from sunlight
802,802,492,233,259,44,148,2024-11-13 02:05:23,In Stock,LOT-74374,Keep away from sunlight
803,803,409,215,194,93,92,2025-09-05 02:05:23,In Stock,LOT-89691,Refrigerated
804,804,356,30,326,30,76,2025-04-02 02:05:23,In Stock,LOT-08589,Humidity controlled
805,805,247,205,42,82,162,2025-08-01 02:05:23,backordered,LOT-94417,Humidity controlled
806,806,194,91,103,88,57,2024-11-16 02:05:23,In Stock,LOT-15454,Refrigerated
807,807,247,235,12,72,78,2025-04-05 02:05:23,backordered,LOT-44328,Keep away from sunlight
808,808,23,2,21,43,130,2025-10-26 02:05:23,backordered,LOT-30965,Humidity controlled
809,809,392,380,12,83,194,2025-07-10 02:05:23,backordered,LOT-20744,Room temperature
810,810,265,48,217,65,113,2025-02-28 02:05:23,In Stock,LOT-66609,Room temperature
811,811,339,328,11,59,88,2025-01-20 02:05:23,backordered,LOT-93538,Humidity controlled
812,812,27,0,27,92,90,2025-02-16 02:05:23,backordered,LOT-75842,Keep away from sunlight
813,813,436,253,183,31,69,2025-02-23 02:05:23,In Stock,LOT-82417,Room temperature
814,814,123,42,81,45,62,2025-02-15 02:05:23,In Stock,LOT-24825,Refrigerated
815,815,281,193,88,61,110,2025-09-22 02:05:23,In Stock,LOT-13534,Keep away from sunlight
816,816,227,205,22,83,164,2025-09-17 02:05:23,backordered,LOT-65549,Keep away from sunlight
817,817,228,80,148,25,177,2024-12-02 02:05:23,In Stock,LOT-47170,Cool and dry place
818,818,52,25,27,62,59,2025-01-20 02:05:23,backordered,LOT-99917,Humidity controlled
819,819,0,0,0,87,127,2025-02-14 02:05:23,Out of Stock,LOT-38168,Humidity controlled
820,820,105,83,22,95,166,2025-05-11 02:05:23,backordered,LOT-46022,Room temperature
821,821,422,27,395,38,166,2025-05-16 02:05:23,In Stock,LOT-35697,Humidity controlled
822,822,392,317,75,86,171,2024-11-30 02:05:23,backordered,LOT-25217,Room temperature
823,823,366,231,135,24,74,2024-11-29 02:05:23,In Stock,LOT-52500,Refrigerated
824,824,1,1,0,55,124,2025-01-25 02:05:23,backordered,LOT-74329,Humidity controlled
825,825,191,179,12,23,61,2025-08-09 02:05:23,backordered,LOT-27129,Keep away from sunlight
826,826,71,52,19,23,115,2024-12-24 02:05:23,backordered,LOT-66667,Refrigerated
827,827,96,15,81,60,105,2025-03-12 02:05:23,In Stock,LOT-60083,Refrigerated
828,828,366,173,193,23,156,2025-10-09 02:05:23,In Stock,LOT-50583,Humidity controlled
829,829,63,57,6,68,200,2025-02-16 02:05:23,backordered,LOT-00335,Refrigerated
830,830,493,255,238,10,185,2025-10-08 02:05:23,In Stock,LOT-42168,Humidity controlled
831,831,478,221,257,84,173,2025-02-14 02:05:23,In Stock,LOT-94210,Refrigerated
832,832,354,296,58,32,82,2025-09-09 02:05:23,In Stock,LOT-44789,Keep away from sunlight
833,833,336,307,29,87,132,2025-02-16 02:05:23,backordered,LOT-85625,Keep away from sunlight
834,834,214,155,59,98,113,2025-06-14 02:05:23,backordered,LOT-75326,Keep away from sunlight
835,835,493,175,318,47,165,2025-08-25 02:05:23,In Stock,LOT-03323,Refrigerated
836,836,211,154,57,99,181,2025-06-01 02:05:23,backordered,LOT-09821,Humidity controlled
837,837,440,160,280,80,105,2025-07-22 02:05:23,In Stock,LOT-50648,Refrigerated
838,838,319,148,171,97,138,2024-11-22 02:05:23,In Stock,LOT-90901,Refrigerated
839,839,363,332,31,32,178,2025-01-28 02:05:23,backordered,LOT-00167,Room temperature
840,840,363,59,304,55,193,2025-03-01 02:05:23,In Stock,LOT-61847,Humidity controlled
841,841,292,213,79,96,186,2025-06-08 02:05:23,backordered,LOT-23046,Keep away from sunlight
842,842,413,6,407,76,77,2025-10-20 02:05:23,In Stock,LOT-18499,Keep away from sunlight
843,843,74,6,68,95,64,2025-07-22 02:05:23,backordered,LOT-26189,Room temperature
844,844,384,82,302,46,114,2025-08-19 02:05:23,In Stock,LOT-14117,Cool and dry place
845,845,353,151,202,36,188,2025-10-16 02:05:23,In Stock,LOT-39348,Room temperature
846,846,416,231,185,23,193,2025-07-10 02:05:23,In Stock,LOT-35642,Humidity controlled
847,847,199,60,139,75,123,2024-11-12 02:05:23,In Stock,LOT-08737,Cool and dry place
848,848,474,195,279,59,156,2024-11-16 02:05:23,In Stock,LOT-53001,Room temperature
849,849,494,282,212,16,53,2025-06-26 02:05:23,In Stock,LOT-19721,Refrigerated
850,850,317,226,91,38,144,2025-01-04 02:05:23,In Stock,LOT-81143,Humidity controlled
851,851,378,308,70,35,99,2025-06-04 02:05:23,In Stock,LOT-74470,Keep away from sunlight
852,852,90,87,3,19,97,2025-08-05 02:05:23,backordered,LOT-12045,Humidity controlled
853,853,61,24,37,15,159,2025-06-12 02:05:23,In Stock,LOT-56110,Humidity controlled
854,854,135,33,102,30,199,2025-06-24 02:05:23,In Stock,LOT-02255,Cool and dry place
855,855,169,119,50,100,89,2025-10-12 02:05:23,backordered,LOT-79415,Refrigerated
856,856,475,165,310,86,63,2024-12-16 02:05:23,In Stock,LOT-52166,Humidity controlled
857,857,431,338,93,48,175,2025-01-12 02:05:23,In Stock,LOT-74676,Humidity controlled
858,858,183,18,165,100,131,2025-02-05 02:05:23,In Stock,LOT-21202,Refrigerated
859,859,489,94,395,76,67,2025-02-16 02:05:23,In Stock,LOT-16979,Refrigerated
860,860,212,139,73,78,153,2025-09-15 02:05:23,backordered,LOT-72965,Room temperature
861,861,113,113,0,37,134,2025-05-16 02:05:23,backordered,LOT-90277,Room temperature
862,862,150,55,95,89,185,2025-03-03 02:05:23,In Stock,LOT-16701,Humidity controlled
863,863,421,385,36,93,52,2025-09-04 02:05:23,backordered,LOT-45089,Room temperature
864,864,228,61,167,92,112,2025-10-12 02:05:23,In Stock,LOT-93588,Room temperature
865,865,195,29,166,59,115,2025-01-29 02:05:23,In Stock,LOT-91637,Room temperature
866,866,12,8,4,57,181,2025-02-14 02:05:23,backordered,LOT-56289,Keep away from sunlight
867,867,249,11,238,47,99,2025-05-21 02:05:23,In Stock,LOT-00287,Humidity controlled
868,868,42,6,36,31,187,2025-02-01 02:05:23,In Stock,LOT-72175,Cool and dry place
869,869,320,33,287,36,104,2024-11-16 02:05:23,In Stock,LOT-35408,Keep away from sunlight
870,870,427,53,374,36,187,2024-11-07 02:05:23,In Stock,LOT-38663,Keep away from sunlight
871,871,331,36,295,97,89,2025-10-20 02:05:23,In Stock,LOT-17797,Keep away from sunlight
872,872,367,169,198,14,72,2025-09-25 02:05:23,In Stock,LOT-17751,Cool and dry place
873,873,91,32,59,81,68,2025-01-11 02:05:23,backordered,LOT-70166,Refrigerated
874,874,466,132,334,62,149,2025-03-16 02:05:23,In Stock,LOT-08801,Keep away from sunlight
875,875,221,80,141,12,149,2024-11-22 02:05:23,In Stock,LOT-99488,Cool and dry place
876,876,273,3,270,92,66,2025-01-06 02:05:23,In Stock,LOT-37550,Cool and dry place
877,877,358,37,321,55,178,2025-09-08 02:05:23,In Stock,LOT-37589,Room temperature
878,878,402,351,51,48,72,2025-06-10 02:05:23,In Stock,LOT-97571,Keep away from sunlight
879,879,195,101,94,94,57,2025-03-04 02:05:23,In Stock,LOT-13055,Refrigerated
880,880,273,112,161,27,150,2025-01-26 02:05:23,In Stock,LOT-48851,Room temperature
881,881,491,324,167,28,126,2024-11-20 02:05:23,In Stock,LOT-02726,Room temperature
882,882,490,486,4,11,191,2025-01-21 02:05:23,backordered,LOT-14933,Refrigerated
883,883,63,5,58,10,196,2024-12-31 02:05:23,In Stock,LOT-16373,Keep away from sunlight
884,884,275,43,232,49,103,2025-05-09 02:05:23,In Stock,LOT-51609,Refrigerated
885,885,211,165,46,75,86,2025-08-11 02:05:23,backordered,LOT-17798,Refrigerated
886,886,113,78,35,42,99,2025-09-04 02:05:23,backordered,LOT-27080,Refrigerated
887,887,343,290,53,16,190,2025-03-10 02:05:23,In Stock,LOT-86978,Humidity controlled
888,888,37,18,19,95,67,2025-06-26 02:05:23,backordered,LOT-29221,Cool and dry place
889,889,101,92,9,84,174,2025-05-16 02:05:23,backordered,LOT-69958,Room temperature
890,890,65,30,35,22,122,2024-12-19 02:05:23,In Stock,LOT-66934,Cool and dry place
891,891,460,99,361,50,174,2025-03-16 02:05:23,In Stock,LOT-65472,Room temperature
892,892,315,156,159,98,199,2025-08-15 02:05:23,In Stock,LOT-26984,Humidity controlled
893,893,290,186,104,50,159,2025-08-07 02:05:23,In Stock,LOT-85833,Cool and dry place
894,894,160,63,97,38,161,2025-06-13 02:05:23,In Stock,LOT-39452,Room temperature
895,895,68,42,26,71,168,2025-03-18 02:05:23,backordered,LOT-28851,Room temperature
896,896,396,156,240,72,191,2025-09-07 02:05:23,In Stock,LOT-58799,Refrigerated
897,897,330,310,20,20,121,2025-08-22 02:05:23,In Stock,LOT-68460,Humidity controlled
898,898,100,33,67,90,69,2025-09-24 02:05:23,backordered,LOT-81062,Cool and dry place
899,899,434,259,175,90,57,2025-01-08 02:05:23,In Stock,LOT-00342,Humidity controlled
900,900,207,196,11,85,104,2025-10-14 02:05:23,backordered,LOT-44204,Humidity controlled
901,901,133,120,13,93,88,2025-04-28 02:05:23,backordered,LOT-38057,Keep away from sunlight
902,902,114,114,0,85,124,2025-08-25 02:05:23,backordered,LOT-19838,Keep away from sunlight
903,903,256,46,210,60,143,2025-02-17 02:05:23,In Stock,LOT-63840,Cool and dry place
904,904,339,122,217,88,92,2025-02-11 02:05:23,In Stock,LOT-66658,Refrigerated
905,905,228,40,188,32,194,2025-01-16 02:05:23,In Stock,LOT-00439,Refrigerated
906,906,376,374,2,71,141,2025-10-12 02:05:23,backordered,LOT-73598,Refrigerated
907,907,389,249,140,39,66,2025-06-19 02:05:23,In Stock,LOT-93347,Room temperature
908,908,119,5,114,95,102,2025-02-09 02:05:23,In Stock,LOT-21228,Room temperature
909,909,198,120,78,68,61,2025-10-12 02:05:23,In Stock,LOT-16064,Room temperature
910,910,52,45,7,76,120,2025-06-20 02:05:23,backordered,LOT-84229,Humidity controlled
911,911,278,89,189,58,146,2025-04-28 02:05:23,In Stock,LOT-40572,Humidity controlled
912,912,334,39,295,76,114,2025-04-23 02:05:23,In Stock,LOT-02590,Refrigerated
913,913,264,207,57,55,138,2025-02-25 02:05:23,In Stock,LOT-94798,Keep away from sunlight
914,914,454,309,145,10,178,2025-08-22 02:05:23,In Stock,LOT-51583,Keep away from sunlight
915,915,84,29,55,19,181,2024-12-07 02:05:23,In Stock,LOT-28182,Room temperature
916,916,108,19,89,33,90,2025-04-30 02:05:23,In Stock,LOT-68861,Humidity controlled
917,917,367,60,307,94,108,2025-04-03 02:05:23,In Stock,LOT-53355,Room temperature
918,918,368,58,310,71,172,2025-03-01 02:05:23,In Stock,LOT-54398,Refrigerated
919,919,302,82,220,92,155,2025-10-21 02:05:23,In Stock,LOT-78015,Refrigerated
920,920,22,4,18,83,91,2025-08-25 02:05:23,backordered,LOT-73993,Humidity controlled
921,921,20,18,2,28,64,2025-08-08 02:05:23,backordered,LOT-05616,Room temperature
922,922,472,92,380,76,153,2024-12-30 02:05:23,In Stock,LOT-48408,Humidity controlled
923,923,326,9,317,94,122,2025-09-19 02:05:23,In Stock,LOT-58877,Refrigerated
924,924,229,155,74,70,173,2025-08-06 02:05:23,In Stock,LOT-04358,Refrigerated
925,925,425,210,215,86,86,2025-01-07 02:05:23,In Stock,LOT-11288,Refrigerated
926,926,319,261,58,43,92,2024-11-15 02:05:23,In Stock,LOT-01336,Room temperature
927,927,472,232,240,86,67,2025-07-07 02:05:23,In Stock,LOT-13861,Keep away from sunlight
928,928,197,33,164,23,54,2025-07-21 02:05:23,In Stock,LOT-20750,Humidity controlled
929,929,440,258,182,97,157,2025-08-17 02:05:23,In Stock,LOT-11024,Humidity controlled
930,930,49,11,38,70,59,2025-02-02 02:05:23,backordered,LOT-81934,Humidity controlled
931,931,385,60,325,21,173,2024-11-29 02:05:23,In Stock,LOT-66766,Refrigerated
932,932,461,308,153,79,50,2024-11-19 02:05:23,In Stock,LOT-50618,Keep away from sunlight
933,933,267,215,52,57,61,2024-11-09 02:05:23,backordered,LOT-09190,Humidity controlled
934,934,219,58,161,71,147,2025-05-06 02:05:23,In Stock,LOT-15814,Humidity controlled
935,935,411,379,32,99,197,2025-09-12 02:05:23,backordered,LOT-49147,Keep away from sunlight
936,936,68,32,36,71,109,2025-09-20 02:05:23,backordered,LOT-66072,Room temperature
937,937,306,278,28,62,115,2025-07-28 02:05:23,backordered,LOT-83268,Cool and dry place
938,938,363,3,360,83,183,2025-09-02 02:05:23,In Stock,LOT-42450,Humidity controlled
939,939,3,3,0,93,102,2024-11-14 02:05:23,backordered,LOT-88210,Room temperature
940,940,209,92,117,23,89,2025-03-28 02:05:23,In Stock,LOT-09968,Humidity controlled
941,941,129,66,63,78,158,2025-01-16 02:05:23,backordered,LOT-81435,Room temperature
942,942,313,141,172,97,151,2025-07-20 02:05:23,In Stock,LOT-36822,Keep away from sunlight
943,943,282,247,35,32,144,2025-01-19 02:05:23,In Stock,LOT-23943,Humidity controlled
944,944,247,64,183,49,197,2025-05-09 02:05:23,In Stock,LOT-12908,Keep away from sunlight
945,945,376,70,306,94,80,2025-07-07 02:05:23,In Stock,LOT-78141,Keep away from sunlight
946,946,400,358,42,30,75,2025-07-15 02:05:23,In Stock,LOT-41397,Humidity controlled
947,947,205,201,4,53,190,2024-12-22 02:05:23,backordered,LOT-55231,Cool and dry place
948,948,82,49,33,91,51,2025-09-16 02:05:23,backordered,LOT-49135,Refrigerated
949,949,241,237,4,86,161,2025-09-17 02:05:23,backordered,LOT-77594,Cool and dry place
950,950,134,56,78,57,70,2024-12-25 02:05:23,In Stock,LOT-92995,Cool and dry place
951,951,370,196,174,61,183,2025-06-08 02:05:23,In Stock,LOT-56205,Humidity controlled
952,952,29,24,5,32,176,2025-03-22 02:05:23,backordered,LOT-33645,Cool and dry place
953,953,103,84,19,76,123,2025-07-25 02:05:23,backordered,LOT-25777,Cool and dry place
954,954,401,306,95,75,182,2024-11-09 02:05:23,In Stock,LOT-54781,Refrigerated
955,955,314,86,228,96,59,2025-05-01 02:05:23,In Stock,LOT-29142,Refrigerated
956,956,335,0,335,30,72,2025-06-13 02:05:23,In Stock,LOT-83411,Keep away from sunlight
957,957,180,171,9,60,153,2025-01-05 02:05:23,backordered,LOT-08099,Refrigerated
958,958,265,7,258,100,67,2025-09-16 02:05:23,In Stock,LOT-69308,Humidity controlled
959,959,145,143,2,84,139,2025-05-08 02:05:23,backordered,LOT-48872,Room temperature
960,960,115,77,38,34,166,2025-04-09 02:05:23,In Stock,LOT-56394,Humidity controlled
961,961,2,1,1,32,154,2025-02-15 02:05:23,backordered,LOT-27881,Cool and dry place
962,962,286,37,249,74,125,2025-05-11 02:05:23,In Stock,LOT-65803,Cool and dry place
963,963,411,262,149,42,187,2025-01-11 02:05:23,In Stock,LOT-92827,Room temperature
964,964,355,226,129,58,194,2025-02-27 02:05:23,In Stock,LOT-22992,Refrigerated
965,965,387,173,214,68,167,2025-01-05 02:05:23,In Stock,LOT-75037,Cool and dry place
966,966,246,29,217,43,67,2025-04-20 02:05:23,In Stock,LOT-31453,Refrigerated
967,967,346,117,229,50,155,2025-05-05 02:05:23,In Stock,LOT-03856,Humidity controlled
968,968,274,4,270,99,117,2025-06-27 02:05:23,In Stock,LOT-77005,Room temperature
969,969,47,25,22,96,137,2025-09-24 02:05:23,backordered,LOT-18449,Humidity controlled
970,970,476,91,385,70,130,2025-05-04 02:05:23,In Stock,LOT-89266,Refrigerated
971,971,457,293,164,44,96,2024-11-17 02:05:23,In Stock,LOT-59184,Refrigerated
972,972,255,102,153,40,111,2025-06-19 02:05:23,In Stock,LOT-63865,Refrigerated
973,973,117,25,92,41,141,2025-08-14 02:05:23,In Stock,LOT-57790,Cool and dry place
974,974,61,58,3,20,176,2024-12-22 02:05:23,backordered,LOT-82723,Cool and dry place
975,975,391,277,114,15,173,2025-04-25 02:05:23,In Stock,LOT-18432,Humidity controlled
976,976,161,126,35,83,120,2025-02-23 02:05:23,backordered,LOT-22591,Refrigerated
977,977,391,261,130,45,151,2025-07-11 02:05:23,In Stock,LOT-36517,Humidity controlled
978,978,65,6,59,77,158,2025-03-02 02:05:23,backordered,LOT-77392,Humidity controlled
979,979,16,16,0,54,150,2024-11-15 02:05:23,backordered,LOT-60302,Refrigerated
980,980,234,30,204,99,182,2025-03-11 02:05:23,In Stock,LOT-99228,Room temperature
981,981,352,4,348,11,103,2025-04-21 02:05:23,In Stock,LOT-09202,Humidity controlled
982,982,51,20,31,56,116,2025-07-29 02:05:23,backordered,LOT-42869,Humidity controlled
983,983,134,60,74,44,170,2024-12-23 02:05:23,In Stock,LOT-90413,Room temperature
984,984,187,47,140,73,158,2025-07-17 02:05:23,In Stock,LOT-79772,Keep away from sunlight
985,985,358,190,168,56,152,2025-06-11 02:05:23,In Stock,LOT-36929,Keep away from sunlight
986,986,92,73,19,26,197,2024-11-15 02:05:23,backordered,LOT-29842,Refrigerated
987,987,416,51,365,44,110,2025-01-21 02:05:23,In Stock,LOT-57991,Keep away from sunlight
988,988,438,195,243,35,87,2025-08-17 02:05:23,In Stock,LOT-36621,Keep away from sunlight
989,989,412,4,408,32,157,2025-02-19 02:05:23,In Stock,LOT-03886,Refrigerated
990,990,457,434,23,90,182,2025-02-01 02:05:23,backordered,LOT-29127,Room temperature
991,991,402,249,153,48,114,2025-01-18 02:05:23,In Stock,LOT-99088,Humidity controlled
992,992,24,12,12,22,91,2025-10-02 02:05:23,backordered,LOT-11729,Refrigerated
993,993,416,130,286,70,74,2025-03-16 02:05:23,In Stock,LOT-80686,Room temperature
994,994,133,92,41,56,193,2025-01-20 02:05:23,backordered,LOT-50863,Room temperature
995,995,176,5,171,62,81,2025-05-06 02:05:23,In Stock,LOT-76599,Humidity controlled
996,996,101,73,28,83,187,2025-08-04 02:05:23,backordered,LOT-16247,Room temperature
997,997,181,83,98,96,180,2025-02-25 02:05:23,In Stock,LOT-31498,Keep away from sunlight
998,998,455,40,415,58,123,2025-03-09 02:05:23,In Stock,LOT-64300,Refrigerated
999,999,444,85,359,91,136,2025-03-31 02:05:23,In Stock,LOT-98180,Humidity controlled
1000,1000,292,207,85,19,70,2025-08-11 02:05:23,In Stock,LOT-63565,Room temperature
1001,1001,116,40,76,50,124,2024-11-03 02:05:23,In Stock,LOT-12694,Room temperature
1002,1002,309,202,107,44,163,2025-04-30 02:05:23,In Stock,LOT-48695,Humidity controlled
1003,1003,266,230,36,62,92,2025-07-30 02:05:23,backordered,LOT-94636,Cool and dry place
1004,1004,64,30,34,94,114,2024-11-08 02:05:23,backordered,LOT-88725,Cool and dry place
1005,1005,107,21,86,60,76,2025-09-14 02:05:23,In Stock,LOT-88744,Cool and dry place
1006,1006,479,449,30,70,190,2025-10-05 02:05:23,backordered,LOT-95621,Cool and dry place
1007,1007,394,203,191,77,71,2025-09-09 02:05:23,In Stock,LOT-37213,Room temperature
1008,1008,316,79,237,20,149,2025-05-27 02:05:23,In Stock,LOT-86589,Refrigerated
1009,1009,126,94,32,46,163,2024-12-16 02:05:23,backordered,LOT-02601,Refrigerated
1010,1010,67,67,0,31,57,2025-10-15 02:05:23,backordered,LOT-27961,Room temperature
1011,1011,440,166,274,70,169,2025-01-29 02:05:23,In Stock,LOT-14351,Room temperature
1012,1012,280,227,53,27,188,2025-08-03 02:05:23,In Stock,LOT-90669,Humidity controlled
1013,1013,305,233,72,90,194,2025-03-24 02:05:23,backordered,LOT-84902,Humidity controlled
1014,1014,327,327,0,78,129,2025-05-08 02:05:23,backordered,LOT-77038,Keep away from sunlight
1015,1015,276,116,160,21,163,2025-05-28 02:05:23,In Stock,LOT-43098,Room temperature
1016,1016,211,66,145,29,127,2025-10-27 02:05:23,In Stock,LOT-83920,Cool and dry place
1017,1017,267,69,198,54,123,2025-03-06 02:05:23,In Stock,LOT-53021,Humidity controlled
1018,1018,4,3,1,71,126,2025-10-28 02:05:23,backordered,LOT-46566,Keep away from sunlight
1019,1019,408,149,259,86,109,2025-10-29 02:05:23,In Stock,LOT-93801,Humidity controlled
1020,1020,191,48,143,62,193,2025-03-23 02:05:23,In Stock,LOT-18489,Keep away from sunlight
1021,1021,127,41,86,92,149,2025-04-22 02:05:23,backordered,LOT-55439,Refrigerated
1022,1022,134,20,114,64,111,2025-02-10 02:05:23,In Stock,LOT-37690,Humidity controlled
1023,1023,413,355,58,97,119,2025-06-09 02:05:23,backordered,LOT-42681,Humidity controlled
1024,1024,414,137,277,62,98,2025-09-27 02:05:23,In Stock,LOT-81845,Refrigerated
1025,1025,69,37,32,24,166,2024-12-20 02:05:23,In Stock,LOT-18489,Keep away from sunlight
1026,1026,139,125,14,34,132,2025-10-23 02:05:23,backordered,LOT-47697,Refrigerated
1027,1027,25,17,8,12,97,2025-09-10 02:05:23,backordered,LOT-35779,Room temperature
1028,1028,137,32,105,66,52,2025-07-05 02:05:23,In Stock,LOT-07141,Cool and dry place
1029,1029,77,1,76,73,105,2025-05-10 02:05:23,In Stock,LOT-63356,Keep away from sunlight
1030,1030,159,127,32,57,168,2024-11-10 02:05:23,backordered,LOT-58804,Cool and dry place
1031,1031,169,20,149,28,64,2025-06-18 02:05:23,In Stock,LOT-34165,Keep away from sunlight
1032,1032,36,34,2,70,96,2025-07-26 02:05:23,backordered,LOT-18275,Room temperature
1033,1033,418,195,223,11,81,2024-11-01 02:05:23,In Stock,LOT-53942,Refrigerated
1034,1034,197,197,0,66,113,2025-10-15 02:05:23,backordered,LOT-37333,Refrigerated
1035,1035,235,188,47,22,183,2024-11-26 02:05:23,In Stock,LOT-43333,Refrigerated
1036,1036,242,99,143,97,129,2025-05-20 02:05:23,In Stock,LOT-95211,Refrigerated
1037,1037,322,21,301,80,183,2025-08-31 02:05:23,In Stock,LOT-17908,Room temperature
1038,1038,246,163,83,48,100,2025-05-01 02:05:23,In Stock,LOT-07595,Cool and dry place
1039,1039,442,341,101,37,78,2025-07-04 02:05:23,In Stock,LOT-79472,Keep away from sunlight
1040,1040,166,3,163,31,120,2025-01-06 02:05:23,In Stock,LOT-84639,Cool and dry place
1041,1041,202,202,0,41,52,2025-10-11 02:05:23,backordered,LOT-20867,Humidity controlled
1042,1042,401,353,48,70,89,2025-04-25 02:05:23,backordered,LOT-80856,Cool and dry place
1043,1043,127,40,87,73,73,2024-11-15 02:05:23,In Stock,LOT-27187,Humidity controlled
1044,1044,173,160,13,17,65,2025-05-03 02:05:23,backordered,LOT-50036,Refrigerated
1045,1045,359,274,85,23,82,2025-02-25 02:05:23,In Stock,LOT-91559,Refrigerated
1046,1046,162,142,20,92,138,2025-03-22 02:05:23,backordered,LOT-42843,Refrigerated
1047,1047,10,6,4,55,84,2025-06-26 02:05:23,backordered,LOT-47955,Cool and dry place
1048,1048,248,180,68,66,193,2025-06-04 02:05:23,In Stock,LOT-27636,Humidity controlled
1049,1049,356,250,106,34,195,2025-07-29 02:05:23,In Stock,LOT-55647,Humidity controlled
1050,1050,178,82,96,69,120,2024-12-30 02:05:23,In Stock,LOT-29293,Humidity controlled
1051,1051,82,8,74,77,89,2025-03-16 02:05:23,backordered,LOT-14386,Room temperature
1052,1052,419,134,285,79,143,2025-03-14 02:05:23,In Stock,LOT-63227,Cool and dry place
1053,1053,397,326,71,74,147,2025-07-30 02:05:23,backordered,LOT-02672,Cool and dry place
1054,1054,317,186,131,89,111,2025-05-21 02:05:23,In Stock,LOT-88574,Cool and dry place
1055,1055,337,275,62,59,98,2025-02-06 02:05:23,In Stock,LOT-48906,Keep away from sunlight
1056,1056,392,282,110,29,122,2025-05-20 02:05:23,In Stock,LOT-12034,Keep away from sunlight
1057,1057,328,164,164,24,74,2025-02-07 02:05:23,In Stock,LOT-71754,Cool and dry place
1058,1058,22,4,18,32,58,2025-07-21 02:05:23,backordered,LOT-55884,Cool and dry place
1059,1059,248,49,199,22,58,2025-01-13 02:05:23,In Stock,LOT-50615,Keep away from sunlight
1060,1060,336,250,86,77,115,2025-10-07 02:05:23,In Stock,LOT-93998,Room temperature
1061,1061,113,77,36,19,53,2025-07-18 02:05:23,In Stock,LOT-24558,Keep away from sunlight
1062,1062,475,455,20,20,169,2024-12-09 02:05:23,In Stock,LOT-77169,Cool and dry place
1063,1063,184,142,42,63,144,2024-11-04 02:05:23,backordered,LOT-47225,Cool and dry place
1064,1064,421,315,106,44,185,2025-10-12 02:05:23,In Stock,LOT-69961,Cool and dry place
1065,1065,427,155,272,19,105,2025-02-09 02:05:23,In Stock,LOT-12535,Cool and dry place
1066,1066,51,46,5,39,186,2025-04-18 02:05:23,backordered,LOT-54496,Refrigerated
1067,1067,98,67,31,94,113,2025-01-14 02:05:23,backordered,LOT-47598,Refrigerated
1068,1068,285,285,0,63,77,2024-12-10 02:05:23,backordered,LOT-76220,Humidity controlled
1069,1069,183,172,11,68,159,2025-09-09 02:05:23,backordered,LOT-23413,Refrigerated
1070,1070,405,92,313,80,152,2025-02-16 02:05:23,In Stock,LOT-26111,Room temperature
1071,1071,336,80,256,78,163,2025-05-05 02:05:23,In Stock,LOT-78006,Room temperature
1072,1072,281,166,115,57,155,2024-12-12 02:05:23,In Stock,LOT-81149,Keep away from sunlight
1073,1073,422,371,51,51,111,2025-01-17 02:05:23,In Stock,LOT-21643,Humidity controlled
1074,1074,109,48,61,80,115,2025-05-01 02:05:23,backordered,LOT-34722,Keep away from sunlight
1075,1075,229,101,128,10,58,2025-06-09 02:05:23,In Stock,LOT-82005,Humidity controlled
1076,1076,8,8,0,27,127,2025-10-29 02:05:23,backordered,LOT-57784,Room temperature
1077,1077,113,27,86,50,55,2024-11-13 02:05:23,In Stock,LOT-87282,Room temperature
1078,1078,470,283,187,75,192,2025-01-13 02:05:23,In Stock,LOT-99796,Humidity controlled
1079,1079,79,12,67,14,167,2025-05-03 02:05:23,In Stock,LOT-88457,Refrigerated
1080,1080,70,33,37,56,199,2025-06-27 02:05:23,backordered,LOT-83174,Refrigerated
1081,1081,131,76,55,21,196,2025-04-11 02:05:23,In Stock,LOT-56424,Humidity controlled
1082,1082,469,111,358,19,133,2025-02-27 02:05:23,In Stock,LOT-00825,Refrigerated
1083,1083,249,211,38,98,197,2025-09-14 02:05:23,backordered,LOT-47807,Humidity controlled
1084,1084,328,153,175,14,197,2025-04-20 02:05:23,In Stock,LOT-74064,Cool and dry place
1085,1085,399,28,371,52,139,2025-03-24 02:05:23,In Stock,LOT-93085,Keep away from sunlight
1086,1086,476,444,32,25,108,2024-12-02 02:05:23,In Stock,LOT-36866,Humidity controlled
1087,1087,475,5,470,91,147,2025-10-05 02:05:23,In Stock,LOT-32663,Room temperature
1088,1088,268,21,247,50,188,2025-01-16 02:05:23,In Stock,LOT-41638,Refrigerated
1089,1089,167,128,39,99,106,2025-08-15 02:05:23,backordered,LOT-94484,Cool and dry place
1090,1090,344,201,143,67,197,2025-02-16 02:05:23,In Stock,LOT-63122,Cool and dry place
1091,1091,113,55,58,47,150,2025-08-18 02:05:23,In Stock,LOT-41797,Refrigerated
1092,1092,172,21,151,70,196,2025-10-07 02:05:23,In Stock,LOT-49735,Humidity controlled
1093,1093,204,67,137,20,152,2025-02-18 02:05:23,In Stock,LOT-02080,Keep away from sunlight
1094,1094,396,357,39,26,84,2025-02-28 02:05:23,In Stock,LOT-21442,Humidity controlled
1095,1095,101,62,39,60,196,2025-07-24 02:05:23,backordered,LOT-70312,Humidity controlled
1096,1096,315,268,47,41,112,2025-09-26 02:05:23,In Stock,LOT-07356,Room temperature
1097,1097,397,220,177,51,197,2025-09-17 02:05:23,In Stock,LOT-47570,Cool and dry place
1098,1098,343,211,132,64,143,2025-05-07 02:05:23,In Stock,LOT-51204,Refrigerated
1099,1099,164,88,76,86,56,2025-05-29 02:05:23,backordered,LOT-61872,Refrigerated
1100,1100,179,157,22,66,87,2025-03-21 02:05:23,backordered,LOT-34601,Cool and dry place
1101,1101,473,418,55,39,101,2024-11-16 02:05:23,In Stock,LOT-36730,Room temperature
1102,1102,79,10,69,24,63,2025-06-30 02:05:23,In Stock,LOT-37183,Humidity controlled
1103,1103,474,75,399,46,53,2025-05-10 02:05:23,In Stock,LOT-76452,Cool and dry place
1104,1104,156,115,41,70,55,2025-05-16 02:05:23,backordered,LOT-08814,Refrigerated
1105,1105,378,275,103,37,102,2025-01-26 02:05:23,In Stock,LOT-74350,Humidity controlled
1106,1106,384,132,252,80,173,2024-12-18 02:05:23,In Stock,LOT-31365,Refrigerated
1107,1107,355,342,13,12,146,2025-01-07 02:05:23,In Stock,LOT-02491,Humidity controlled
1108,1108,22,8,14,31,65,2025-06-09 02:05:23,backordered,LOT-63009,Refrigerated
1109,1109,404,356,48,89,119,2025-10-05 02:05:23,backordered,LOT-79251,Keep away from sunlight
1110,1110,335,4,331,18,149,2024-11-28 02:05:23,In Stock,LOT-32719,Room temperature
1111,1111,339,337,2,56,77,2025-10-23 02:05:23,backordered,LOT-50052,Room temperature
1112,1112,444,332,112,59,109,2025-04-21 02:05:23,In Stock,LOT-81273,Humidity controlled
1113,1113,500,363,137,22,130,2025-02-26 02:05:23,In Stock,LOT-58573,Humidity controlled
1114,1114,272,45,227,33,100,2025-02-18 02:05:23,In Stock,LOT-06524,Keep away from sunlight
1115,1115,287,11,276,15,113,2025-02-03 02:05:23,In Stock,LOT-07784,Room temperature
1116,1116,170,125,45,60,90,2025-10-23 02:05:23,backordered,LOT-87392,Room temperature
1117,1117,350,180,170,55,127,2025-07-04 02:05:23,In Stock,LOT-85574,Humidity controlled
1118,1118,141,15,126,90,115,2025-04-17 02:05:23,In Stock,LOT-98218,Cool and dry place
1119,1119,483,284,199,45,107,2025-08-16 02:05:23,In Stock,LOT-27448,Room temperature
1120,1120,459,201,258,94,85,2025-09-18 02:05:23,In Stock,LOT-57086,Keep away from sunlight
1121,1121,266,116,150,63,111,2025-01-12 02:05:23,In Stock,LOT-20959,Refrigerated
1122,1122,218,79,139,87,134,2025-03-17 02:05:23,In Stock,LOT-35186,Humidity controlled
1123,1123,67,26,41,93,85,2025-01-08 02:05:23,backordered,LOT-38782,Humidity controlled
1124,1124,350,103,247,27,129,2024-11-14 02:05:23,In Stock,LOT-94565,Humidity controlled
1125,1125,465,69,396,65,87,2024-12-01 02:05:23,In Stock,LOT-11810,Humidity controlled
1126,1126,469,80,389,50,67,2025-01-20 02:05:23,In Stock,LOT-22031,Humidity controlled
1127,1127,485,368,117,25,97,2025-05-23 02:05:23,In Stock,LOT-73109,Refrigerated
1128,1128,372,15,357,50,155,2025-04-05 02:05:23,In Stock,LOT-67899,Room temperature
1129,1129,226,190,36,91,120,2025-08-16 02:05:23,backordered,LOT-40539,Refrigerated
1130,1130,54,8,46,33,56,2024-12-23 02:05:23,In Stock,LOT-10371,Humidity controlled
1131,1131,136,59,77,86,109,2025-07-06 02:05:23,backordered,LOT-70586,Cool and dry place
1132,1132,183,20,163,98,172,2025-08-25 02:05:23,In Stock,LOT-50948,Humidity controlled
1133,1133,433,309,124,70,145,2025-07-30 02:05:23,In Stock,LOT-01413,Keep away from sunlight
1134,1134,251,121,130,27,91,2025-07-26 02:05:23,In Stock,LOT-81138,Refrigerated
1135,1135,16,13,3,11,119,2025-04-04 02:05:23,backordered,LOT-63383,Refrigerated
1136,1136,380,343,37,35,102,2025-09-29 02:05:23,In Stock,LOT-92886,Refrigerated
1137,1137,474,224,250,88,175,2024-11-14 02:05:23,In Stock,LOT-19576,Room temperature
1138,1138,443,234,209,41,159,2025-04-08 02:05:23,In Stock,LOT-12286,Cool and dry place
1139,1139,311,194,117,50,150,2024-12-23 02:05:23,In Stock,LOT-85289,Humidity controlled
1140,1140,304,274,30,77,59,2025-02-08 02:05:23,backordered,LOT-75585,Cool and dry place
1141,1141,231,116,115,15,112,2025-02-09 02:05:23,In Stock,LOT-56659,Humidity controlled
1142,1142,202,188,14,15,192,2025-04-17 02:05:23,backordered,LOT-39836,Humidity controlled
1143,1143,391,322,69,16,98,2025-06-05 02:05:23,In Stock,LOT-84577,Keep away from sunlight
1144,1144,203,77,126,46,168,2025-08-08 02:05:23,In Stock,LOT-60049,Keep away from sunlight
1145,1145,150,13,137,98,182,2025-08-21 02:05:23,In Stock,LOT-08240,Keep away from sunlight
1146,1146,424,330,94,67,73,2025-02-18 02:05:23,In Stock,LOT-43350,Cool and dry place
1147,1147,92,74,18,99,189,2025-08-24 02:05:23,backordered,LOT-48889,Keep away from sunlight
1148,1148,211,82,129,67,56,2025-08-02 02:05:23,In Stock,LOT-92107,Keep away from sunlight
1149,1149,302,103,199,68,73,2025-06-26 02:05:23,In Stock,LOT-52245,Room temperature
1150,1150,354,332,22,30,81,2025-09-16 02:05:23,backordered,LOT-93344,Cool and dry place
1151,1151,361,230,131,91,142,2025-09-19 02:05:23,In Stock,LOT-19693,Humidity controlled
1152,1152,362,196,166,75,90,2025-04-22 02:05:23,In Stock,LOT-15727,Humidity controlled
1153,1153,194,11,183,31,135,2025-01-16 02:05:23,In Stock,LOT-91940,Refrigerated
1154,1154,83,18,65,32,63,2025-04-01 02:05:23,In Stock,LOT-96105,Room temperature
1155,1155,158,114,44,46,96,2025-09-02 02:05:23,backordered,LOT-56613,Refrigerated
1156,1156,491,103,388,10,114,2025-10-26 02:05:23,In Stock,LOT-90604,Keep away from sunlight
1157,1157,254,218,36,73,189,2025-10-30 02:05:23,backordered,LOT-80589,Humidity controlled
1158,1158,451,252,199,40,105,2025-01-04 02:05:23,In Stock,LOT-25832,Keep away from sunlight
1159,1159,232,104,128,66,70,2024-12-29 02:05:23,In Stock,LOT-06799,Humidity controlled
1160,1160,3,1,2,80,121,2024-12-19 02:05:23,backordered,LOT-81364,Humidity controlled
1161,1161,419,106,313,16,97,2025-08-18 02:05:23,In Stock,LOT-62251,Cool and dry place
1162,1162,334,178,156,14,87,2025-10-16 02:05:23,In Stock,LOT-79086,Humidity controlled
1163,1163,429,308,121,48,134,2025-09-18 02:05:23,In Stock,LOT-41686,Cool and dry place
1164,1164,55,26,29,32,91,2024-11-22 02:05:23,backordered,LOT-22783,Room temperature
1165,1165,312,304,8,83,193,2025-08-03 02:05:23,backordered,LOT-76938,Keep away from sunlight
1166,1166,383,296,87,56,59,2025-09-15 02:05:23,In Stock,LOT-98331,Room temperature
1167,1167,165,94,71,58,67,2025-03-28 02:05:23,In Stock,LOT-46591,Humidity controlled
1168,1168,33,18,15,70,84,2025-08-31 02:05:23,backordered,LOT-16655,Room temperature
1169,1169,168,134,34,62,184,2025-07-17 02:05:23,backordered,LOT-35590,Refrigerated
1170,1170,313,29,284,23,196,2024-12-14 02:05:23,In Stock,LOT-42597,Humidity controlled
1171,1171,44,30,14,98,123,2025-03-28 02:05:23,backordered,LOT-92703,Humidity controlled
1172,1172,434,162,272,43,184,2025-01-11 02:05:23,In Stock,LOT-35211,Humidity controlled
1173,1173,181,33,148,88,194,2025-02-20 02:05:23,In Stock,LOT-03924,Humidity controlled
1174,1174,373,323,50,73,176,2025-08-01 02:05:23,backordered,LOT-05147,Humidity controlled
1175,1175,119,90,29,47,99,2025-11-01 02:05:23,backordered,LOT-70538,Cool and dry place
1176,1176,12,7,5,90,80,2025-07-18 02:05:23,backordered,LOT-33884,Humidity controlled
1177,1177,212,105,107,15,135,2025-05-06 02:05:23,In Stock,LOT-87920,Humidity controlled
1178,1178,412,326,86,37,52,2024-12-09 02:05:23,In Stock,LOT-69804,Refrigerated
1179,1179,353,144,209,42,67,2025-05-28 02:05:23,In Stock,LOT-20439,Room temperature
1180,1180,259,165,94,10,79,2024-11-15 02:05:23,In Stock,LOT-40701,Room temperature
1181,1181,174,101,73,82,57,2025-08-04 02:05:23,backordered,LOT-64510,Refrigerated
1182,1182,169,86,83,96,172,2025-03-04 02:05:23,backordered,LOT-46368,Cool and dry place
1183,1183,330,69,261,71,89,2024-12-15 02:05:23,In Stock,LOT-15798,Keep away from sunlight
1184,1184,456,442,14,78,135,2025-03-10 02:05:23,backordered,LOT-12387,Keep away from sunlight
1185,1185,475,380,95,17,183,2025-06-01 02:05:23,In Stock,LOT-80038,Humidity controlled
1186,1186,371,347,24,50,192,2025-01-31 02:05:23,backordered,LOT-45762,Cool and dry place
1187,1187,106,73,33,97,134,2025-05-04 02:05:23,backordered,LOT-05554,Cool and dry place
1188,1188,496,76,420,45,57,2025-05-12 02:05:23,In Stock,LOT-38404,Keep away from sunlight
1189,1189,320,273,47,31,196,2024-12-26 02:05:23,In Stock,LOT-60843,Keep away from sunlight
1190,1190,95,76,19,24,128,2024-11-05 02:05:23,backordered,LOT-25621,Room temperature
1191,1191,363,16,347,44,155,2025-09-18 02:05:23,In Stock,LOT-68936,Keep away from sunlight
1192,1192,449,121,328,57,165,2025-05-31 02:05:23,In Stock,LOT-39264,Refrigerated
1193,1193,268,154,114,32,78,2025-04-24 02:05:23,In Stock,LOT-95782,Cool and dry place
1194,1194,398,103,295,21,163,2025-02-15 02:05:23,In Stock,LOT-32983,Cool and dry place
1195,1195,409,247,162,74,89,2025-07-27 02:05:23,In Stock,LOT-24826,Room temperature
1196,1196,472,247,225,77,129,2025-05-18 02:05:23,In Stock,LOT-29251,Refrigerated
1197,1197,393,50,343,76,83,2025-07-19 02:05:23,In Stock,LOT-88125,Cool and dry place
1198,1198,235,99,136,76,79,2025-10-30 02:05:23,In Stock,LOT-20566,Room temperature
1199,1199,477,22,455,97,72,2025-05-15 02:05:23,In Stock,LOT-47423,Keep away from sunlight
1200,1200,455,23,432,23,183,2024-11-29 02:05:23,In Stock,LOT-12209,Room temperature
1201,1201,11,9,2,49,103,2025-05-21 02:05:23,backordered,LOT-94999,Refrigerated
1202,1202,98,36,62,45,186,2025-05-22 02:05:23,In Stock,LOT-39330,Keep away from sunlight
1203,1203,343,60,283,44,88,2025-08-13 02:05:23,In Stock,LOT-51728,Room temperature
1204,1204,58,0,58,89,193,2025-02-11 02:05:23,backordered,LOT-97526,Cool and dry place
1205,1205,105,69,36,54,190,2025-05-22 02:05:23,backordered,LOT-77223,Room temperature
1206,1206,72,36,36,83,112,2025-08-06 02:05:23,backordered,LOT-30604,Cool and dry place
1207,1207,159,156,3,53,188,2025-03-19 02:05:23,backordered,LOT-63331,Cool and dry place
1208,1208,66,3,63,70,62,2025-09-08 02:05:23,backordered,LOT-27975,Keep away from sunlight
1209,1209,27,2,25,64,150,2025-08-02 02:05:23,backordered,LOT-73660,Humidity controlled
1210,1210,456,303,153,90,164,2024-12-21 02:05:23,In Stock,LOT-96569,Room temperature
1211,1211,159,85,74,35,186,2025-09-22 02:05:23,In Stock,LOT-99880,Keep away from sunlight
1212,1212,290,67,223,21,169,2025-09-13 02:05:23,In Stock,LOT-81770,Keep away from sunlight
1213,1213,158,119,39,70,109,2025-07-10 02:05:23,backordered,LOT-38860,Refrigerated
1214,1214,440,315,125,43,143,2025-04-15 02:05:23,In Stock,LOT-86803,Refrigerated
1215,1215,358,340,18,52,133,2025-03-14 02:05:23,backordered,LOT-47644,Keep away from sunlight
1216,1216,15,2,13,70,78,2025-05-06 02:05:23,backordered,LOT-72649,Keep away from sunlight
1217,1217,236,216,20,31,122,2025-05-07 02:05:23,backordered,LOT-08277,Humidity controlled
1218,1218,294,65,229,75,76,2025-04-08 02:05:23,In Stock,LOT-18129,Cool and dry place
1219,1219,166,142,24,93,68,2025-05-31 02:05:23,backordered,LOT-82665,Humidity controlled
1220,1220,236,102,134,85,155,2025-07-02 02:05:23,In Stock,LOT-70279,Humidity controlled
1221,1221,124,70,54,30,173,2025-04-19 02:05:23,In Stock,LOT-37145,Cool and dry place
1222,1222,174,53,121,98,160,2025-03-24 02:05:23,In Stock,LOT-21117,Humidity controlled
1223,1223,403,175,228,79,110,2025-08-05 02:05:23,In Stock,LOT-51868,Cool and dry place
1224,1224,378,364,14,83,174,2025-09-04 02:05:23,backordered,LOT-92686,Humidity controlled
1225,1225,305,237,68,51,192,2025-09-13 02:05:23,In Stock,LOT-02592,Keep away from sunlight
1226,1226,90,39,51,61,67,2024-12-30 02:05:23,backordered,LOT-22206,Cool and dry place
1227,1227,350,305,45,58,133,2025-02-21 02:05:23,backordered,LOT-44742,Cool and dry place
1228,1228,46,13,33,27,198,2024-12-11 02:05:23,In Stock,LOT-12309,Cool and dry place
1229,1229,387,75,312,94,88,2025-03-15 02:05:23,In Stock,LOT-40777,Humidity controlled
1230,1230,149,99,50,88,197,2025-03-18 02:05:23,backordered,LOT-80973,Refrigerated
1231,1231,105,87,18,50,126,2025-01-14 02:05:23,backordered,LOT-39776,Room temperature
1232,1232,470,222,248,54,72,2025-01-07 02:05:23,In Stock,LOT-71990,Cool and dry place
1233,1233,313,261,52,61,82,2025-06-04 02:05:23,backordered,LOT-38498,Cool and dry place
1234,1234,189,140,49,16,50,2024-11-06 02:05:23,In Stock,LOT-30220,Humidity controlled
1235,1235,420,183,237,24,122,2025-10-17 02:05:23,In Stock,LOT-50209,Refrigerated
1236,1236,221,179,42,85,150,2024-12-16 02:05:23,backordered,LOT-94510,Room temperature
1237,1237,364,195,169,61,147,2025-03-24 02:05:23,In Stock,LOT-16224,Humidity controlled
1238,1238,108,84,24,32,171,2025-08-22 02:05:23,backordered,LOT-99982,Refrigerated
1239,1239,284,196,88,56,156,2025-08-15 02:05:23,In Stock,LOT-79501,Room temperature
1240,1240,446,343,103,26,84,2025-10-27 02:05:23,In Stock,LOT-45561,Cool and dry place
1241,1241,331,8,323,28,174,2024-11-30 02:05:23,In Stock,LOT-68147,Keep away from sunlight
1242,1242,499,69,430,20,85,2024-12-08 02:05:23,In Stock,LOT-21458,Keep away from sunlight
1243,1243,440,233,207,99,158,2024-12-17 02:05:23,In Stock,LOT-68339,Refrigerated
1244,1244,232,130,102,64,191,2025-03-16 02:05:23,In Stock,LOT-01981,Keep away from sunlight
1245,1245,181,57,124,33,158,2024-12-27 02:05:23,In Stock,LOT-79469,Cool and dry place
1246,1246,295,255,40,40,178,2025-06-17 02:05:23,In Stock,LOT-54899,Keep away from sunlight
1247,1247,474,279,195,83,143,2025-10-15 02:05:23,In Stock,LOT-52997,Cool and dry place
1248,1248,290,247,43,100,144,2025-09-05 02:05:23,backordered,LOT-87729,Humidity controlled
1249,1249,246,246,0,98,70,2025-08-21 02:05:23,backordered,LOT-34301,Humidity controlled
1250,1250,439,384,55,45,169,2025-02-10 02:05:23,In Stock,LOT-07139,Cool and dry place
1251,1251,267,45,222,41,170,2024-12-14 02:05:23,In Stock,LOT-66055,Cool and dry place
1252,1252,350,324,26,79,198,2025-05-26 02:05:23,backordered,LOT-83034,Humidity controlled
1253,1253,27,10,17,78,52,2025-03-06 02:05:23,backordered,LOT-41448,Keep away from sunlight
1254,1254,262,240,22,83,134,2025-03-31 02:05:23,backordered,LOT-85015,Room temperature
1255,1255,491,408,83,47,124,2025-08-08 02:05:23,In Stock,LOT-56990,Cool and dry place
1256,1256,355,305,50,48,194,2025-06-21 02:05:23,In Stock,LOT-23557,Cool and dry place
1257,1257,322,242,80,84,93,2025-01-12 02:05:23,backordered,LOT-70272,Cool and dry place
1258,1258,336,149,187,89,56,2025-06-08 02:05:23,In Stock,LOT-78576,Keep away from sunlight
1259,1259,42,8,34,74,69,2025-06-12 02:05:23,backordered,LOT-08495,Room temperature
1260,1260,67,35,32,45,115,2025-10-25 02:05:23,backordered,LOT-88039,Cool and dry place
1261,1261,309,89,220,85,88,2024-11-29 02:05:23,In Stock,LOT-55124,Keep away from sunlight
1262,1262,189,44,145,43,110,2025-02-26 02:05:23,In Stock,LOT-05682,Refrigerated
1263,1263,409,270,139,14,137,2025-09-19 02:05:23,In Stock,LOT-99629,Refrigerated
1264,1264,304,78,226,73,155,2025-04-19 02:05:23,In Stock,LOT-14504,Refrigerated
1265,1265,338,225,113,91,92,2025-07-17 02:05:23,In Stock,LOT-61735,Humidity controlled
1266,1266,375,176,199,16,117,2025-09-03 02:05:23,In Stock,LOT-74384,Cool and dry place
1267,1267,85,59,26,61,171,2025-05-31 02:05:23,backordered,LOT-21503,Keep away from sunlight
1268,1268,382,272,110,39,147,2024-11-17 02:05:23,In Stock,LOT-17807,Keep away from sunlight
1269,1269,242,67,175,28,185,2025-03-24 02:05:23,In Stock,LOT-82357,Cool and dry place
1270,1270,147,114,33,58,130,2025-02-03 02:05:23,backordered,LOT-84521,Cool and dry place
1271,1271,49,34,15,91,140,2025-03-25 02:05:23,backordered,LOT-82307,Humidity controlled
1272,1272,470,333,137,44,135,2025-06-16 02:05:23,In Stock,LOT-68104,Room temperature
1273,1273,410,50,360,42,199,2025-04-15 02:05:23,In Stock,LOT-09157,Keep away from sunlight
1274,1274,395,345,50,40,200,2025-07-25 02:05:23,In Stock,LOT-01840,Humidity controlled
1275,1275,172,46,126,50,190,2025-10-27 02:05:23,In Stock,LOT-94353,Cool and dry place
1276,1276,425,34,391,11,155,2025-09-12 02:05:23,In Stock,LOT-34485,Humidity controlled
1277,1277,53,43,10,67,139,2025-07-12 02:05:23,backordered,LOT-71422,Room temperature
1278,1278,128,49,79,14,56,2024-12-19 02:05:23,In Stock,LOT-41098,Cool and dry place
1279,1279,29,19,10,94,105,2024-12-30 02:05:23,backordered,LOT-81385,Cool and dry place
1280,1280,362,61,301,21,83,2025-04-23 02:05:23,In Stock,LOT-85424,Humidity controlled
1281,1281,411,94,317,24,97,2025-06-25 02:05:23,In Stock,LOT-93214,Room temperature
1282,1282,239,169,70,19,166,2025-06-13 02:05:23,In Stock,LOT-95870,Keep away from sunlight
1283,1283,354,341,13,51,115,2025-08-11 02:05:23,backordered,LOT-20701,Cool and dry place
1284,1284,141,15,126,58,149,2025-05-15 02:05:23,In Stock,LOT-60166,Cool and dry place
1285,1285,132,67,65,32,162,2025-09-27 02:05:23,In Stock,LOT-29979,Keep away from sunlight
1286,1286,475,102,373,88,150,2025-08-02 02:05:23,In Stock,LOT-54538,Keep away from sunlight
1287,1287,55,9,46,79,160,2025-07-13 02:05:23,backordered,LOT-17921,Humidity controlled
1288,1288,329,54,275,66,116,2025-09-10 02:05:23,In Stock,LOT-71747,Cool and dry place
1289,1289,37,4,33,83,114,2025-03-18 02:05:23,backordered,LOT-73329,Cool and dry place
1290,1290,459,254,205,29,50,2025-10-13 02:05:23,In Stock,LOT-45625,Keep away from sunlight
1291,1291,136,38,98,99,134,2025-04-15 02:05:23,backordered,LOT-57701,Humidity controlled
1292,1292,1,1,0,71,161,2025-04-09 02:05:23,backordered,LOT-71577,Cool and dry place
1293,1293,276,115,161,10,148,2024-11-14 02:05:23,In Stock,LOT-24599,Keep away from sunlight
1294,1294,62,36,26,78,141,2025-05-15 02:05:23,backordered,LOT-28161,Room temperature
1295,1295,205,14,191,90,73,2025-04-28 02:05:23,In Stock,LOT-58148,Humidity controlled
1296,1296,436,174,262,20,167,2025-06-06 02:05:23,In Stock,LOT-76963,Refrigerated
1297,1297,90,70,20,15,148,2024-11-28 02:05:23,In Stock,LOT-93827,Refrigerated
1298,1298,153,99,54,23,141,2025-02-25 02:05:23,In Stock,LOT-61539,Cool and dry place
1299,1299,453,323,130,66,98,2025-08-22 02:05:23,In Stock,LOT-66958,Cool and dry place
1300,1300,98,3,95,85,111,2025-02-24 02:05:23,In Stock,LOT-32197,Keep away from sunlight
1301,1301,32,19,13,73,186,2025-03-16 02:05:23,backordered,LOT-19975,Cool and dry place
1302,1302,18,10,8,17,136,2025-10-11 02:05:23,backordered,LOT-81724,Keep away from sunlight
1303,1303,60,13,47,93,183,2025-03-12 02:05:23,backordered,LOT-61919,Humidity controlled
1304,1304,76,74,2,39,68,2025-10-14 02:05:23,backordered,LOT-65701,Refrigerated
1305,1305,250,167,83,12,170,2024-12-20 02:05:23,In Stock,LOT-32902,Cool and dry place
1306,1306,124,89,35,93,83,2025-10-25 02:05:23,backordered,LOT-27846,Refrigerated
1307,1307,323,25,298,49,74,2025-03-13 02:05:23,In Stock,LOT-99733,Humidity controlled
1308,1308,87,75,12,18,77,2025-09-04 02:05:23,backordered,LOT-54946,Keep away from sunlight
1309,1309,304,112,192,18,101,2025-03-28 02:05:23,In Stock,LOT-51909,Room temperature
1310,1310,415,377,38,96,152,2025-05-19 02:05:23,backordered,LOT-86240,Cool and dry place
1311,1311,499,350,149,83,189,2025-08-23 02:05:23,In Stock,LOT-58008,Room temperature
1312,1312,428,406,22,37,61,2025-01-02 02:05:23,backordered,LOT-51403,Refrigerated
1313,1313,171,16,155,25,120,2025-08-21 02:05:23,In Stock,LOT-69656,Keep away from sunlight
1314,1314,86,47,39,80,92,2025-03-22 02:05:23,backordered,LOT-66683,Refrigerated
1315,1315,473,297,176,15,84,2025-09-11 02:05:23,In Stock,LOT-27238,Humidity controlled
1316,1316,192,40,152,12,174,2025-09-21 02:05:23,In Stock,LOT-65624,Cool and dry place
1317,1317,3,1,2,21,122,2025-04-02 02:05:23,backordered,LOT-22010,Keep away from sunlight
1318,1318,354,64,290,36,86,2024-12-09 02:05:23,In Stock,LOT-27621,Room temperature
1319,1319,267,230,37,62,111,2025-08-04 02:05:23,backordered,LOT-26796,Humidity controlled
1320,1320,354,19,335,86,96,2025-02-19 02:05:23,In Stock,LOT-92786,Humidity controlled
1321,1321,486,45,441,90,127,2025-05-07 02:05:23,In Stock,LOT-87653,Keep away from sunlight
1322,1322,2,2,0,40,99,2025-09-02 02:05:23,backordered,LOT-26909,Humidity controlled
1323,1323,500,48,452,89,142,2025-01-29 02:05:23,In Stock,LOT-73846,Humidity controlled
1324,1324,112,59,53,90,103,2025-06-13 02:05:23,backordered,LOT-89500,Cool and dry place
1325,1325,99,14,85,29,171,2025-02-20 02:05:23,In Stock,LOT-97519,Refrigerated
1326,1326,81,5,76,16,143,2025-06-09 02:05:23,In Stock,LOT-71284,Refrigerated
1327,1327,222,64,158,52,166,2025-10-10 02:05:23,In Stock,LOT-78189,Cool and dry place
1328,1328,379,26,353,78,95,2025-08-13 02:05:23,In Stock,LOT-13718,Cool and dry place
1329,1329,248,131,117,24,68,2025-07-04 02:05:23,In Stock,LOT-94905,Keep away from sunlight
1330,1330,303,296,7,51,157,2025-07-23 02:05:23,backordered,LOT-80778,Room temperature
1331,1331,117,99,18,24,133,2025-07-08 02:05:23,backordered,LOT-79565,Cool and dry place
1332,1332,121,94,27,62,101,2025-04-23 02:05:23,backordered,LOT-44209,Refrigerated
1333,1333,37,30,7,84,174,2025-10-05 02:05:23,backordered,LOT-49407,Keep away from sunlight
1334,1334,74,27,47,88,166,2025-08-02 02:05:23,backordered,LOT-92904,Keep away from sunlight
1335,1335,191,34,157,68,99,2024-12-13 02:05:23,In Stock,LOT-90471,Room temperature
1336,1336,499,138,361,35,135,2025-08-28 02:05:23,In Stock,LOT-28144,Cool and dry place
1337,1337,354,291,63,17,121,2025-08-24 02:05:23,In Stock,LOT-29444,Cool and dry place
1338,1338,436,238,198,68,157,2025-08-06 02:05:23,In Stock,LOT-01929,Room temperature
1339,1339,112,37,75,87,90,2024-12-10 02:05:23,backordered,LOT-27524,Humidity controlled
1340,1340,463,87,376,83,191,2025-07-07 02:05:23,In Stock,LOT-37280,Cool and dry place
1341,1341,210,133,77,72,105,2025-01-03 02:05:23,In Stock,LOT-51292,Keep away from sunlight
1342,1342,428,236,192,45,53,2025-03-27 02:05:23,In Stock,LOT-76637,Refrigerated
1343,1343,126,41,85,65,198,2025-07-11 02:05:23,In Stock,LOT-23950,Humidity controlled
1344,1344,484,76,408,83,51,2025-04-02 02:05:23,In Stock,LOT-41027,Cool and dry place
1345,1345,20,15,5,74,58,2025-03-29 02:05:23,backordered,LOT-67478,Humidity controlled
1346,1346,201,122,79,99,75,2025-03-15 02:05:23,backordered,LOT-36674,Keep away from sunlight
1347,1347,123,10,113,81,53,2024-11-12 02:05:23,In Stock,LOT-28604,Keep away from sunlight
1348,1348,486,111,375,26,141,2025-06-03 02:05:23,In Stock,LOT-76580,Refrigerated
1349,1349,331,46,285,12,172,2024-11-24 02:05:23,In Stock,LOT-18569,Room temperature
1350,1350,82,58,24,83,199,2025-10-20 02:05:23,backordered,LOT-45441,Keep away from sunlight
1351,1351,237,197,40,27,153,2025-07-30 02:05:23,In Stock,LOT-49673,Room temperature
1352,1352,320,237,83,100,50,2024-12-15 02:05:23,backordered,LOT-93852,Cool and dry place
1353,1353,197,176,21,52,185,2025-10-16 02:05:23,backordered,LOT-58001,Room temperature
1354,1354,218,192,26,44,188,2025-01-11 02:05:23,backordered,LOT-06181,Refrigerated
1355,1355,403,350,53,20,135,2025-10-04 02:05:23,In Stock,LOT-75344,Humidity controlled
1356,1356,484,465,19,96,143,2025-10-06 02:05:23,backordered,LOT-30091,Cool and dry place
1357,1357,196,93,103,69,60,2025-04-28 02:05:23,In Stock,LOT-09391,Room temperature
1358,1358,89,82,7,81,67,2025-01-18 02:05:23,backordered,LOT-11926,Refrigerated
1359,1359,70,42,28,40,188,2025-09-04 02:05:23,backordered,LOT-92124,Keep away from sunlight
1360,1360,377,297,80,99,103,2025-07-09 02:05:23,backordered,LOT-47174,Room temperature
1361,1361,180,68,112,74,158,2025-06-13 02:05:23,In Stock,LOT-65421,Cool and dry place
1362,1362,32,23,9,54,165,2025-02-26 02:05:23,backordered,LOT-40665,Humidity controlled
1363,1363,269,62,207,70,186,2024-11-19 02:05:23,In Stock,LOT-04427,Humidity controlled
1364,1364,460,149,311,67,144,2024-11-22 02:05:23,In Stock,LOT-17396,Cool and dry place
1365,1365,96,58,38,21,70,2025-04-15 02:05:23,In Stock,LOT-27128,Refrigerated
1366,1366,147,19,128,23,92,2025-06-13 02:05:23,In Stock,LOT-63917,Cool and dry place
1367,1367,356,75,281,73,88,2025-07-20 02:05:23,In Stock,LOT-41011,Humidity controlled
1368,1368,487,321,166,12,125,2025-04-02 02:05:23,In Stock,LOT-94707,Humidity controlled
1369,1369,477,67,410,70,138,2025-03-31 02:05:23,In Stock,LOT-20064,Keep away from sunlight
1370,1370,377,330,47,12,124,2025-07-28 02:05:23,In Stock,LOT-25690,Cool and dry place
1371,1371,11,3,8,76,135,2025-04-05 02:05:23,backordered,LOT-87766,Humidity controlled
1372,1372,175,167,8,92,133,2025-02-26 02:05:23,backordered,LOT-18306,Humidity controlled
1373,1373,340,271,69,80,163,2025-03-12 02:05:23,backordered,LOT-71985,Room temperature
1374,1374,290,67,223,49,93,2025-06-21 02:05:23,In Stock,LOT-54601,Refrigerated
1375,1375,247,95,152,46,62,2025-08-18 02:05:23,In Stock,LOT-58517,Room temperature
1376,1376,145,116,29,31,91,2024-11-02 02:05:23,backordered,LOT-43280,Humidity controlled
1377,1377,146,46,100,32,89,2025-08-11 02:05:23,In Stock,LOT-63461,Refrigerated
1378,1378,59,2,57,50,197,2025-08-29 02:05:23,In Stock,LOT-57173,Keep away from sunlight
1379,1379,133,94,39,33,102,2025-01-18 02:05:23,In Stock,LOT-20309,Cool and dry place
1380,1380,340,162,178,54,87,2025-04-25 02:05:23,In Stock,LOT-37618,Keep away from sunlight
1381,1381,276,83,193,78,127,2025-08-31 02:05:23,In Stock,LOT-47870,Cool and dry place
1382,1382,207,127,80,28,167,2025-05-22 02:05:23,In Stock,LOT-05050,Refrigerated
1383,1383,2,2,0,79,179,2025-05-16 02:05:23,backordered,LOT-61387,Room temperature
1384,1384,242,229,13,47,196,2024-11-25 02:05:23,backordered,LOT-82931,Refrigerated
1385,1385,409,289,120,66,136,2024-11-14 02:05:23,In Stock,LOT-02707,Cool and dry place
1386,1386,374,245,129,15,85,2024-11-19 02:05:23,In Stock,LOT-90320,Humidity controlled
1387,1387,59,19,40,13,152,2024-12-20 02:05:23,In Stock,LOT-20417,Refrigerated
1388,1388,228,91,137,21,133,2025-10-04 02:05:23,In Stock,LOT-92911,Humidity controlled
1389,1389,328,99,229,84,184,2025-07-11 02:05:23,In Stock,LOT-17993,Room temperature
1390,1390,100,2,98,20,187,2025-03-18 02:05:23,In Stock,LOT-13656,Cool and dry place
1391,1391,499,262,237,60,99,2025-02-23 02:05:23,In Stock,LOT-51982,Room temperature
1392,1392,308,261,47,17,142,2025-04-12 02:05:23,In Stock,LOT-53092,Refrigerated
1393,1393,366,218,148,57,148,2025-04-25 02:05:23,In Stock,LOT-51142,Cool and dry place
1394,1394,145,88,57,54,128,2025-03-18 02:05:23,In Stock,LOT-62582,Humidity controlled
1395,1395,44,13,31,66,156,2025-03-20 02:05:23,backordered,LOT-73902,Room temperature
1396,1396,83,54,29,63,85,2025-01-05 02:05:23,backordered,LOT-19620,Humidity controlled
1397,1397,44,9,35,36,127,2025-03-03 02:05:23,backordered,LOT-71002,Humidity controlled
1398,1398,171,16,155,85,146,2025-09-17 02:05:23,In Stock,LOT-19467,Cool and dry place
1399,1399,209,163,46,44,156,2025-08-04 02:05:23,In Stock,LOT-23248,Humidity controlled
1400,1400,236,181,55,82,85,2025-07-22 02:05:23,backordered,LOT-76329,Refrigerated
1401,1401,426,195,231,47,191,2025-02-23 02:05:23,In Stock,LOT-09279,Cool and dry place
1402,1402,421,154,267,84,127,2025-02-22 02:05:23,In Stock,LOT-14560,Humidity controlled
1403,1403,378,237,141,38,56,2025-10-31 02:05:23,In Stock,LOT-83318,Refrigerated
1404,1404,134,76,58,91,170,2025-08-30 02:05:23,backordered,LOT-19588,Room temperature
1405,1405,213,45,168,72,112,2025-10-18 02:05:23,In Stock,LOT-37340,Cool and dry place
1406,1406,391,141,250,73,67,2024-12-30 02:05:23,In Stock,LOT-31277,Room temperature
1407,1407,297,246,51,82,161,2025-06-22 02:05:23,backordered,LOT-22005,Keep away from sunlight
1408,1408,498,355,143,25,145,2025-02-12 02:05:23,In Stock,LOT-43645,Humidity controlled
1409,1409,8,4,4,30,198,2025-10-03 02:05:23,backordered,LOT-97010,Refrigerated
1410,1410,163,118,45,98,84,2025-05-03 02:05:23,backordered,LOT-82207,Refrigerated
1411,1411,27,8,19,56,157,2024-12-11 02:05:23,backordered,LOT-81137,Room temperature
1412,1412,24,9,15,47,185,2024-12-09 02:05:23,backordered,LOT-99563,Cool and dry place
1413,1413,263,99,164,90,96,2025-09-14 02:05:23,In Stock,LOT-53153,Humidity controlled
1414,1414,385,85,300,79,132,2025-05-24 02:05:23,In Stock,LOT-13636,Room temperature
1415,1415,138,92,46,22,186,2025-01-09 02:05:23,In Stock,LOT-31797,Room temperature
1416,1416,421,73,348,11,85,2025-02-09 02:05:23,In Stock,LOT-06239,Room temperature
1417,1417,190,124,66,62,137,2025-08-10 02:05:23,In Stock,LOT-72652,Cool and dry place
1418,1418,111,19,92,74,106,2025-07-28 02:05:23,In Stock,LOT-73543,Humidity controlled
1419,1419,314,269,45,78,191,2024-11-07 02:05:23,backordered,LOT-52090,Cool and dry place
1420,1420,213,117,96,19,79,2025-08-26 02:05:23,In Stock,LOT-42177,Cool and dry place
1421,1421,245,89,156,49,142,2025-08-22 02:05:23,In Stock,LOT-62534,Keep away from sunlight
1422,1422,455,305,150,76,137,2025-08-05 02:05:23,In Stock,LOT-92929,Room temperature
1423,1423,14,11,3,25,106,2025-08-28 02:05:23,backordered,LOT-83168,Refrigerated
1424,1424,352,116,236,49,82,2025-07-17 02:05:23,In Stock,LOT-73977,Refrigerated
1425,1425,40,27,13,98,78,2025-09-23 02:05:23,backordered,LOT-40633,Cool and dry place
1426,1426,396,247,149,65,60,2025-07-24 02:05:23,In Stock,LOT-56939,Cool and dry place
1427,1427,16,16,0,85,65,2025-03-06 02:05:23,backordered,LOT-29060,Cool and dry place
1428,1428,465,129,336,15,66,2025-05-31 02:05:23,In Stock,LOT-07806,Cool and dry place
1429,1429,386,49,337,25,102,2025-01-05 02:05:23,In Stock,LOT-86717,Refrigerated
1430,1430,94,85,9,54,57,2025-09-16 02:05:23,backordered,LOT-73180,Refrigerated
1431,1431,433,382,51,45,198,2025-05-07 02:05:23,In Stock,LOT-63254,Room temperature
1432,1432,82,64,18,88,111,2025-02-16 02:05:23,backordered,LOT-31074,Humidity controlled
1433,1433,34,6,28,84,53,2025-02-04 02:05:23,backordered,LOT-27990,Refrigerated
1434,1434,366,98,268,46,93,2025-01-30 02:05:23,In Stock,LOT-77262,Cool and dry place
1435,1435,498,371,127,22,104,2025-02-16 02:05:23,In Stock,LOT-57016,Keep away from sunlight
1436,1436,187,178,9,85,97,2025-03-21 02:05:23,backordered,LOT-58046,Cool and dry place
1437,1437,92,45,47,58,158,2025-07-15 02:05:23,backordered,LOT-49893,Humidity controlled
1438,1438,116,52,64,24,130,2025-08-30 02:05:23,In Stock,LOT-19508,Keep away from sunlight
1439,1439,56,33,23,27,176,2025-05-01 02:05:23,backordered,LOT-50165,Room temperature
1440,1440,285,20,265,20,133,2025-02-22 02:05:23,In Stock,LOT-79055,Cool and dry place
1441,1441,197,72,125,68,129,2024-11-15 02:05:23,In Stock,LOT-28183,Keep away from sunlight
1442,1442,115,70,45,62,124,2025-03-27 02:05:23,backordered,LOT-25381,Refrigerated
1443,1443,438,35,403,70,144,2025-08-02 02:05:23,In Stock,LOT-79335,Cool and dry place
1444,1444,345,251,94,96,76,2025-04-13 02:05:23,backordered,LOT-54864,Keep away from sunlight
1445,1445,267,43,224,25,86,2025-04-13 02:05:23,In Stock,LOT-01557,Keep away from sunlight
1446,1446,355,302,53,23,93,2025-09-29 02:05:23,In Stock,LOT-78817,Room temperature
1447,1447,499,101,398,53,101,2025-01-01 02:05:23,In Stock,LOT-88479,Keep away from sunlight
1448,1448,62,14,48,64,177,2025-06-12 02:05:23,backordered,LOT-51371,Humidity controlled
1449,1449,303,139,164,92,152,2025-05-03 02:05:23,In Stock,LOT-16241,Keep away from sunlight
1450,1450,341,308,33,61,174,2025-02-13 02:05:23,backordered,LOT-12412,Room temperature
1451,1451,75,58,17,23,81,2025-06-26 02:05:23,backordered,LOT-72380,Keep away from sunlight
1452,1452,254,59,195,90,84,2025-10-17 02:05:23,In Stock,LOT-46827,Cool and dry place
1453,1453,377,27,350,18,177,2024-11-19 02:05:23,In Stock,LOT-56704,Cool and dry place
1454,1454,497,91,406,58,133,2025-08-15 02:05:23,In Stock,LOT-31038,Room temperature
1455,1455,318,49,269,19,183,2025-02-22 02:05:23,In Stock,LOT-56955,Keep away from sunlight
1456,1456,103,37,66,94,177,2025-02-23 02:05:23,backordered,LOT-79887,Humidity controlled
1457,1457,133,87,46,79,189,2025-10-23 02:05:23,backordered,LOT-74924,Cool and dry place
1458,1458,220,30,190,59,165,2025-05-24 02:05:23,In Stock,LOT-24375,Keep away from sunlight
1459,1459,226,117,109,14,58,2025-08-03 02:05:23,In Stock,LOT-40254,Humidity controlled
1460,1460,337,155,182,100,92,2025-02-23 02:05:23,In Stock,LOT-72928,Keep away from sunlight
1461,1461,68,39,29,59,174,2025-09-06 02:05:23,backordered,LOT-42222,Humidity controlled
1462,1462,345,251,94,94,191,2024-11-16 02:05:23,In Stock,LOT-31059,Humidity controlled
1463,1463,292,240,52,70,193,2025-08-13 02:05:23,backordered,LOT-27452,Humidity controlled
1464,1464,28,12,16,43,176,2025-01-03 02:05:23,backordered,LOT-38055,Keep away from sunlight
1465,1465,315,180,135,46,132,2025-10-01 02:05:23,In Stock,LOT-25782,Cool and dry place
1466,1466,302,23,279,26,143,2025-05-07 02:05:23,In Stock,LOT-84106,Humidity controlled
1467,1467,13,12,1,90,137,2025-04-21 02:05:23,backordered,LOT-72752,Cool and dry place
1468,1468,219,88,131,55,155,2025-05-06 02:05:23,In Stock,LOT-08854,Cool and dry place
1469,1469,338,125,213,41,110,2024-12-05 02:05:23,In Stock,LOT-74929,Room temperature
1470,1470,303,43,260,98,66,2025-05-29 02:05:23,In Stock,LOT-75170,Cool and dry place
1471,1471,172,43,129,12,187,2025-05-19 02:05:23,In Stock,LOT-28140,Cool and dry place
1472,1472,235,168,67,64,195,2025-02-11 02:05:23,In Stock,LOT-69375,Keep away from sunlight
1473,1473,136,5,131,99,170,2025-01-04 02:05:23,In Stock,LOT-15093,Cool and dry place
1474,1474,162,96,66,83,149,2025-05-20 02:05:23,backordered,LOT-98343,Humidity controlled
1475,1475,50,31,19,22,102,2025-05-13 02:05:23,backordered,LOT-01871,Keep away from sunlight
1476,1476,257,173,84,31,126,2025-04-29 02:05:23,In Stock,LOT-86375,Keep away from sunlight
1477,1477,103,63,40,91,69,2025-01-31 02:05:23,backordered,LOT-99805,Refrigerated
1478,1478,147,67,80,16,126,2025-01-12 02:05:23,In Stock,LOT-62656,Keep away from sunlight
1479,1479,411,115,296,89,73,2025-01-09 02:05:23,In Stock,LOT-50455,Cool and dry place
1480,1480,303,172,131,44,67,2025-01-15 02:05:23,In Stock,LOT-47813,Humidity controlled
1481,1481,243,109,134,36,138,2025-09-23 02:05:23,In Stock,LOT-76742,Room temperature
1482,1482,258,153,105,65,188,2025-05-25 02:05:23,In Stock,LOT-66299,Refrigerated
1483,1483,212,102,110,42,181,2025-03-14 02:05:23,In Stock,LOT-12347,Humidity controlled
1484,1484,92,2,90,90,182,2025-07-29 02:05:23,In Stock,LOT-85196,Humidity controlled
1485,1485,255,109,146,94,169,2025-06-17 02:05:23,In Stock,LOT-10646,Humidity controlled
1486,1486,414,314,100,65,194,2024-12-16 02:05:23,In Stock,LOT-28792,Cool and dry place
1487,1487,267,102,165,56,168,2025-08-18 02:05:23,In Stock,LOT-32648,Refrigerated
1488,1488,77,38,39,65,155,2025-05-22 02:05:23,backordered,LOT-70494,Cool and dry place
1489,1489,324,104,220,62,118,2025-06-08 02:05:23,In Stock,LOT-78730,Refrigerated
1490,1490,131,60,71,61,111,2025-09-04 02:05:23,In Stock,LOT-02447,Refrigerated
1491,1491,98,3,95,41,129,2025-03-09 02:05:23,In Stock,LOT-14627,Keep away from sunlight
1492,1492,286,223,63,64,59,2025-07-21 02:05:23,backordered,LOT-30147,Refrigerated
1493,1493,139,34,105,13,116,2025-06-12 02:05:23,In Stock,LOT-19597,Humidity controlled
1494,1494,90,82,8,15,174,2025-10-22 02:05:23,backordered,LOT-96471,Cool and dry place
1495,1495,440,42,398,50,126,2025-09-30 02:05:23,In Stock,LOT-58904,Keep away from sunlight
1496,1496,459,186,273,95,73,2025-04-12 02:05:23,In Stock,LOT-29025,Refrigerated
1497,1497,120,14,106,83,178,2025-09-01 02:05:23,In Stock,LOT-72520,Humidity controlled
1498,1498,340,297,43,77,114,2025-02-20 02:05:23,backordered,LOT-45650,Cool and dry place
1499,1499,121,76,45,25,130,2025-05-17 02:05:23,In Stock,LOT-44818,Humidity controlled
1500,1500,377,199,178,40,158,2025-07-13 02:05:23,In Stock,LOT-32192,Refrigerated
1501,1501,54,11,43,37,120,2025-03-21 02:05:23,In Stock,LOT-85544,Keep away from sunlight
1502,1502,130,14,116,72,186,2025-04-24 02:05:23,In Stock,LOT-51895,Cool and dry place
1503,1503,162,139,23,64,171,2024-11-17 02:05:23,backordered,LOT-20284,Refrigerated
1504,1504,493,142,351,28,142,2025-03-03 02:05:23,In Stock,LOT-57652,Room temperature
1505,1505,420,157,263,12,58,2024-11-27 02:05:23,In Stock,LOT-13283,Cool and dry place
1506,1506,353,343,10,40,114,2025-01-23 02:05:23,backordered,LOT-38988,Keep away from sunlight
1507,1507,158,92,66,97,81,2025-02-01 02:05:23,backordered,LOT-81671,Refrigerated
1508,1508,439,226,213,59,52,2025-04-14 02:05:23,In Stock,LOT-12075,Room temperature
1509,1509,154,23,131,40,126,2025-07-17 02:05:23,In Stock,LOT-45279,Refrigerated
1510,1510,468,224,244,90,131,2024-12-07 02:05:23,In Stock,LOT-85240,Keep away from sunlight
1511,1511,404,17,387,45,70,2025-02-23 02:05:23,In Stock,LOT-13223,Keep away from sunlight
1512,1512,377,211,166,52,158,2025-09-11 02:05:23,In Stock,LOT-42321,Refrigerated
1513,1513,357,133,224,74,66,2025-05-05 02:05:23,In Stock,LOT-61107,Keep away from sunlight
1514,1514,308,280,28,51,166,2024-11-11 02:05:23,backordered,LOT-60310,Cool and dry place
1515,1515,390,26,364,92,97,2024-12-14 02:05:23,In Stock,LOT-89071,Keep away from sunlight
1516,1516,405,328,77,27,50,2025-04-10 02:05:23,In Stock,LOT-40140,Refrigerated
1517,1517,321,156,165,50,197,2025-09-20 02:05:23,In Stock,LOT-11939,Cool and dry place
1518,1518,80,31,49,76,83,2025-01-01 02:05:23,backordered,LOT-32501,Keep away from sunlight
1519,1519,405,163,242,67,172,2025-08-25 02:05:23,In Stock,LOT-24955,Room temperature
1520,1520,88,87,1,85,133,2025-06-10 02:05:23,backordered,LOT-28938,Refrigerated
1521,1521,43,26,17,57,96,2025-04-14 02:05:23,backordered,LOT-91190,Keep away from sunlight
1522,1522,483,427,56,83,107,2025-10-22 02:05:23,backordered,LOT-83342,Cool and dry place
1523,1523,472,285,187,92,108,2025-09-17 02:05:23,In Stock,LOT-80138,Keep away from sunlight
1524,1524,101,33,68,99,93,2025-10-07 02:05:23,backordered,LOT-75927,Keep away from sunlight
1525,1525,316,219,97,86,116,2025-08-17 02:05:23,In Stock,LOT-12566,Cool and dry place
1526,1526,490,188,302,31,195,2025-09-02 02:05:23,In Stock,LOT-38361,Cool and dry place
1527,1527,367,269,98,65,166,2024-11-22 02:05:23,In Stock,LOT-51718,Keep away from sunlight
1528,1528,60,14,46,36,98,2025-06-18 02:05:23,In Stock,LOT-27548,Room temperature
1529,1529,382,253,129,58,83,2025-03-26 02:05:23,In Stock,LOT-01571,Refrigerated
1530,1530,307,110,197,46,98,2025-04-01 02:05:23,In Stock,LOT-64794,Refrigerated
1531,1531,209,202,7,28,57,2025-06-06 02:05:23,backordered,LOT-73864,Room temperature
1532,1532,120,79,41,67,113,2025-04-26 02:05:23,backordered,LOT-63175,Humidity controlled
1533,1533,350,331,19,68,71,2025-10-27 02:05:23,backordered,LOT-20716,Keep away from sunlight
1534,1534,68,41,27,98,151,2024-11-15 02:05:23,backordered,LOT-78112,Refrigerated
1535,1535,365,196,169,100,158,2024-12-31 02:05:23,In Stock,LOT-66912,Room temperature
1536,1536,37,6,31,81,65,2025-10-06 02:05:23,backordered,LOT-15353,Room temperature
1537,1537,476,120,356,70,140,2024-12-26 02:05:23,In Stock,LOT-96136,Humidity controlled
1538,1538,363,23,340,10,114,2025-02-16 02:05:23,In Stock,LOT-74994,Humidity controlled
1539,1539,195,77,118,60,144,2025-08-26 02:05:23,In Stock,LOT-65796,Humidity controlled
1540,1540,21,18,3,32,116,2025-08-07 02:05:23,backordered,LOT-78427,Humidity controlled
1541,1541,252,238,14,53,169,2025-08-26 02:05:23,backordered,LOT-11477,Cool and dry place
1542,1542,162,135,27,65,86,2025-06-21 02:05:23,backordered,LOT-32010,Cool and dry place
1543,1543,160,11,149,26,177,2025-06-11 02:05:23,In Stock,LOT-17026,Room temperature
1544,1544,474,220,254,46,117,2024-12-23 02:05:23,In Stock,LOT-95249,Room temperature
1545,1545,264,160,104,65,92,2025-05-24 02:05:23,In Stock,LOT-91187,Keep away from sunlight
1546,1546,391,77,314,81,162,2025-10-05 02:05:23,In Stock,LOT-73477,Refrigerated
1547,1547,76,6,70,39,96,2025-10-14 02:05:23,In Stock,LOT-84858,Keep away from sunlight
1548,1548,133,41,92,100,169,2025-03-23 02:05:23,backordered,LOT-80061,Cool and dry place
1549,1549,458,253,205,15,163,2025-05-03 02:05:23,In Stock,LOT-67567,Humidity controlled
1550,1550,248,117,131,73,78,2025-08-18 02:05:23,In Stock,LOT-70028,Cool and dry place
1551,1551,178,23,155,36,122,2025-08-01 02:05:23,In Stock,LOT-42762,Refrigerated
1552,1552,383,260,123,44,194,2024-11-27 02:05:23,In Stock,LOT-46719,Humidity controlled
1553,1553,108,74,34,10,184,2025-01-13 02:05:23,In Stock,LOT-78897,Refrigerated
1554,1554,213,19,194,41,177,2024-11-20 02:05:23,In Stock,LOT-78280,Cool and dry place
1555,1555,454,168,286,13,122,2024-11-18 02:05:23,In Stock,LOT-64796,Cool and dry place
1556,1556,201,95,106,85,77,2025-05-20 02:05:23,In Stock,LOT-95450,Refrigerated
1557,1557,14,1,13,68,172,2025-03-14 02:05:23,backordered,LOT-09025,Room temperature
1558,1558,304,2,302,52,61,2024-12-01 02:05:23,In Stock,LOT-59056,Humidity controlled
1559,1559,486,231,255,51,195,2025-08-27 02:05:23,In Stock,LOT-16556,Refrigerated
1560,1560,441,24,417,92,122,2025-05-20 02:05:23,In Stock,LOT-50333,Cool and dry place
1561,1561,380,36,344,80,147,2025-09-15 02:05:23,In Stock,LOT-49114,Keep away from sunlight
1562,1562,130,45,85,40,152,2025-09-17 02:05:23,In Stock,LOT-15208,Cool and dry place
1563,1563,436,106,330,30,149,2025-04-09 02:05:23,In Stock,LOT-50769,Room temperature
1564,1564,331,78,253,25,126,2025-02-23 02:05:23,In Stock,LOT-86407,Keep away from sunlight
1565,1565,376,158,218,97,83,2025-05-02 02:05:23,In Stock,LOT-90569,Cool and dry place
1566,1566,426,188,238,75,101,2025-02-24 02:05:23,In Stock,LOT-65917,Keep away from sunlight
1567,1567,453,198,255,70,118,2025-01-17 02:05:23,In Stock,LOT-13578,Humidity controlled
1568,1568,216,23,193,64,144,2024-12-22 02:05:23,In Stock,LOT-52945,Refrigerated
1569,1569,222,161,61,64,73,2025-10-12 02:05:23,backordered,LOT-63718,Humidity controlled
1570,1570,174,118,56,96,107,2024-12-05 02:05:23,backordered,LOT-34404,Refrigerated
1571,1571,476,253,223,77,184,2025-09-20 02:05:23,In Stock,LOT-96391,Room temperature
1572,1572,239,111,128,20,172,2025-06-01 02:05:23,In Stock,LOT-91954,Refrigerated
1573,1573,65,38,27,41,183,2025-03-28 02:05:23,backordered,LOT-19876,Room temperature
1574,1574,291,24,267,80,69,2025-10-09 02:05:23,In Stock,LOT-35148,Humidity controlled
1575,1575,55,32,23,64,155,2025-09-14 02:05:23,backordered,LOT-46853,Keep away from sunlight
1576,1576,338,291,47,42,140,2025-06-24 02:05:23,In Stock,LOT-66498,Humidity controlled
1577,1577,41,32,9,12,79,2024-11-28 02:05:23,backordered,LOT-78208,Keep away from sunlight
1578,1578,91,23,68,60,61,2025-09-20 02:05:23,In Stock,LOT-29737,Keep away from sunlight
1579,1579,448,360,88,48,130,2025-01-05 02:05:23,In Stock,LOT-48969,Keep away from sunlight
1580,1580,387,343,44,67,117,2025-05-11 02:05:23,backordered,LOT-08357,Refrigerated
1581,1581,108,23,85,20,116,2024-11-22 02:05:23,In Stock,LOT-23246,Cool and dry place
1582,1582,222,136,86,12,51,2025-04-13 02:05:23,In Stock,LOT-65136,Cool and dry place
1583,1583,6,1,5,93,172,2025-03-11 02:05:23,backordered,LOT-44249,Keep away from sunlight
1584,1584,444,336,108,87,174,2025-05-30 02:05:23,In Stock,LOT-36312,Humidity controlled
1585,1585,416,315,101,56,151,2025-05-31 02:05:23,In Stock,LOT-30347,Cool and dry place
1586,1586,64,17,47,11,98,2025-09-05 02:05:23,In Stock,LOT-78660,Cool and dry place
1587,1587,356,96,260,13,103,2025-02-28 02:05:23,In Stock,LOT-32420,Refrigerated
1588,1588,332,123,209,65,187,2025-07-27 02:05:23,In Stock,LOT-44820,Cool and dry place
1589,1589,154,118,36,28,171,2025-03-30 02:05:23,In Stock,LOT-70015,Cool and dry place
1590,1590,59,10,49,29,163,2025-02-26 02:05:23,In Stock,LOT-94165,Keep away from sunlight
1591,1591,10,7,3,84,112,2025-07-21 02:05:23,backordered,LOT-16231,Room temperature
1592,1592,291,200,91,16,135,2025-10-28 02:05:23,In Stock,LOT-98189,Cool and dry place
1593,1593,322,221,101,63,176,2025-01-09 02:05:23,In Stock,LOT-84713,Humidity controlled
1594,1594,374,283,91,47,59,2025-02-25 02:05:23,In Stock,LOT-91559,Keep away from sunlight
1595,1595,248,131,117,85,174,2025-07-06 02:05:23,In Stock,LOT-63632,Cool and dry place
1596,1596,270,9,261,64,197,2025-05-24 02:05:23,In Stock,LOT-12347,Humidity controlled
1597,1597,32,17,15,92,156,2025-03-04 02:05:23,backordered,LOT-64907,Cool and dry place
1598,1598,253,159,94,92,138,2025-03-17 02:05:23,In Stock,LOT-85158,Keep away from sunlight
1599,1599,10,2,8,46,99,2025-03-06 02:05:23,backordered,LOT-67342,Room temperature
1600,1600,224,59,165,74,106,2025-01-05 02:05:23,In Stock,LOT-57540,Room temperature
1601,1601,471,308,163,94,169,2025-08-26 02:05:23,In Stock,LOT-90034,Room temperature
1602,1602,370,364,6,59,156,2024-11-22 02:05:23,backordered,LOT-86451,Room temperature
1603,1603,407,241,166,30,103,2025-06-10 02:05:23,In Stock,LOT-83760,Cool and dry place
1604,1604,341,247,94,26,94,2025-07-22 02:05:23,In Stock,LOT-64413,Refrigerated
1605,1605,310,251,59,22,156,2025-02-22 02:05:23,In Stock,LOT-43275,Room temperature
1606,1606,120,26,94,81,62,2025-10-23 02:05:23,In Stock,LOT-60417,Room temperature
1607,1607,451,133,318,55,90,2025-08-04 02:05:23,In Stock,LOT-76561,Humidity controlled
1608,1608,16,2,14,53,160,2025-09-04 02:05:23,backordered,LOT-24815,Humidity controlled
1609,1609,116,15,101,81,107,2025-02-25 02:05:23,In Stock,LOT-69857,Room temperature
1610,1610,174,90,84,15,192,2025-06-18 02:05:23,In Stock,LOT-00272,Refrigerated
1611,1611,436,353,83,75,76,2024-11-05 02:05:23,In Stock,LOT-06345,Cool and dry place
1612,1612,474,224,250,68,78,2025-09-08 02:05:23,In Stock,LOT-91123,Humidity controlled
1613,1613,312,52,260,81,60,2025-02-15 02:05:23,In Stock,LOT-82965,Cool and dry place
1614,1614,85,80,5,25,102,2025-04-30 02:05:23,backordered,LOT-77242,Refrigerated
1615,1615,372,149,223,100,163,2025-02-15 02:05:23,In Stock,LOT-95431,Keep away from sunlight
1616,1616,375,50,325,29,143,2025-05-14 02:05:23,In Stock,LOT-65266,Refrigerated
1617,1617,62,54,8,35,162,2025-04-03 02:05:23,backordered,LOT-93008,Cool and dry place
1618,1618,125,106,19,70,137,2025-06-08 02:05:23,backordered,LOT-93173,Humidity controlled
1619,1619,87,10,77,44,145,2025-04-03 02:05:23,In Stock,LOT-42069,Room temperature
1620,1620,322,125,197,29,185,2025-03-31 02:05:23,In Stock,LOT-69421,Refrigerated
1621,1621,70,54,16,62,154,2025-03-12 02:05:23,backordered,LOT-52910,Humidity controlled
1622,1622,406,349,57,56,57,2025-03-20 02:05:23,In Stock,LOT-86771,Refrigerated
1623,1623,394,5,389,76,67,2025-09-19 02:05:23,In Stock,LOT-33344,Room temperature
1624,1624,161,102,59,31,161,2025-10-01 02:05:23,In Stock,LOT-76263,Keep away from sunlight
1625,1625,388,18,370,94,88,2025-01-11 02:05:23,In Stock,LOT-93436,Cool and dry place
1626,1626,500,323,177,94,183,2025-06-03 02:05:23,In Stock,LOT-26204,Keep away from sunlight
1627,1627,205,174,31,99,191,2025-05-30 02:05:23,backordered,LOT-43973,Room temperature
1628,1628,465,176,289,11,121,2025-02-04 02:05:23,In Stock,LOT-59710,Humidity controlled
1629,1629,471,75,396,99,153,2025-03-18 02:05:23,In Stock,LOT-72563,Refrigerated
1630,1630,454,278,176,89,163,2024-11-09 02:05:23,In Stock,LOT-66941,Room temperature
1631,1631,454,415,39,93,153,2025-07-23 02:05:23,backordered,LOT-18005,Room temperature
1632,1632,43,2,41,78,135,2025-04-16 02:05:23,backordered,LOT-37599,Refrigerated
1633,1633,266,145,121,37,73,2025-02-13 02:05:23,In Stock,LOT-00489,Humidity controlled
1634,1634,159,133,26,53,90,2025-10-21 02:05:23,backordered,LOT-64652,Cool and dry place
1635,1635,455,407,48,79,116,2025-07-01 02:05:23,backordered,LOT-80924,Room temperature
1636,1636,371,216,155,74,78,2025-10-02 02:05:23,In Stock,LOT-28757,Room temperature
1637,1637,132,129,3,55,81,2025-10-08 02:05:23,backordered,LOT-21586,Cool and dry place
1638,1638,229,76,153,83,51,2025-03-14 02:05:23,In Stock,LOT-24150,Room temperature
1639,1639,120,103,17,84,194,2024-11-01 02:05:23,backordered,LOT-27456,Humidity controlled
1640,1640,432,304,128,39,139,2025-06-01 02:05:23,In Stock,LOT-44948,Room temperature
1641,1641,341,293,48,96,85,2024-11-01 02:05:23,backordered,LOT-56257,Keep away from sunlight
1642,1642,266,126,140,23,133,2025-02-10 02:05:23,In Stock,LOT-28703,Humidity controlled
1643,1643,98,46,52,68,75,2025-08-18 02:05:23,backordered,LOT-20320,Keep away from sunlight
1644,1644,424,210,214,20,73,2025-10-01 02:05:23,In Stock,LOT-74276,Keep away from sunlight
1645,1645,454,66,388,70,104,2025-03-18 02:05:23,In Stock,LOT-17075,Cool and dry place
1646,1646,189,173,16,77,153,2025-01-04 02:05:23,backordered,LOT-87771,Humidity controlled
1647,1647,265,202,63,43,199,2025-02-19 02:05:23,In Stock,LOT-21513,Keep away from sunlight
1648,1648,225,176,49,72,156,2025-08-10 02:05:23,backordered,LOT-42284,Refrigerated
1649,1649,258,65,193,72,167,2025-08-27 02:05:23,In Stock,LOT-99390,Humidity controlled
1650,1650,441,270,171,25,104,2025-03-13 02:05:23,In Stock,LOT-89261,Keep away from sunlight
1651,1651,16,5,11,81,144,2025-09-02 02:05:23,backordered,LOT-37150,Humidity controlled
1652,1652,436,209,227,24,80,2025-04-26 02:05:23,In Stock,LOT-41659,Humidity controlled
1653,1653,148,10,138,76,89,2025-09-02 02:05:23,In Stock,LOT-15201,Room temperature
1654,1654,156,95,61,48,125,2025-02-26 02:05:23,In Stock,LOT-77749,Cool and dry place
1655,1655,405,73,332,28,200,2025-03-31 02:05:23,In Stock,LOT-05097,Cool and dry place
1656,1656,479,457,22,49,122,2025-07-14 02:05:23,backordered,LOT-59230,Refrigerated
1657,1657,419,378,41,72,50,2025-08-31 02:05:23,backordered,LOT-45018,Humidity controlled
1658,1658,178,17,161,15,156,2025-02-28 02:05:23,In Stock,LOT-96164,Humidity controlled
1659,1659,158,144,14,67,136,2025-04-22 02:05:23,backordered,LOT-23610,Keep away from sunlight
1660,1660,427,368,59,87,83,2025-08-23 02:05:23,backordered,LOT-32664,Humidity controlled
1661,1661,325,235,90,67,164,2025-08-17 02:05:23,In Stock,LOT-21476,Room temperature
1662,1662,45,39,6,95,154,2025-04-17 02:05:23,backordered,LOT-49251,Refrigerated
1663,1663,460,202,258,53,188,2025-10-09 02:05:23,In Stock,LOT-58377,Keep away from sunlight
1664,1664,376,142,234,92,72,2025-08-09 02:05:23,In Stock,LOT-67499,Cool and dry place
1665,1665,292,158,134,81,81,2024-12-07 02:05:23,In Stock,LOT-61659,Humidity controlled
1666,1666,43,12,31,89,188,2025-01-10 02:05:23,backordered,LOT-26610,Cool and dry place
1667,1667,490,291,199,76,98,2025-03-03 02:05:23,In Stock,LOT-85732,Humidity controlled
1668,1668,459,9,450,25,186,2025-08-01 02:05:23,In Stock,LOT-78814,Cool and dry place
1669,1669,140,52,88,41,198,2025-03-19 02:05:23,In Stock,LOT-76174,Cool and dry place
1670,1670,413,273,140,87,132,2025-04-10 02:05:23,In Stock,LOT-22438,Humidity controlled
1671,1671,23,15,8,12,137,2025-03-23 02:05:23,backordered,LOT-64908,Refrigerated
1672,1672,212,6,206,77,131,2025-04-20 02:05:23,In Stock,LOT-10818,Room temperature
1673,1673,46,7,39,22,188,2025-08-07 02:05:23,In Stock,LOT-66179,Room temperature
1674,1674,73,23,50,42,72,2025-08-15 02:05:23,In Stock,LOT-45491,Room temperature
1675,1675,487,208,279,96,93,2025-10-02 02:05:23,In Stock,LOT-80172,Humidity controlled
1676,1676,492,166,326,33,56,2024-11-01 02:05:23,In Stock,LOT-26016,Cool and dry place
1677,1677,152,99,53,22,131,2025-08-21 02:05:23,In Stock,LOT-45977,Keep away from sunlight
1678,1678,457,165,292,43,146,2025-09-01 02:05:23,In Stock,LOT-94523,Cool and dry place
1679,1679,103,30,73,86,200,2025-07-03 02:05:23,backordered,LOT-21941,Keep away from sunlight
1680,1680,260,258,2,59,79,2025-06-17 02:05:23,backordered,LOT-68006,Cool and dry place
1681,1681,162,118,44,80,154,2025-09-29 02:05:23,backordered,LOT-10277,Keep away from sunlight
1682,1682,14,6,8,91,109,2025-10-23 02:05:23,backordered,LOT-69749,Room temperature
1683,1683,283,51,232,41,192,2024-12-03 02:05:23,In Stock,LOT-95641,Refrigerated
1684,1684,155,145,10,62,164,2025-09-20 02:05:23,backordered,LOT-22031,Humidity controlled
1685,1685,104,100,4,28,145,2025-01-29 02:05:23,backordered,LOT-03037,Refrigerated
1686,1686,400,125,275,78,158,2025-01-21 02:05:23,In Stock,LOT-23683,Keep away from sunlight
1687,1687,21,0,21,69,124,2024-12-02 02:05:23,backordered,LOT-14727,Refrigerated
1688,1688,0,0,0,71,119,2024-12-30 02:05:23,Out of Stock,LOT-60122,Room temperature
1689,1689,429,348,81,58,139,2024-12-13 02:05:23,In Stock,LOT-77707,Refrigerated
1690,1690,299,261,38,46,61,2025-08-11 02:05:23,backordered,LOT-93349,Humidity controlled
1691,1691,288,35,253,48,72,2025-04-13 02:05:23,In Stock,LOT-60501,Cool and dry place
1692,1692,425,71,354,81,121,2025-03-25 02:05:23,In Stock,LOT-66799,Refrigerated
1693,1693,312,258,54,50,137,2024-12-11 02:05:23,In Stock,LOT-84076,Room temperature
1694,1694,385,362,23,67,119,2025-06-29 02:05:23,backordered,LOT-78997,Room temperature
1695,1695,174,53,121,68,134,2025-10-24 02:05:23,In Stock,LOT-30806,Refrigerated
1696,1696,330,1,329,87,171,2025-10-30 02:05:23,In Stock,LOT-95814,Cool and dry place
1697,1697,344,88,256,62,192,2024-11-10 02:05:23,In Stock,LOT-67179,Keep away from sunlight
1698,1698,390,201,189,78,70,2024-12-04 02:05:23,In Stock,LOT-57602,Cool and dry place
1699,1699,275,15,260,95,163,2024-11-22 02:05:23,In Stock,LOT-43757,Cool and dry place
1700,1700,180,96,84,86,141,2025-04-17 02:05:23,backordered,LOT-38395,Refrigerated
1701,1701,429,393,36,99,52,2025-08-30 02:05:23,backordered,LOT-97246,Keep away from sunlight
1702,1702,189,49,140,66,52,2025-07-11 02:05:23,In Stock,LOT-65729,Cool and dry place
1703,1703,388,143,245,97,141,2025-07-26 02:05:23,In Stock,LOT-34172,Cool and dry place
1704,1704,417,314,103,90,127,2025-07-11 02:05:23,In Stock,LOT-23297,Refrigerated
1705,1705,252,247,5,56,59,2025-06-11 02:05:23,backordered,LOT-16743,Keep away from sunlight
1706,1706,463,360,103,100,103,2025-10-29 02:05:23,In Stock,LOT-38005,Refrigerated
1707,1707,420,326,94,60,78,2025-06-12 02:05:23,In Stock,LOT-45228,Humidity controlled
1708,1708,256,252,4,31,191,2025-07-25 02:05:23,backordered,LOT-01561,Humidity controlled
1709,1709,344,308,36,82,94,2025-09-29 02:05:23,backordered,LOT-93183,Humidity controlled
1710,1710,65,8,57,26,116,2025-01-14 02:05:23,In Stock,LOT-74550,Refrigerated
1711,1711,451,267,184,45,99,2024-11-19 02:05:23,In Stock,LOT-84289,Cool and dry place
1712,1712,496,354,142,96,186,2024-12-22 02:05:23,In Stock,LOT-10771,Room temperature
1713,1713,348,286,62,68,50,2025-03-28 02:05:23,backordered,LOT-19918,Cool and dry place
1714,1714,437,165,272,65,154,2025-06-14 02:05:23,In Stock,LOT-08121,Cool and dry place
1715,1715,348,265,83,69,176,2025-04-30 02:05:23,In Stock,LOT-35247,Humidity controlled
1716,1716,388,22,366,38,62,2025-06-12 02:05:23,In Stock,LOT-87125,Keep away from sunlight
1717,1717,272,229,43,50,51,2025-04-15 02:05:23,backordered,LOT-52137,Refrigerated
1718,1718,171,20,151,83,56,2025-07-09 02:05:23,In Stock,LOT-60375,Keep away from sunlight
1719,1719,490,38,452,41,100,2025-08-09 02:05:23,In Stock,LOT-48214,Room temperature
1720,1720,159,16,143,90,74,2025-10-18 02:05:23,In Stock,LOT-56532,Keep away from sunlight
1721,1721,221,206,15,13,135,2025-06-26 02:05:23,In Stock,LOT-86326,Refrigerated
1722,1722,55,30,25,40,137,2025-10-05 02:05:23,backordered,LOT-66785,Room temperature
1723,1723,266,121,145,19,162,2025-09-14 02:05:23,In Stock,LOT-07208,Keep away from sunlight
1724,1724,296,63,233,20,65,2025-10-15 02:05:23,In Stock,LOT-11556,Keep away from sunlight
1725,1725,160,16,144,26,65,2025-03-20 02:05:23,In Stock,LOT-26060,Cool and dry place
1726,1726,154,110,44,18,76,2024-11-20 02:05:23,In Stock,LOT-29084,Cool and dry place
1727,1727,286,26,260,47,147,2025-04-10 02:05:23,In Stock,LOT-66845,Cool and dry place
1728,1728,316,210,106,39,52,2025-03-14 02:05:23,In Stock,LOT-50489,Keep away from sunlight
1729,1729,237,203,34,64,75,2025-05-12 02:05:23,backordered,LOT-26738,Cool and dry place
1730,1730,232,132,100,52,200,2025-07-26 02:05:23,In Stock,LOT-99756,Cool and dry place
1731,1731,52,0,52,86,67,2025-01-02 02:05:23,backordered,LOT-34108,Refrigerated
1732,1732,463,293,170,26,180,2025-06-23 02:05:23,In Stock,LOT-56288,Room temperature
1733,1733,215,123,92,89,163,2025-07-29 02:05:23,In Stock,LOT-43188,Refrigerated
1734,1734,70,5,65,17,82,2025-05-26 02:05:23,In Stock,LOT-48520,Humidity controlled
1735,1735,223,131,92,93,141,2025-05-26 02:05:23,backordered,LOT-08943,Humidity controlled
1736,1736,453,277,176,28,87,2025-03-06 02:05:23,In Stock,LOT-46810,Room temperature
1737,1737,308,175,133,47,144,2025-10-28 02:05:23,In Stock,LOT-54851,Humidity controlled
1738,1738,300,74,226,17,110,2025-02-15 02:05:23,In Stock,LOT-01749,Humidity controlled
1739,1739,439,27,412,64,138,2025-07-24 02:05:23,In Stock,LOT-07539,Refrigerated
1740,1740,327,103,224,18,137,2025-07-28 02:05:23,In Stock,LOT-98935,Keep away from sunlight
1741,1741,355,354,1,69,134,2025-01-09 02:05:23,backordered,LOT-44926,Humidity controlled
1742,1742,493,171,322,88,126,2025-04-01 02:05:23,In Stock,LOT-83158,Room temperature
1743,1743,83,13,70,68,60,2025-02-21 02:05:23,In Stock,LOT-93571,Refrigerated
1744,1744,471,1,470,91,107,2024-11-12 02:05:23,In Stock,LOT-26611,Refrigerated
1745,1745,238,159,79,37,111,2025-02-28 02:05:23,In Stock,LOT-06273,Room temperature
1746,1746,413,378,35,58,102,2025-04-11 02:05:23,backordered,LOT-71586,Refrigerated
1747,1747,422,3,419,56,52,2025-09-25 02:05:23,In Stock,LOT-98864,Room temperature
1748,1748,15,3,12,28,124,2025-03-21 02:05:23,backordered,LOT-97677,Refrigerated
1749,1749,323,299,24,56,61,2025-10-17 02:05:23,backordered,LOT-62282,Refrigerated
1750,1750,101,36,65,32,106,2025-06-20 02:05:23,In Stock,LOT-77288,Refrigerated
1751,1751,173,141,32,41,95,2025-07-24 02:05:23,backordered,LOT-13770,Cool and dry place
1752,1752,90,33,57,22,55,2024-11-20 02:05:23,In Stock,LOT-28519,Refrigerated
1753,1753,194,167,27,24,136,2025-07-17 02:05:23,In Stock,LOT-61159,Room temperature
1754,1754,233,61,172,57,145,2024-11-28 02:05:23,In Stock,LOT-40821,Refrigerated
1755,1755,481,269,212,89,161,2024-11-02 02:05:23,In Stock,LOT-54544,Cool and dry place
1756,1756,60,9,51,26,98,2025-07-26 02:05:23,In Stock,LOT-70229,Humidity controlled
1757,1757,193,177,16,57,131,2024-12-30 02:05:23,backordered,LOT-60443,Keep away from sunlight
1758,1758,500,325,175,41,61,2024-12-21 02:05:23,In Stock,LOT-27018,Humidity controlled
1759,1759,96,68,28,47,88,2025-05-18 02:05:23,backordered,LOT-51067,Refrigerated
1760,1760,27,20,7,45,82,2025-02-14 02:05:23,backordered,LOT-94975,Humidity controlled
1761,1761,453,250,203,36,70,2025-03-06 02:05:23,In Stock,LOT-67922,Humidity controlled
1762,1762,33,10,23,75,149,2024-12-06 02:05:23,backordered,LOT-87772,Humidity controlled
1763,1763,191,127,64,76,168,2025-08-02 02:05:23,backordered,LOT-51996,Room temperature
1764,1764,364,191,173,77,173,2025-02-21 02:05:23,In Stock,LOT-63658,Keep away from sunlight
1765,1765,137,102,35,91,199,2024-12-04 02:05:23,backordered,LOT-07412,Cool and dry place
1766,1766,106,28,78,35,165,2025-07-04 02:05:23,In Stock,LOT-09481,Keep away from sunlight
1767,1767,111,39,72,64,146,2025-01-13 02:05:23,In Stock,LOT-81398,Refrigerated
1768,1768,478,431,47,57,115,2025-01-24 02:05:23,backordered,LOT-90983,Cool and dry place
1769,1769,68,10,58,47,163,2025-02-09 02:05:23,In Stock,LOT-78018,Room temperature
1770,1770,117,74,43,15,169,2025-02-12 02:05:23,In Stock,LOT-20433,Humidity controlled
1771,1771,172,109,63,67,169,2025-03-25 02:05:23,backordered,LOT-97189,Keep away from sunlight
1772,1772,188,127,61,50,119,2025-04-20 02:05:23,In Stock,LOT-56907,Cool and dry place
1773,1773,91,56,35,39,117,2024-12-06 02:05:23,backordered,LOT-05626,Cool and dry place
1774,1774,183,21,162,47,178,2025-02-12 02:05:23,In Stock,LOT-08564,Humidity controlled
1775,1775,329,40,289,45,108,2025-09-12 02:05:23,In Stock,LOT-11182,Cool and dry place
1776,1776,36,23,13,14,189,2025-07-22 02:05:23,backordered,LOT-42241,Room temperature
1777,1777,100,86,14,52,114,2025-05-31 02:05:23,backordered,LOT-24620,Room temperature
1778,1778,97,90,7,87,85,2025-01-27 02:05:23,backordered,LOT-95200,Room temperature
1779,1779,4,2,2,46,138,2025-04-09 02:05:23,backordered,LOT-46152,Keep away from sunlight
1780,1780,420,296,124,93,53,2025-03-05 02:05:23,In Stock,LOT-65461,Humidity controlled
1781,1781,389,76,313,60,108,2025-07-08 02:05:23,In Stock,LOT-03399,Refrigerated
1782,1782,242,59,183,76,200,2025-01-23 02:05:23,In Stock,LOT-37886,Keep away from sunlight
1783,1783,369,236,133,53,71,2025-05-25 02:05:23,In Stock,LOT-14057,Refrigerated
1784,1784,219,197,22,99,156,2025-07-17 02:05:23,backordered,LOT-86170,Keep away from sunlight
1785,1785,230,218,12,81,57,2025-04-24 02:05:23,backordered,LOT-63048,Refrigerated
1786,1786,295,65,230,49,52,2025-02-19 02:05:23,In Stock,LOT-91382,Room temperature
1787,1787,173,57,116,63,158,2024-11-15 02:05:23,In Stock,LOT-49671,Keep away from sunlight
1788,1788,390,353,37,78,126,2025-05-19 02:05:23,backordered,LOT-83258,Humidity controlled
1789,1789,11,9,2,14,85,2025-08-15 02:05:23,backordered,LOT-23868,Room temperature
1790,1790,290,200,90,58,102,2025-04-15 02:05:23,In Stock,LOT-70079,Cool and dry place
1791,1791,273,197,76,34,171,2025-09-07 02:05:23,In Stock,LOT-42007,Room temperature
1792,1792,291,231,60,91,127,2025-09-15 02:05:23,backordered,LOT-49465,Refrigerated
1793,1793,53,43,10,80,95,2025-10-16 02:05:23,backordered,LOT-39840,Humidity controlled
1794,1794,250,6,244,33,100,2025-09-27 02:05:23,In Stock,LOT-28914,Keep away from sunlight
1795,1795,145,52,93,39,124,2024-11-29 02:05:23,In Stock,LOT-16128,Humidity controlled
1796,1796,35,29,6,17,144,2025-02-09 02:05:23,backordered,LOT-46398,Cool and dry place
1797,1797,87,41,46,62,150,2025-08-13 02:05:23,backordered,LOT-55474,Cool and dry place
1798,1798,66,53,13,71,67,2025-04-16 02:05:23,backordered,LOT-35537,Refrigerated
1799,1799,66,26,40,49,160,2024-11-03 02:05:23,backordered,LOT-95020,Keep away from sunlight
1800,1800,81,77,4,83,129,2025-01-05 02:05:23,backordered,LOT-97002,Refrigerated
1801,1801,257,234,23,45,101,2025-10-29 02:05:23,backordered,LOT-68768,Refrigerated
1802,1802,228,16,212,61,113,2025-02-05 02:05:23,In Stock,LOT-11807,Room temperature
1803,1803,466,291,175,72,167,2025-03-10 02:05:23,In Stock,LOT-15695,Humidity controlled
1804,1804,20,2,18,46,166,2025-05-08 02:05:23,backordered,LOT-62017,Room temperature
1805,1805,200,156,44,32,156,2025-06-27 02:05:23,In Stock,LOT-53703,Refrigerated
1806,1806,460,316,144,65,167,2025-04-19 02:05:23,In Stock,LOT-04531,Refrigerated
1807,1807,357,291,66,22,150,2024-11-09 02:05:23,In Stock,LOT-94337,Cool and dry place
1808,1808,122,113,9,30,120,2024-12-15 02:05:23,backordered,LOT-50479,Humidity controlled
1809,1809,149,17,132,99,105,2025-02-22 02:05:23,In Stock,LOT-30361,Keep away from sunlight
1810,1810,390,283,107,25,144,2025-09-23 02:05:23,In Stock,LOT-49872,Cool and dry place
1811,1811,258,166,92,62,165,2025-08-09 02:05:23,In Stock,LOT-83999,Room temperature
1812,1812,106,64,42,15,168,2025-10-19 02:05:23,In Stock,LOT-21921,Cool and dry place
1813,1813,327,236,91,58,137,2025-04-11 02:05:23,In Stock,LOT-24938,Refrigerated
1814,1814,203,9,194,11,114,2025-09-04 02:05:23,In Stock,LOT-43089,Refrigerated
1815,1815,167,118,49,72,168,2025-09-28 02:05:23,backordered,LOT-48706,Cool and dry place
1816,1816,280,124,156,66,85,2025-03-05 02:05:23,In Stock,LOT-05664,Room temperature
1817,1817,430,82,348,31,54,2024-12-26 02:05:23,In Stock,LOT-18775,Cool and dry place
1818,1818,90,37,53,25,186,2025-04-15 02:05:23,In Stock,LOT-80304,Refrigerated
1819,1819,39,0,39,96,119,2025-08-15 02:05:23,backordered,LOT-68750,Keep away from sunlight
1820,1820,183,45,138,37,58,2024-11-21 02:05:23,In Stock,LOT-63519,Humidity controlled
1821,1821,110,56,54,99,62,2024-12-11 02:05:23,backordered,LOT-03613,Humidity controlled
1822,1822,328,52,276,59,128,2025-03-19 02:05:23,In Stock,LOT-32541,Cool and dry place
1823,1823,306,2,304,16,146,2025-07-21 02:05:23,In Stock,LOT-10760,Refrigerated
1824,1824,191,61,130,35,73,2025-10-24 02:05:23,In Stock,LOT-95431,Keep away from sunlight
1825,1825,14,0,14,53,99,2024-11-18 02:05:23,backordered,LOT-73505,Cool and dry place
1826,1826,112,112,0,22,92,2025-08-08 02:05:23,backordered,LOT-83199,Cool and dry place
1827,1827,212,131,81,23,133,2025-05-20 02:05:23,In Stock,LOT-71791,Humidity controlled
1828,1828,320,97,223,89,103,2025-01-28 02:05:23,In Stock,LOT-10065,Keep away from sunlight
1829,1829,480,219,261,25,109,2025-07-15 02:05:23,In Stock,LOT-12070,Cool and dry place
1830,1830,182,82,100,32,53,2025-04-10 02:05:23,In Stock,LOT-49611,Room temperature
1831,1831,6,3,3,37,167,2025-07-12 02:05:23,backordered,LOT-08046,Cool and dry place
1832,1832,336,142,194,93,144,2025-10-10 02:05:23,In Stock,LOT-61963,Cool and dry place
1833,1833,453,111,342,62,127,2024-12-30 02:05:23,In Stock,LOT-99076,Keep away from sunlight
1834,1834,52,45,7,78,195,2025-08-06 02:05:23,backordered,LOT-76991,Room temperature
1835,1835,491,48,443,86,133,2024-12-13 02:05:23,In Stock,LOT-50785,Keep away from sunlight
1836,1836,347,68,279,52,94,2024-12-11 02:05:23,In Stock,LOT-93110,Room temperature
1837,1837,500,435,65,95,173,2025-09-28 02:05:23,backordered,LOT-91939,Room temperature
1838,1838,9,9,0,84,164,2025-04-20 02:05:23,backordered,LOT-28456,Humidity controlled
1839,1839,327,119,208,74,200,2024-11-06 02:05:23,In Stock,LOT-79723,Cool and dry place
1840,1840,119,2,117,88,81,2025-05-27 02:05:23,In Stock,LOT-20024,Refrigerated
1841,1841,377,219,158,41,70,2025-10-02 02:05:23,In Stock,LOT-96854,Refrigerated
1842,1842,191,127,64,47,101,2025-08-16 02:05:23,In Stock,LOT-98227,Keep away from sunlight
1843,1843,104,82,22,14,110,2024-12-30 02:05:23,In Stock,LOT-49545,Keep away from sunlight
1844,1844,378,168,210,27,121,2025-05-23 02:05:23,In Stock,LOT-08920,Cool and dry place
1845,1845,266,212,54,92,123,2025-10-20 02:05:23,backordered,LOT-38806,Refrigerated
1846,1846,433,375,58,52,137,2025-06-30 02:05:23,In Stock,LOT-53331,Refrigerated
1847,1847,276,27,249,95,113,2024-11-15 02:05:23,In Stock,LOT-53779,Refrigerated
1848,1848,311,195,116,76,132,2025-07-31 02:05:23,In Stock,LOT-59959,Keep away from sunlight
1849,1849,322,3,319,18,175,2025-09-27 02:05:23,In Stock,LOT-46521,Refrigerated
1850,1850,26,20,6,28,102,2025-08-29 02:05:23,backordered,LOT-70730,Cool and dry place
1851,1851,88,75,13,80,102,2025-07-04 02:05:23,backordered,LOT-33793,Humidity controlled
1852,1852,40,27,13,69,129,2025-08-09 02:05:23,backordered,LOT-37563,Refrigerated
1853,1853,125,54,71,32,113,2025-05-30 02:05:23,In Stock,LOT-62050,Room temperature
1854,1854,295,229,66,91,101,2025-06-15 02:05:23,backordered,LOT-15081,Keep away from sunlight
1855,1855,40,23,17,60,146,2025-08-08 02:05:23,backordered,LOT-24739,Keep away from sunlight
1856,1856,225,108,117,74,160,2025-08-14 02:05:23,In Stock,LOT-50033,Keep away from sunlight
1857,1857,10,6,4,64,71,2025-06-01 02:05:23,backordered,LOT-42342,Humidity controlled
1858,1858,275,78,197,80,94,2025-06-23 02:05:23,In Stock,LOT-58323,Keep away from sunlight
1859,1859,237,78,159,68,122,2025-04-23 02:05:23,In Stock,LOT-02410,Humidity controlled
1860,1860,310,246,64,19,135,2025-08-24 02:05:23,In Stock,LOT-26153,Keep away from sunlight
1861,1861,100,19,81,34,51,2025-10-26 02:05:23,In Stock,LOT-47355,Humidity controlled
1862,1862,373,371,2,57,175,2025-04-08 02:05:23,backordered,LOT-28961,Keep away from sunlight
1863,1863,481,202,279,57,148,2025-02-24 02:05:23,In Stock,LOT-12233,Room temperature
1864,1864,328,301,27,19,154,2025-10-13 02:05:23,In Stock,LOT-86559,Cool and dry place
1865,1865,197,144,53,30,99,2025-03-23 02:05:23,In Stock,LOT-63099,Room temperature
1866,1866,394,384,10,54,180,2024-11-03 02:05:23,backordered,LOT-38425,Keep away from sunlight
1867,1867,325,188,137,99,64,2024-12-03 02:05:23,In Stock,LOT-30428,Keep away from sunlight
1868,1868,474,217,257,41,112,2025-03-02 02:05:23,In Stock,LOT-97317,Cool and dry place
1869,1869,471,416,55,56,57,2024-11-09 02:05:23,backordered,LOT-91286,Refrigerated
1870,1870,133,116,17,97,87,2025-06-24 02:05:23,backordered,LOT-85787,Refrigerated
1871,1871,308,296,12,94,91,2025-10-26 02:05:23,backordered,LOT-25587,Cool and dry place
1872,1872,394,47,347,92,148,2025-04-12 02:05:23,In Stock,LOT-77496,Humidity controlled
1873,1873,498,461,37,20,182,2025-07-28 02:05:23,In Stock,LOT-90333,Keep away from sunlight
1874,1874,84,54,30,42,127,2025-02-18 02:05:23,backordered,LOT-73634,Humidity controlled
1875,1875,337,195,142,85,128,2025-04-05 02:05:23,In Stock,LOT-66925,Cool and dry place
1876,1876,55,40,15,83,138,2025-08-20 02:05:23,backordered,LOT-48121,Room temperature
1877,1877,383,107,276,60,128,2025-10-29 02:05:23,In Stock,LOT-47853,Refrigerated
1878,1878,417,251,166,10,74,2025-09-27 02:05:23,In Stock,LOT-90789,Keep away from sunlight
1879,1879,268,213,55,93,123,2025-03-26 02:05:23,backordered,LOT-56776,Refrigerated
1880,1880,90,47,43,33,84,2025-07-23 02:05:23,In Stock,LOT-65754,Keep away from sunlight
1881,1881,93,64,29,24,165,2025-01-15 02:05:23,In Stock,LOT-60273,Refrigerated
1882,1882,95,25,70,17,96,2025-07-26 02:05:23,In Stock,LOT-41514,Room temperature
1883,1883,461,446,15,62,162,2024-12-16 02:05:23,backordered,LOT-88814,Humidity controlled
1884,1884,55,55,0,91,92,2025-09-22 02:05:23,backordered,LOT-31115,Room temperature
1885,1885,43,24,19,25,120,2025-09-30 02:05:23,backordered,LOT-08353,Room temperature
1886,1886,15,7,8,71,174,2024-11-22 02:05:23,backordered,LOT-54443,Cool and dry place
1887,1887,4,0,4,44,51,2024-11-26 02:05:23,backordered,LOT-92840,Humidity controlled
1888,1888,404,21,383,22,104,2025-02-07 02:05:23,In Stock,LOT-44566,Cool and dry place
1889,1889,192,154,38,76,118,2025-02-26 02:05:23,backordered,LOT-90782,Keep away from sunlight
1890,1890,387,172,215,87,159,2025-05-13 02:05:23,In Stock,LOT-63337,Room temperature
1891,1891,349,175,174,50,111,2025-05-01 02:05:23,In Stock,LOT-38987,Keep away from sunlight
1892,1892,193,156,37,17,141,2025-05-16 02:05:23,In Stock,LOT-75153,Cool and dry place
1893,1893,1,1,0,99,152,2025-08-22 02:05:23,backordered,LOT-66377,Cool and dry place
1894,1894,308,62,246,77,121,2024-11-08 02:05:23,In Stock,LOT-80529,Refrigerated
1895,1895,188,115,73,89,171,2025-02-11 02:05:23,backordered,LOT-24075,Keep away from sunlight
1896,1896,338,96,242,10,132,2025-10-24 02:05:23,In Stock,LOT-53666,Room temperature
1897,1897,447,23,424,51,163,2025-07-05 02:05:23,In Stock,LOT-84590,Humidity controlled
1898,1898,248,102,146,88,70,2025-05-07 02:05:23,In Stock,LOT-90225,Keep away from sunlight
1899,1899,480,476,4,70,75,2025-04-18 02:05:23,backordered,LOT-99996,Room temperature
1900,1900,310,99,211,28,183,2025-01-13 02:05:23,In Stock,LOT-63618,Humidity controlled
1901,1901,16,4,12,73,72,2025-05-31 02:05:23,backordered,LOT-63715,Humidity controlled
1902,1902,447,239,208,31,164,2025-09-03 02:05:23,In Stock,LOT-97412,Keep away from sunlight
1903,1903,339,276,63,40,112,2025-07-16 02:05:23,In Stock,LOT-18209,Refrigerated
1904,1904,385,337,48,99,72,2025-09-08 02:05:23,backordered,LOT-70231,Keep away from sunlight
1905,1905,366,14,352,30,133,2025-04-19 02:05:23,In Stock,LOT-64334,Room temperature
1906,1906,112,92,20,42,171,2024-11-23 02:05:23,backordered,LOT-81705,Cool and dry place
1907,1907,340,69,271,78,175,2025-09-16 02:05:23,In Stock,LOT-80256,Room temperature
1908,1908,446,114,332,83,66,2024-12-07 02:05:23,In Stock,LOT-62128,Room temperature
1909,1909,193,183,10,58,193,2025-03-23 02:05:23,backordered,LOT-67163,Refrigerated
1910,1910,114,33,81,24,124,2025-09-18 02:05:23,In Stock,LOT-23467,Cool and dry place
1911,1911,45,21,24,85,98,2025-09-03 02:05:23,backordered,LOT-29949,Humidity controlled
1912,1912,188,32,156,50,147,2025-01-10 02:05:23,In Stock,LOT-38743,Cool and dry place
1913,1913,159,15,144,85,187,2025-07-27 02:05:23,In Stock,LOT-02716,Keep away from sunlight
1914,1914,216,81,135,56,82,2025-02-08 02:05:23,In Stock,LOT-93859,Humidity controlled
1915,1915,302,113,189,23,151,2025-10-28 02:05:23,In Stock,LOT-77790,Humidity controlled
1916,1916,436,235,201,50,87,2025-06-03 02:05:23,In Stock,LOT-14754,Refrigerated
1917,1917,255,233,22,28,122,2025-08-19 02:05:23,backordered,LOT-69263,Cool and dry place
1918,1918,306,163,143,49,178,2024-11-14 02:05:23,In Stock,LOT-29676,Cool and dry place
1919,1919,140,122,18,90,105,2025-02-21 02:05:23,backordered,LOT-29160,Room temperature
1920,1920,360,192,168,17,135,2025-08-15 02:05:23,In Stock,LOT-32484,Refrigerated
1921,1921,434,375,59,38,63,2025-08-02 02:05:23,In Stock,LOT-13768,Keep away from sunlight
1922,1922,372,200,172,48,90,2025-10-21 02:05:23,In Stock,LOT-15118,Humidity controlled
1923,1923,200,86,114,64,171,2025-05-07 02:05:23,In Stock,LOT-56724,Keep away from sunlight
1924,1924,200,18,182,77,122,2025-06-10 02:05:23,In Stock,LOT-38070,Refrigerated
1925,1925,358,280,78,60,74,2025-08-26 02:05:23,In Stock,LOT-17656,Room temperature
1926,1926,385,297,88,16,127,2025-03-12 02:05:23,In Stock,LOT-36004,Refrigerated
1927,1927,295,70,225,66,173,2025-06-05 02:05:23,In Stock,LOT-12577,Refrigerated
1928,1928,107,27,80,35,52,2025-04-30 02:05:23,In Stock,LOT-71183,Humidity controlled
1929,1929,52,43,9,28,146,2025-03-28 02:05:23,backordered,LOT-72742,Refrigerated
1930,1930,474,28,446,22,141,2025-03-04 02:05:23,In Stock,LOT-20912,Refrigerated
1931,1931,483,26,457,25,181,2024-12-04 02:05:23,In Stock,LOT-41862,Room temperature
1932,1932,303,222,81,29,153,2025-06-29 02:05:23,In Stock,LOT-10427,Cool and dry place
1933,1933,60,15,45,60,175,2025-05-31 02:05:23,backordered,LOT-52308,Humidity controlled
1934,1934,488,88,400,93,146,2024-11-12 02:05:23,In Stock,LOT-37081,Cool and dry place
1935,1935,398,237,161,93,147,2025-06-14 02:05:23,In Stock,LOT-64709,Keep away from sunlight
1936,1936,188,2,186,25,79,2025-09-20 02:05:23,In Stock,LOT-00633,Cool and dry place
1937,1937,250,164,86,95,180,2025-07-09 02:05:23,backordered,LOT-53310,Cool and dry place
1938,1938,300,293,7,83,172,2025-06-14 02:05:23,backordered,LOT-60053,Cool and dry place
1939,1939,406,303,103,33,148,2025-02-27 02:05:23,In Stock,LOT-13122,Keep away from sunlight
1940,1940,152,146,6,26,75,2025-05-19 02:05:23,backordered,LOT-06815,Cool and dry place
1941,1941,365,275,90,33,153,2024-11-08 02:05:23,In Stock,LOT-58393,Cool and dry place
1942,1942,201,142,59,78,185,2025-02-24 02:05:23,backordered,LOT-86613,Cool and dry place
1943,1943,265,63,202,36,80,2025-08-01 02:05:23,In Stock,LOT-31552,Humidity controlled
1944,1944,355,92,263,10,192,2025-03-18 02:05:23,In Stock,LOT-06506,Room temperature
1945,1945,62,2,60,26,197,2025-07-19 02:05:23,In Stock,LOT-37314,Refrigerated
1946,1946,44,35,9,42,58,2025-09-19 02:05:23,backordered,LOT-95013,Cool and dry place
1947,1947,259,152,107,56,189,2025-08-06 02:05:23,In Stock,LOT-64971,Keep away from sunlight
1948,1948,500,483,17,94,50,2025-06-27 02:05:23,backordered,LOT-89241,Room temperature
1949,1949,23,16,7,47,186,2025-03-19 02:05:23,backordered,LOT-95625,Refrigerated
1950,1950,295,251,44,98,130,2025-02-07 02:05:23,backordered,LOT-25715,Room temperature
1951,1951,310,275,35,75,103,2024-11-14 02:05:23,backordered,LOT-09976,Cool and dry place
1952,1952,339,22,317,40,59,2025-07-28 02:05:23,In Stock,LOT-83890,Refrigerated
1953,1953,153,55,98,27,191,2025-07-14 02:05:23,In Stock,LOT-30914,Humidity controlled
1954,1954,183,71,112,26,158,2025-09-24 02:05:23,In Stock,LOT-36391,Humidity controlled
1955,1955,130,66,64,58,91,2025-04-11 02:05:23,In Stock,LOT-02574,Keep away from sunlight
1956,1956,42,16,26,96,158,2024-11-11 02:05:23,backordered,LOT-32630,Refrigerated
1957,1957,274,104,170,19,118,2024-12-12 02:05:23,In Stock,LOT-39752,Refrigerated
1958,1958,365,190,175,82,180,2024-12-27 02:05:23,In Stock,LOT-45086,Refrigerated
1959,1959,214,210,4,29,130,2025-03-24 02:05:23,backordered,LOT-40355,Keep away from sunlight
1960,1960,13,9,4,41,69,2025-06-16 02:05:23,backordered,LOT-33803,Cool and dry place
1961,1961,272,56,216,97,190,2025-04-07 02:05:23,In Stock,LOT-39685,Cool and dry place
1962,1962,168,163,5,21,142,2025-05-15 02:05:23,backordered,LOT-27017,Room temperature
1963,1963,74,28,46,45,52,2025-09-12 02:05:23,In Stock,LOT-13023,Keep away from sunlight
1964,1964,496,113,383,58,76,2025-08-30 02:05:23,In Stock,LOT-21298,Refrigerated
1965,1965,269,156,113,85,175,2025-09-14 02:05:23,In Stock,LOT-33816,Humidity controlled
1966,1966,178,146,32,46,191,2025-06-16 02:05:23,backordered,LOT-74233,Humidity controlled
1967,1967,50,3,47,31,131,2025-04-16 02:05:23,In Stock,LOT-62934,Refrigerated
1968,1968,176,173,3,78,191,2025-01-01 02:05:23,backordered,LOT-49734,Keep away from sunlight
1969,1969,244,151,93,26,116,2025-10-28 02:05:23,In Stock,LOT-71566,Humidity controlled
1970,1970,365,79,286,94,82,2025-08-20 02:05:23,In Stock,LOT-27768,Keep away from sunlight
1971,1971,290,136,154,16,144,2024-11-04 02:05:23,In Stock,LOT-96270,Refrigerated
1972,1972,347,311,36,63,167,2025-07-31 02:05:23,backordered,LOT-66149,Keep away from sunlight
1973,1973,181,119,62,74,123,2025-06-13 02:05:23,backordered,LOT-82824,Keep away from sunlight
1974,1974,266,117,149,49,72,2025-05-29 02:05:23,In Stock,LOT-67474,Keep away from sunlight
1975,1975,394,160,234,21,70,2025-09-23 02:05:23,In Stock,LOT-68971,Refrigerated
1976,1976,483,47,436,31,197,2025-10-03 02:05:23,In Stock,LOT-52732,Cool and dry place
1977,1977,380,146,234,80,176,2025-10-27 02:05:23,In Stock,LOT-30085,Keep away from sunlight
1978,1978,346,260,86,27,172,2025-02-20 02:05:23,In Stock,LOT-76665,Humidity controlled
1979,1979,350,346,4,78,81,2025-04-08 02:05:23,backordered,LOT-67491,Cool and dry place
1980,1980,315,97,218,10,158,2024-11-07 02:05:23,In Stock,LOT-60169,Humidity controlled
1981,1981,383,176,207,41,185,2024-11-16 02:05:23,In Stock,LOT-23645,Humidity controlled
1982,1982,21,19,2,67,93,2024-11-21 02:05:23,backordered,LOT-87506,Humidity controlled
1983,1983,462,115,347,32,69,2025-04-28 02:05:23,In Stock,LOT-63370,Refrigerated
1984,1984,263,180,83,16,158,2025-02-21 02:05:23,In Stock,LOT-50249,Keep away from sunlight
1985,1985,87,47,40,24,136,2024-11-19 02:05:23,In Stock,LOT-72439,Refrigerated
1986,1986,425,276,149,25,124,2025-06-01 02:05:23,In Stock,LOT-92011,Keep away from sunlight
1987,1987,150,67,83,37,50,2024-12-13 02:05:23,In Stock,LOT-66918,Humidity controlled
1988,1988,201,55,146,49,181,2025-10-14 02:05:23,In Stock,LOT-36264,Keep away from sunlight
1989,1989,456,316,140,72,64,2025-05-03 02:05:23,In Stock,LOT-48869,Cool and dry place
1990,1990,315,235,80,52,126,2025-05-04 02:05:23,In Stock,LOT-46119,Cool and dry place
1991,1991,2,1,1,33,152,2025-05-04 02:05:23,backordered,LOT-52436,Cool and dry place
1992,1992,51,27,24,72,100,2025-09-19 02:05:23,backordered,LOT-40270,Humidity controlled
1993,1993,263,78,185,62,81,2025-02-25 02:05:23,In Stock,LOT-11686,Cool and dry place
1994,1994,79,32,47,38,170,2025-04-13 02:05:23,In Stock,LOT-46225,Room temperature
1995,1995,153,93,60,64,96,2025-01-31 02:05:23,backordered,LOT-22372,Room temperature
1996,1996,55,28,27,94,162,2025-08-11 02:05:23,backordered,LOT-81793,Refrigerated
1997,1997,181,111,70,10,141,2024-11-03 02:05:23,In Stock,LOT-23023,Refrigerated
1998,1998,56,12,44,46,60,2025-08-25 02:05:23,backordered,LOT-46791,Keep away from sunlight
1999,1999,215,190,25,52,58,2025-08-11 02:05:23,backordered,LOT-21416,Refrigerated
2000,2000,485,245,240,95,118,2025-09-02 02:05:23,In Stock,LOT-14150,Keep away from sunlight
2001,2001,250,140,110,73,82,2025-05-19 02:05:23,In Stock,LOT-93771,Keep away from sunlight
2002,2002,256,199,57,26,78,2025-09-07 02:05:23,In Stock,LOT-00409,Cool and dry place
2003,2003,64,19,45,54,178,2025-10-26 02:05:23,backordered,LOT-01380,Refrigerated
2004,2004,26,21,5,53,159,2024-12-31 02:05:23,backordered,LOT-69847,Cool and dry place
2005,2005,222,122,100,47,122,2025-02-26 02:05:23,In Stock,LOT-75965,Cool and dry place
2006,2006,389,219,170,41,89,2025-02-13 02:05:23,In Stock,LOT-55535,Refrigerated
2007,2007,127,71,56,24,117,2024-11-08 02:05:23,In Stock,LOT-66905,Refrigerated
2008,2008,341,219,122,35,171,2024-11-05 02:05:23,In Stock,LOT-51076,Cool and dry place
2009,2009,358,257,101,88,96,2025-07-28 02:05:23,In Stock,LOT-20918,Humidity controlled
2010,2010,322,76,246,39,80,2025-08-26 02:05:23,In Stock,LOT-43579,Keep away from sunlight
2011,2011,19,8,11,34,87,2025-03-28 02:05:23,backordered,LOT-78630,Cool and dry place
2012,2012,315,102,213,21,63,2025-04-21 02:05:23,In Stock,LOT-50505,Keep away from sunlight
2013,2013,268,156,112,99,109,2025-07-11 02:05:23,In Stock,LOT-73976,Room temperature
2014,2014,218,122,96,17,180,2025-03-28 02:05:23,In Stock,LOT-91567,Cool and dry place
2015,2015,155,28,127,44,143,2025-06-11 02:05:23,In Stock,LOT-16493,Room temperature
2016,2016,364,214,150,41,131,2025-10-08 02:05:23,In Stock,LOT-28980,Refrigerated
2017,2017,20,0,20,16,132,2025-07-16 02:05:23,In Stock,LOT-27148,Room temperature
2018,2018,241,71,170,87,75,2025-03-26 02:05:23,In Stock,LOT-72717,Refrigerated
2019,2019,129,125,4,56,135,2025-05-30 02:05:23,backordered,LOT-83332,Cool and dry place
2020,2020,49,42,7,11,191,2025-08-27 02:05:23,backordered,LOT-11602,Room temperature
2021,2021,184,92,92,85,185,2024-12-27 02:05:23,In Stock,LOT-56434,Room temperature
2022,2022,121,83,38,45,103,2025-01-06 02:05:23,backordered,LOT-71287,Keep away from sunlight
2023,2023,44,6,38,26,80,2025-10-11 02:05:23,In Stock,LOT-15399,Humidity controlled
2024,2024,495,467,28,93,98,2025-07-26 02:05:23,backordered,LOT-15668,Keep away from sunlight
2025,2025,473,50,423,19,189,2024-12-20 02:05:23,In Stock,LOT-63341,Room temperature
2026,2026,154,121,33,35,186,2025-08-15 02:05:23,backordered,LOT-41115,Cool and dry place
2027,2027,65,24,41,63,190,2024-11-02 02:05:23,backordered,LOT-93195,Room temperature
2028,2028,456,449,7,81,138,2025-04-28 02:05:23,backordered,LOT-25690,Keep away from sunlight
2029,2029,322,60,262,65,67,2025-02-27 02:05:23,In Stock,LOT-40983,Keep away from sunlight
2030,2030,268,257,11,12,92,2024-12-30 02:05:23,backordered,LOT-66552,Room temperature
2031,2031,356,66,290,47,61,2025-01-16 02:05:23,In Stock,LOT-89931,Cool and dry place
2032,2032,406,355,51,34,151,2025-02-21 02:05:23,In Stock,LOT-60875,Humidity controlled
2033,2033,445,262,183,19,92,2025-03-22 02:05:23,In Stock,LOT-24377,Humidity controlled
2034,2034,196,143,53,59,152,2024-12-26 02:05:23,backordered,LOT-29420,Room temperature
2035,2035,105,23,82,10,90,2025-01-13 02:05:23,In Stock,LOT-95481,Refrigerated
2036,2036,303,4,299,75,166,2025-02-17 02:05:23,In Stock,LOT-49737,Humidity controlled
2037,2037,132,77,55,38,125,2024-11-04 02:05:23,In Stock,LOT-46052,Room temperature
2038,2038,282,60,222,31,107,2025-10-09 02:05:23,In Stock,LOT-33027,Humidity controlled
2039,2039,121,37,84,15,87,2025-06-12 02:05:23,In Stock,LOT-64208,Refrigerated
2040,2040,138,13,125,92,113,2025-07-17 02:05:23,In Stock,LOT-65675,Humidity controlled
2041,2041,59,0,59,93,138,2024-12-13 02:05:23,backordered,LOT-66184,Humidity controlled
2042,2042,497,188,309,51,71,2024-11-05 02:05:23,In Stock,LOT-43861,Humidity controlled
2043,2043,135,34,101,62,125,2025-05-19 02:05:23,In Stock,LOT-25904,Cool and dry place
2044,2044,320,5,315,55,106,2025-06-11 02:05:23,In Stock,LOT-72927,Refrigerated
2045,2045,131,4,127,78,199,2025-09-08 02:05:23,In Stock,LOT-74233,Keep away from sunlight
2046,2046,484,334,150,42,191,2025-07-19 02:05:23,In Stock,LOT-30591,Keep away from sunlight
2047,2047,112,41,71,44,102,2025-01-08 02:05:23,In Stock,LOT-26620,Keep away from sunlight
2048,2048,79,57,22,39,161,2025-04-27 02:05:23,backordered,LOT-15720,Refrigerated
2049,2049,461,245,216,21,176,2025-08-01 02:05:23,In Stock,LOT-18596,Keep away from sunlight
2050,2050,94,22,72,34,195,2025-02-23 02:05:23,In Stock,LOT-26301,Refrigerated
2051,2051,331,144,187,12,129,2025-08-10 02:05:23,In Stock,LOT-36749,Refrigerated
2052,2052,418,201,217,97,98,2025-09-27 02:05:23,In Stock,LOT-26176,Refrigerated
2053,2053,36,27,9,41,166,2024-12-06 02:05:23,backordered,LOT-47501,Keep away from sunlight
2054,2054,51,46,5,77,85,2025-10-26 02:05:23,backordered,LOT-11178,Humidity controlled
2055,2055,51,24,27,59,55,2025-09-06 02:05:23,backordered,LOT-30999,Cool and dry place
2056,2056,390,329,61,15,83,2025-06-27 02:05:23,In Stock,LOT-74192,Cool and dry place
2057,2057,137,36,101,90,53,2025-10-28 02:05:23,In Stock,LOT-67649,Cool and dry place
2058,2058,277,173,104,100,71,2025-07-21 02:05:23,In Stock,LOT-21518,Refrigerated
2059,2059,245,194,51,82,163,2025-08-10 02:05:23,backordered,LOT-26068,Room temperature
2060,2060,169,122,47,29,112,2025-10-04 02:05:23,In Stock,LOT-88718,Humidity controlled
2061,2061,354,136,218,90,189,2025-08-30 02:05:23,In Stock,LOT-98131,Cool and dry place
2062,2062,422,22,400,23,189,2025-06-03 02:05:23,In Stock,LOT-29208,Cool and dry place
2063,2063,261,212,49,28,50,2025-07-10 02:05:23,In Stock,LOT-75102,Cool and dry place
2064,2064,116,54,62,59,87,2025-05-05 02:05:23,In Stock,LOT-93218,Room temperature
2065,2065,115,112,3,97,148,2024-11-15 02:05:23,backordered,LOT-40118,Cool and dry place
2066,2066,251,43,208,24,107,2025-09-10 02:05:23,In Stock,LOT-45826,Room temperature
2067,2067,182,19,163,88,135,2025-09-02 02:05:23,In Stock,LOT-03408,Room temperature
2068,2068,472,470,2,20,61,2024-12-27 02:05:23,backordered,LOT-48729,Refrigerated
2069,2069,91,54,37,77,135,2024-12-29 02:05:23,backordered,LOT-75859,Refrigerated
2070,2070,347,217,130,29,127,2024-12-17 02:05:23,In Stock,LOT-88310,Room temperature
2071,2071,178,26,152,44,177,2024-11-28 02:05:23,In Stock,LOT-30324,Room temperature
2072,2072,477,135,342,19,50,2025-08-17 02:05:23,In Stock,LOT-32983,Refrigerated
2073,2073,163,37,126,59,164,2025-03-02 02:05:23,In Stock,LOT-95429,Cool and dry place
2074,2074,57,36,21,64,121,2025-08-19 02:05:23,backordered,LOT-61844,Cool and dry place
2075,2075,165,32,133,33,148,2025-05-05 02:05:23,In Stock,LOT-62671,Room temperature
2076,2076,253,108,145,71,155,2024-12-28 02:05:23,In Stock,LOT-46283,Room temperature
2077,2077,70,31,39,59,157,2025-01-24 02:05:23,backordered,LOT-14359,Keep away from sunlight
2078,2078,275,273,2,73,186,2025-01-31 02:05:23,backordered,LOT-89262,Refrigerated
2079,2079,196,21,175,84,157,2025-02-05 02:05:23,In Stock,LOT-56609,Humidity controlled
2080,2080,397,355,42,38,72,2025-07-04 02:05:23,In Stock,LOT-31418,Room temperature
2081,2081,1,0,1,12,142,2025-01-20 02:05:23,backordered,LOT-18615,Keep away from sunlight
2082,2082,490,68,422,24,65,2025-05-07 02:05:23,In Stock,LOT-15542,Room temperature
2083,2083,434,434,0,27,125,2025-03-11 02:05:23,backordered,LOT-34016,Refrigerated
2084,2084,427,282,145,63,112,2025-07-17 02:05:23,In Stock,LOT-36112,Refrigerated
2085,2085,28,23,5,27,80,2024-11-10 02:05:23,backordered,LOT-84971,Refrigerated
2086,2086,193,187,6,13,158,2025-04-25 02:05:23,backordered,LOT-85948,Cool and dry place
2087,2087,359,54,305,94,198,2025-09-25 02:05:23,In Stock,LOT-49102,Keep away from sunlight
2088,2088,428,304,124,30,57,2025-08-18 02:05:23,In Stock,LOT-56258,Room temperature
2089,2089,72,10,62,41,69,2025-10-26 02:05:23,In Stock,LOT-89679,Humidity controlled
2090,2090,425,416,9,63,88,2025-07-31 02:05:23,backordered,LOT-24082,Keep away from sunlight
2091,2091,380,71,309,77,126,2025-03-06 02:05:23,In Stock,LOT-22694,Keep away from sunlight
2092,2092,369,172,197,66,53,2025-06-08 02:05:23,In Stock,LOT-05396,Cool and dry place
2093,2093,79,7,72,92,58,2024-12-27 02:05:23,backordered,LOT-72757,Refrigerated
2094,2094,257,82,175,11,151,2025-03-30 02:05:23,In Stock,LOT-84468,Keep away from sunlight
2095,2095,283,132,151,83,178,2025-05-29 02:05:23,In Stock,LOT-34146,Refrigerated
2096,2096,216,40,176,44,73,2025-02-07 02:05:23,In Stock,LOT-51113,Keep away from sunlight
2097,2097,500,486,14,26,104,2025-04-10 02:05:23,backordered,LOT-12901,Humidity controlled
2098,2098,28,7,21,60,97,2025-01-19 02:05:23,backordered,LOT-48706,Humidity controlled
2099,2099,430,39,391,98,169,2025-03-02 02:05:23,In Stock,LOT-82778,Room temperature
2100,2100,334,328,6,61,147,2025-08-09 02:05:23,backordered,LOT-81609,Cool and dry place
2101,2101,411,190,221,92,158,2025-07-25 02:05:23,In Stock,LOT-30685,Room temperature
2102,2102,55,6,49,19,142,2024-12-28 02:05:23,In Stock,LOT-38909,Room temperature
2103,2103,14,3,11,46,91,2025-01-28 02:05:23,backordered,LOT-72832,Cool and dry place
2104,2104,33,13,20,86,52,2025-05-27 02:05:23,backordered,LOT-15285,Refrigerated
2105,2105,282,103,179,91,58,2025-07-01 02:05:23,In Stock,LOT-06762,Room temperature
2106,2106,43,36,7,82,61,2025-01-17 02:05:23,backordered,LOT-51538,Keep away from sunlight
2107,2107,23,1,22,50,73,2025-05-27 02:05:23,backordered,LOT-14474,Cool and dry place
2108,2108,182,72,110,60,178,2025-07-25 02:05:23,In Stock,LOT-43096,Room temperature
2109,2109,384,200,184,55,83,2024-11-07 02:05:23,In Stock,LOT-34807,Cool and dry place
2110,2110,169,104,65,74,75,2025-02-17 02:05:23,backordered,LOT-97050,Refrigerated
2111,2111,12,9,3,58,172,2025-01-05 02:05:23,backordered,LOT-97545,Cool and dry place
2112,2112,148,41,107,29,168,2025-09-22 02:05:23,In Stock,LOT-10526,Cool and dry place
2113,2113,487,367,120,39,105,2024-11-18 02:05:23,In Stock,LOT-50167,Refrigerated
2114,2114,393,367,26,30,178,2025-02-10 02:05:23,backordered,LOT-31882,Humidity controlled
2115,2115,333,267,66,53,164,2025-08-26 02:05:23,In Stock,LOT-61702,Room temperature
2116,2116,148,92,56,89,160,2025-10-12 02:05:23,backordered,LOT-43765,Keep away from sunlight
2117,2117,122,26,96,88,69,2025-08-15 02:05:23,In Stock,LOT-45628,Humidity controlled
2118,2118,321,254,67,22,53,2025-08-20 02:05:23,In Stock,LOT-41772,Room temperature
2119,2119,280,44,236,73,74,2025-03-14 02:05:23,In Stock,LOT-25605,Room temperature
2120,2120,86,37,49,30,67,2025-06-11 02:05:23,In Stock,LOT-31340,Humidity controlled
2121,2121,186,90,96,21,68,2025-08-02 02:05:23,In Stock,LOT-26650,Keep away from sunlight
2122,2122,132,121,11,42,163,2024-12-04 02:05:23,backordered,LOT-23741,Refrigerated
2123,2123,481,63,418,82,174,2025-10-12 02:05:23,In Stock,LOT-67872,Room temperature
2124,2124,439,146,293,61,154,2024-12-19 02:05:23,In Stock,LOT-56862,Refrigerated
2125,2125,225,93,132,75,130,2025-04-24 02:05:23,In Stock,LOT-11022,Cool and dry place
2126,2126,349,211,138,74,165,2025-06-20 02:05:23,In Stock,LOT-58030,Cool and dry place
2127,2127,317,29,288,41,193,2025-10-28 02:05:23,In Stock,LOT-56906,Refrigerated
2128,2128,436,53,383,47,146,2025-08-12 02:05:23,In Stock,LOT-74471,Humidity controlled
2129,2129,204,18,186,38,149,2025-03-10 02:05:23,In Stock,LOT-63928,Cool and dry place
2130,2130,178,119,59,69,186,2025-03-08 02:05:23,backordered,LOT-23414,Cool and dry place
2131,2131,43,11,32,23,151,2025-03-25 02:05:23,In Stock,LOT-36371,Refrigerated
2132,2132,205,84,121,18,131,2025-05-10 02:05:23,In Stock,LOT-89239,Humidity controlled
2133,2133,248,54,194,99,171,2025-09-04 02:05:23,In Stock,LOT-23126,Room temperature
2134,2134,232,9,223,79,89,2025-03-06 02:05:23,In Stock,LOT-04326,Refrigerated
2135,2135,327,109,218,50,195,2025-10-16 02:05:23,In Stock,LOT-09310,Humidity controlled
2136,2136,396,194,202,17,142,2025-03-26 02:05:23,In Stock,LOT-66843,Keep away from sunlight
2137,2137,109,6,103,37,55,2024-11-16 02:05:23,In Stock,LOT-35670,Keep away from sunlight
2138,2138,138,64,74,91,95,2025-09-20 02:05:23,backordered,LOT-86041,Refrigerated
2139,2139,35,17,18,61,70,2025-06-02 02:05:23,backordered,LOT-45456,Keep away from sunlight
2140,2140,446,214,232,77,104,2024-11-24 02:05:23,In Stock,LOT-35020,Room temperature
2141,2141,94,6,88,21,159,2025-05-10 02:05:23,In Stock,LOT-00534,Room temperature
2142,2142,84,25,59,54,157,2025-02-28 02:05:23,In Stock,LOT-74916,Keep away from sunlight
2143,2143,274,82,192,99,161,2025-05-04 02:05:23,In Stock,LOT-24755,Humidity controlled
2144,2144,199,2,197,81,100,2025-09-23 02:05:23,In Stock,LOT-41108,Humidity controlled
2145,2145,315,74,241,51,131,2025-10-25 02:05:23,In Stock,LOT-25559,Refrigerated
2146,2146,459,234,225,28,177,2025-05-23 02:05:23,In Stock,LOT-89534,Cool and dry place
2147,2147,405,345,60,62,117,2025-02-08 02:05:23,backordered,LOT-39611,Cool and dry place
2148,2148,230,213,17,26,165,2024-12-09 02:05:23,backordered,LOT-29109,Humidity controlled
2149,2149,49,2,47,37,98,2025-03-31 02:05:23,In Stock,LOT-33711,Humidity controlled
2150,2150,396,85,311,86,146,2025-07-14 02:05:23,In Stock,LOT-89547,Room temperature
2151,2151,107,24,83,96,197,2025-10-25 02:05:23,backordered,LOT-38202,Room temperature
2152,2152,416,186,230,12,127,2025-05-28 02:05:23,In Stock,LOT-36848,Humidity controlled
2153,2153,419,63,356,99,177,2024-12-04 02:05:23,In Stock,LOT-55716,Keep away from sunlight
2154,2154,211,105,106,55,140,2025-01-28 02:05:23,In Stock,LOT-17688,Keep away from sunlight
2155,2155,267,171,96,24,95,2025-03-12 02:05:23,In Stock,LOT-02942,Keep away from sunlight
2156,2156,191,45,146,80,91,2025-01-28 02:05:23,In Stock,LOT-40903,Keep away from sunlight
2157,2157,195,72,123,94,161,2024-12-12 02:05:23,In Stock,LOT-67881,Room temperature
2158,2158,359,317,42,22,72,2025-09-09 02:05:23,In Stock,LOT-27868,Cool and dry place
2159,2159,332,8,324,88,155,2025-09-09 02:05:23,In Stock,LOT-66943,Keep away from sunlight
2160,2160,383,319,64,79,75,2024-12-12 02:05:23,backordered,LOT-20293,Keep away from sunlight
2161,2161,257,16,241,95,124,2025-03-31 02:05:23,In Stock,LOT-90878,Refrigerated
2162,2162,114,99,15,68,191,2025-04-20 02:05:23,backordered,LOT-84434,Cool and dry place
2163,2163,100,60,40,25,139,2025-03-09 02:05:23,In Stock,LOT-48123,Keep away from sunlight
2164,2164,464,420,44,92,151,2025-10-29 02:05:23,backordered,LOT-08340,Room temperature
2165,2165,400,114,286,74,122,2025-06-17 02:05:23,In Stock,LOT-24240,Room temperature
2166,2166,157,106,51,96,111,2025-10-30 02:05:23,backordered,LOT-33810,Keep away from sunlight
2167,2167,16,0,16,13,89,2025-04-24 02:05:23,In Stock,LOT-59551,Humidity controlled
2168,2168,419,379,40,86,131,2025-05-14 02:05:23,backordered,LOT-84269,Refrigerated
2169,2169,491,292,199,65,111,2025-01-21 02:05:23,In Stock,LOT-45005,Keep away from sunlight
2170,2170,98,78,20,92,150,2025-10-06 02:05:23,backordered,LOT-34240,Humidity controlled
2171,2171,219,32,187,91,149,2025-08-05 02:05:23,In Stock,LOT-89164,Keep away from sunlight
2172,2172,462,162,300,76,90,2025-03-23 02:05:23,In Stock,LOT-98373,Refrigerated
2173,2173,50,45,5,26,179,2025-09-02 02:05:23,backordered,LOT-54396,Humidity controlled
2174,2174,401,200,201,90,116,2025-01-22 02:05:23,In Stock,LOT-27365,Refrigerated
2175,2175,485,165,320,36,73,2025-09-15 02:05:23,In Stock,LOT-27172,Cool and dry place
2176,2176,223,2,221,90,89,2025-10-18 02:05:23,In Stock,LOT-72239,Humidity controlled
2177,2177,362,278,84,20,196,2025-04-20 02:05:23,In Stock,LOT-72404,Cool and dry place
2178,2178,380,375,5,26,166,2024-12-12 02:05:23,backordered,LOT-22693,Room temperature
2179,2179,95,30,65,93,106,2025-06-02 02:05:23,backordered,LOT-12163,Refrigerated
2180,2180,274,125,149,58,116,2024-11-29 02:05:23,In Stock,LOT-76182,Cool and dry place
2181,2181,140,21,119,28,55,2024-12-10 02:05:23,In Stock,LOT-09166,Humidity controlled
2182,2182,443,52,391,24,167,2024-12-31 02:05:23,In Stock,LOT-01002,Cool and dry place
2183,2183,54,9,45,46,117,2025-08-01 02:05:23,backordered,LOT-31429,Cool and dry place
2184,2184,39,31,8,56,103,2025-04-15 02:05:23,backordered,LOT-00185,Cool and dry place
2185,2185,251,203,48,12,155,2025-09-25 02:05:23,In Stock,LOT-13279,Keep away from sunlight
2186,2186,491,320,171,19,103,2024-11-15 02:05:23,In Stock,LOT-72457,Keep away from sunlight
2187,2187,192,80,112,91,165,2025-08-11 02:05:23,In Stock,LOT-23084,Refrigerated
2188,2188,152,2,150,32,195,2024-12-13 02:05:23,In Stock,LOT-81001,Humidity controlled
2189,2189,437,16,421,25,137,2025-05-08 02:05:23,In Stock,LOT-84186,Keep away from sunlight
2190,2190,314,307,7,79,51,2025-08-12 02:05:23,backordered,LOT-20303,Humidity controlled
2191,2191,379,130,249,25,99,2024-12-26 02:05:23,In Stock,LOT-66254,Cool and dry place
2192,2192,274,11,263,76,181,2025-08-15 02:05:23,In Stock,LOT-36172,Refrigerated
2193,2193,443,186,257,24,105,2025-10-17 02:05:23,In Stock,LOT-13145,Room temperature
2194,2194,70,28,42,20,82,2025-06-17 02:05:23,In Stock,LOT-19515,Room temperature
2195,2195,246,51,195,21,139,2024-11-04 02:05:23,In Stock,LOT-10922,Humidity controlled
2196,2196,333,150,183,69,176,2025-03-23 02:05:23,In Stock,LOT-68592,Humidity controlled
2197,2197,484,204,280,34,114,2025-08-05 02:05:23,In Stock,LOT-62494,Refrigerated
2198,2198,351,143,208,60,76,2025-01-07 02:05:23,In Stock,LOT-51475,Humidity controlled
2199,2199,159,42,117,36,174,2025-03-25 02:05:23,In Stock,LOT-41022,Keep away from sunlight
2200,2200,216,152,64,44,131,2024-12-18 02:05:23,In Stock,LOT-52677,Cool and dry place
2201,2201,310,196,114,64,101,2025-01-15 02:05:23,In Stock,LOT-11964,Room temperature
2202,2202,191,161,30,18,165,2025-08-08 02:05:23,In Stock,LOT-21522,Cool and dry place
2203,2203,490,261,229,42,200,2025-04-06 02:05:23,In Stock,LOT-65576,Room temperature
2204,2204,309,271,38,55,151,2025-10-17 02:05:23,backordered,LOT-76952,Cool and dry place
2205,2205,92,41,51,64,97,2025-05-02 02:05:23,backordered,LOT-36687,Refrigerated
2206,2206,37,13,24,94,145,2025-04-25 02:05:23,backordered,LOT-88788,Refrigerated
2207,2207,399,160,239,25,52,2025-05-22 02:05:23,In Stock,LOT-36196,Cool and dry place
2208,2208,367,168,199,37,169,2025-01-15 02:05:23,In Stock,LOT-89313,Room temperature
2209,2209,460,119,341,81,66,2025-04-18 02:05:23,In Stock,LOT-50305,Room temperature
2210,2210,308,108,200,77,105,2025-09-10 02:05:23,In Stock,LOT-87210,Humidity controlled
2211,2211,142,19,123,83,157,2024-11-17 02:05:23,In Stock,LOT-55247,Keep away from sunlight
2212,2212,162,81,81,35,100,2025-10-07 02:05:23,In Stock,LOT-28633,Keep away from sunlight
2213,2213,255,23,232,45,157,2025-09-01 02:05:23,In Stock,LOT-30212,Cool and dry place
2214,2214,231,43,188,86,133,2025-01-03 02:05:23,In Stock,LOT-60650,Keep away from sunlight
2215,2215,121,73,48,12,122,2025-10-23 02:05:23,In Stock,LOT-19179,Humidity controlled
2216,2216,2,1,1,46,83,2025-04-09 02:05:23,backordered,LOT-20252,Cool and dry place
2217,2217,458,273,185,77,60,2025-05-13 02:05:23,In Stock,LOT-13109,Cool and dry place
2218,2218,35,30,5,22,156,2025-05-31 02:05:23,backordered,LOT-62272,Room temperature
2219,2219,162,88,74,61,70,2025-01-21 02:05:23,In Stock,LOT-84765,Room temperature
2220,2220,252,156,96,16,150,2025-06-02 02:05:23,In Stock,LOT-70412,Keep away from sunlight
2221,2221,252,217,35,92,81,2025-04-24 02:05:23,backordered,LOT-00928,Humidity controlled
2222,2222,52,1,51,38,62,2025-10-27 02:05:23,In Stock,LOT-20667,Refrigerated
2223,2223,53,20,33,98,161,2025-07-09 02:05:23,backordered,LOT-84984,Refrigerated
2224,2224,45,12,33,57,187,2025-10-30 02:05:23,backordered,LOT-36241,Cool and dry place
2225,2225,132,11,121,24,62,2025-05-30 02:05:23,In Stock,LOT-86236,Cool and dry place
2226,2226,135,84,51,98,147,2025-06-16 02:05:23,backordered,LOT-90362,Refrigerated
2227,2227,473,70,403,84,167,2025-09-01 02:05:23,In Stock,LOT-89177,Refrigerated
2228,2228,163,37,126,84,155,2024-12-10 02:05:23,In Stock,LOT-56620,Keep away from sunlight
2229,2229,342,62,280,76,185,2025-07-01 02:05:23,In Stock,LOT-56341,Humidity controlled
2230,2230,244,169,75,72,121,2025-05-21 02:05:23,In Stock,LOT-11595,Keep away from sunlight
2231,2231,115,11,104,43,125,2024-11-02 02:05:23,In Stock,LOT-03428,Cool and dry place
2232,2232,180,142,38,41,102,2024-11-11 02:05:23,backordered,LOT-11390,Cool and dry place
2233,2233,38,31,7,17,104,2025-10-26 02:05:23,backordered,LOT-43830,Refrigerated
2234,2234,239,209,30,59,98,2025-02-25 02:05:23,backordered,LOT-34199,Cool and dry place
2235,2235,174,53,121,85,185,2025-02-11 02:05:23,In Stock,LOT-09700,Room temperature
2236,2236,389,159,230,100,166,2024-12-01 02:05:23,In Stock,LOT-51405,Refrigerated
2237,2237,434,258,176,23,83,2025-07-12 02:05:23,In Stock,LOT-46835,Room temperature
2238,2238,197,115,82,89,181,2025-07-21 02:05:23,backordered,LOT-65215,Keep away from sunlight
2239,2239,96,8,88,45,158,2025-08-09 02:05:23,In Stock,LOT-68182,Room temperature
2240,2240,487,445,42,83,76,2025-08-18 02:05:23,backordered,LOT-09679,Keep away from sunlight
2241,2241,448,54,394,24,111,2025-10-24 02:05:23,In Stock,LOT-04227,Keep away from sunlight
2242,2242,95,34,61,13,171,2024-11-28 02:05:23,In Stock,LOT-11332,Humidity controlled
2243,2243,231,90,141,43,80,2025-01-24 02:05:23,In Stock,LOT-28898,Cool and dry place
2244,2244,181,110,71,37,88,2025-04-12 02:05:23,In Stock,LOT-57254,Humidity controlled
2245,2245,220,130,90,52,63,2025-03-21 02:05:23,In Stock,LOT-59606,Room temperature
2246,2246,189,25,164,16,147,2025-03-30 02:05:23,In Stock,LOT-33991,Refrigerated
2247,2247,150,48,102,61,95,2025-01-01 02:05:23,In Stock,LOT-29710,Room temperature
2248,2248,271,252,19,76,160,2025-09-07 02:05:23,backordered,LOT-24817,Cool and dry place
2249,2249,330,127,203,24,106,2025-09-04 02:05:23,In Stock,LOT-17524,Cool and dry place
2250,2250,458,18,440,83,118,2025-07-02 02:05:23,In Stock,LOT-21495,Cool and dry place
2251,2251,272,51,221,45,107,2024-12-19 02:05:23,In Stock,LOT-51127,Keep away from sunlight
2252,2252,200,100,100,22,106,2024-11-12 02:05:23,In Stock,LOT-47472,Room temperature
2253,2253,253,52,201,31,102,2025-05-08 02:05:23,In Stock,LOT-19705,Room temperature
2254,2254,361,305,56,46,50,2025-09-14 02:05:23,In Stock,LOT-46692,Refrigerated
2255,2255,257,244,13,49,111,2025-08-06 02:05:23,backordered,LOT-75895,Room temperature
2256,2256,348,35,313,31,97,2025-05-15 02:05:23,In Stock,LOT-51687,Keep away from sunlight
2257,2257,72,1,71,95,171,2025-03-27 02:05:23,backordered,LOT-40903,Room temperature
2258,2258,10,2,8,43,69,2025-08-06 02:05:23,backordered,LOT-80214,Cool and dry place
2259,2259,304,180,124,70,199,2025-11-01 02:05:23,In Stock,LOT-62961,Keep away from sunlight
2260,2260,447,126,321,70,78,2025-10-09 02:05:23,In Stock,LOT-36715,Cool and dry place
2261,2261,290,148,142,39,184,2025-02-17 02:05:23,In Stock,LOT-77871,Refrigerated
2262,2262,386,75,311,22,75,2025-05-30 02:05:23,In Stock,LOT-12166,Room temperature
2263,2263,231,125,106,54,189,2025-06-23 02:05:23,In Stock,LOT-36515,Keep away from sunlight
2264,2264,129,93,36,68,53,2025-05-05 02:05:23,backordered,LOT-59737,Room temperature
2265,2265,363,170,193,76,173,2025-09-05 02:05:23,In Stock,LOT-14708,Room temperature
2266,2266,351,265,86,91,55,2025-08-18 02:05:23,backordered,LOT-27235,Keep away from sunlight
2267,2267,438,112,326,94,86,2025-05-03 02:05:23,In Stock,LOT-90960,Keep away from sunlight
2268,2268,15,7,8,83,160,2025-05-01 02:05:23,backordered,LOT-56730,Refrigerated
2269,2269,381,45,336,34,146,2024-12-09 02:05:23,In Stock,LOT-30644,Cool and dry place
2270,2270,494,140,354,90,189,2025-03-16 02:05:23,In Stock,LOT-21214,Humidity controlled
2271,2271,89,33,56,96,139,2025-05-16 02:05:23,backordered,LOT-61476,Keep away from sunlight
2272,2272,301,213,88,45,129,2025-07-27 02:05:23,In Stock,LOT-83420,Cool and dry place
2273,2273,296,266,30,99,137,2024-12-23 02:05:23,backordered,LOT-16542,Cool and dry place
2274,2274,221,203,18,68,195,2025-05-08 02:05:23,backordered,LOT-35677,Room temperature
2275,2275,56,0,56,73,87,2025-03-08 02:05:23,backordered,LOT-82659,Refrigerated
2276,2276,267,148,119,89,192,2024-11-26 02:05:23,In Stock,LOT-60893,Refrigerated
2277,2277,155,124,31,46,66,2025-06-04 02:05:23,backordered,LOT-19925,Cool and dry place
2278,2278,232,10,222,37,122,2025-01-02 02:05:23,In Stock,LOT-50272,Cool and dry place
2279,2279,27,15,12,49,51,2025-03-26 02:05:23,backordered,LOT-75164,Room temperature
2280,2280,338,0,338,16,114,2025-08-23 02:05:23,In Stock,LOT-80727,Room temperature
2281,2281,449,145,304,74,193,2025-08-14 02:05:23,In Stock,LOT-91033,Cool and dry place
2282,2282,365,138,227,28,100,2025-03-25 02:05:23,In Stock,LOT-68296,Humidity controlled
2283,2283,470,41,429,47,106,2025-10-16 02:05:23,In Stock,LOT-35339,Keep away from sunlight
2284,2284,477,181,296,41,148,2025-03-30 02:05:23,In Stock,LOT-05504,Keep away from sunlight
2285,2285,495,462,33,22,116,2025-05-31 02:05:23,In Stock,LOT-48177,Humidity controlled
2286,2286,159,44,115,82,161,2024-11-19 02:05:23,In Stock,LOT-66558,Room temperature
2287,2287,411,296,115,27,101,2025-06-26 02:05:23,In Stock,LOT-68512,Refrigerated
2288,2288,213,141,72,35,127,2025-05-29 02:05:23,In Stock,LOT-76528,Cool and dry place
2289,2289,152,145,7,90,168,2025-01-26 02:05:23,backordered,LOT-92866,Refrigerated
2290,2290,192,111,81,22,85,2025-02-05 02:05:23,In Stock,LOT-46491,Keep away from sunlight
2291,2291,355,160,195,74,141,2025-03-07 02:05:23,In Stock,LOT-11109,Room temperature
2292,2292,218,119,99,63,155,2025-03-10 02:05:23,In Stock,LOT-61798,Cool and dry place
2293,2293,467,286,181,13,157,2025-09-17 02:05:23,In Stock,LOT-17890,Refrigerated
2294,2294,314,154,160,41,198,2025-02-12 02:05:23,In Stock,LOT-46337,Room temperature
2295,2295,65,37,28,16,150,2025-08-29 02:05:23,In Stock,LOT-86137,Keep away from sunlight
2296,2296,343,3,340,69,182,2025-03-11 02:05:23,In Stock,LOT-15766,Cool and dry place
2297,2297,43,3,40,44,77,2025-05-15 02:05:23,backordered,LOT-05384,Humidity controlled
2298,2298,49,18,31,82,173,2024-11-13 02:05:23,backordered,LOT-44463,Room temperature
2299,2299,442,31,411,25,199,2024-11-21 02:05:23,In Stock,LOT-06000,Humidity controlled
2300,2300,378,367,11,16,102,2025-02-10 02:05:23,backordered,LOT-25895,Refrigerated
2301,2301,287,253,34,27,107,2024-11-21 02:05:23,In Stock,LOT-52963,Refrigerated
2302,2302,154,79,75,10,174,2024-12-17 02:05:23,In Stock,LOT-86396,Refrigerated
2303,2303,58,4,54,10,89,2024-12-27 02:05:23,In Stock,LOT-09626,Cool and dry place
2304,2304,266,49,217,41,102,2025-09-09 02:05:23,In Stock,LOT-26582,Keep away from sunlight
2305,2305,12,8,4,66,150,2025-10-04 02:05:23,backordered,LOT-63128,Cool and dry place
2306,2306,153,103,50,71,97,2025-07-04 02:05:23,backordered,LOT-19648,Humidity controlled
2307,2307,133,112,21,94,81,2025-03-25 02:05:23,backordered,LOT-25311,Refrigerated
2308,2308,325,11,314,33,86,2024-11-30 02:05:23,In Stock,LOT-06092,Refrigerated
2309,2309,87,65,22,99,189,2025-07-22 02:05:23,backordered,LOT-09819,Keep away from sunlight
2310,2310,245,74,171,47,75,2025-01-04 02:05:23,In Stock,LOT-60275,Keep away from sunlight
2311,2311,188,170,18,45,150,2025-04-18 02:05:23,backordered,LOT-23343,Cool and dry place
2312,2312,237,106,131,64,87,2025-10-18 02:05:23,In Stock,LOT-83640,Room temperature
2313,2313,234,30,204,82,149,2025-10-27 02:05:23,In Stock,LOT-41209,Humidity controlled
2314,2314,155,8,147,92,163,2025-10-11 02:05:23,In Stock,LOT-11791,Room temperature
2315,2315,492,71,421,69,167,2025-06-13 02:05:23,In Stock,LOT-12442,Cool and dry place
2316,2316,81,45,36,74,178,2025-07-17 02:05:23,backordered,LOT-11753,Room temperature
2317,2317,462,361,101,77,149,2025-02-12 02:05:23,In Stock,LOT-61706,Cool and dry place
2318,2318,89,83,6,29,140,2024-12-01 02:05:23,backordered,LOT-17136,Humidity controlled
2319,2319,173,117,56,27,121,2024-11-29 02:05:23,In Stock,LOT-65722,Room temperature
2320,2320,472,201,271,18,173,2025-04-23 02:05:23,In Stock,LOT-40299,Keep away from sunlight
2321,2321,310,92,218,83,179,2024-11-29 02:05:23,In Stock,LOT-01557,Humidity controlled
2322,2322,132,33,99,99,132,2025-01-04 02:05:23,In Stock,LOT-99802,Humidity controlled
2323,2323,178,149,29,89,153,2025-09-28 02:05:23,backordered,LOT-84139,Cool and dry place
2324,2324,15,5,10,39,74,2024-11-26 02:05:23,backordered,LOT-08088,Cool and dry place
2325,2325,255,243,12,51,109,2025-07-03 02:05:23,backordered,LOT-23513,Cool and dry place
2326,2326,460,450,10,32,148,2025-03-31 02:05:23,backordered,LOT-05231,Cool and dry place
2327,2327,31,16,15,24,59,2025-09-25 02:05:23,backordered,LOT-24473,Keep away from sunlight
2328,2328,390,191,199,87,57,2025-08-04 02:05:23,In Stock,LOT-15847,Room temperature
2329,2329,55,44,11,67,146,2025-08-25 02:05:23,backordered,LOT-76863,Humidity controlled
2330,2330,284,102,182,35,114,2025-02-23 02:05:23,In Stock,LOT-42346,Keep away from sunlight
2331,2331,347,146,201,38,101,2025-08-11 02:05:23,In Stock,LOT-19942,Keep away from sunlight
2332,2332,416,270,146,34,72,2025-01-07 02:05:23,In Stock,LOT-37676,Cool and dry place
2333,2333,322,49,273,36,58,2025-08-22 02:05:23,In Stock,LOT-94591,Cool and dry place
2334,2334,184,104,80,82,189,2025-09-26 02:05:23,backordered,LOT-96639,Room temperature
2335,2335,94,87,7,92,185,2025-02-20 02:05:23,backordered,LOT-55172,Refrigerated
2336,2336,426,106,320,83,171,2025-02-18 02:05:23,In Stock,LOT-08496,Room temperature
2337,2337,182,158,24,81,85,2025-09-28 02:05:23,backordered,LOT-49856,Keep away from sunlight
2338,2338,218,160,58,58,68,2025-01-14 02:05:23,In Stock,LOT-01256,Cool and dry place
2339,2339,65,38,27,22,80,2025-02-19 02:05:23,In Stock,LOT-25313,Refrigerated
2340,2340,26,19,7,79,134,2025-10-21 02:05:23,backordered,LOT-55251,Refrigerated
2341,2341,420,148,272,42,149,2024-11-06 02:05:23,In Stock,LOT-05053,Room temperature
2342,2342,34,10,24,46,69,2025-02-01 02:05:23,backordered,LOT-79538,Humidity controlled
2343,2343,123,109,14,76,178,2025-05-26 02:05:23,backordered,LOT-16493,Keep away from sunlight
2344,2344,316,29,287,79,78,2025-01-07 02:05:23,In Stock,LOT-83184,Keep away from sunlight
2345,2345,479,469,10,43,57,2025-10-16 02:05:23,backordered,LOT-91966,Room temperature
2346,2346,215,66,149,35,135,2025-10-02 02:05:23,In Stock,LOT-55330,Refrigerated
2347,2347,104,70,34,52,65,2025-07-04 02:05:23,backordered,LOT-77046,Keep away from sunlight
2348,2348,37,36,1,88,59,2025-05-08 02:05:23,backordered,LOT-11729,Cool and dry place
2349,2349,486,213,273,86,70,2025-01-23 02:05:23,In Stock,LOT-59639,Keep away from sunlight
2350,2350,484,66,418,44,60,2025-09-09 02:05:23,In Stock,LOT-04090,Cool and dry place
2351,2351,254,129,125,38,139,2025-03-26 02:05:23,In Stock,LOT-74260,Keep away from sunlight
2352,2352,155,58,97,12,64,2025-10-19 02:05:23,In Stock,LOT-88050,Refrigerated
2353,2353,273,194,79,97,54,2025-01-23 02:05:23,backordered,LOT-17164,Keep away from sunlight
2354,2354,26,12,14,58,82,2025-03-26 02:05:23,backordered,LOT-45561,Keep away from sunlight
2355,2355,281,70,211,24,162,2025-09-02 02:05:23,In Stock,LOT-85790,Humidity controlled
2356,2356,462,188,274,55,99,2025-05-10 02:05:23,In Stock,LOT-64771,Keep away from sunlight
2357,2357,470,29,441,40,109,2025-09-15 02:05:23,In Stock,LOT-59103,Humidity controlled
2358,2358,5,1,4,62,187,2025-01-15 02:05:23,backordered,LOT-00215,Cool and dry place
2359,2359,410,7,403,41,64,2025-09-23 02:05:23,In Stock,LOT-63213,Cool and dry place
2360,2360,64,56,8,33,122,2025-10-10 02:05:23,backordered,LOT-58004,Room temperature
2361,2361,179,154,25,93,112,2025-06-05 02:05:23,backordered,LOT-01041,Refrigerated
2362,2362,310,203,107,71,81,2024-11-30 02:05:23,In Stock,LOT-45964,Cool and dry place
2363,2363,39,16,23,79,102,2025-02-21 02:05:23,backordered,LOT-22971,Room temperature
2364,2364,459,439,20,38,163,2024-11-01 02:05:23,backordered,LOT-25296,Room temperature
2365,2365,482,187,295,80,124,2024-12-02 02:05:23,In Stock,LOT-71883,Refrigerated
2366,2366,269,136,133,50,188,2025-02-17 02:05:23,In Stock,LOT-97745,Cool and dry place
2367,2367,27,11,16,62,174,2025-06-11 02:05:23,backordered,LOT-73144,Cool and dry place
2368,2368,104,17,87,76,109,2025-05-29 02:05:23,In Stock,LOT-15833,Humidity controlled
2369,2369,107,15,92,57,86,2025-10-14 02:05:23,In Stock,LOT-11703,Refrigerated
2370,2370,357,225,132,93,166,2025-09-04 02:05:23,In Stock,LOT-03763,Cool and dry place
2371,2371,255,17,238,44,121,2025-01-04 02:05:23,In Stock,LOT-71539,Keep away from sunlight
2372,2372,153,21,132,17,121,2024-12-24 02:05:23,In Stock,LOT-88547,Keep away from sunlight
2373,2373,253,4,249,58,148,2025-03-19 02:05:23,In Stock,LOT-28123,Cool and dry place
2374,2374,114,26,88,58,97,2024-11-29 02:05:23,In Stock,LOT-56798,Keep away from sunlight
2375,2375,272,26,246,94,128,2025-10-16 02:05:23,In Stock,LOT-36314,Humidity controlled
2376,2376,390,178,212,13,136,2025-06-20 02:05:23,In Stock,LOT-62491,Humidity controlled
2377,2377,110,96,14,13,137,2024-12-18 02:05:23,In Stock,LOT-27113,Keep away from sunlight
2378,2378,443,218,225,17,77,2025-01-22 02:05:23,In Stock,LOT-07240,Keep away from sunlight
2379,2379,487,369,118,96,123,2025-02-01 02:05:23,In Stock,LOT-78754,Keep away from sunlight
2380,2380,217,146,71,82,182,2025-06-21 02:05:23,backordered,LOT-18156,Refrigerated
2381,2381,491,195,296,69,110,2025-08-26 02:05:23,In Stock,LOT-32686,Cool and dry place
2382,2382,143,70,73,20,113,2025-01-28 02:05:23,In Stock,LOT-85074,Room temperature
2383,2383,172,146,26,60,59,2024-12-21 02:05:23,backordered,LOT-51066,Room temperature
2384,2384,185,68,117,94,114,2024-12-02 02:05:23,In Stock,LOT-34362,Humidity controlled
2385,2385,6,0,6,49,195,2024-11-28 02:05:23,backordered,LOT-94897,Room temperature
2386,2386,428,135,293,32,163,2025-03-10 02:05:23,In Stock,LOT-86103,Cool and dry place
2387,2387,225,2,223,69,59,2025-05-02 02:05:23,In Stock,LOT-13100,Keep away from sunlight
2388,2388,326,284,42,37,154,2025-10-03 02:05:23,In Stock,LOT-94318,Humidity controlled
2389,2389,480,40,440,45,191,2025-05-25 02:05:23,In Stock,LOT-14396,Cool and dry place
2390,2390,225,46,179,43,120,2025-06-22 02:05:23,In Stock,LOT-66134,Keep away from sunlight
2391,2391,65,29,36,90,94,2025-08-18 02:05:23,backordered,LOT-73235,Humidity controlled
2392,2392,335,25,310,39,79,2024-12-01 02:05:23,In Stock,LOT-49401,Cool and dry place
2393,2393,94,87,7,74,162,2025-01-09 02:05:23,backordered,LOT-28974,Room temperature
2394,2394,21,17,4,39,65,2024-11-01 02:05:23,backordered,LOT-32512,Room temperature
2395,2395,499,131,368,12,140,2025-01-29 02:05:23,In Stock,LOT-25720,Cool and dry place
2396,2396,307,120,187,54,77,2025-09-23 02:05:23,In Stock,LOT-76502,Humidity controlled
2397,2397,227,28,199,75,69,2025-07-03 02:05:23,In Stock,LOT-41209,Refrigerated
2398,2398,166,146,20,57,156,2025-09-26 02:05:23,backordered,LOT-57907,Keep away from sunlight
2399,2399,448,144,304,28,56,2025-05-18 02:05:23,In Stock,LOT-37100,Humidity controlled
2400,2400,403,184,219,52,154,2024-12-03 02:05:23,In Stock,LOT-94388,Room temperature
2401,2401,240,75,165,89,57,2025-08-11 02:05:23,In Stock,LOT-22114,Room temperature
2402,2402,22,9,13,29,56,2025-09-08 02:05:23,backordered,LOT-57758,Humidity controlled
2403,2403,108,103,5,50,180,2025-02-14 02:05:23,backordered,LOT-47457,Humidity controlled
2404,2404,364,176,188,37,146,2025-01-07 02:05:23,In Stock,LOT-05458,Cool and dry place
2405,2405,336,76,260,58,70,2025-09-23 02:05:23,In Stock,LOT-97148,Refrigerated
2406,2406,289,257,32,83,190,2025-04-01 02:05:23,backordered,LOT-02632,Humidity controlled
2407,2407,375,62,313,77,63,2024-12-26 02:05:23,In Stock,LOT-57039,Keep away from sunlight
2408,2408,337,268,69,76,162,2025-05-23 02:05:23,backordered,LOT-65313,Room temperature
2409,2409,99,73,26,47,112,2025-05-17 02:05:23,backordered,LOT-61487,Refrigerated
2410,2410,409,393,16,56,109,2025-03-13 02:05:23,backordered,LOT-82455,Room temperature
2411,2411,383,59,324,98,111,2025-03-19 02:05:23,In Stock,LOT-69644,Keep away from sunlight
2412,2412,185,20,165,55,193,2025-02-16 02:05:23,In Stock,LOT-30985,Cool and dry place
2413,2413,468,185,283,93,173,2024-12-27 02:05:23,In Stock,LOT-91679,Refrigerated
2414,2414,229,201,28,63,108,2025-01-14 02:05:23,backordered,LOT-54107,Refrigerated
2415,2415,473,275,198,41,154,2024-11-21 02:05:23,In Stock,LOT-27284,Humidity controlled
2416,2416,340,70,270,87,116,2025-06-08 02:05:23,In Stock,LOT-98247,Room temperature
2417,2417,160,30,130,20,154,2025-03-31 02:05:23,In Stock,LOT-41407,Humidity controlled
2418,2418,75,73,2,73,100,2025-08-01 02:05:23,backordered,LOT-03491,Keep away from sunlight
2419,2419,7,2,5,25,157,2025-06-20 02:05:23,backordered,LOT-07406,Humidity controlled
2420,2420,364,240,124,22,82,2025-10-15 02:05:23,In Stock,LOT-50042,Keep away from sunlight
2421,2421,12,11,1,31,68,2025-08-26 02:05:23,backordered,LOT-54882,Humidity controlled
2422,2422,443,271,172,59,158,2025-05-04 02:05:23,In Stock,LOT-14236,Refrigerated
2423,2423,205,178,27,81,111,2024-11-02 02:05:23,backordered,LOT-91430,Room temperature
2424,2424,60,21,39,53,77,2025-10-09 02:05:23,backordered,LOT-75366,Cool and dry place
2425,2425,378,181,197,67,154,2024-12-14 02:05:23,In Stock,LOT-61449,Keep away from sunlight
2426,2426,379,223,156,47,172,2024-11-08 02:05:23,In Stock,LOT-42965,Refrigerated
2427,2427,375,93,282,85,180,2025-09-20 02:05:23,In Stock,LOT-92342,Refrigerated
2428,2428,458,3,455,85,144,2024-11-21 02:05:23,In Stock,LOT-68344,Keep away from sunlight
2429,2429,194,82,112,66,95,2025-02-14 02:05:23,In Stock,LOT-14978,Humidity controlled
2430,2430,143,24,119,39,126,2025-02-22 02:05:23,In Stock,LOT-26612,Room temperature
2431,2431,24,18,6,76,184,2025-01-09 02:05:23,backordered,LOT-87585,Humidity controlled
2432,2432,432,218,214,46,132,2025-04-19 02:05:23,In Stock,LOT-75676,Room temperature
2433,2433,387,91,296,28,60,2025-07-17 02:05:23,In Stock,LOT-67080,Keep away from sunlight
2434,2434,265,142,123,83,130,2025-09-12 02:05:23,In Stock,LOT-61294,Room temperature
2435,2435,145,42,103,25,123,2025-06-14 02:05:23,In Stock,LOT-39852,Keep away from sunlight
2436,2436,224,57,167,31,123,2025-06-22 02:05:23,In Stock,LOT-98940,Humidity controlled
2437,2437,385,54,331,39,121,2025-08-21 02:05:23,In Stock,LOT-62607,Cool and dry place
2438,2438,105,70,35,75,93,2025-10-18 02:05:23,backordered,LOT-87010,Humidity controlled
2439,2439,462,20,442,79,187,2025-07-25 02:05:23,In Stock,LOT-41591,Cool and dry place
2440,2440,250,213,37,13,144,2025-07-20 02:05:23,In Stock,LOT-49750,Room temperature
2441,2441,482,292,190,64,163,2025-02-08 02:05:23,In Stock,LOT-19803,Refrigerated
2442,2442,425,232,193,47,78,2024-11-05 02:05:23,In Stock,LOT-82872,Cool and dry place
2443,2443,227,227,0,65,176,2025-06-20 02:05:23,backordered,LOT-32440,Cool and dry place
2444,2444,442,70,372,45,79,2025-05-04 02:05:23,In Stock,LOT-79311,Cool and dry place
2445,2445,381,113,268,19,133,2025-08-13 02:05:23,In Stock,LOT-02918,Humidity controlled
2446,2446,171,70,101,68,181,2024-11-22 02:05:23,In Stock,LOT-13317,Cool and dry place
2447,2447,361,352,9,50,59,2025-03-25 02:05:23,backordered,LOT-08760,Cool and dry place
2448,2448,477,361,116,76,131,2025-07-27 02:05:23,In Stock,LOT-14672,Humidity controlled
2449,2449,338,320,18,14,52,2025-06-29 02:05:23,In Stock,LOT-38497,Refrigerated
2450,2450,300,192,108,38,100,2025-06-19 02:05:23,In Stock,LOT-91620,Keep away from sunlight
2451,2451,77,62,15,33,177,2025-06-10 02:05:23,backordered,LOT-22328,Refrigerated
2452,2452,101,81,20,21,182,2025-07-15 02:05:23,backordered,LOT-83774,Cool and dry place
2453,2453,222,17,205,72,192,2024-12-24 02:05:23,In Stock,LOT-41975,Refrigerated
2454,2454,363,91,272,14,157,2024-11-14 02:05:23,In Stock,LOT-46617,Room temperature
2455,2455,314,194,120,90,199,2025-07-04 02:05:23,In Stock,LOT-66204,Room temperature
2456,2456,247,135,112,94,96,2025-06-01 02:05:23,In Stock,LOT-71960,Refrigerated
2457,2457,448,149,299,95,174,2025-02-24 02:05:23,In Stock,LOT-94097,Keep away from sunlight
2458,2458,306,182,124,79,173,2025-06-03 02:05:23,In Stock,LOT-05277,Cool and dry place
2459,2459,112,14,98,46,157,2025-03-18 02:05:23,In Stock,LOT-40258,Room temperature
2460,2460,126,84,42,64,79,2025-08-03 02:05:23,backordered,LOT-83586,Keep away from sunlight
2461,2461,489,163,326,94,79,2025-05-08 02:05:23,In Stock,LOT-81225,Keep away from sunlight
2462,2462,360,65,295,71,175,2024-12-29 02:05:23,In Stock,LOT-95724,Keep away from sunlight
2463,2463,351,120,231,13,124,2025-06-17 02:05:23,In Stock,LOT-46176,Humidity controlled
2464,2464,110,108,2,62,65,2025-01-18 02:05:23,backordered,LOT-79298,Room temperature
2465,2465,133,81,52,62,150,2025-03-20 02:05:23,backordered,LOT-84259,Keep away from sunlight
2466,2466,204,66,138,16,118,2025-02-26 02:05:23,In Stock,LOT-95996,Refrigerated
2467,2467,173,162,11,15,128,2025-03-17 02:05:23,backordered,LOT-10023,Keep away from sunlight
2468,2468,113,73,40,31,187,2025-07-19 02:05:23,In Stock,LOT-11775,Cool and dry place
2469,2469,485,314,171,88,134,2025-08-27 02:05:23,In Stock,LOT-33126,Humidity controlled
2470,2470,276,10,266,12,147,2025-09-16 02:05:23,In Stock,LOT-61094,Room temperature
2471,2471,467,180,287,80,66,2024-12-01 02:05:23,In Stock,LOT-10175,Cool and dry place
2472,2472,265,107,158,56,187,2025-07-23 02:05:23,In Stock,LOT-90251,Refrigerated
2473,2473,429,274,155,60,108,2025-06-06 02:05:23,In Stock,LOT-76298,Refrigerated
2474,2474,466,191,275,52,155,2025-07-14 02:05:23,In Stock,LOT-33477,Humidity controlled
2475,2475,375,127,248,11,59,2025-10-22 02:05:23,In Stock,LOT-43326,Humidity controlled
2476,2476,52,32,20,60,174,2025-10-11 02:05:23,backordered,LOT-83190,Refrigerated
2477,2477,144,77,67,13,108,2024-12-13 02:05:23,In Stock,LOT-13020,Refrigerated
2478,2478,17,8,9,25,146,2024-12-01 02:05:23,backordered,LOT-56981,Keep away from sunlight
2479,2479,67,34,33,20,69,2025-09-25 02:05:23,In Stock,LOT-52873,Humidity controlled
2480,2480,369,360,9,63,55,2025-10-25 02:05:23,backordered,LOT-39785,Humidity controlled
2481,2481,309,77,232,22,200,2025-04-15 02:05:23,In Stock,LOT-59821,Refrigerated
2482,2482,425,310,115,49,132,2025-03-29 02:05:23,In Stock,LOT-76619,Humidity controlled
2483,2483,380,11,369,48,120,2025-03-12 02:05:23,In Stock,LOT-12841,Refrigerated
2484,2484,51,16,35,93,197,2025-03-05 02:05:23,backordered,LOT-17309,Keep away from sunlight
2485,2485,149,109,40,21,106,2025-04-07 02:05:23,In Stock,LOT-85034,Humidity controlled
2486,2486,142,123,19,46,186,2025-02-15 02:05:23,backordered,LOT-46512,Refrigerated
2487,2487,195,4,191,73,150,2025-04-25 02:05:23,In Stock,LOT-41893,Humidity controlled
2488,2488,365,55,310,67,107,2025-01-10 02:05:23,In Stock,LOT-89846,Cool and dry place
2489,2489,203,197,6,39,164,2025-04-26 02:05:23,backordered,LOT-90819,Keep away from sunlight
2490,2490,288,55,233,92,129,2025-05-15 02:05:23,In Stock,LOT-74005,Refrigerated
2491,2491,414,322,92,20,74,2025-01-18 02:05:23,In Stock,LOT-64350,Refrigerated
2492,2492,106,62,44,85,113,2025-09-20 02:05:23,backordered,LOT-23850,Refrigerated
2493,2493,206,157,49,70,183,2025-01-15 02:05:23,backordered,LOT-37199,Refrigerated
2494,2494,30,24,6,73,114,2025-04-05 02:05:23,backordered,LOT-05169,Room temperature
2495,2495,379,172,207,29,59,2025-05-21 02:05:23,In Stock,LOT-91872,Humidity controlled
2496,2496,306,208,98,10,118,2024-11-13 02:05:23,In Stock,LOT-40107,Refrigerated
2497,2497,386,287,99,72,189,2025-02-19 02:05:23,In Stock,LOT-83567,Room temperature
2498,2498,491,333,158,40,132,2025-03-10 02:05:23,In Stock,LOT-43000,Keep away from sunlight
2499,2499,263,41,222,23,158,2024-11-08 02:05:23,In Stock,LOT-38960,Cool and dry place
2500,2500,192,32,160,11,91,2025-02-08 02:05:23,In Stock,LOT-87066,Cool and dry place
2501,2501,85,25,60,66,79,2025-10-13 02:05:23,backordered,LOT-26682,Keep away from sunlight
2502,2502,253,43,210,90,184,2025-02-25 02:05:23,In Stock,LOT-17195,Refrigerated
2503,2503,383,280,103,63,152,2025-10-28 02:05:23,In Stock,LOT-53560,Room temperature
2504,2504,60,27,33,47,119,2025-02-07 02:05:23,backordered,LOT-33190,Room temperature
2505,2505,314,190,124,82,92,2025-08-21 02:05:23,In Stock,LOT-36890,Room temperature
2506,2506,267,104,163,88,145,2025-02-09 02:05:23,In Stock,LOT-03010,Humidity controlled
2507,2507,128,120,8,69,103,2025-05-16 02:05:23,backordered,LOT-27240,Refrigerated
2508,2508,84,67,17,70,52,2025-05-23 02:05:23,backordered,LOT-55934,Keep away from sunlight
2509,2509,91,19,72,70,67,2025-10-30 02:05:23,In Stock,LOT-29671,Room temperature
2510,2510,359,96,263,35,74,2025-01-30 02:05:23,In Stock,LOT-11483,Keep away from sunlight
2511,2511,169,24,145,17,169,2025-01-01 02:05:23,In Stock,LOT-75374,Refrigerated
2512,2512,34,22,12,91,193,2025-07-09 02:05:23,backordered,LOT-58438,Room temperature
2513,2513,321,7,314,34,120,2025-06-09 02:05:23,In Stock,LOT-45881,Keep away from sunlight
2514,2514,299,156,143,57,153,2025-06-24 02:05:23,In Stock,LOT-05697,Humidity controlled
2515,2515,277,103,174,19,89,2025-09-10 02:05:23,In Stock,LOT-41328,Refrigerated
2516,2516,143,45,98,43,194,2025-09-10 02:05:23,In Stock,LOT-34831,Refrigerated
2517,2517,408,267,141,85,148,2025-05-16 02:05:23,In Stock,LOT-52037,Humidity controlled
2518,2518,395,303,92,87,120,2024-12-21 02:05:23,In Stock,LOT-71070,Keep away from sunlight
2519,2519,107,21,86,10,109,2025-07-14 02:05:23,In Stock,LOT-44964,Cool and dry place
2520,2520,475,411,64,88,87,2025-08-20 02:05:23,backordered,LOT-10496,Refrigerated
2521,2521,243,223,20,10,132,2025-09-23 02:05:23,In Stock,LOT-70667,Cool and dry place
2522,2522,70,65,5,66,158,2024-11-26 02:05:23,backordered,LOT-03362,Keep away from sunlight
2523,2523,167,77,90,74,80,2025-07-01 02:05:23,In Stock,LOT-68040,Humidity controlled
2524,2524,201,96,105,59,171,2025-05-04 02:05:23,In Stock,LOT-85095,Room temperature
2525,2525,429,267,162,50,185,2025-09-22 02:05:23,In Stock,LOT-49305,Humidity controlled
2526,2526,431,109,322,31,121,2024-11-02 02:05:23,In Stock,LOT-96601,Refrigerated
2527,2527,430,223,207,81,163,2025-02-24 02:05:23,In Stock,LOT-86487,Room temperature
2528,2528,350,61,289,81,161,2024-12-03 02:05:23,In Stock,LOT-69984,Room temperature
2529,2529,91,3,88,56,169,2024-11-23 02:05:23,In Stock,LOT-26732,Room temperature
2530,2530,372,217,155,37,193,2025-07-27 02:05:23,In Stock,LOT-04413,Keep away from sunlight
2531,2531,191,45,146,11,100,2025-03-20 02:05:23,In Stock,LOT-84596,Room temperature
2532,2532,269,99,170,10,200,2025-05-27 02:05:23,In Stock,LOT-09454,Room temperature
2533,2533,48,23,25,42,178,2025-10-26 02:05:23,backordered,LOT-49014,Humidity controlled
2534,2534,139,8,131,92,120,2024-12-08 02:05:23,In Stock,LOT-95427,Keep away from sunlight
2535,2535,203,11,192,99,114,2025-06-14 02:05:23,In Stock,LOT-70707,Cool and dry place
2536,2536,497,292,205,13,170,2024-12-25 02:05:23,In Stock,LOT-05783,Keep away from sunlight
2537,2537,251,44,207,70,189,2025-09-09 02:05:23,In Stock,LOT-60914,Cool and dry place
2538,2538,189,7,182,88,89,2024-11-05 02:05:23,In Stock,LOT-98517,Refrigerated
2539,2539,445,435,10,26,71,2025-04-01 02:05:23,backordered,LOT-24447,Cool and dry place
2540,2540,28,14,14,91,65,2025-05-25 02:05:23,backordered,LOT-23229,Cool and dry place
2541,2541,439,278,161,45,99,2024-12-01 02:05:23,In Stock,LOT-03102,Humidity controlled
2542,2542,377,8,369,52,131,2024-11-03 02:05:23,In Stock,LOT-87950,Refrigerated
2543,2543,463,300,163,56,182,2025-10-25 02:05:23,In Stock,LOT-83044,Keep away from sunlight
2544,2544,213,170,43,95,65,2025-09-29 02:05:23,backordered,LOT-05809,Refrigerated
2545,2545,422,389,33,74,87,2025-06-18 02:05:23,backordered,LOT-35118,Cool and dry place
2546,2546,88,56,32,15,120,2024-12-25 02:05:23,In Stock,LOT-71813,Refrigerated
2547,2547,352,258,94,62,94,2024-12-11 02:05:23,In Stock,LOT-35956,Cool and dry place
2548,2548,159,70,89,81,139,2025-09-02 02:05:23,In Stock,LOT-16420,Room temperature
2549,2549,238,145,93,99,72,2025-01-16 02:05:23,backordered,LOT-59556,Keep away from sunlight
2550,2550,45,7,38,21,96,2025-09-18 02:05:23,In Stock,LOT-57490,Refrigerated
2551,2551,162,151,11,90,55,2025-08-07 02:05:23,backordered,LOT-25042,Cool and dry place
2552,2552,111,81,30,57,167,2025-09-21 02:05:23,backordered,LOT-90193,Refrigerated
2553,2553,157,48,109,26,129,2025-10-05 02:05:23,In Stock,LOT-58895,Keep away from sunlight
2554,2554,361,146,215,32,121,2025-08-22 02:05:23,In Stock,LOT-36902,Humidity controlled
2555,2555,161,105,56,38,98,2025-06-15 02:05:23,In Stock,LOT-61139,Refrigerated
2556,2556,90,37,53,43,162,2025-06-19 02:05:23,In Stock,LOT-89868,Cool and dry place
2557,2557,250,90,160,84,143,2025-05-07 02:05:23,In Stock,LOT-18097,Humidity controlled
2558,2558,230,212,18,90,93,2025-10-14 02:05:23,backordered,LOT-88754,Humidity controlled
2559,2559,197,39,158,78,195,2025-07-17 02:05:23,In Stock,LOT-39435,Keep away from sunlight
2560,2560,177,165,12,97,123,2025-07-18 02:05:23,backordered,LOT-35375,Room temperature
2561,2561,358,257,101,80,118,2025-09-16 02:05:23,In Stock,LOT-13765,Humidity controlled
2562,2562,395,107,288,43,105,2025-03-07 02:05:23,In Stock,LOT-15881,Room temperature
2563,2563,16,3,13,76,97,2025-03-03 02:05:23,backordered,LOT-57937,Refrigerated
2564,2564,239,150,89,51,145,2025-01-17 02:05:23,In Stock,LOT-63928,Keep away from sunlight
2565,2565,337,301,36,14,132,2024-11-07 02:05:23,In Stock,LOT-36929,Cool and dry place
2566,2566,322,183,139,11,90,2025-03-31 02:05:23,In Stock,LOT-44551,Keep away from sunlight
2567,2567,171,86,85,92,75,2025-07-29 02:05:23,backordered,LOT-16682,Room temperature
2568,2568,156,41,115,69,189,2025-07-29 02:05:23,In Stock,LOT-97327,Cool and dry place
2569,2569,224,207,17,88,166,2025-01-02 02:05:23,backordered,LOT-02164,Humidity controlled
2570,2570,355,222,133,61,171,2025-06-30 02:05:23,In Stock,LOT-87120,Room temperature
2571,2571,370,191,179,86,136,2025-02-27 02:05:23,In Stock,LOT-60212,Keep away from sunlight
2572,2572,153,10,143,39,179,2025-09-07 02:05:23,In Stock,LOT-88665,Keep away from sunlight
2573,2573,218,198,20,44,197,2025-04-10 02:05:23,backordered,LOT-26834,Humidity controlled
2574,2574,14,2,12,75,92,2025-06-01 02:05:23,backordered,LOT-15599,Humidity controlled
2575,2575,494,357,137,77,100,2025-01-15 02:05:23,In Stock,LOT-91015,Refrigerated
2576,2576,66,42,24,16,73,2025-05-27 02:05:23,In Stock,LOT-76764,Refrigerated
2577,2577,410,177,233,68,151,2025-08-09 02:05:23,In Stock,LOT-72298,Keep away from sunlight
2578,2578,0,0,0,35,94,2025-05-31 02:05:23,Out of Stock,LOT-12099,Room temperature
2579,2579,41,11,30,40,102,2025-03-23 02:05:23,backordered,LOT-57657,Cool and dry place
2580,2580,370,125,245,29,192,2025-04-24 02:05:23,In Stock,LOT-28941,Cool and dry place
2581,2581,244,40,204,54,75,2025-03-05 02:05:23,In Stock,LOT-34750,Humidity controlled
2582,2582,351,201,150,99,104,2025-03-05 02:05:23,In Stock,LOT-98898,Keep away from sunlight
2583,2583,425,237,188,100,112,2025-09-13 02:05:23,In Stock,LOT-64565,Keep away from sunlight
2584,2584,65,40,25,27,152,2025-05-18 02:05:23,backordered,LOT-22036,Room temperature
2585,2585,419,345,74,64,150,2025-02-01 02:05:23,In Stock,LOT-84995,Cool and dry place
2586,2586,177,125,52,95,200,2025-10-19 02:05:23,backordered,LOT-15421,Refrigerated
2587,2587,453,311,142,32,110,2025-04-27 02:05:23,In Stock,LOT-44773,Room temperature
2588,2588,174,128,46,10,151,2025-09-23 02:05:23,In Stock,LOT-24491,Refrigerated
2589,2589,70,63,7,34,61,2025-07-16 02:05:23,backordered,LOT-34213,Room temperature
2590,2590,222,23,199,53,148,2024-12-02 02:05:23,In Stock,LOT-88209,Refrigerated
2591,2591,217,38,179,46,129,2025-04-17 02:05:23,In Stock,LOT-08830,Keep away from sunlight
2592,2592,17,8,9,63,95,2025-08-10 02:05:23,backordered,LOT-70534,Keep away from sunlight
2593,2593,349,264,85,23,169,2025-09-20 02:05:23,In Stock,LOT-96782,Room temperature
2594,2594,351,51,300,93,153,2025-10-26 02:05:23,In Stock,LOT-74117,Refrigerated
2595,2595,163,32,131,83,179,2025-04-19 02:05:23,In Stock,LOT-67412,Keep away from sunlight
2596,2596,5,3,2,93,152,2025-03-30 02:05:23,backordered,LOT-41513,Cool and dry place
2597,2597,155,108,47,43,79,2024-12-27 02:05:23,In Stock,LOT-15285,Keep away from sunlight
2598,2598,257,190,67,70,135,2025-02-01 02:05:23,backordered,LOT-47815,Room temperature
2599,2599,57,50,7,32,158,2025-02-02 02:05:23,backordered,LOT-06185,Keep away from sunlight
2600,2600,445,345,100,20,88,2025-10-29 02:05:23,In Stock,LOT-38003,Room temperature
2601,2601,485,478,7,100,116,2025-07-23 02:05:23,backordered,LOT-29633,Humidity controlled
2602,2602,416,314,102,68,161,2025-10-08 02:05:23,In Stock,LOT-47272,Keep away from sunlight
2603,2603,144,10,134,25,175,2025-03-11 02:05:23,In Stock,LOT-74231,Room temperature
2604,2604,25,19,6,97,144,2025-06-25 02:05:23,backordered,LOT-83061,Keep away from sunlight
2605,2605,172,172,0,47,56,2025-01-28 02:05:23,backordered,LOT-78932,Room temperature
2606,2606,91,37,54,55,156,2025-10-24 02:05:23,backordered,LOT-06496,Keep away from sunlight
2607,2607,166,76,90,91,59,2024-12-31 02:05:23,backordered,LOT-93578,Cool and dry place
2608,2608,182,9,173,78,151,2025-06-27 02:05:23,In Stock,LOT-24347,Refrigerated
2609,2609,43,34,9,22,82,2025-08-19 02:05:23,backordered,LOT-76958,Keep away from sunlight
2610,2610,220,70,150,54,167,2024-11-14 02:05:23,In Stock,LOT-74131,Humidity controlled
2611,2611,124,117,7,77,195,2025-03-12 02:05:23,backordered,LOT-46753,Cool and dry place
2612,2612,39,20,19,57,59,2025-08-18 02:05:23,backordered,LOT-61275,Humidity controlled
2613,2613,500,370,130,91,75,2025-04-20 02:05:23,In Stock,LOT-15627,Humidity controlled
2614,2614,371,40,331,53,127,2025-03-30 02:05:23,In Stock,LOT-79630,Keep away from sunlight
2615,2615,11,2,9,42,70,2025-03-25 02:05:23,backordered,LOT-44836,Cool and dry place
2616,2616,406,98,308,83,116,2025-05-30 02:05:23,In Stock,LOT-08545,Humidity controlled
2617,2617,263,124,139,98,62,2025-04-24 02:05:23,In Stock,LOT-66766,Humidity controlled
2618,2618,242,55,187,65,120,2024-11-14 02:05:23,In Stock,LOT-40473,Refrigerated
2619,2619,141,128,13,95,61,2024-12-27 02:05:23,backordered,LOT-50476,Keep away from sunlight
2620,2620,465,92,373,96,122,2025-06-15 02:05:23,In Stock,LOT-39283,Cool and dry place
2621,2621,208,53,155,12,156,2024-11-30 02:05:23,In Stock,LOT-19952,Refrigerated
2622,2622,140,68,72,69,131,2025-09-13 02:05:23,In Stock,LOT-98006,Refrigerated
2623,2623,115,2,113,100,133,2025-07-11 02:05:23,In Stock,LOT-15581,Cool and dry place
2624,2624,313,147,166,87,167,2025-01-04 02:05:23,In Stock,LOT-08358,Keep away from sunlight
2625,2625,325,304,21,52,188,2025-04-16 02:05:23,backordered,LOT-32863,Keep away from sunlight
2626,2626,476,285,191,11,137,2025-05-11 02:05:23,In Stock,LOT-42556,Room temperature
2627,2627,177,113,64,29,168,2025-02-19 02:05:23,In Stock,LOT-38300,Refrigerated
2628,2628,272,87,185,96,149,2025-06-24 02:05:23,In Stock,LOT-08186,Keep away from sunlight
2629,2629,16,2,14,90,174,2025-01-18 02:05:23,backordered,LOT-70244,Room temperature
2630,2630,42,13,29,77,144,2025-05-30 02:05:23,backordered,LOT-03304,Room temperature
2631,2631,384,161,223,67,169,2025-10-17 02:05:23,In Stock,LOT-16624,Refrigerated
2632,2632,319,299,20,31,140,2025-01-16 02:05:23,backordered,LOT-11186,Keep away from sunlight
2633,2633,212,195,17,12,122,2025-01-21 02:05:23,In Stock,LOT-00892,Keep away from sunlight
2634,2634,120,48,72,78,83,2025-04-22 02:05:23,backordered,LOT-19639,Humidity controlled
2635,2635,485,435,50,25,74,2025-04-13 02:05:23,In Stock,LOT-45680,Refrigerated
2636,2636,108,14,94,83,124,2025-08-02 02:05:23,In Stock,LOT-44731,Refrigerated
2637,2637,392,376,16,61,190,2025-04-06 02:05:23,backordered,LOT-49764,Room temperature
2638,2638,384,111,273,63,121,2025-05-22 02:05:23,In Stock,LOT-61368,Room temperature
2639,2639,322,54,268,95,131,2025-02-17 02:05:23,In Stock,LOT-47488,Humidity controlled
2640,2640,272,200,72,38,153,2025-02-21 02:05:23,In Stock,LOT-36076,Keep away from sunlight
2641,2641,146,115,31,30,95,2025-04-11 02:05:23,In Stock,LOT-58173,Room temperature
2642,2642,1,1,0,69,94,2024-11-17 02:05:23,backordered,LOT-90637,Cool and dry place
2643,2643,196,148,48,93,157,2025-04-01 02:05:23,backordered,LOT-57914,Keep away from sunlight
2644,2644,96,81,15,13,107,2025-08-23 02:05:23,In Stock,LOT-52118,Humidity controlled
2645,2645,317,257,60,20,196,2025-04-06 02:05:23,In Stock,LOT-23793,Cool and dry place
2646,2646,166,156,10,41,92,2025-01-14 02:05:23,backordered,LOT-12697,Keep away from sunlight
2647,2647,350,46,304,57,55,2024-12-29 02:05:23,In Stock,LOT-89307,Keep away from sunlight
2648,2648,282,261,21,34,91,2025-03-12 02:05:23,backordered,LOT-46452,Room temperature
2649,2649,370,122,248,32,170,2024-11-02 02:05:23,In Stock,LOT-05996,Refrigerated
2650,2650,165,33,132,47,66,2025-10-17 02:05:23,In Stock,LOT-04387,Refrigerated
2651,2651,295,236,59,68,112,2024-11-16 02:05:23,backordered,LOT-87535,Humidity controlled
2652,2652,227,61,166,32,168,2025-02-18 02:05:23,In Stock,LOT-77881,Cool and dry place
2653,2653,411,309,102,52,90,2025-06-29 02:05:23,In Stock,LOT-16162,Keep away from sunlight
2654,2654,369,35,334,10,58,2024-11-17 02:05:23,In Stock,LOT-02812,Keep away from sunlight
2655,2655,443,266,177,70,148,2025-09-26 02:05:23,In Stock,LOT-37106,Keep away from sunlight
2656,2656,490,133,357,78,80,2024-12-26 02:05:23,In Stock,LOT-72872,Humidity controlled
2657,2657,365,12,353,66,173,2025-10-02 02:05:23,In Stock,LOT-86604,Room temperature
2658,2658,415,203,212,15,143,2025-04-11 02:05:23,In Stock,LOT-16448,Humidity controlled
2659,2659,322,225,97,64,81,2025-09-09 02:05:23,In Stock,LOT-59592,Refrigerated
2660,2660,433,134,299,84,78,2025-08-07 02:05:23,In Stock,LOT-24839,Room temperature
2661,2661,211,168,43,53,86,2025-06-30 02:05:23,backordered,LOT-58947,Keep away from sunlight
2662,2662,107,33,74,22,134,2024-12-08 02:05:23,In Stock,LOT-73522,Cool and dry place
2663,2663,234,230,4,100,175,2025-06-29 02:05:23,backordered,LOT-87056,Room temperature
2664,2664,175,75,100,98,163,2025-05-16 02:05:23,In Stock,LOT-22710,Keep away from sunlight
2665,2665,358,132,226,82,120,2025-01-01 02:05:23,In Stock,LOT-43318,Cool and dry place
2666,2666,389,71,318,28,183,2025-06-07 02:05:23,In Stock,LOT-75109,Cool and dry place
2667,2667,113,112,1,57,194,2025-04-30 02:05:23,backordered,LOT-79215,Room temperature
2668,2668,157,40,117,82,128,2025-03-03 02:05:23,In Stock,LOT-83503,Keep away from sunlight
2669,2669,344,150,194,29,82,2025-08-18 02:05:23,In Stock,LOT-44694,Humidity controlled
2670,2670,149,98,51,42,108,2025-10-18 02:05:23,In Stock,LOT-59648,Refrigerated
2671,2671,298,155,143,28,199,2025-10-26 02:05:23,In Stock,LOT-83192,Room temperature
2672,2672,186,184,2,75,182,2025-04-08 02:05:23,backordered,LOT-13424,Keep away from sunlight
2673,2673,316,87,229,54,89,2025-01-05 02:05:23,In Stock,LOT-91289,Humidity controlled
2674,2674,160,133,27,57,146,2025-02-26 02:05:23,backordered,LOT-65999,Refrigerated
2675,2675,445,268,177,71,94,2025-02-27 02:05:23,In Stock,LOT-49732,Keep away from sunlight
2676,2676,7,1,6,53,107,2025-05-27 02:05:23,backordered,LOT-03319,Refrigerated
2677,2677,114,19,95,45,80,2024-12-04 02:05:23,In Stock,LOT-22270,Refrigerated
2678,2678,182,127,55,68,195,2024-12-10 02:05:23,backordered,LOT-51028,Cool and dry place
2679,2679,430,382,48,77,108,2025-07-21 02:05:23,backordered,LOT-76754,Room temperature
2680,2680,340,16,324,61,75,2025-05-17 02:05:23,In Stock,LOT-81386,Humidity controlled
2681,2681,34,17,17,80,186,2025-01-30 02:05:23,backordered,LOT-66754,Cool and dry place
2682,2682,496,408,88,17,164,2025-01-15 02:05:23,In Stock,LOT-85819,Humidity controlled
2683,2683,126,31,95,42,96,2024-11-13 02:05:23,In Stock,LOT-32426,Refrigerated
2684,2684,116,88,28,68,95,2025-10-12 02:05:23,backordered,LOT-87741,Humidity controlled
2685,2685,136,71,65,21,98,2025-09-30 02:05:23,In Stock,LOT-86520,Refrigerated
2686,2686,267,155,112,17,103,2025-07-08 02:05:23,In Stock,LOT-57563,Refrigerated
2687,2687,299,297,2,71,168,2025-09-12 02:05:23,backordered,LOT-98365,Humidity controlled
2688,2688,451,400,51,16,131,2024-12-12 02:05:23,In Stock,LOT-20375,Cool and dry place
2689,2689,100,61,39,24,163,2025-09-20 02:05:23,In Stock,LOT-83094,Keep away from sunlight
2690,2690,101,12,89,79,200,2025-07-14 02:05:23,In Stock,LOT-51548,Humidity controlled
2691,2691,249,76,173,82,52,2025-01-08 02:05:23,In Stock,LOT-09404,Keep away from sunlight
2692,2692,440,57,383,66,99,2025-01-04 02:05:23,In Stock,LOT-76044,Humidity controlled
2693,2693,386,233,153,10,114,2025-04-07 02:05:23,In Stock,LOT-09079,Humidity controlled
2694,2694,138,126,12,90,95,2025-05-17 02:05:23,backordered,LOT-77278,Humidity controlled
2695,2695,247,131,116,46,126,2025-06-19 02:05:23,In Stock,LOT-10509,Humidity controlled
2696,2696,127,87,40,45,193,2025-02-17 02:05:23,backordered,LOT-22216,Room temperature
2697,2697,320,225,95,24,96,2025-02-25 02:05:23,In Stock,LOT-10705,Cool and dry place
2698,2698,163,130,33,70,176,2025-08-10 02:05:23,backordered,LOT-18439,Refrigerated
2699,2699,33,27,6,96,127,2025-09-14 02:05:23,backordered,LOT-05529,Keep away from sunlight
2700,2700,175,163,12,97,187,2025-07-31 02:05:23,backordered,LOT-58066,Refrigerated
2701,2701,398,55,343,39,104,2025-05-28 02:05:23,In Stock,LOT-01382,Humidity controlled
2702,2702,156,81,75,77,170,2025-09-10 02:05:23,backordered,LOT-41270,Room temperature
2703,2703,474,312,162,36,196,2024-11-22 02:05:23,In Stock,LOT-49386,Refrigerated
2704,2704,165,40,125,34,151,2025-08-06 02:05:23,In Stock,LOT-20448,Refrigerated
2705,2705,312,80,232,51,182,2025-03-04 02:05:23,In Stock,LOT-51579,Humidity controlled
2706,2706,403,213,190,44,108,2025-06-20 02:05:23,In Stock,LOT-19711,Keep away from sunlight
2707,2707,478,438,40,48,144,2025-08-19 02:05:23,backordered,LOT-12125,Room temperature
2708,2708,170,90,80,50,165,2025-05-28 02:05:23,In Stock,LOT-90203,Keep away from sunlight
2709,2709,288,201,87,63,51,2025-04-09 02:05:23,In Stock,LOT-57134,Cool and dry place
2710,2710,495,209,286,55,85,2025-03-13 02:05:23,In Stock,LOT-32406,Room temperature
2711,2711,9,3,6,36,115,2025-06-04 02:05:23,backordered,LOT-42429,Room temperature
2712,2712,12,5,7,64,147,2025-05-19 02:05:23,backordered,LOT-56334,Humidity controlled
2713,2713,286,102,184,37,178,2025-03-21 02:05:23,In Stock,LOT-32447,Room temperature
2714,2714,54,4,50,41,91,2025-05-19 02:05:23,In Stock,LOT-41759,Keep away from sunlight
2715,2715,482,369,113,85,170,2025-10-09 02:05:23,In Stock,LOT-55872,Keep away from sunlight
2716,2716,352,249,103,41,121,2024-12-26 02:05:23,In Stock,LOT-09628,Humidity controlled
2717,2717,192,15,177,22,64,2024-12-09 02:05:23,In Stock,LOT-93654,Room temperature
2718,2718,141,137,4,57,162,2025-06-09 02:05:23,backordered,LOT-35884,Cool and dry place
2719,2719,241,34,207,19,133,2025-04-04 02:05:23,In Stock,LOT-18343,Refrigerated
2720,2720,447,77,370,85,126,2025-01-12 02:05:23,In Stock,LOT-74018,Refrigerated
2721,2721,287,45,242,66,112,2025-05-18 02:05:23,In Stock,LOT-27279,Humidity controlled
2722,2722,279,133,146,81,185,2025-06-05 02:05:23,In Stock,LOT-55969,Cool and dry place
2723,2723,71,8,63,99,130,2025-05-01 02:05:23,backordered,LOT-05150,Keep away from sunlight
2724,2724,382,109,273,33,132,2025-03-07 02:05:23,In Stock,LOT-26755,Refrigerated
2725,2725,235,92,143,52,100,2024-11-20 02:05:23,In Stock,LOT-12542,Room temperature
2726,2726,130,5,125,27,80,2024-12-08 02:05:23,In Stock,LOT-78207,Keep away from sunlight
2727,2727,218,101,117,72,62,2025-02-04 02:05:23,In Stock,LOT-97996,Cool and dry place
2728,2728,467,262,205,57,54,2025-01-16 02:05:23,In Stock,LOT-67345,Keep away from sunlight
2729,2729,16,16,0,51,187,2025-02-23 02:05:23,backordered,LOT-95764,Room temperature
2730,2730,294,170,124,91,67,2025-09-24 02:05:23,In Stock,LOT-03816,Humidity controlled
2731,2731,47,35,12,24,186,2025-08-12 02:05:23,backordered,LOT-64969,Humidity controlled
2732,2732,433,44,389,83,169,2024-12-24 02:05:23,In Stock,LOT-02824,Refrigerated
2733,2733,384,37,347,97,160,2025-06-13 02:05:23,In Stock,LOT-98392,Keep away from sunlight
2734,2734,231,227,4,29,134,2025-09-25 02:05:23,backordered,LOT-25014,Refrigerated
2735,2735,331,294,37,53,166,2025-02-04 02:05:23,backordered,LOT-25762,Keep away from sunlight
2736,2736,455,10,445,61,197,2025-06-04 02:05:23,In Stock,LOT-70232,Cool and dry place
2737,2737,319,199,120,12,52,2025-07-09 02:05:23,In Stock,LOT-44123,Room temperature
2738,2738,218,38,180,43,107,2025-01-06 02:05:23,In Stock,LOT-36132,Room temperature
2739,2739,272,234,38,93,101,2025-01-11 02:05:23,backordered,LOT-85072,Room temperature
2740,2740,457,450,7,83,89,2025-07-28 02:05:23,backordered,LOT-51786,Refrigerated
2741,2741,105,39,66,33,75,2025-10-19 02:05:23,In Stock,LOT-37673,Humidity controlled
2742,2742,308,20,288,26,188,2025-05-07 02:05:23,In Stock,LOT-16252,Cool and dry place
2743,2743,167,80,87,39,103,2025-07-21 02:05:23,In Stock,LOT-65469,Room temperature
2744,2744,83,54,29,44,109,2025-07-13 02:05:23,backordered,LOT-68157,Room temperature
2745,2745,13,2,11,66,81,2025-04-23 02:05:23,backordered,LOT-90392,Cool and dry place
2746,2746,227,222,5,36,147,2025-10-07 02:05:23,backordered,LOT-35558,Keep away from sunlight
2747,2747,224,102,122,35,102,2025-04-21 02:05:23,In Stock,LOT-09961,Humidity controlled
2748,2748,417,63,354,21,94,2025-02-15 02:05:23,In Stock,LOT-32730,Humidity controlled
2749,2749,370,264,106,25,91,2025-07-17 02:05:23,In Stock,LOT-34615,Cool and dry place
2750,2750,481,250,231,87,141,2025-05-23 02:05:23,In Stock,LOT-62624,Keep away from sunlight
2751,2751,97,26,71,21,179,2025-05-01 02:05:23,In Stock,LOT-46704,Keep away from sunlight
2752,2752,130,130,0,24,166,2025-10-24 02:05:23,backordered,LOT-62268,Cool and dry place
2753,2753,194,107,87,61,75,2025-05-04 02:05:23,In Stock,LOT-17151,Room temperature
2754,2754,484,158,326,18,161,2024-12-03 02:05:23,In Stock,LOT-60252,Room temperature
2755,2755,117,89,28,20,149,2025-03-05 02:05:23,In Stock,LOT-98670,Cool and dry place
2756,2756,487,140,347,92,132,2025-10-09 02:05:23,In Stock,LOT-76604,Refrigerated
2757,2757,433,127,306,32,194,2025-10-28 02:05:23,In Stock,LOT-64197,Refrigerated
2758,2758,265,79,186,27,170,2025-10-13 02:05:23,In Stock,LOT-85758,Cool and dry place
2759,2759,305,107,198,94,125,2025-04-25 02:05:23,In Stock,LOT-51268,Humidity controlled
2760,2760,212,210,2,30,157,2025-08-05 02:05:23,backordered,LOT-61205,Refrigerated
2761,2761,479,265,214,29,96,2025-04-29 02:05:23,In Stock,LOT-94389,Cool and dry place
2762,2762,402,83,319,13,177,2025-07-20 02:05:23,In Stock,LOT-76074,Room temperature
2763,2763,206,160,46,57,117,2024-12-18 02:05:23,backordered,LOT-01775,Room temperature
2764,2764,14,12,2,13,134,2025-10-18 02:05:23,backordered,LOT-09546,Keep away from sunlight
2765,2765,17,4,13,62,61,2025-01-29 02:05:23,backordered,LOT-54084,Keep away from sunlight
2766,2766,390,306,84,77,93,2025-08-13 02:05:23,In Stock,LOT-24560,Cool and dry place
2767,2767,7,5,2,38,73,2025-04-01 02:05:23,backordered,LOT-75409,Cool and dry place
2768,2768,57,30,27,69,156,2025-01-31 02:05:23,backordered,LOT-15086,Keep away from sunlight
2769,2769,68,0,68,49,171,2025-03-06 02:05:23,In Stock,LOT-32181,Room temperature
2770,2770,65,41,24,94,188,2025-04-28 02:05:23,backordered,LOT-22764,Humidity controlled
2771,2771,342,49,293,71,176,2025-01-13 02:05:23,In Stock,LOT-57938,Refrigerated
2772,2772,64,28,36,75,83,2025-08-20 02:05:23,backordered,LOT-97015,Refrigerated
2773,2773,337,42,295,22,153,2025-06-10 02:05:23,In Stock,LOT-50291,Humidity controlled
2774,2774,53,15,38,38,114,2025-07-30 02:05:23,In Stock,LOT-68154,Room temperature
2775,2775,168,118,50,95,183,2025-02-10 02:05:23,backordered,LOT-66024,Humidity controlled
2776,2776,452,136,316,26,133,2025-03-30 02:05:23,In Stock,LOT-16139,Room temperature
2777,2777,338,74,264,84,58,2025-04-18 02:05:23,In Stock,LOT-44988,Cool and dry place
2778,2778,406,101,305,33,53,2025-08-20 02:05:23,In Stock,LOT-30597,Cool and dry place
2779,2779,427,406,21,40,91,2025-04-12 02:05:23,backordered,LOT-36424,Room temperature
2780,2780,5,4,1,71,173,2025-05-09 02:05:23,backordered,LOT-80962,Refrigerated
2781,2781,321,295,26,61,165,2025-07-15 02:05:23,backordered,LOT-44063,Keep away from sunlight
2782,2782,318,134,184,79,162,2025-09-02 02:05:23,In Stock,LOT-06244,Room temperature
2783,2783,335,263,72,53,136,2025-07-29 02:05:23,In Stock,LOT-79513,Room temperature
2784,2784,174,124,50,80,166,2024-11-27 02:05:23,backordered,LOT-30531,Cool and dry place
2785,2785,342,175,167,76,117,2025-09-30 02:05:23,In Stock,LOT-94979,Room temperature
2786,2786,218,164,54,13,189,2025-08-29 02:05:23,In Stock,LOT-69586,Cool and dry place
2787,2787,116,58,58,24,80,2025-01-24 02:05:23,In Stock,LOT-78055,Room temperature
2788,2788,64,44,20,49,165,2025-03-23 02:05:23,backordered,LOT-55727,Humidity controlled
2789,2789,481,42,439,74,96,2025-04-12 02:05:23,In Stock,LOT-73826,Humidity controlled
2790,2790,99,18,81,97,106,2025-10-24 02:05:23,backordered,LOT-46091,Refrigerated
2791,2791,375,181,194,77,88,2025-01-17 02:05:23,In Stock,LOT-78513,Humidity controlled
2792,2792,268,24,244,78,142,2025-01-29 02:05:23,In Stock,LOT-85445,Refrigerated
2793,2793,355,271,84,31,145,2025-08-12 02:05:23,In Stock,LOT-77029,Cool and dry place
2794,2794,348,84,264,91,107,2025-08-16 02:05:23,In Stock,LOT-92959,Humidity controlled
2795,2795,482,312,170,64,101,2025-06-12 02:05:23,In Stock,LOT-66048,Cool and dry place
2796,2796,491,485,6,61,125,2025-04-16 02:05:23,backordered,LOT-73682,Humidity controlled
2797,2797,497,215,282,70,169,2025-05-21 02:05:23,In Stock,LOT-69116,Refrigerated
2798,2798,369,153,216,10,69,2025-06-26 02:05:23,In Stock,LOT-33194,Humidity controlled
2799,2799,342,159,183,36,67,2025-10-02 02:05:23,In Stock,LOT-22686,Keep away from sunlight
2800,2800,71,18,53,71,91,2025-06-30 02:05:23,backordered,LOT-53694,Keep away from sunlight
2801,2801,402,81,321,92,157,2025-04-15 02:05:23,In Stock,LOT-55158,Humidity controlled
2802,2802,99,31,68,54,68,2025-07-09 02:05:23,In Stock,LOT-88636,Room temperature
2803,2803,71,51,20,25,199,2024-11-22 02:05:23,backordered,LOT-77472,Refrigerated
2804,2804,105,56,49,28,120,2025-05-18 02:05:23,In Stock,LOT-26408,Cool and dry place
2805,2805,326,60,266,76,129,2025-02-06 02:05:23,In Stock,LOT-57216,Cool and dry place
2806,2806,395,321,74,86,170,2025-07-06 02:05:23,backordered,LOT-96663,Keep away from sunlight
2807,2807,152,31,121,79,166,2025-08-15 02:05:23,In Stock,LOT-09329,Cool and dry place
2808,2808,450,386,64,53,119,2025-10-12 02:05:23,In Stock,LOT-98199,Keep away from sunlight
2809,2809,429,130,299,24,169,2025-03-28 02:05:23,In Stock,LOT-60593,Humidity controlled
2810,2810,86,62,24,47,107,2025-02-07 02:05:23,backordered,LOT-29715,Cool and dry place
2811,2811,45,38,7,86,142,2025-07-01 02:05:23,backordered,LOT-09688,Keep away from sunlight
2812,2812,428,359,69,65,157,2025-10-03 02:05:23,In Stock,LOT-32753,Cool and dry place
2813,2813,442,394,48,45,120,2025-06-26 02:05:23,In Stock,LOT-27352,Humidity controlled
2814,2814,168,107,61,95,114,2025-05-03 02:05:23,backordered,LOT-41039,Cool and dry place
2815,2815,6,0,6,72,112,2025-01-06 02:05:23,backordered,LOT-77397,Keep away from sunlight
2816,2816,113,75,38,65,118,2025-09-09 02:05:23,backordered,LOT-32781,Keep away from sunlight
2817,2817,287,192,95,87,182,2024-11-25 02:05:23,In Stock,LOT-95237,Keep away from sunlight
2818,2818,21,19,2,23,75,2025-01-11 02:05:23,backordered,LOT-10068,Cool and dry place
2819,2819,60,48,12,40,142,2025-01-08 02:05:23,backordered,LOT-76164,Humidity controlled
2820,2820,215,208,7,60,60,2025-05-08 02:05:23,backordered,LOT-81980,Keep away from sunlight
2821,2821,436,235,201,83,183,2025-10-13 02:05:23,In Stock,LOT-77046,Keep away from sunlight
2822,2822,416,412,4,90,160,2024-11-24 02:05:23,backordered,LOT-05687,Cool and dry place
2823,2823,110,72,38,33,56,2024-12-14 02:05:23,In Stock,LOT-61124,Room temperature
2824,2824,50,18,32,62,57,2025-03-13 02:05:23,backordered,LOT-91256,Room temperature
2825,2825,183,174,9,54,140,2025-06-27 02:05:23,backordered,LOT-52373,Room temperature
2826,2826,228,200,28,16,133,2025-03-12 02:05:23,In Stock,LOT-41517,Room temperature
2827,2827,393,82,311,36,192,2025-01-25 02:05:23,In Stock,LOT-73454,Room temperature
2828,2828,379,205,174,54,94,2025-02-19 02:05:23,In Stock,LOT-75749,Cool and dry place
2829,2829,170,90,80,88,187,2025-07-08 02:05:23,backordered,LOT-49022,Room temperature
2830,2830,424,156,268,22,73,2024-12-09 02:05:23,In Stock,LOT-84035,Keep away from sunlight
2831,2831,160,159,1,73,97,2025-04-20 02:05:23,backordered,LOT-95442,Refrigerated
2832,2832,135,124,11,54,136,2025-03-22 02:05:23,backordered,LOT-94774,Room temperature
2833,2833,386,81,305,31,132,2025-10-24 02:05:23,In Stock,LOT-22294,Cool and dry place
2834,2834,97,74,23,49,179,2024-11-08 02:05:23,backordered,LOT-64303,Humidity controlled
2835,2835,151,143,8,78,95,2025-04-12 02:05:23,backordered,LOT-94290,Humidity controlled
2836,2836,356,38,318,35,73,2025-09-16 02:05:23,In Stock,LOT-45886,Humidity controlled
2837,2837,468,448,20,94,153,2025-06-20 02:05:23,backordered,LOT-79252,Refrigerated
2838,2838,366,174,192,78,140,2025-04-12 02:05:23,In Stock,LOT-98585,Refrigerated
2839,2839,471,197,274,23,125,2024-12-22 02:05:23,In Stock,LOT-67287,Humidity controlled
2840,2840,497,42,455,51,107,2025-03-20 02:05:23,In Stock,LOT-27601,Cool and dry place
2841,2841,125,70,55,29,120,2025-10-19 02:05:23,In Stock,LOT-53433,Keep away from sunlight
2842,2842,114,106,8,98,106,2025-06-29 02:05:23,backordered,LOT-24913,Refrigerated
2843,2843,225,165,60,37,87,2025-10-26 02:05:23,In Stock,LOT-57790,Room temperature
2844,2844,124,123,1,12,173,2025-03-22 02:05:23,backordered,LOT-83350,Keep away from sunlight
2845,2845,284,282,2,82,99,2025-04-04 02:05:23,backordered,LOT-61581,Refrigerated
2846,2846,434,265,169,84,152,2024-12-15 02:05:23,In Stock,LOT-48881,Humidity controlled
2847,2847,454,198,256,43,143,2025-06-20 02:05:23,In Stock,LOT-07983,Keep away from sunlight
2848,2848,189,93,96,40,131,2025-01-29 02:05:23,In Stock,LOT-34233,Room temperature
2849,2849,39,8,31,51,113,2025-01-30 02:05:23,backordered,LOT-72094,Humidity controlled
2850,2850,65,12,53,74,171,2025-01-31 02:05:23,backordered,LOT-84131,Room temperature
2851,2851,53,51,2,87,108,2025-05-07 02:05:23,backordered,LOT-28403,Humidity controlled
2852,2852,420,114,306,69,118,2025-01-11 02:05:23,In Stock,LOT-33997,Cool and dry place
2853,2853,235,158,77,66,177,2025-01-03 02:05:23,In Stock,LOT-71805,Keep away from sunlight
2854,2854,33,10,23,12,193,2025-03-17 02:05:23,In Stock,LOT-13717,Humidity controlled
2855,2855,332,29,303,54,172,2024-11-05 02:05:23,In Stock,LOT-17318,Refrigerated
2856,2856,32,22,10,18,120,2025-01-14 02:05:23,backordered,LOT-93974,Room temperature
2857,2857,485,459,26,13,175,2025-03-26 02:05:23,In Stock,LOT-90961,Refrigerated
2858,2858,202,55,147,94,165,2025-05-27 02:05:23,In Stock,LOT-73997,Humidity controlled
2859,2859,356,345,11,48,134,2025-07-05 02:05:23,backordered,LOT-04694,Humidity controlled
2860,2860,408,260,148,62,86,2025-01-29 02:05:23,In Stock,LOT-72587,Humidity controlled
2861,2861,161,1,160,88,63,2024-11-02 02:05:23,In Stock,LOT-84448,Room temperature
2862,2862,300,61,239,19,66,2025-02-03 02:05:23,In Stock,LOT-35488,Keep away from sunlight
2863,2863,373,82,291,34,113,2024-12-29 02:05:23,In Stock,LOT-47127,Refrigerated
2864,2864,427,92,335,13,176,2025-09-01 02:05:23,In Stock,LOT-05877,Room temperature
2865,2865,45,6,39,61,196,2024-11-08 02:05:23,backordered,LOT-22164,Keep away from sunlight
2866,2866,412,208,204,58,171,2025-08-23 02:05:23,In Stock,LOT-17582,Room temperature
2867,2867,93,12,81,49,140,2025-08-03 02:05:23,In Stock,LOT-31334,Keep away from sunlight
2868,2868,450,129,321,73,73,2025-07-30 02:05:23,In Stock,LOT-84587,Room temperature
2869,2869,205,51,154,39,139,2024-12-05 02:05:23,In Stock,LOT-14939,Cool and dry place
2870,2870,173,115,58,22,184,2025-06-23 02:05:23,In Stock,LOT-25236,Cool and dry place
2871,2871,450,310,140,17,192,2025-10-02 02:05:23,In Stock,LOT-22925,Room temperature
2872,2872,48,10,38,10,185,2025-10-26 02:05:23,In Stock,LOT-87964,Cool and dry place
2873,2873,167,98,69,49,57,2025-01-15 02:05:23,In Stock,LOT-34745,Humidity controlled
2874,2874,191,17,174,32,98,2024-12-11 02:05:23,In Stock,LOT-24555,Humidity controlled
2875,2875,255,93,162,78,105,2025-05-09 02:05:23,In Stock,LOT-74696,Cool and dry place
2876,2876,446,349,97,29,145,2025-01-12 02:05:23,In Stock,LOT-60606,Refrigerated
2877,2877,456,225,231,100,95,2025-02-15 02:05:23,In Stock,LOT-52740,Refrigerated
2878,2878,416,227,189,13,59,2025-01-30 02:05:23,In Stock,LOT-33445,Cool and dry place
2879,2879,413,159,254,47,77,2025-05-07 02:05:23,In Stock,LOT-05665,Refrigerated
2880,2880,302,265,37,31,75,2025-02-20 02:05:23,In Stock,LOT-88339,Refrigerated
2881,2881,308,79,229,88,136,2025-03-14 02:05:23,In Stock,LOT-87411,Humidity controlled
2882,2882,425,199,226,67,79,2024-11-24 02:05:23,In Stock,LOT-32579,Humidity controlled
2883,2883,33,21,12,41,143,2025-08-21 02:05:23,backordered,LOT-70673,Refrigerated
2884,2884,491,418,73,72,98,2025-04-09 02:05:23,In Stock,LOT-49960,Cool and dry place
2885,2885,183,15,168,71,75,2025-02-08 02:05:23,In Stock,LOT-10548,Cool and dry place
2886,2886,339,335,4,51,184,2025-01-17 02:05:23,backordered,LOT-57417,Humidity controlled
2887,2887,359,272,87,76,150,2025-01-26 02:05:23,In Stock,LOT-21562,Refrigerated
2888,2888,144,82,62,27,164,2025-07-23 02:05:23,In Stock,LOT-29493,Room temperature
2889,2889,483,320,163,64,153,2025-03-24 02:05:23,In Stock,LOT-81735,Keep away from sunlight
2890,2890,42,31,11,13,175,2025-09-09 02:05:23,backordered,LOT-98488,Room temperature
2891,2891,287,247,40,88,149,2025-05-29 02:05:23,backordered,LOT-40215,Keep away from sunlight
2892,2892,402,394,8,46,64,2025-02-04 02:05:23,backordered,LOT-57325,Cool and dry place
2893,2893,96,11,85,49,200,2025-01-13 02:05:23,In Stock,LOT-73755,Humidity controlled
2894,2894,88,82,6,50,62,2025-02-01 02:05:23,backordered,LOT-34490,Cool and dry place
2895,2895,24,9,15,59,98,2025-05-05 02:05:23,backordered,LOT-21666,Humidity controlled
2896,2896,26,26,0,97,161,2025-02-14 02:05:23,backordered,LOT-70808,Humidity controlled
2897,2897,434,91,343,75,144,2024-11-18 02:05:23,In Stock,LOT-50960,Cool and dry place
2898,2898,466,109,357,22,167,2025-07-29 02:05:23,In Stock,LOT-85874,Refrigerated
2899,2899,364,163,201,19,102,2025-02-21 02:05:23,In Stock,LOT-95119,Refrigerated
2900,2900,292,7,285,15,147,2025-07-19 02:05:23,In Stock,LOT-18182,Cool and dry place
2901,2901,473,148,325,10,111,2024-11-29 02:05:23,In Stock,LOT-81979,Room temperature
2902,2902,90,49,41,39,145,2025-04-10 02:05:23,In Stock,LOT-31647,Cool and dry place
2903,2903,79,18,61,86,113,2024-12-18 02:05:23,backordered,LOT-72512,Room temperature
2904,2904,451,216,235,97,196,2024-11-03 02:05:23,In Stock,LOT-95786,Room temperature
2905,2905,104,83,21,44,154,2024-11-13 02:05:23,backordered,LOT-06940,Cool and dry place
2906,2906,212,210,2,62,146,2025-06-12 02:05:23,backordered,LOT-96003,Refrigerated
2907,2907,418,398,20,72,114,2024-12-29 02:05:23,backordered,LOT-56243,Cool and dry place
2908,2908,320,202,118,15,164,2025-08-28 02:05:23,In Stock,LOT-95873,Refrigerated
2909,2909,36,7,29,24,90,2025-02-24 02:05:23,In Stock,LOT-95923,Cool and dry place
2910,2910,93,68,25,51,92,2025-06-23 02:05:23,backordered,LOT-23421,Keep away from sunlight
2911,2911,145,137,8,46,122,2025-01-14 02:05:23,backordered,LOT-08902,Room temperature
2912,2912,55,48,7,25,151,2025-07-21 02:05:23,backordered,LOT-85155,Cool and dry place
2913,2913,284,254,30,35,82,2025-02-09 02:05:23,backordered,LOT-33342,Cool and dry place
2914,2914,240,122,118,23,78,2025-07-07 02:05:23,In Stock,LOT-64335,Cool and dry place
2915,2915,426,198,228,33,71,2024-11-11 02:05:23,In Stock,LOT-02716,Cool and dry place
2916,2916,123,55,68,88,144,2025-03-22 02:05:23,backordered,LOT-07360,Refrigerated
2917,2917,226,152,74,15,178,2025-07-28 02:05:23,In Stock,LOT-77633,Refrigerated
2918,2918,371,162,209,15,195,2025-10-25 02:05:23,In Stock,LOT-69112,Refrigerated
2919,2919,174,64,110,32,139,2025-03-10 02:05:23,In Stock,LOT-89812,Refrigerated
2920,2920,461,329,132,17,150,2025-04-21 02:05:23,In Stock,LOT-31795,Refrigerated
2921,2921,484,149,335,74,66,2025-07-09 02:05:23,In Stock,LOT-56331,Refrigerated
2922,2922,321,99,222,52,162,2025-10-20 02:05:23,In Stock,LOT-85748,Keep away from sunlight
2923,2923,35,15,20,87,185,2025-06-07 02:05:23,backordered,LOT-17006,Humidity controlled
2924,2924,82,18,64,80,131,2025-10-03 02:05:23,backordered,LOT-66155,Cool and dry place
2925,2925,350,33,317,62,182,2025-02-01 02:05:23,In Stock,LOT-41643,Cool and dry place
2926,2926,316,86,230,51,144,2025-10-13 02:05:23,In Stock,LOT-16704,Refrigerated
2927,2927,461,53,408,97,109,2025-10-29 02:05:23,In Stock,LOT-50232,Keep away from sunlight
2928,2928,1,0,1,59,195,2025-09-01 02:05:23,backordered,LOT-90282,Refrigerated
2929,2929,390,321,69,14,194,2025-01-26 02:05:23,In Stock,LOT-27009,Cool and dry place
2930,2930,10,10,0,70,196,2024-12-06 02:05:23,backordered,LOT-34596,Keep away from sunlight
2931,2931,144,99,45,67,110,2024-11-17 02:05:23,backordered,LOT-26228,Keep away from sunlight
2932,2932,313,128,185,54,166,2025-03-01 02:05:23,In Stock,LOT-22512,Refrigerated
2933,2933,232,137,95,56,107,2025-08-20 02:05:23,In Stock,LOT-07346,Room temperature
2934,2934,326,89,237,59,115,2025-08-11 02:05:23,In Stock,LOT-54950,Room temperature
2935,2935,378,10,368,65,126,2025-08-20 02:05:23,In Stock,LOT-05070,Cool and dry place
2936,2936,235,105,130,100,188,2025-07-08 02:05:23,In Stock,LOT-26086,Keep away from sunlight
2937,2937,64,45,19,36,153,2025-03-31 02:05:23,backordered,LOT-98221,Keep away from sunlight
2938,2938,235,187,48,67,163,2025-04-17 02:05:23,backordered,LOT-05316,Keep away from sunlight
2939,2939,186,86,100,51,152,2025-08-25 02:05:23,In Stock,LOT-11776,Humidity controlled
2940,2940,105,31,74,37,98,2025-01-14 02:05:23,In Stock,LOT-87290,Refrigerated
2941,2941,485,447,38,94,143,2025-03-09 02:05:23,backordered,LOT-47742,Humidity controlled
2942,2942,441,391,50,62,145,2024-12-07 02:05:23,backordered,LOT-58591,Room temperature
2943,2943,109,50,59,28,170,2025-09-07 02:05:23,In Stock,LOT-77932,Humidity controlled
2944,2944,333,231,102,48,155,2025-10-06 02:05:23,In Stock,LOT-38223,Refrigerated
2945,2945,111,43,68,80,90,2024-11-29 02:05:23,backordered,LOT-11649,Keep away from sunlight
2946,2946,479,264,215,65,96,2025-03-20 02:05:23,In Stock,LOT-13342,Cool and dry place
2947,2947,355,105,250,59,195,2024-11-25 02:05:23,In Stock,LOT-45798,Refrigerated
2948,2948,139,39,100,92,152,2025-01-11 02:05:23,In Stock,LOT-89425,Refrigerated
2949,2949,77,52,25,50,169,2025-06-29 02:05:23,backordered,LOT-65290,Refrigerated
2950,2950,390,249,141,50,185,2024-12-15 02:05:23,In Stock,LOT-60320,Cool and dry place
2951,2951,346,49,297,18,71,2025-10-22 02:05:23,In Stock,LOT-20326,Cool and dry place
2952,2952,471,441,30,16,134,2025-09-16 02:05:23,In Stock,LOT-50977,Room temperature
2953,2953,476,461,15,55,101,2025-08-16 02:05:23,backordered,LOT-53967,Refrigerated
2954,2954,157,16,141,56,130,2025-01-07 02:05:23,In Stock,LOT-37948,Keep away from sunlight
2955,2955,243,86,157,100,94,2025-06-06 02:05:23,In Stock,LOT-71485,Room temperature
2956,2956,51,51,0,81,90,2025-08-16 02:05:23,backordered,LOT-52457,Refrigerated
2957,2957,212,30,182,78,154,2025-08-12 02:05:23,In Stock,LOT-87158,Humidity controlled
2958,2958,282,240,42,99,121,2024-11-13 02:05:23,backordered,LOT-41560,Refrigerated
2959,2959,499,58,441,94,87,2025-03-19 02:05:23,In Stock,LOT-82137,Cool and dry place
2960,2960,386,20,366,27,147,2025-03-04 02:05:23,In Stock,LOT-11842,Keep away from sunlight
2961,2961,244,43,201,12,200,2024-11-14 02:05:23,In Stock,LOT-54768,Room temperature
2962,2962,476,225,251,84,196,2025-07-31 02:05:23,In Stock,LOT-18268,Keep away from sunlight
2963,2963,457,10,447,72,195,2025-05-09 02:05:23,In Stock,LOT-32303,Room temperature
2964,2964,43,23,20,18,95,2025-08-24 02:05:23,In Stock,LOT-58929,Humidity controlled
2965,2965,153,100,53,29,78,2024-11-24 02:05:23,In Stock,LOT-88085,Refrigerated
2966,2966,492,324,168,51,124,2024-11-02 02:05:23,In Stock,LOT-83825,Cool and dry place
2967,2967,181,154,27,73,54,2024-12-18 02:05:23,backordered,LOT-21293,Humidity controlled
2968,2968,213,43,170,56,114,2025-07-26 02:05:23,In Stock,LOT-28963,Humidity controlled
2969,2969,143,133,10,13,175,2025-05-22 02:05:23,backordered,LOT-40646,Refrigerated
2970,2970,26,20,6,40,128,2025-06-20 02:05:23,backordered,LOT-86775,Keep away from sunlight
2971,2971,221,86,135,15,119,2024-11-30 02:05:23,In Stock,LOT-24014,Keep away from sunlight
2972,2972,337,41,296,52,191,2025-10-16 02:05:23,In Stock,LOT-84399,Refrigerated
2973,2973,446,319,127,11,196,2025-10-23 02:05:23,In Stock,LOT-10622,Room temperature
2974,2974,194,51,143,70,147,2025-04-17 02:05:23,In Stock,LOT-72362,Cool and dry place
2975,2975,355,344,11,44,146,2025-05-14 02:05:23,backordered,LOT-66933,Room temperature
2976,2976,411,262,149,64,154,2024-11-04 02:05:23,In Stock,LOT-51342,Room temperature
2977,2977,67,44,23,43,191,2025-07-26 02:05:23,backordered,LOT-61923,Keep away from sunlight
2978,2978,144,68,76,20,165,2024-11-23 02:05:23,In Stock,LOT-72450,Cool and dry place
2979,2979,412,341,71,50,180,2025-09-04 02:05:23,In Stock,LOT-18481,Cool and dry place
2980,2980,415,65,350,23,112,2025-09-24 02:05:23,In Stock,LOT-97374,Refrigerated
2981,2981,191,16,175,29,196,2025-07-03 02:05:23,In Stock,LOT-18972,Cool and dry place
2982,2982,442,38,404,11,53,2025-05-11 02:05:23,In Stock,LOT-15406,Humidity controlled
2983,2983,36,9,27,84,167,2024-12-13 02:05:23,backordered,LOT-41769,Room temperature
2984,2984,402,340,62,23,81,2025-10-04 02:05:23,In Stock,LOT-27438,Refrigerated
2985,2985,102,95,7,20,97,2025-09-16 02:05:23,backordered,LOT-11995,Cool and dry place
2986,2986,1,1,0,97,109,2025-07-17 02:05:23,backordered,LOT-37660,Cool and dry place
2987,2987,367,40,327,59,132,2024-12-16 02:05:23,In Stock,LOT-14448,Humidity controlled
2988,2988,98,60,38,35,176,2024-12-27 02:05:23,In Stock,LOT-56451,Refrigerated
2989,2989,240,73,167,96,65,2025-03-20 02:05:23,In Stock,LOT-01739,Refrigerated
2990,2990,259,3,256,20,95,2025-07-23 02:05:23,In Stock,LOT-73964,Room temperature
2991,2991,73,69,4,83,98,2024-11-08 02:05:23,backordered,LOT-17899,Cool and dry place
2992,2992,359,38,321,34,97,2025-05-21 02:05:23,In Stock,LOT-69860,Refrigerated
2993,2993,83,50,33,91,125,2024-12-29 02:05:23,backordered,LOT-91919,Keep away from sunlight
2994,2994,259,146,113,37,159,2025-06-26 02:05:23,In Stock,LOT-11359,Room temperature
2995,2995,376,123,253,77,51,2024-12-01 02:05:23,In Stock,LOT-96605,Room temperature
2996,2996,144,41,103,18,65,2025-09-30 02:05:23,In Stock,LOT-77980,Keep away from sunlight
2997,2997,176,15,161,89,160,2025-09-22 02:05:23,In Stock,LOT-66039,Keep away from sunlight
2998,2998,6,5,1,96,72,2025-05-22 02:05:23,backordered,LOT-20514,Humidity controlled
2999,2999,394,185,209,99,66,2025-01-14 02:05:23,In Stock,LOT-60745,Room temperature
3000,3000,372,163,209,67,141,2025-03-01 02:05:23,In Stock,LOT-55347,Room temperature
3001,3001,255,153,102,72,130,2025-01-26 02:05:23,In Stock,LOT-05742,Refrigerated
3002,3002,116,75,41,31,60,2024-11-13 02:05:23,In Stock,LOT-38856,Room temperature
3003,3003,209,119,90,69,133,2025-04-09 02:05:23,In Stock,LOT-52715,Keep away from sunlight
3004,3004,444,237,207,67,89,2025-08-21 02:05:23,In Stock,LOT-59835,Keep away from sunlight
3005,3005,214,6,208,27,131,2025-04-20 02:05:23,In Stock,LOT-41165,Refrigerated
3006,3006,204,93,111,11,161,2024-11-28 02:05:23,In Stock,LOT-97263,Refrigerated
3007,3007,77,75,2,33,105,2025-09-14 02:05:23,backordered,LOT-47557,Cool and dry place
3008,3008,200,120,80,29,119,2025-05-13 02:05:23,In Stock,LOT-52250,Refrigerated
3009,3009,11,7,4,60,90,2025-05-30 02:05:23,backordered,LOT-13948,Humidity controlled
3010,3010,142,58,84,34,174,2024-12-26 02:05:23,In Stock,LOT-84882,Keep away from sunlight
3011,3011,221,111,110,30,174,2024-11-26 02:05:23,In Stock,LOT-69131,Cool and dry place
3012,3012,180,27,153,18,132,2024-11-05 02:05:23,In Stock,LOT-19642,Keep away from sunlight
3013,3013,311,148,163,28,110,2025-02-09 02:05:23,In Stock,LOT-58562,Keep away from sunlight
3014,3014,411,110,301,63,175,2025-10-26 02:05:23,In Stock,LOT-61499,Room temperature
3015,3015,323,81,242,53,129,2024-11-16 02:05:23,In Stock,LOT-15370,Humidity controlled
3016,3016,219,156,63,25,83,2025-02-03 02:05:23,In Stock,LOT-38240,Room temperature
3017,3017,174,95,79,98,82,2025-04-26 02:05:23,backordered,LOT-73333,Humidity controlled
3018,3018,496,242,254,18,54,2025-03-18 02:05:23,In Stock,LOT-73204,Room temperature
3019,3019,213,63,150,36,133,2024-11-14 02:05:23,In Stock,LOT-30977,Refrigerated
3020,3020,465,446,19,50,171,2025-06-11 02:05:23,backordered,LOT-68893,Humidity controlled
3021,3021,174,147,27,52,99,2025-08-28 02:05:23,backordered,LOT-62896,Room temperature
3022,3022,400,323,77,83,108,2024-11-04 02:05:23,backordered,LOT-96454,Humidity controlled
3023,3023,312,121,191,41,175,2025-01-17 02:05:23,In Stock,LOT-65535,Keep away from sunlight
3024,3024,455,9,446,50,180,2025-09-14 02:05:23,In Stock,LOT-85125,Keep away from sunlight
3025,3025,384,75,309,89,132,2025-09-21 02:05:23,In Stock,LOT-38921,Humidity controlled
3026,3026,251,118,133,87,118,2025-09-28 02:05:23,In Stock,LOT-87851,Keep away from sunlight
3027,3027,199,199,0,34,120,2024-11-02 02:05:23,backordered,LOT-93583,Refrigerated
3028,3028,186,15,171,70,113,2025-07-10 02:05:23,In Stock,LOT-74907,Cool and dry place
3029,3029,167,91,76,89,173,2025-01-18 02:05:23,backordered,LOT-97796,Refrigerated
3030,3030,401,139,262,50,174,2025-05-25 02:05:23,In Stock,LOT-12087,Humidity controlled
3031,3031,452,274,178,35,98,2024-12-31 02:05:23,In Stock,LOT-80572,Humidity controlled
3032,3032,61,18,43,17,99,2025-02-06 02:05:23,In Stock,LOT-15149,Humidity controlled
3033,3033,144,63,81,58,158,2024-11-08 02:05:23,In Stock,LOT-40976,Cool and dry place
3034,3034,152,66,86,36,86,2025-06-03 02:05:23,In Stock,LOT-26374,Cool and dry place
3035,3035,14,10,4,92,157,2025-09-22 02:05:23,backordered,LOT-84539,Room temperature
3036,3036,238,198,40,28,164,2024-12-16 02:05:23,In Stock,LOT-86289,Keep away from sunlight
3037,3037,284,80,204,86,163,2025-05-25 02:05:23,In Stock,LOT-50905,Cool and dry place
3038,3038,479,140,339,68,120,2025-07-23 02:05:23,In Stock,LOT-91191,Humidity controlled
3039,3039,232,72,160,30,200,2025-08-28 02:05:23,In Stock,LOT-86233,Room temperature
3040,3040,489,8,481,25,63,2025-05-18 02:05:23,In Stock,LOT-92207,Humidity controlled
3041,3041,244,94,150,28,130,2025-04-23 02:05:23,In Stock,LOT-15116,Humidity controlled
3042,3042,13,10,3,65,132,2025-04-13 02:05:23,backordered,LOT-96667,Refrigerated
3043,3043,167,156,11,14,122,2025-05-20 02:05:23,backordered,LOT-25214,Humidity controlled
3044,3044,387,291,96,15,180,2025-10-04 02:05:23,In Stock,LOT-52647,Refrigerated
3045,3045,254,16,238,18,85,2025-08-16 02:05:23,In Stock,LOT-12463,Cool and dry place
3046,3046,267,83,184,40,73,2025-05-01 02:05:23,In Stock,LOT-35157,Room temperature
3047,3047,173,20,153,62,137,2025-09-27 02:05:23,In Stock,LOT-18409,Keep away from sunlight
3048,3048,205,139,66,17,184,2025-04-02 02:05:23,In Stock,LOT-08051,Keep away from sunlight
3049,3049,355,79,276,80,72,2025-07-18 02:05:23,In Stock,LOT-20800,Keep away from sunlight
3050,3050,81,14,67,43,108,2025-07-02 02:05:23,In Stock,LOT-56409,Cool and dry place
3051,3051,330,285,45,13,63,2024-12-07 02:05:23,In Stock,LOT-95123,Refrigerated
3052,3052,245,10,235,15,106,2025-07-05 02:05:23,In Stock,LOT-97283,Refrigerated
3053,3053,488,445,43,27,178,2025-05-22 02:05:23,In Stock,LOT-51295,Room temperature
3054,3054,198,193,5,91,151,2025-10-23 02:05:23,backordered,LOT-92728,Humidity controlled
3055,3055,391,148,243,73,56,2024-11-24 02:05:23,In Stock,LOT-27090,Keep away from sunlight
3056,3056,281,34,247,15,101,2025-01-04 02:05:23,In Stock,LOT-81441,Cool and dry place
3057,3057,106,29,77,84,175,2025-10-29 02:05:23,backordered,LOT-52982,Room temperature
3058,3058,359,41,318,84,144,2025-02-14 02:05:23,In Stock,LOT-17392,Refrigerated
3059,3059,203,54,149,29,187,2025-10-29 02:05:23,In Stock,LOT-95786,Humidity controlled
3060,3060,144,68,76,81,145,2025-02-13 02:05:23,backordered,LOT-71815,Keep away from sunlight
3061,3061,81,25,56,87,115,2025-05-14 02:05:23,backordered,LOT-35237,Refrigerated
3062,3062,167,66,101,60,80,2024-12-03 02:05:23,In Stock,LOT-36050,Room temperature
3063,3063,231,7,224,67,181,2025-04-08 02:05:23,In Stock,LOT-79181,Refrigerated
3064,3064,94,14,80,15,149,2025-09-08 02:05:23,In Stock,LOT-58998,Refrigerated
3065,3065,102,97,5,82,126,2024-11-13 02:05:23,backordered,LOT-86834,Refrigerated
3066,3066,453,303,150,48,142,2025-03-09 02:05:23,In Stock,LOT-52734,Cool and dry place
3067,3067,331,320,11,39,195,2025-06-25 02:05:23,backordered,LOT-66661,Refrigerated
3068,3068,261,12,249,49,53,2025-07-14 02:05:23,In Stock,LOT-70715,Refrigerated
3069,3069,440,170,270,36,177,2025-04-17 02:05:23,In Stock,LOT-87964,Room temperature
3070,3070,234,100,134,87,92,2025-02-23 02:05:23,In Stock,LOT-74080,Keep away from sunlight
3071,3071,287,146,141,95,113,2025-09-23 02:05:23,In Stock,LOT-31499,Humidity controlled
3072,3072,54,0,54,13,62,2025-10-27 02:05:23,In Stock,LOT-82508,Room temperature
3073,3073,476,0,476,48,163,2025-04-20 02:05:23,In Stock,LOT-00463,Humidity controlled
3074,3074,492,81,411,22,63,2025-04-27 02:05:23,In Stock,LOT-58068,Refrigerated
3075,3075,330,97,233,64,145,2025-09-24 02:05:23,In Stock,LOT-82850,Room temperature
3076,3076,213,167,46,12,126,2025-10-15 02:05:23,In Stock,LOT-31723,Cool and dry place
3077,3077,154,36,118,43,166,2025-07-20 02:05:23,In Stock,LOT-51373,Cool and dry place
3078,3078,470,325,145,97,57,2025-03-03 02:05:23,In Stock,LOT-99006,Refrigerated
3079,3079,7,1,6,21,110,2025-03-13 02:05:23,backordered,LOT-31403,Humidity controlled
3080,3080,355,285,70,44,119,2025-10-21 02:05:23,In Stock,LOT-52635,Humidity controlled
3081,3081,245,16,229,98,89,2025-07-14 02:05:23,In Stock,LOT-60229,Cool and dry place
3082,3082,203,173,30,58,57,2025-10-13 02:05:23,backordered,LOT-39469,Keep away from sunlight
3083,3083,221,212,9,69,155,2025-08-04 02:05:23,backordered,LOT-43460,Cool and dry place
3084,3084,295,22,273,94,66,2025-06-11 02:05:23,In Stock,LOT-66643,Room temperature
3085,3085,368,245,123,35,118,2025-10-20 02:05:23,In Stock,LOT-74906,Room temperature
3086,3086,493,446,47,34,110,2024-11-13 02:05:23,In Stock,LOT-07231,Keep away from sunlight
3087,3087,414,0,414,93,61,2025-01-17 02:05:23,In Stock,LOT-11271,Keep away from sunlight
3088,3088,286,250,36,39,62,2025-06-08 02:05:23,backordered,LOT-28524,Room temperature
3089,3089,45,38,7,57,166,2025-03-05 02:05:23,backordered,LOT-64844,Humidity controlled
3090,3090,83,47,36,94,145,2025-01-23 02:05:23,backordered,LOT-94116,Humidity controlled
3091,3091,74,41,33,91,138,2025-04-07 02:05:23,backordered,LOT-31873,Refrigerated
3092,3092,297,205,92,57,169,2025-05-08 02:05:23,In Stock,LOT-28077,Room temperature
3093,3093,75,63,12,96,188,2025-04-07 02:05:23,backordered,LOT-11306,Room temperature
3094,3094,492,221,271,21,114,2025-08-23 02:05:23,In Stock,LOT-21136,Room temperature
3095,3095,473,183,290,92,169,2025-03-16 02:05:23,In Stock,LOT-95727,Humidity controlled
3096,3096,441,348,93,31,60,2025-05-10 02:05:23,In Stock,LOT-90833,Humidity controlled
3097,3097,470,440,30,90,87,2024-12-30 02:05:23,backordered,LOT-50902,Room temperature
3098,3098,276,81,195,83,85,2025-07-19 02:05:23,In Stock,LOT-54257,Keep away from sunlight
3099,3099,41,26,15,24,178,2025-01-27 02:05:23,backordered,LOT-30662,Cool and dry place
3100,3100,266,53,213,83,51,2025-06-24 02:05:23,In Stock,LOT-48132,Humidity controlled
3101,3101,340,84,256,39,135,2025-02-24 02:05:23,In Stock,LOT-35707,Cool and dry place
3102,3102,166,95,71,80,151,2025-02-07 02:05:23,backordered,LOT-13984,Keep away from sunlight
3103,3103,112,73,39,54,154,2024-11-14 02:05:23,backordered,LOT-82285,Cool and dry place
3104,3104,115,81,34,92,166,2025-08-14 02:05:23,backordered,LOT-01168,Refrigerated
3105,3105,366,0,366,74,77,2025-02-21 02:05:23,In Stock,LOT-80925,Refrigerated
3106,3106,468,36,432,98,128,2025-07-01 02:05:23,In Stock,LOT-50213,Keep away from sunlight
3107,3107,155,53,102,79,74,2025-07-27 02:05:23,In Stock,LOT-06090,Cool and dry place
3108,3108,8,0,8,47,80,2025-07-18 02:05:23,backordered,LOT-69130,Refrigerated
3109,3109,423,397,26,97,68,2025-09-28 02:05:23,backordered,LOT-98107,Room temperature
3110,3110,231,30,201,64,141,2024-11-28 02:05:23,In Stock,LOT-96496,Keep away from sunlight
3111,3111,5,5,0,86,126,2025-05-10 02:05:23,backordered,LOT-73794,Keep away from sunlight
3112,3112,191,53,138,48,159,2024-12-19 02:05:23,In Stock,LOT-57727,Humidity controlled
3113,3113,470,244,226,91,60,2024-11-19 02:05:23,In Stock,LOT-85324,Keep away from sunlight
3114,3114,500,16,484,73,131,2025-05-06 02:05:23,In Stock,LOT-26425,Cool and dry place
3115,3115,130,121,9,59,187,2025-09-12 02:05:23,backordered,LOT-06420,Keep away from sunlight
3116,3116,352,300,52,89,139,2024-11-16 02:05:23,backordered,LOT-76836,Keep away from sunlight
3117,3117,13,6,7,14,174,2025-09-18 02:05:23,backordered,LOT-25366,Keep away from sunlight
3118,3118,129,23,106,20,112,2024-12-13 02:05:23,In Stock,LOT-67776,Cool and dry place
3119,3119,232,97,135,53,111,2024-12-27 02:05:23,In Stock,LOT-75556,Keep away from sunlight
3120,3120,17,10,7,49,191,2024-11-06 02:05:23,backordered,LOT-28333,Keep away from sunlight
3121,3121,110,78,32,62,74,2025-10-27 02:05:23,backordered,LOT-39395,Refrigerated
3122,3122,303,14,289,74,163,2025-09-27 02:05:23,In Stock,LOT-78654,Humidity controlled
3123,3123,92,59,33,45,194,2025-04-17 02:05:23,backordered,LOT-36271,Humidity controlled
3124,3124,334,24,310,42,199,2025-09-02 02:05:23,In Stock,LOT-87496,Humidity controlled
3125,3125,251,44,207,67,125,2025-08-10 02:05:23,In Stock,LOT-03358,Cool and dry place
3126,3126,148,84,64,64,78,2024-11-15 02:05:23,In Stock,LOT-26862,Refrigerated
3127,3127,495,428,67,19,100,2025-02-28 02:05:23,In Stock,LOT-70369,Keep away from sunlight
3128,3128,127,1,126,59,95,2025-04-23 02:05:23,In Stock,LOT-24926,Cool and dry place
3129,3129,154,46,108,38,137,2024-11-17 02:05:23,In Stock,LOT-93265,Humidity controlled
3130,3130,432,252,180,39,163,2024-11-08 02:05:23,In Stock,LOT-73275,Cool and dry place
3131,3131,51,10,41,27,83,2024-12-27 02:05:23,In Stock,LOT-99801,Humidity controlled
3132,3132,12,7,5,73,143,2024-11-09 02:05:23,backordered,LOT-11000,Keep away from sunlight
3133,3133,10,8,2,98,144,2024-12-11 02:05:23,backordered,LOT-51553,Humidity controlled
3134,3134,54,26,28,70,58,2025-06-12 02:05:23,backordered,LOT-23415,Keep away from sunlight
3135,3135,285,216,69,18,66,2025-09-18 02:05:23,In Stock,LOT-95977,Room temperature
3136,3136,449,340,109,55,171,2025-04-10 02:05:23,In Stock,LOT-52441,Humidity controlled
3137,3137,470,124,346,27,80,2025-10-20 02:05:23,In Stock,LOT-82226,Refrigerated
3138,3138,44,36,8,33,100,2025-03-18 02:05:23,backordered,LOT-18962,Humidity controlled
3139,3139,191,142,49,43,172,2025-09-28 02:05:23,In Stock,LOT-88743,Refrigerated
3140,3140,298,211,87,24,193,2025-10-12 02:05:23,In Stock,LOT-12710,Refrigerated
3141,3141,103,18,85,48,84,2024-11-07 02:05:23,In Stock,LOT-26767,Keep away from sunlight
3142,3142,5,2,3,17,180,2025-10-26 02:05:23,backordered,LOT-20957,Cool and dry place
3143,3143,268,136,132,84,185,2025-10-28 02:05:23,In Stock,LOT-99270,Room temperature
3144,3144,450,415,35,27,131,2025-06-30 02:05:23,In Stock,LOT-79551,Keep away from sunlight
3145,3145,410,109,301,34,171,2025-03-02 02:05:23,In Stock,LOT-51229,Keep away from sunlight
3146,3146,109,12,97,32,149,2025-01-22 02:05:23,In Stock,LOT-46213,Humidity controlled
3147,3147,439,411,28,19,87,2024-11-25 02:05:23,In Stock,LOT-54159,Refrigerated
3148,3148,439,261,178,28,67,2025-03-02 02:05:23,In Stock,LOT-70996,Humidity controlled
3149,3149,37,36,1,31,113,2024-12-16 02:05:23,backordered,LOT-25438,Keep away from sunlight
3150,3150,429,320,109,56,107,2025-06-20 02:05:23,In Stock,LOT-48075,Keep away from sunlight
3151,3151,30,24,6,65,60,2025-05-21 02:05:23,backordered,LOT-20344,Keep away from sunlight
3152,3152,14,3,11,95,145,2025-04-15 02:05:23,backordered,LOT-76504,Keep away from sunlight
3153,3153,310,115,195,26,172,2024-12-22 02:05:23,In Stock,LOT-71580,Humidity controlled
3154,3154,455,208,247,92,90,2025-07-01 02:05:23,In Stock,LOT-29090,Humidity controlled
3155,3155,266,147,119,73,69,2025-03-25 02:05:23,In Stock,LOT-46376,Humidity controlled
3156,3156,15,13,2,18,193,2025-09-19 02:05:23,backordered,LOT-60465,Refrigerated
3157,3157,395,328,67,15,144,2025-06-12 02:05:23,In Stock,LOT-58665,Keep away from sunlight
3158,3158,143,118,25,93,137,2025-05-30 02:05:23,backordered,LOT-25483,Humidity controlled
3159,3159,309,167,142,49,170,2025-02-13 02:05:23,In Stock,LOT-74417,Keep away from sunlight
3160,3160,197,193,4,98,200,2024-11-11 02:05:23,backordered,LOT-15810,Humidity controlled
3161,3161,472,349,123,87,196,2025-08-23 02:05:23,In Stock,LOT-21312,Keep away from sunlight
3162,3162,172,23,149,98,175,2025-05-10 02:05:23,In Stock,LOT-51293,Humidity controlled
3163,3163,264,32,232,42,118,2025-06-16 02:05:23,In Stock,LOT-11005,Room temperature
3164,3164,304,262,42,39,130,2025-05-20 02:05:23,In Stock,LOT-91297,Refrigerated
3165,3165,289,97,192,54,128,2025-07-26 02:05:23,In Stock,LOT-51910,Room temperature
3166,3166,265,210,55,45,117,2024-12-30 02:05:23,In Stock,LOT-23121,Keep away from sunlight
3167,3167,342,337,5,34,85,2024-11-14 02:05:23,backordered,LOT-10633,Room temperature
3168,3168,97,87,10,97,142,2024-11-02 02:05:23,backordered,LOT-01658,Humidity controlled
3169,3169,283,164,119,36,168,2025-01-08 02:05:23,In Stock,LOT-37379,Humidity controlled
3170,3170,88,15,73,47,113,2025-07-19 02:05:23,In Stock,LOT-27490,Humidity controlled
3171,3171,404,324,80,53,96,2024-12-05 02:05:23,In Stock,LOT-72801,Keep away from sunlight
3172,3172,191,62,129,60,173,2025-06-16 02:05:23,In Stock,LOT-23428,Humidity controlled
3173,3173,235,137,98,53,87,2025-06-24 02:05:23,In Stock,LOT-93113,Humidity controlled
3174,3174,36,16,20,25,146,2025-01-24 02:05:23,backordered,LOT-25326,Keep away from sunlight
3175,3175,1,0,1,34,115,2025-02-21 02:05:23,backordered,LOT-94968,Keep away from sunlight
3176,3176,478,281,197,84,120,2025-02-13 02:05:23,In Stock,LOT-43645,Humidity controlled
3177,3177,215,50,165,44,63,2025-03-28 02:05:23,In Stock,LOT-38044,Keep away from sunlight
3178,3178,304,55,249,70,161,2025-04-17 02:05:23,In Stock,LOT-21017,Room temperature
3179,3179,61,8,53,33,81,2025-04-30 02:05:23,In Stock,LOT-50961,Cool and dry place
3180,3180,21,2,19,45,77,2025-01-25 02:05:23,backordered,LOT-70159,Humidity controlled
3181,3181,137,32,105,22,158,2025-07-20 02:05:23,In Stock,LOT-59194,Cool and dry place
3182,3182,456,338,118,82,65,2025-10-27 02:05:23,In Stock,LOT-57575,Cool and dry place
3183,3183,172,159,13,45,122,2025-03-26 02:05:23,backordered,LOT-74758,Refrigerated
3184,3184,118,28,90,89,196,2025-06-18 02:05:23,In Stock,LOT-33920,Humidity controlled
3185,3185,181,60,121,29,55,2025-01-22 02:05:23,In Stock,LOT-56775,Humidity controlled
3186,3186,162,56,106,31,148,2025-07-20 02:05:23,In Stock,LOT-67772,Humidity controlled
3187,3187,315,8,307,30,73,2025-01-13 02:05:23,In Stock,LOT-26602,Humidity controlled
3188,3188,498,138,360,72,81,2025-09-14 02:05:23,In Stock,LOT-56265,Refrigerated
3189,3189,432,208,224,38,111,2025-03-11 02:05:23,In Stock,LOT-06229,Humidity controlled
3190,3190,84,22,62,38,121,2025-09-08 02:05:23,In Stock,LOT-23106,Cool and dry place
3191,3191,122,85,37,49,161,2025-01-09 02:05:23,backordered,LOT-72453,Humidity controlled
3192,3192,434,197,237,67,104,2025-07-06 02:05:23,In Stock,LOT-07624,Cool and dry place
3193,3193,433,41,392,62,163,2025-03-20 02:05:23,In Stock,LOT-84337,Refrigerated
3194,3194,378,196,182,88,147,2025-10-21 02:05:23,In Stock,LOT-97662,Humidity controlled
3195,3195,391,139,252,36,175,2025-03-23 02:05:23,In Stock,LOT-70511,Humidity controlled
3196,3196,175,82,93,12,177,2025-02-15 02:05:23,In Stock,LOT-57942,Humidity controlled
3197,3197,198,113,85,87,102,2025-04-25 02:05:23,backordered,LOT-38736,Refrigerated
3198,3198,360,39,321,86,146,2025-08-07 02:05:23,In Stock,LOT-70425,Keep away from sunlight
3199,3199,106,27,79,50,140,2025-04-08 02:05:23,In Stock,LOT-49691,Room temperature
3200,3200,127,74,53,39,147,2024-12-29 02:05:23,In Stock,LOT-92845,Keep away from sunlight
3201,3201,491,12,479,97,194,2025-06-30 02:05:23,In Stock,LOT-52597,Cool and dry place
3202,3202,231,182,49,12,149,2025-01-13 02:05:23,In Stock,LOT-10756,Room temperature
3203,3203,184,97,87,12,175,2025-03-23 02:05:23,In Stock,LOT-33535,Keep away from sunlight
3204,3204,465,217,248,21,161,2025-06-24 02:05:23,In Stock,LOT-74859,Room temperature
3205,3205,117,34,83,56,116,2025-03-01 02:05:23,In Stock,LOT-53259,Refrigerated
3206,3206,86,28,58,84,182,2024-12-30 02:05:23,backordered,LOT-39933,Humidity controlled
3207,3207,414,100,314,14,147,2025-04-29 02:05:23,In Stock,LOT-79705,Cool and dry place
3208,3208,389,117,272,21,90,2025-09-15 02:05:23,In Stock,LOT-81629,Humidity controlled
3209,3209,356,283,73,16,114,2025-09-22 02:05:23,In Stock,LOT-51877,Humidity controlled
3210,3210,477,130,347,67,88,2025-06-04 02:05:23,In Stock,LOT-94176,Refrigerated
3211,3211,439,223,216,45,97,2025-07-07 02:05:23,In Stock,LOT-34250,Keep away from sunlight
3212,3212,159,42,117,76,67,2025-07-06 02:05:23,In Stock,LOT-73305,Cool and dry place
3213,3213,317,26,291,83,95,2025-06-07 02:05:23,In Stock,LOT-59782,Humidity controlled
3214,3214,240,108,132,31,110,2025-10-24 02:05:23,In Stock,LOT-45759,Refrigerated
3215,3215,308,39,269,18,75,2025-06-17 02:05:23,In Stock,LOT-83399,Refrigerated
3216,3216,273,63,210,69,191,2025-04-27 02:05:23,In Stock,LOT-14038,Refrigerated
3217,3217,78,68,10,33,112,2025-10-28 02:05:23,backordered,LOT-84366,Room temperature
3218,3218,437,87,350,44,181,2025-10-22 02:05:23,In Stock,LOT-04432,Humidity controlled
3219,3219,258,29,229,60,84,2025-08-08 02:05:23,In Stock,LOT-40061,Cool and dry place
3220,3220,240,39,201,26,111,2024-12-25 02:05:23,In Stock,LOT-57276,Room temperature
3221,3221,293,142,151,69,112,2025-03-14 02:05:23,In Stock,LOT-82975,Refrigerated
3222,3222,363,56,307,41,91,2024-12-09 02:05:23,In Stock,LOT-14743,Humidity controlled
3223,3223,386,21,365,18,146,2025-08-24 02:05:23,In Stock,LOT-97429,Cool and dry place
3224,3224,147,117,30,77,175,2024-11-20 02:05:23,backordered,LOT-25010,Keep away from sunlight
3225,3225,281,277,4,61,184,2025-03-08 02:05:23,backordered,LOT-58752,Humidity controlled
3226,3226,181,155,26,83,153,2025-06-26 02:05:23,backordered,LOT-56806,Humidity controlled
3227,3227,479,208,271,31,178,2025-02-19 02:05:23,In Stock,LOT-56259,Refrigerated
3228,3228,412,18,394,36,68,2024-12-29 02:05:23,In Stock,LOT-04599,Room temperature
3229,3229,431,152,279,24,155,2025-04-20 02:05:23,In Stock,LOT-08027,Keep away from sunlight
3230,3230,153,95,58,13,130,2025-02-25 02:05:23,In Stock,LOT-11221,Refrigerated
3231,3231,384,8,376,37,161,2024-12-10 02:05:23,In Stock,LOT-82315,Refrigerated
3232,3232,230,221,9,85,85,2024-12-04 02:05:23,backordered,LOT-55165,Room temperature
3233,3233,202,62,140,28,54,2025-07-08 02:05:23,In Stock,LOT-17680,Keep away from sunlight
3234,3234,129,124,5,61,169,2024-11-02 02:05:23,backordered,LOT-86628,Keep away from sunlight
3235,3235,190,52,138,69,83,2025-04-03 02:05:23,In Stock,LOT-13721,Cool and dry place
3236,3236,125,121,4,28,75,2025-06-03 02:05:23,backordered,LOT-43308,Room temperature
3237,3237,27,11,16,69,148,2024-12-02 02:05:23,backordered,LOT-00370,Keep away from sunlight
3238,3238,39,38,1,47,140,2025-02-12 02:05:23,backordered,LOT-03322,Humidity controlled
3239,3239,244,10,234,71,67,2025-05-05 02:05:23,In Stock,LOT-85566,Room temperature
3240,3240,99,39,60,74,92,2025-10-27 02:05:23,backordered,LOT-08470,Cool and dry place
3241,3241,74,71,3,44,65,2025-10-20 02:05:23,backordered,LOT-68103,Humidity controlled
3242,3242,111,80,31,76,145,2025-10-20 02:05:23,backordered,LOT-90339,Keep away from sunlight
3243,3243,206,85,121,88,167,2025-05-08 02:05:23,In Stock,LOT-70519,Humidity controlled
3244,3244,167,72,95,57,63,2025-02-10 02:05:23,In Stock,LOT-58263,Humidity controlled
3245,3245,63,56,7,72,160,2025-02-11 02:05:23,backordered,LOT-28094,Cool and dry place
3246,3246,341,280,61,82,179,2025-09-28 02:05:23,backordered,LOT-48586,Refrigerated
3247,3247,477,422,55,58,134,2024-11-28 02:05:23,backordered,LOT-23945,Keep away from sunlight
3248,3248,374,369,5,91,118,2025-08-20 02:05:23,backordered,LOT-35461,Refrigerated
3249,3249,390,100,290,21,148,2025-06-13 02:05:23,In Stock,LOT-47079,Keep away from sunlight
3250,3250,112,5,107,15,127,2025-10-26 02:05:23,In Stock,LOT-86321,Refrigerated
3251,3251,99,53,46,82,99,2025-04-02 02:05:23,backordered,LOT-06133,Refrigerated
3252,3252,218,140,78,82,115,2025-07-17 02:05:23,backordered,LOT-94394,Cool and dry place
3253,3253,33,10,23,14,117,2025-02-27 02:05:23,In Stock,LOT-57039,Cool and dry place
3254,3254,112,59,53,31,176,2025-09-04 02:05:23,In Stock,LOT-43804,Cool and dry place
3255,3255,342,235,107,53,145,2025-03-06 02:05:23,In Stock,LOT-03253,Room temperature
3256,3256,295,285,10,80,134,2024-12-13 02:05:23,backordered,LOT-76576,Room temperature
3257,3257,269,79,190,95,200,2025-02-08 02:05:23,In Stock,LOT-92778,Room temperature
3258,3258,412,304,108,41,107,2025-10-21 02:05:23,In Stock,LOT-94319,Keep away from sunlight
3259,3259,247,69,178,52,180,2025-06-01 02:05:23,In Stock,LOT-10090,Keep away from sunlight
3260,3260,498,370,128,61,63,2025-01-03 02:05:23,In Stock,LOT-04047,Room temperature
3261,3261,410,131,279,23,87,2025-01-21 02:05:23,In Stock,LOT-69210,Refrigerated
3262,3262,432,401,31,38,113,2025-03-09 02:05:23,backordered,LOT-53365,Refrigerated
3263,3263,474,50,424,99,188,2025-02-16 02:05:23,In Stock,LOT-14604,Room temperature
3264,3264,211,190,21,61,157,2025-01-15 02:05:23,backordered,LOT-01424,Room temperature
3265,3265,153,20,133,41,91,2024-12-17 02:05:23,In Stock,LOT-73107,Keep away from sunlight
3266,3266,485,475,10,94,66,2025-05-25 02:05:23,backordered,LOT-20113,Cool and dry place
3267,3267,223,103,120,65,89,2025-04-03 02:05:23,In Stock,LOT-79844,Keep away from sunlight
3268,3268,500,15,485,52,144,2025-09-02 02:05:23,In Stock,LOT-09712,Room temperature
3269,3269,120,62,58,72,151,2025-01-04 02:05:23,backordered,LOT-31660,Refrigerated
3270,3270,207,110,97,40,123,2025-06-30 02:05:23,In Stock,LOT-07676,Humidity controlled
3271,3271,411,84,327,53,90,2024-12-30 02:05:23,In Stock,LOT-20901,Room temperature
3272,3272,303,192,111,20,75,2025-09-20 02:05:23,In Stock,LOT-44734,Cool and dry place
3273,3273,407,377,30,11,88,2025-01-29 02:05:23,In Stock,LOT-04337,Keep away from sunlight
3274,3274,252,229,23,21,88,2025-10-06 02:05:23,In Stock,LOT-00968,Cool and dry place
3275,3275,241,45,196,14,84,2025-06-05 02:05:23,In Stock,LOT-73045,Room temperature
3276,3276,347,182,165,95,196,2025-09-18 02:05:23,In Stock,LOT-19577,Cool and dry place
3277,3277,84,39,45,52,75,2025-10-13 02:05:23,backordered,LOT-82558,Humidity controlled
3278,3278,42,2,40,88,50,2025-07-26 02:05:23,backordered,LOT-82556,Refrigerated
3279,3279,459,200,259,72,77,2025-06-18 02:05:23,In Stock,LOT-29657,Humidity controlled
3280,3280,149,134,15,19,122,2025-08-23 02:05:23,backordered,LOT-54278,Cool and dry place
3281,3281,236,155,81,43,90,2024-12-07 02:05:23,In Stock,LOT-65619,Humidity controlled
3282,3282,49,31,18,87,107,2024-11-14 02:05:23,backordered,LOT-42557,Room temperature
3283,3283,16,12,4,53,91,2024-11-11 02:05:23,backordered,LOT-78205,Keep away from sunlight
3284,3284,414,231,183,55,180,2025-05-29 02:05:23,In Stock,LOT-82958,Room temperature
3285,3285,334,205,129,63,110,2025-05-27 02:05:23,In Stock,LOT-29236,Room temperature
3286,3286,107,30,77,69,88,2024-11-06 02:05:23,In Stock,LOT-16188,Refrigerated
3287,3287,18,2,16,17,200,2025-09-02 02:05:23,backordered,LOT-08190,Refrigerated
3288,3288,55,28,27,26,88,2025-09-25 02:05:23,In Stock,LOT-48235,Room temperature
3289,3289,394,170,224,98,131,2025-01-09 02:05:23,In Stock,LOT-71558,Refrigerated
3290,3290,367,246,121,65,154,2025-08-31 02:05:23,In Stock,LOT-68639,Humidity controlled
3291,3291,373,300,73,48,103,2025-03-04 02:05:23,In Stock,LOT-56137,Cool and dry place
3292,3292,186,40,146,60,99,2025-05-09 02:05:23,In Stock,LOT-23081,Cool and dry place
3293,3293,25,1,24,42,149,2025-07-29 02:05:23,backordered,LOT-72143,Keep away from sunlight
3294,3294,237,168,69,60,132,2025-03-16 02:05:23,In Stock,LOT-64381,Refrigerated
3295,3295,417,167,250,100,158,2024-11-29 02:05:23,In Stock,LOT-30004,Room temperature
3296,3296,490,468,22,82,97,2025-10-29 02:05:23,backordered,LOT-13211,Refrigerated
3297,3297,488,128,360,63,73,2025-02-25 02:05:23,In Stock,LOT-47165,Room temperature
3298,3298,75,5,70,27,111,2025-02-12 02:05:23,In Stock,LOT-60945,Humidity controlled
3299,3299,253,245,8,45,101,2025-08-01 02:05:23,backordered,LOT-65346,Keep away from sunlight
3300,3300,19,0,19,90,142,2024-11-02 02:05:23,backordered,LOT-99799,Room temperature
3301,3301,409,314,95,57,136,2025-10-31 02:05:23,In Stock,LOT-07075,Cool and dry place
3302,3302,247,197,50,74,101,2025-07-16 02:05:23,backordered,LOT-50476,Refrigerated
3303,3303,170,168,2,74,120,2025-02-03 02:05:23,backordered,LOT-81699,Keep away from sunlight
3304,3304,455,270,185,85,100,2025-03-24 02:05:23,In Stock,LOT-57060,Cool and dry place
3305,3305,232,184,48,85,190,2025-06-06 02:05:23,backordered,LOT-71748,Humidity controlled
3306,3306,386,233,153,15,122,2025-05-15 02:05:23,In Stock,LOT-11317,Cool and dry place
3307,3307,208,150,58,90,66,2025-03-04 02:05:23,backordered,LOT-65397,Keep away from sunlight
3308,3308,475,237,238,87,196,2025-07-06 02:05:23,In Stock,LOT-05487,Room temperature
3309,3309,427,302,125,38,165,2025-06-19 02:05:23,In Stock,LOT-39610,Room temperature
3310,3310,456,333,123,14,108,2024-11-24 02:05:23,In Stock,LOT-29087,Humidity controlled
3311,3311,130,101,29,43,51,2025-02-03 02:05:23,backordered,LOT-18274,Refrigerated
3312,3312,20,7,13,67,111,2025-04-12 02:05:23,backordered,LOT-96804,Cool and dry place
3313,3313,220,12,208,19,120,2025-01-31 02:05:23,In Stock,LOT-91872,Humidity controlled
3314,3314,481,213,268,12,178,2024-12-09 02:05:23,In Stock,LOT-74204,Room temperature
3315,3315,393,307,86,94,63,2025-02-20 02:05:23,backordered,LOT-95612,Humidity controlled
3316,3316,109,68,41,94,191,2025-06-07 02:05:23,backordered,LOT-13773,Cool and dry place
3317,3317,437,120,317,59,193,2025-05-17 02:05:23,In Stock,LOT-06260,Refrigerated
3318,3318,279,102,177,11,159,2025-09-22 02:05:23,In Stock,LOT-42359,Room temperature
3319,3319,331,125,206,71,55,2025-09-12 02:05:23,In Stock,LOT-73711,Refrigerated
3320,3320,476,383,93,43,93,2024-11-30 02:05:23,In Stock,LOT-22299,Room temperature
3321,3321,343,131,212,63,91,2025-03-28 02:05:23,In Stock,LOT-07756,Refrigerated
3322,3322,373,83,290,56,74,2025-06-07 02:05:23,In Stock,LOT-08581,Room temperature
3323,3323,277,35,242,19,89,2025-08-31 02:05:23,In Stock,LOT-67046,Cool and dry place
3324,3324,488,122,366,18,119,2025-08-02 02:05:23,In Stock,LOT-86111,Cool and dry place
3325,3325,391,231,160,53,81,2025-02-18 02:05:23,In Stock,LOT-45768,Humidity controlled
3326,3326,238,130,108,25,173,2024-11-24 02:05:23,In Stock,LOT-32102,Humidity controlled
3327,3327,142,21,121,55,73,2025-05-05 02:05:23,In Stock,LOT-19237,Refrigerated
3328,3328,198,48,150,79,114,2025-10-23 02:05:23,In Stock,LOT-85847,Humidity controlled
3329,3329,411,406,5,21,66,2025-08-10 02:05:23,backordered,LOT-12961,Refrigerated
3330,3330,175,41,134,76,186,2025-07-25 02:05:23,In Stock,LOT-80332,Keep away from sunlight
3331,3331,473,387,86,90,139,2025-10-17 02:05:23,backordered,LOT-42605,Room temperature
3332,3332,436,199,237,65,76,2025-02-12 02:05:23,In Stock,LOT-08018,Keep away from sunlight
3333,3333,108,21,87,34,173,2025-01-05 02:05:23,In Stock,LOT-49804,Cool and dry place
3334,3334,499,381,118,39,176,2025-01-20 02:05:23,In Stock,LOT-25373,Keep away from sunlight
3335,3335,198,82,116,92,144,2025-07-23 02:05:23,In Stock,LOT-37773,Cool and dry place
3336,3336,18,14,4,34,50,2025-01-13 02:05:23,backordered,LOT-12688,Room temperature
3337,3337,8,5,3,93,136,2025-04-03 02:05:23,backordered,LOT-12282,Cool and dry place
3338,3338,496,161,335,69,71,2025-08-25 02:05:23,In Stock,LOT-17819,Cool and dry place
3339,3339,304,266,38,81,79,2025-01-02 02:05:23,backordered,LOT-23653,Refrigerated
3340,3340,242,126,116,80,191,2025-05-11 02:05:23,In Stock,LOT-46060,Cool and dry place
3341,3341,319,16,303,91,131,2025-06-29 02:05:23,In Stock,LOT-56035,Room temperature
3342,3342,274,217,57,47,59,2025-09-08 02:05:23,In Stock,LOT-67932,Cool and dry place
3343,3343,480,153,327,95,85,2024-11-10 02:05:23,In Stock,LOT-79862,Room temperature
3344,3344,417,194,223,29,121,2025-05-11 02:05:23,In Stock,LOT-39847,Keep away from sunlight
3345,3345,38,33,5,56,69,2025-02-19 02:05:23,backordered,LOT-16906,Room temperature
3346,3346,378,153,225,62,55,2025-10-19 02:05:23,In Stock,LOT-18120,Room temperature
3347,3347,167,47,120,21,85,2025-02-06 02:05:23,In Stock,LOT-54647,Humidity controlled
3348,3348,306,51,255,56,79,2025-09-14 02:05:23,In Stock,LOT-54895,Room temperature
3349,3349,393,170,223,50,81,2025-07-31 02:05:23,In Stock,LOT-47876,Humidity controlled
3350,3350,108,74,34,20,109,2025-10-07 02:05:23,In Stock,LOT-98999,Room temperature
3351,3351,159,140,19,79,70,2024-11-02 02:05:23,backordered,LOT-27517,Humidity controlled
3352,3352,478,295,183,98,189,2025-06-02 02:05:23,In Stock,LOT-58891,Humidity controlled
3353,3353,336,152,184,22,153,2025-10-12 02:05:23,In Stock,LOT-44449,Room temperature
3354,3354,470,449,21,63,73,2024-11-30 02:05:23,backordered,LOT-83553,Room temperature
3355,3355,137,13,124,27,67,2025-09-14 02:05:23,In Stock,LOT-93543,Humidity controlled
3356,3356,2,0,2,71,60,2025-03-06 02:05:23,backordered,LOT-58644,Room temperature
3357,3357,207,138,69,23,117,2025-08-12 02:05:23,In Stock,LOT-96392,Humidity controlled
3358,3358,481,287,194,41,70,2025-05-14 02:05:23,In Stock,LOT-43588,Refrigerated
3359,3359,94,83,11,82,76,2024-12-14 02:05:23,backordered,LOT-53798,Cool and dry place
3360,3360,240,55,185,100,82,2025-08-07 02:05:23,In Stock,LOT-21433,Humidity controlled
3361,3361,122,52,70,10,183,2025-06-15 02:05:23,In Stock,LOT-95275,Humidity controlled
3362,3362,406,373,33,34,176,2025-01-25 02:05:23,backordered,LOT-36749,Refrigerated
3363,3363,30,13,17,37,149,2025-07-26 02:05:23,backordered,LOT-78524,Humidity controlled
3364,3364,149,88,61,27,153,2025-01-03 02:05:23,In Stock,LOT-91416,Keep away from sunlight
3365,3365,466,296,170,46,118,2025-06-27 02:05:23,In Stock,LOT-86013,Humidity controlled
3366,3366,438,63,375,100,157,2025-06-24 02:05:23,In Stock,LOT-47789,Humidity controlled
3367,3367,254,0,254,24,153,2025-01-03 02:05:23,In Stock,LOT-48963,Refrigerated
3368,3368,382,129,253,98,82,2025-01-10 02:05:23,In Stock,LOT-40679,Refrigerated
3369,3369,416,328,88,84,80,2024-11-23 02:05:23,In Stock,LOT-17665,Refrigerated
3370,3370,67,5,62,39,113,2025-10-09 02:05:23,In Stock,LOT-12215,Cool and dry place
3371,3371,350,202,148,27,105,2025-06-13 02:05:23,In Stock,LOT-00141,Cool and dry place
3372,3372,294,1,293,93,103,2025-09-06 02:05:23,In Stock,LOT-88421,Cool and dry place
3373,3373,211,27,184,53,102,2025-03-18 02:05:23,In Stock,LOT-63090,Refrigerated
3374,3374,75,15,60,57,133,2025-04-05 02:05:23,In Stock,LOT-01594,Keep away from sunlight
3375,3375,337,265,72,97,120,2025-03-19 02:05:23,backordered,LOT-46333,Refrigerated
3376,3376,439,325,114,28,102,2025-04-16 02:05:23,In Stock,LOT-99948,Room temperature
3377,3377,96,85,11,94,112,2025-02-24 02:05:23,backordered,LOT-53208,Keep away from sunlight
3378,3378,485,140,345,65,62,2025-06-25 02:05:23,In Stock,LOT-95326,Cool and dry place
3379,3379,221,118,103,30,65,2025-10-02 02:05:23,In Stock,LOT-38902,Keep away from sunlight
3380,3380,268,148,120,36,155,2025-09-06 02:05:23,In Stock,LOT-19947,Room temperature
3381,3381,72,36,36,45,95,2025-03-28 02:05:23,backordered,LOT-11363,Cool and dry place
3382,3382,242,201,41,77,66,2025-01-05 02:05:23,backordered,LOT-37922,Keep away from sunlight
3383,3383,178,77,101,92,107,2025-03-16 02:05:23,In Stock,LOT-34103,Refrigerated
3384,3384,352,141,211,71,149,2025-06-16 02:05:23,In Stock,LOT-46996,Refrigerated
3385,3385,245,56,189,66,84,2025-10-24 02:05:23,In Stock,LOT-73311,Refrigerated
3386,3386,330,248,82,59,106,2025-01-23 02:05:23,In Stock,LOT-67726,Humidity controlled
3387,3387,328,74,254,24,118,2025-04-26 02:05:23,In Stock,LOT-96084,Humidity controlled
3388,3388,130,25,105,44,182,2025-05-27 02:05:23,In Stock,LOT-37685,Keep away from sunlight
3389,3389,10,1,9,82,77,2025-07-01 02:05:23,backordered,LOT-50789,Room temperature
3390,3390,129,62,67,95,192,2024-12-22 02:05:23,backordered,LOT-67935,Humidity controlled
3391,3391,409,271,138,33,177,2025-02-04 02:05:23,In Stock,LOT-21962,Cool and dry place
3392,3392,76,2,74,51,191,2025-04-01 02:05:23,In Stock,LOT-63355,Humidity controlled
3393,3393,174,0,174,71,99,2025-07-29 02:05:23,In Stock,LOT-64343,Cool and dry place
3394,3394,375,156,219,64,114,2024-11-10 02:05:23,In Stock,LOT-69709,Room temperature
3395,3395,300,102,198,90,152,2024-11-24 02:05:23,In Stock,LOT-31706,Humidity controlled
3396,3396,289,288,1,55,74,2025-04-21 02:05:23,backordered,LOT-95560,Keep away from sunlight
3397,3397,319,100,219,41,133,2025-10-09 02:05:23,In Stock,LOT-76761,Room temperature
3398,3398,182,120,62,40,186,2025-05-15 02:05:23,In Stock,LOT-64534,Keep away from sunlight
3399,3399,116,55,61,81,54,2024-11-13 02:05:23,backordered,LOT-54722,Cool and dry place
3400,3400,52,36,16,27,109,2025-04-05 02:05:23,backordered,LOT-39898,Cool and dry place
3401,3401,104,59,45,62,186,2025-09-25 02:05:23,backordered,LOT-30650,Cool and dry place
3402,3402,348,280,68,66,84,2025-07-11 02:05:23,In Stock,LOT-31219,Refrigerated
3403,3403,111,47,64,22,59,2025-06-23 02:05:23,In Stock,LOT-80418,Cool and dry place
3404,3404,470,300,170,62,80,2025-06-11 02:05:23,In Stock,LOT-47242,Humidity controlled
3405,3405,455,230,225,36,73,2025-05-11 02:05:23,In Stock,LOT-64236,Refrigerated
3406,3406,313,60,253,21,114,2024-12-30 02:05:23,In Stock,LOT-42813,Humidity controlled
3407,3407,382,322,60,40,61,2025-03-03 02:05:23,In Stock,LOT-19092,Room temperature
3408,3408,277,85,192,94,51,2025-02-24 02:05:23,In Stock,LOT-48762,Refrigerated
3409,3409,407,210,197,52,75,2025-09-17 02:05:23,In Stock,LOT-30391,Humidity controlled
3410,3410,298,117,181,83,121,2025-11-01 02:05:23,In Stock,LOT-11428,Keep away from sunlight
3411,3411,356,178,178,55,165,2025-01-21 02:05:23,In Stock,LOT-17852,Refrigerated
3412,3412,13,11,2,22,196,2025-10-22 02:05:23,backordered,LOT-28230,Room temperature
3413,3413,98,22,76,30,109,2025-10-09 02:05:23,In Stock,LOT-52480,Refrigerated
3414,3414,100,26,74,35,83,2025-06-03 02:05:23,In Stock,LOT-88062,Keep away from sunlight
3415,3415,31,28,3,38,84,2025-10-16 02:05:23,backordered,LOT-20722,Cool and dry place
3416,3416,371,370,1,36,143,2024-12-15 02:05:23,backordered,LOT-39594,Room temperature
3417,3417,427,351,76,65,89,2024-11-14 02:05:23,In Stock,LOT-73721,Cool and dry place
3418,3418,426,81,345,70,146,2025-10-29 02:05:23,In Stock,LOT-32901,Refrigerated
3419,3419,191,8,183,78,94,2024-11-16 02:05:23,In Stock,LOT-62047,Keep away from sunlight
3420,3420,55,5,50,30,104,2025-09-25 02:05:23,In Stock,LOT-87688,Refrigerated
3421,3421,212,27,185,65,108,2024-11-08 02:05:23,In Stock,LOT-68785,Refrigerated
3422,3422,136,133,3,81,185,2025-01-03 02:05:23,backordered,LOT-99648,Humidity controlled
3423,3423,168,115,53,30,186,2024-11-28 02:05:23,In Stock,LOT-62872,Humidity controlled
3424,3424,110,57,53,64,94,2024-12-24 02:05:23,backordered,LOT-03195,Keep away from sunlight
3425,3425,142,80,62,43,104,2025-10-22 02:05:23,In Stock,LOT-41966,Refrigerated
3426,3426,207,75,132,58,187,2025-03-08 02:05:23,In Stock,LOT-64505,Cool and dry place
3427,3427,447,297,150,24,82,2025-10-05 02:05:23,In Stock,LOT-73036,Refrigerated
3428,3428,377,358,19,78,78,2025-01-19 02:05:23,backordered,LOT-27924,Keep away from sunlight
3429,3429,202,166,36,84,84,2025-10-05 02:05:23,backordered,LOT-63203,Humidity controlled
3430,3430,92,68,24,39,82,2025-07-01 02:05:23,backordered,LOT-74767,Cool and dry place
3431,3431,260,37,223,40,187,2025-01-23 02:05:23,In Stock,LOT-75372,Cool and dry place
3432,3432,173,134,39,78,73,2025-06-22 02:05:23,backordered,LOT-60321,Room temperature
3433,3433,170,140,30,27,95,2025-10-10 02:05:23,In Stock,LOT-45057,Keep away from sunlight
3434,3434,251,217,34,36,85,2025-07-12 02:05:23,backordered,LOT-66194,Cool and dry place
3435,3435,265,75,190,89,163,2025-09-26 02:05:23,In Stock,LOT-58870,Keep away from sunlight
3436,3436,369,324,45,79,70,2025-05-21 02:05:23,backordered,LOT-71553,Keep away from sunlight
3437,3437,84,35,49,53,57,2025-10-16 02:05:23,backordered,LOT-48201,Cool and dry place
3438,3438,399,13,386,95,56,2025-10-17 02:05:23,In Stock,LOT-28400,Cool and dry place
3439,3439,165,42,123,91,199,2025-09-21 02:05:23,In Stock,LOT-83850,Cool and dry place
3440,3440,352,97,255,71,75,2025-03-22 02:05:23,In Stock,LOT-76597,Humidity controlled
3441,3441,331,190,141,17,56,2025-08-17 02:05:23,In Stock,LOT-59545,Room temperature
3442,3442,160,97,63,96,79,2025-02-16 02:05:23,backordered,LOT-08917,Room temperature
3443,3443,385,149,236,43,90,2025-09-19 02:05:23,In Stock,LOT-76808,Humidity controlled
3444,3444,416,75,341,86,197,2025-01-29 02:05:23,In Stock,LOT-98126,Keep away from sunlight
3445,3445,147,125,22,76,69,2025-08-16 02:05:23,backordered,LOT-57422,Refrigerated
3446,3446,422,390,32,46,178,2024-12-18 02:05:23,backordered,LOT-31964,Cool and dry place
3447,3447,160,97,63,70,60,2025-02-15 02:05:23,backordered,LOT-63004,Keep away from sunlight
3448,3448,239,6,233,15,62,2025-10-31 02:05:23,In Stock,LOT-02369,Room temperature
3449,3449,453,125,328,58,138,2024-12-11 02:05:23,In Stock,LOT-36268,Room temperature
3450,3450,45,23,22,76,120,2025-02-03 02:05:23,backordered,LOT-94301,Refrigerated
3451,3451,207,96,111,82,81,2025-07-04 02:05:23,In Stock,LOT-20471,Keep away from sunlight
3452,3452,76,34,42,75,108,2025-05-21 02:05:23,backordered,LOT-37271,Room temperature
3453,3453,338,25,313,56,129,2025-08-06 02:05:23,In Stock,LOT-17595,Humidity controlled
3454,3454,192,186,6,15,191,2024-11-01 02:05:23,backordered,LOT-74988,Cool and dry place
3455,3455,320,240,80,16,154,2025-07-18 02:05:23,In Stock,LOT-55829,Refrigerated
3456,3456,210,154,56,88,192,2025-03-11 02:05:23,backordered,LOT-84933,Humidity controlled
3457,3457,181,4,177,89,184,2025-07-30 02:05:23,In Stock,LOT-06745,Refrigerated
3458,3458,33,3,30,44,62,2025-08-31 02:05:23,backordered,LOT-84760,Keep away from sunlight
3459,3459,129,31,98,81,185,2025-10-30 02:05:23,In Stock,LOT-94412,Room temperature
3460,3460,320,132,188,92,95,2025-01-25 02:05:23,In Stock,LOT-83337,Keep away from sunlight
3461,3461,255,127,128,76,99,2025-04-22 02:05:23,In Stock,LOT-21885,Refrigerated
3462,3462,270,32,238,61,118,2025-06-30 02:05:23,In Stock,LOT-66695,Refrigerated
3463,3463,344,33,311,28,152,2024-12-20 02:05:23,In Stock,LOT-41329,Room temperature
3464,3464,371,87,284,76,196,2024-12-06 02:05:23,In Stock,LOT-71506,Room temperature
3465,3465,208,76,132,30,55,2025-06-30 02:05:23,In Stock,LOT-66267,Keep away from sunlight
3466,3466,387,367,20,26,144,2025-02-04 02:05:23,backordered,LOT-05514,Keep away from sunlight
3467,3467,109,13,96,49,114,2025-09-20 02:05:23,In Stock,LOT-37769,Keep away from sunlight
3468,3468,447,20,427,59,124,2024-12-13 02:05:23,In Stock,LOT-36634,Keep away from sunlight
3469,3469,80,45,35,57,124,2025-10-11 02:05:23,backordered,LOT-39252,Refrigerated
3470,3470,206,201,5,39,144,2025-05-11 02:05:23,backordered,LOT-95961,Humidity controlled
3471,3471,349,95,254,47,99,2025-10-21 02:05:23,In Stock,LOT-11102,Cool and dry place
3472,3472,240,96,144,49,155,2025-06-11 02:05:23,In Stock,LOT-86712,Room temperature
3473,3473,262,258,4,12,107,2025-09-07 02:05:23,backordered,LOT-00720,Room temperature
3474,3474,123,71,52,99,178,2025-02-09 02:05:23,backordered,LOT-24559,Refrigerated
3475,3475,425,141,284,52,84,2025-03-08 02:05:23,In Stock,LOT-10245,Humidity controlled
3476,3476,425,356,69,17,137,2025-10-13 02:05:23,In Stock,LOT-10910,Room temperature
3477,3477,351,327,24,17,124,2025-07-02 02:05:23,In Stock,LOT-90326,Refrigerated
3478,3478,469,110,359,36,140,2025-07-25 02:05:23,In Stock,LOT-71494,Humidity controlled
3479,3479,131,80,51,100,81,2025-04-13 02:05:23,backordered,LOT-98194,Refrigerated
3480,3480,413,72,341,23,73,2025-09-14 02:05:23,In Stock,LOT-21794,Humidity controlled
3481,3481,232,134,98,69,81,2025-01-27 02:05:23,In Stock,LOT-28179,Cool and dry place
3482,3482,310,101,209,40,73,2024-12-13 02:05:23,In Stock,LOT-34065,Refrigerated
3483,3483,252,55,197,27,153,2024-12-07 02:05:23,In Stock,LOT-27758,Room temperature
3484,3484,115,5,110,62,58,2025-09-23 02:05:23,In Stock,LOT-44663,Cool and dry place
3485,3485,470,384,86,88,179,2025-02-20 02:05:23,backordered,LOT-45337,Room temperature
3486,3486,199,24,175,69,178,2025-04-07 02:05:23,In Stock,LOT-22010,Humidity controlled
3487,3487,368,268,100,11,52,2025-07-30 02:05:23,In Stock,LOT-91217,Refrigerated
3488,3488,420,13,407,13,200,2025-09-08 02:05:23,In Stock,LOT-22145,Room temperature
3489,3489,398,212,186,24,190,2025-08-28 02:05:23,In Stock,LOT-59376,Humidity controlled
3490,3490,268,6,262,41,146,2025-05-15 02:05:23,In Stock,LOT-61894,Keep away from sunlight
3491,3491,326,254,72,43,122,2024-12-31 02:05:23,In Stock,LOT-37052,Cool and dry place
3492,3492,491,371,120,63,50,2024-12-19 02:05:23,In Stock,LOT-63510,Refrigerated
3493,3493,200,94,106,88,138,2025-08-25 02:05:23,In Stock,LOT-04627,Cool and dry place
3494,3494,39,19,20,87,68,2025-08-30 02:05:23,backordered,LOT-76572,Humidity controlled
3495,3495,327,294,33,46,77,2025-01-29 02:05:23,backordered,LOT-56592,Room temperature
3496,3496,115,29,86,60,185,2025-03-02 02:05:23,In Stock,LOT-02461,Room temperature
3497,3497,429,13,416,85,85,2025-04-07 02:05:23,In Stock,LOT-75202,Refrigerated
3498,3498,87,20,67,37,179,2025-08-18 02:05:23,In Stock,LOT-38974,Cool and dry place
3499,3499,122,57,65,45,135,2025-05-13 02:05:23,In Stock,LOT-32600,Keep away from sunlight
3500,3500,39,5,34,42,59,2024-11-10 02:05:23,backordered,LOT-55955,Room temperature
3501,3501,66,66,0,78,154,2025-10-11 02:05:23,backordered,LOT-01783,Room temperature
3502,3502,322,10,312,53,110,2025-02-22 02:05:23,In Stock,LOT-32584,Keep away from sunlight
3503,3503,219,111,108,15,182,2024-11-11 02:05:23,In Stock,LOT-86899,Cool and dry place
3504,3504,59,47,12,26,159,2025-10-23 02:05:23,backordered,LOT-93607,Cool and dry place
3505,3505,483,98,385,17,183,2025-07-20 02:05:23,In Stock,LOT-98487,Room temperature
3506,3506,199,101,98,87,72,2025-10-19 02:05:23,In Stock,LOT-04506,Keep away from sunlight
3507,3507,78,58,20,19,132,2025-07-16 02:05:23,In Stock,LOT-91767,Cool and dry place
3508,3508,487,89,398,37,115,2025-05-11 02:05:23,In Stock,LOT-99359,Room temperature
3509,3509,26,26,0,65,180,2025-01-24 02:05:23,backordered,LOT-37440,Refrigerated
3510,3510,223,146,77,23,174,2024-12-16 02:05:23,In Stock,LOT-39464,Keep away from sunlight
3511,3511,217,195,22,81,86,2024-12-18 02:05:23,backordered,LOT-08303,Refrigerated
3512,3512,268,135,133,47,60,2025-09-03 02:05:23,In Stock,LOT-73606,Refrigerated
3513,3513,155,141,14,10,185,2025-03-17 02:05:23,In Stock,LOT-01488,Refrigerated
3514,3514,175,76,99,40,172,2024-11-25 02:05:23,In Stock,LOT-60849,Humidity controlled
3515,3515,377,270,107,27,154,2025-10-09 02:05:23,In Stock,LOT-07938,Refrigerated
3516,3516,119,82,37,57,81,2025-10-05 02:05:23,backordered,LOT-84136,Cool and dry place
3517,3517,341,189,152,67,54,2024-12-26 02:05:23,In Stock,LOT-85283,Cool and dry place
3518,3518,259,188,71,82,198,2024-11-04 02:05:23,backordered,LOT-06153,Cool and dry place
3519,3519,411,148,263,46,196,2025-07-31 02:05:23,In Stock,LOT-70124,Cool and dry place
3520,3520,365,231,134,42,199,2025-08-09 02:05:23,In Stock,LOT-24462,Keep away from sunlight
3521,3521,387,306,81,100,196,2024-12-17 02:05:23,backordered,LOT-63251,Keep away from sunlight
3522,3522,392,319,73,83,146,2024-11-30 02:05:23,backordered,LOT-44881,Room temperature
3523,3523,425,282,143,92,166,2025-09-17 02:05:23,In Stock,LOT-12103,Humidity controlled
3524,3524,151,37,114,78,143,2025-01-09 02:05:23,In Stock,LOT-14217,Keep away from sunlight
3525,3525,326,291,35,41,87,2025-05-16 02:05:23,backordered,LOT-51887,Humidity controlled
3526,3526,52,18,34,12,178,2025-05-27 02:05:23,In Stock,LOT-81794,Humidity controlled
3527,3527,316,99,217,32,98,2025-09-07 02:05:23,In Stock,LOT-15152,Refrigerated
3528,3528,429,399,30,38,125,2025-08-21 02:05:23,backordered,LOT-63840,Keep away from sunlight
3529,3529,206,144,62,81,64,2025-04-07 02:05:23,backordered,LOT-91122,Humidity controlled
3530,3530,358,11,347,81,171,2025-08-14 02:05:23,In Stock,LOT-52883,Keep away from sunlight
3531,3531,327,60,267,68,156,2025-10-17 02:05:23,In Stock,LOT-75056,Keep away from sunlight
3532,3532,89,27,62,49,193,2025-07-08 02:05:23,In Stock,LOT-61863,Humidity controlled
3533,3533,310,112,198,51,142,2024-12-04 02:05:23,In Stock,LOT-23979,Refrigerated
3534,3534,460,266,194,27,193,2025-10-24 02:05:23,In Stock,LOT-13787,Room temperature
3535,3535,423,1,422,54,154,2024-11-27 02:05:23,In Stock,LOT-65530,Cool and dry place
3536,3536,72,72,0,88,161,2025-05-11 02:05:23,backordered,LOT-07309,Cool and dry place
3537,3537,281,75,206,61,141,2025-01-27 02:05:23,In Stock,LOT-50556,Refrigerated
3538,3538,222,169,53,44,73,2025-01-24 02:05:23,In Stock,LOT-05712,Keep away from sunlight
3539,3539,293,193,100,54,154,2024-12-14 02:05:23,In Stock,LOT-19881,Cool and dry place
3540,3540,472,424,48,37,53,2025-01-18 02:05:23,In Stock,LOT-92778,Keep away from sunlight
3541,3541,414,218,196,22,87,2025-07-27 02:05:23,In Stock,LOT-85190,Humidity controlled
3542,3542,160,146,14,53,80,2025-06-26 02:05:23,backordered,LOT-53486,Refrigerated
3543,3543,397,136,261,61,188,2025-08-17 02:05:23,In Stock,LOT-40104,Refrigerated
3544,3544,300,159,141,75,119,2024-12-16 02:05:23,In Stock,LOT-24624,Cool and dry place
3545,3545,437,15,422,31,172,2025-07-10 02:05:23,In Stock,LOT-56185,Cool and dry place
3546,3546,3,3,0,86,150,2025-04-16 02:05:23,backordered,LOT-17446,Cool and dry place
3547,3547,28,3,25,59,178,2025-07-21 02:05:23,backordered,LOT-00452,Cool and dry place
3548,3548,41,12,29,88,135,2025-10-19 02:05:23,backordered,LOT-12899,Cool and dry place
3549,3549,484,33,451,58,185,2025-10-04 02:05:23,In Stock,LOT-15114,Humidity controlled
3550,3550,331,142,189,20,125,2024-12-14 02:05:23,In Stock,LOT-55129,Humidity controlled
3551,3551,37,20,17,16,166,2025-04-07 02:05:23,In Stock,LOT-39130,Refrigerated
3552,3552,441,322,119,76,100,2025-01-07 02:05:23,In Stock,LOT-44881,Keep away from sunlight
3553,3553,328,210,118,90,86,2025-10-07 02:05:23,In Stock,LOT-89848,Room temperature
3554,3554,112,81,31,45,119,2025-10-24 02:05:23,backordered,LOT-41604,Keep away from sunlight
3555,3555,225,113,112,86,122,2025-04-15 02:05:23,In Stock,LOT-61540,Refrigerated
3556,3556,29,22,7,67,85,2025-04-09 02:05:23,backordered,LOT-21190,Keep away from sunlight
3557,3557,343,66,277,86,85,2025-05-09 02:05:23,In Stock,LOT-17075,Cool and dry place
3558,3558,284,47,237,72,171,2025-04-19 02:05:23,In Stock,LOT-68142,Cool and dry place
3559,3559,82,72,10,99,67,2025-06-20 02:05:23,backordered,LOT-98315,Cool and dry place
3560,3560,203,134,69,96,186,2025-06-20 02:05:23,backordered,LOT-22910,Cool and dry place
3561,3561,496,99,397,35,101,2025-03-14 02:05:23,In Stock,LOT-73228,Refrigerated
3562,3562,45,8,37,50,141,2025-08-06 02:05:23,backordered,LOT-36084,Refrigerated
3563,3563,176,102,74,23,169,2025-01-27 02:05:23,In Stock,LOT-93783,Cool and dry place
3564,3564,237,2,235,36,92,2024-11-19 02:05:23,In Stock,LOT-06396,Cool and dry place
3565,3565,40,38,2,30,50,2025-04-21 02:05:23,backordered,LOT-38452,Cool and dry place
3566,3566,112,96,16,64,110,2025-02-12 02:05:23,backordered,LOT-69694,Room temperature
3567,3567,67,59,8,73,189,2025-01-12 02:05:23,backordered,LOT-43916,Room temperature
3568,3568,192,31,161,34,105,2025-03-17 02:05:23,In Stock,LOT-49701,Cool and dry place
3569,3569,456,341,115,79,125,2025-05-28 02:05:23,In Stock,LOT-69342,Room temperature
3570,3570,303,25,278,31,198,2025-05-20 02:05:23,In Stock,LOT-92913,Cool and dry place
3571,3571,72,50,22,47,180,2025-10-10 02:05:23,backordered,LOT-20330,Cool and dry place
3572,3572,220,70,150,46,63,2025-07-03 02:05:23,In Stock,LOT-16234,Keep away from sunlight
3573,3573,104,87,17,42,76,2025-04-12 02:05:23,backordered,LOT-19031,Keep away from sunlight
3574,3574,273,55,218,28,168,2025-02-19 02:05:23,In Stock,LOT-06153,Humidity controlled
3575,3575,87,23,64,19,53,2025-08-11 02:05:23,In Stock,LOT-72215,Cool and dry place
3576,3576,449,251,198,85,187,2025-07-31 02:05:23,In Stock,LOT-56684,Cool and dry place
3577,3577,321,99,222,43,182,2025-04-01 02:05:23,In Stock,LOT-73236,Refrigerated
3578,3578,293,279,14,53,175,2024-11-15 02:05:23,backordered,LOT-53377,Humidity controlled
3579,3579,224,59,165,64,109,2025-01-29 02:05:23,In Stock,LOT-46040,Refrigerated
3580,3580,448,58,390,75,95,2025-01-27 02:05:23,In Stock,LOT-67200,Room temperature
3581,3581,209,7,202,53,108,2025-01-12 02:05:23,In Stock,LOT-78436,Keep away from sunlight
3582,3582,491,378,113,12,176,2024-11-07 02:05:23,In Stock,LOT-14244,Humidity controlled
3583,3583,278,219,59,61,80,2025-03-14 02:05:23,backordered,LOT-26078,Keep away from sunlight
3584,3584,358,31,327,61,177,2025-07-04 02:05:23,In Stock,LOT-19754,Keep away from sunlight
3585,3585,265,75,190,11,143,2025-10-31 02:05:23,In Stock,LOT-37347,Keep away from sunlight
3586,3586,276,73,203,20,93,2025-08-01 02:05:23,In Stock,LOT-64273,Refrigerated
3587,3587,322,178,144,51,90,2025-09-18 02:05:23,In Stock,LOT-72037,Keep away from sunlight
3588,3588,347,337,10,56,53,2025-05-14 02:05:23,backordered,LOT-63882,Humidity controlled
3589,3589,229,26,203,97,117,2025-04-08 02:05:23,In Stock,LOT-14584,Humidity controlled
3590,3590,76,9,67,76,94,2025-09-25 02:05:23,backordered,LOT-14846,Humidity controlled
3591,3591,71,41,30,82,151,2025-03-13 02:05:23,backordered,LOT-01913,Humidity controlled
3592,3592,488,20,468,81,186,2024-11-17 02:05:23,In Stock,LOT-44389,Room temperature
3593,3593,120,55,65,89,188,2025-06-07 02:05:23,backordered,LOT-98278,Humidity controlled
3594,3594,444,8,436,30,82,2025-10-13 02:05:23,In Stock,LOT-02058,Room temperature
3595,3595,408,17,391,87,108,2024-11-27 02:05:23,In Stock,LOT-69507,Humidity controlled
3596,3596,221,184,37,86,114,2025-02-15 02:05:23,backordered,LOT-32146,Room temperature
3597,3597,331,66,265,48,136,2024-12-24 02:05:23,In Stock,LOT-44936,Humidity controlled
3598,3598,283,33,250,92,71,2025-06-09 02:05:23,In Stock,LOT-99951,Room temperature
3599,3599,231,160,71,79,179,2025-03-12 02:05:23,backordered,LOT-67933,Cool and dry place
3600,3600,355,335,20,66,73,2025-05-03 02:05:23,backordered,LOT-50557,Refrigerated
3601,3601,120,114,6,79,152,2025-03-17 02:05:23,backordered,LOT-38573,Keep away from sunlight
3602,3602,244,50,194,79,97,2025-10-19 02:05:23,In Stock,LOT-68011,Humidity controlled
3603,3603,231,70,161,58,69,2024-12-22 02:05:23,In Stock,LOT-92360,Cool and dry place
3604,3604,368,321,47,94,168,2025-02-21 02:05:23,backordered,LOT-37681,Humidity controlled
3605,3605,272,252,20,59,188,2025-08-17 02:05:23,backordered,LOT-18723,Humidity controlled
3606,3606,294,223,71,74,177,2025-08-15 02:05:23,backordered,LOT-33510,Refrigerated
3607,3607,163,132,31,83,100,2025-02-22 02:05:23,backordered,LOT-40961,Cool and dry place
3608,3608,404,329,75,78,131,2024-11-18 02:05:23,backordered,LOT-49731,Humidity controlled
3609,3609,0,0,0,92,97,2024-11-17 02:05:23,Out of Stock,LOT-53911,Refrigerated
3610,3610,188,13,175,99,118,2025-10-17 02:05:23,In Stock,LOT-49830,Room temperature
3611,3611,386,199,187,58,134,2024-11-15 02:05:23,In Stock,LOT-74820,Keep away from sunlight
3612,3612,291,19,272,13,81,2025-08-08 02:05:23,In Stock,LOT-73651,Room temperature
3613,3613,460,277,183,32,137,2025-04-24 02:05:23,In Stock,LOT-18939,Room temperature
3614,3614,128,46,82,77,150,2025-03-11 02:05:23,In Stock,LOT-40655,Humidity controlled
3615,3615,201,50,151,27,140,2024-12-23 02:05:23,In Stock,LOT-78201,Room temperature
3616,3616,95,81,14,41,84,2024-11-17 02:05:23,backordered,LOT-90432,Humidity controlled
3617,3617,378,294,84,44,150,2025-07-11 02:05:23,In Stock,LOT-23023,Refrigerated
3618,3618,279,52,227,53,153,2025-08-09 02:05:23,In Stock,LOT-33247,Room temperature
3619,3619,40,20,20,33,186,2025-05-13 02:05:23,backordered,LOT-07392,Keep away from sunlight
3620,3620,91,43,48,59,92,2025-01-11 02:05:23,backordered,LOT-01354,Refrigerated
3621,3621,206,150,56,38,106,2025-05-10 02:05:23,In Stock,LOT-62127,Humidity controlled
3622,3622,311,189,122,23,107,2025-02-16 02:05:23,In Stock,LOT-60250,Cool and dry place
3623,3623,286,200,86,57,143,2025-10-19 02:05:23,In Stock,LOT-82611,Keep away from sunlight
3624,3624,265,134,131,59,193,2025-05-19 02:05:23,In Stock,LOT-23126,Cool and dry place
3625,3625,312,164,148,72,123,2025-06-21 02:05:23,In Stock,LOT-16324,Refrigerated
3626,3626,3,1,2,49,80,2024-11-21 02:05:23,backordered,LOT-88899,Humidity controlled
3627,3627,422,295,127,19,78,2025-02-28 02:05:23,In Stock,LOT-57298,Humidity controlled
3628,3628,247,42,205,16,100,2025-02-07 02:05:23,In Stock,LOT-93762,Room temperature
3629,3629,297,120,177,44,59,2025-09-18 02:05:23,In Stock,LOT-97454,Room temperature
3630,3630,107,50,57,49,72,2025-05-19 02:05:23,In Stock,LOT-93036,Room temperature
3631,3631,232,27,205,51,133,2025-07-21 02:05:23,In Stock,LOT-46871,Cool and dry place
3632,3632,110,93,17,32,143,2024-12-19 02:05:23,backordered,LOT-91203,Refrigerated
3633,3633,418,214,204,70,184,2025-09-13 02:05:23,In Stock,LOT-81876,Refrigerated
3634,3634,408,218,190,67,131,2025-10-09 02:05:23,In Stock,LOT-92082,Cool and dry place
3635,3635,491,317,174,44,88,2024-11-10 02:05:23,In Stock,LOT-83230,Cool and dry place
3636,3636,145,22,123,14,140,2025-08-03 02:05:23,In Stock,LOT-89813,Keep away from sunlight
3637,3637,196,157,39,77,81,2024-11-10 02:05:23,backordered,LOT-88158,Humidity controlled
3638,3638,268,242,26,81,65,2024-12-27 02:05:23,backordered,LOT-81445,Refrigerated
3639,3639,387,244,143,10,119,2025-05-01 02:05:23,In Stock,LOT-82206,Refrigerated
3640,3640,120,108,12,75,184,2025-01-20 02:05:23,backordered,LOT-73231,Room temperature
3641,3641,205,41,164,27,134,2025-01-20 02:05:23,In Stock,LOT-82971,Keep away from sunlight
3642,3642,213,14,199,51,199,2025-02-15 02:05:23,In Stock,LOT-68157,Keep away from sunlight
3643,3643,405,386,19,67,187,2025-03-20 02:05:23,backordered,LOT-24500,Room temperature
3644,3644,152,42,110,27,176,2024-11-05 02:05:23,In Stock,LOT-00001,Room temperature
3645,3645,261,172,89,95,121,2025-01-28 02:05:23,backordered,LOT-52911,Room temperature
3646,3646,375,301,74,64,143,2025-05-23 02:05:23,In Stock,LOT-37178,Humidity controlled
3647,3647,147,45,102,74,82,2025-05-30 02:05:23,In Stock,LOT-50902,Humidity controlled
3648,3648,466,60,406,20,159,2025-05-15 02:05:23,In Stock,LOT-55618,Cool and dry place
3649,3649,69,0,69,15,60,2025-08-14 02:05:23,In Stock,LOT-44421,Room temperature
3650,3650,190,163,27,39,200,2024-12-05 02:05:23,backordered,LOT-82998,Refrigerated
3651,3651,37,15,22,26,79,2025-05-19 02:05:23,backordered,LOT-74781,Room temperature
3652,3652,35,13,22,10,132,2025-05-11 02:05:23,In Stock,LOT-22489,Keep away from sunlight
3653,3653,17,16,1,36,158,2025-01-21 02:05:23,backordered,LOT-05670,Refrigerated
3654,3654,349,51,298,46,127,2025-06-09 02:05:23,In Stock,LOT-86700,Humidity controlled
3655,3655,268,196,72,59,200,2024-12-19 02:05:23,In Stock,LOT-90043,Keep away from sunlight
3656,3656,73,63,10,98,106,2025-03-30 02:05:23,backordered,LOT-65515,Keep away from sunlight
3657,3657,460,326,134,66,124,2024-12-07 02:05:23,In Stock,LOT-84826,Keep away from sunlight
3658,3658,76,0,76,26,143,2025-02-11 02:05:23,In Stock,LOT-69136,Refrigerated
3659,3659,470,188,282,46,103,2025-09-27 02:05:23,In Stock,LOT-24835,Humidity controlled
3660,3660,111,103,8,32,189,2025-09-08 02:05:23,backordered,LOT-50542,Refrigerated
3661,3661,97,8,89,26,101,2024-12-26 02:05:23,In Stock,LOT-96080,Refrigerated
3662,3662,449,430,19,92,51,2024-12-16 02:05:23,backordered,LOT-70633,Room temperature
3663,3663,319,47,272,17,146,2025-10-28 02:05:23,In Stock,LOT-69987,Cool and dry place
3664,3664,266,125,141,63,117,2025-02-24 02:05:23,In Stock,LOT-95098,Refrigerated
3665,3665,104,91,13,80,168,2025-05-09 02:05:23,backordered,LOT-22104,Cool and dry place
3666,3666,272,84,188,70,153,2025-02-09 02:05:23,In Stock,LOT-01648,Cool and dry place
3667,3667,340,233,107,32,96,2025-05-06 02:05:23,In Stock,LOT-18804,Keep away from sunlight
3668,3668,237,82,155,43,142,2025-01-18 02:05:23,In Stock,LOT-42877,Room temperature
3669,3669,247,34,213,58,89,2025-01-13 02:05:23,In Stock,LOT-38363,Cool and dry place
3670,3670,166,36,130,89,73,2025-02-13 02:05:23,In Stock,LOT-81643,Keep away from sunlight
3671,3671,195,168,27,80,111,2025-09-10 02:05:23,backordered,LOT-21269,Keep away from sunlight
3672,3672,27,17,10,33,162,2025-09-01 02:05:23,backordered,LOT-42894,Keep away from sunlight
3673,3673,89,8,81,68,105,2025-07-23 02:05:23,In Stock,LOT-64203,Keep away from sunlight
3674,3674,403,367,36,37,194,2024-12-01 02:05:23,backordered,LOT-62586,Humidity controlled
3675,3675,494,95,399,13,133,2025-07-31 02:05:23,In Stock,LOT-31441,Refrigerated
3676,3676,79,73,6,82,104,2025-04-05 02:05:23,backordered,LOT-70646,Refrigerated
3677,3677,489,51,438,64,133,2024-11-30 02:05:23,In Stock,LOT-25540,Humidity controlled
3678,3678,38,19,19,40,191,2025-01-24 02:05:23,backordered,LOT-26355,Refrigerated
3679,3679,121,114,7,31,133,2024-12-02 02:05:23,backordered,LOT-82430,Room temperature
3680,3680,359,125,234,83,188,2025-07-20 02:05:23,In Stock,LOT-17646,Room temperature
3681,3681,284,157,127,44,156,2025-08-31 02:05:23,In Stock,LOT-44898,Keep away from sunlight
3682,3682,371,330,41,69,176,2025-07-12 02:05:23,backordered,LOT-80315,Refrigerated
3683,3683,413,201,212,47,113,2025-10-22 02:05:23,In Stock,LOT-38882,Humidity controlled
3684,3684,170,66,104,42,197,2025-02-19 02:05:23,In Stock,LOT-45279,Humidity controlled
3685,3685,366,59,307,33,164,2024-12-27 02:05:23,In Stock,LOT-05040,Humidity controlled
3686,3686,224,0,224,33,196,2025-08-04 02:05:23,In Stock,LOT-43333,Keep away from sunlight
3687,3687,35,10,25,17,134,2025-06-28 02:05:23,In Stock,LOT-53849,Humidity controlled
3688,3688,239,194,45,77,177,2025-09-05 02:05:23,backordered,LOT-51632,Refrigerated
3689,3689,251,181,70,51,85,2025-01-09 02:05:23,In Stock,LOT-11197,Humidity controlled
3690,3690,484,468,16,76,112,2025-08-27 02:05:23,backordered,LOT-87180,Refrigerated
3691,3691,14,12,2,96,75,2025-08-25 02:05:23,backordered,LOT-93391,Room temperature
3692,3692,203,186,17,16,190,2025-07-28 02:05:23,In Stock,LOT-37326,Refrigerated
3693,3693,19,1,18,43,191,2025-02-24 02:05:23,backordered,LOT-53060,Humidity controlled
3694,3694,415,351,64,69,182,2025-02-17 02:05:23,backordered,LOT-11987,Humidity controlled
3695,3695,442,291,151,66,139,2024-11-16 02:05:23,In Stock,LOT-56178,Refrigerated
3696,3696,354,190,164,95,181,2025-05-03 02:05:23,In Stock,LOT-68800,Refrigerated
3697,3697,121,81,40,78,150,2025-10-01 02:05:23,backordered,LOT-23009,Cool and dry place
3698,3698,103,2,101,45,127,2025-07-04 02:05:23,In Stock,LOT-15618,Keep away from sunlight
3699,3699,330,41,289,83,196,2025-05-21 02:05:23,In Stock,LOT-29803,Cool and dry place
3700,3700,235,17,218,54,91,2025-07-17 02:05:23,In Stock,LOT-65774,Humidity controlled
3701,3701,460,444,16,21,55,2025-08-17 02:05:23,backordered,LOT-49160,Humidity controlled
3702,3702,85,75,10,54,56,2025-09-15 02:05:23,backordered,LOT-93659,Room temperature
3703,3703,101,61,40,45,180,2025-07-26 02:05:23,backordered,LOT-52014,Cool and dry place
3704,3704,313,100,213,10,197,2025-04-03 02:05:23,In Stock,LOT-91189,Keep away from sunlight
3705,3705,42,13,29,97,177,2025-09-15 02:05:23,backordered,LOT-41843,Humidity controlled
3706,3706,495,58,437,28,151,2025-10-08 02:05:23,In Stock,LOT-36875,Refrigerated
3707,3707,374,77,297,24,103,2025-08-13 02:05:23,In Stock,LOT-09263,Cool and dry place
3708,3708,443,351,92,99,167,2025-04-06 02:05:23,backordered,LOT-22399,Keep away from sunlight
3709,3709,385,338,47,27,63,2025-09-04 02:05:23,In Stock,LOT-82137,Humidity controlled
3710,3710,394,381,13,96,72,2025-09-03 02:05:23,backordered,LOT-45561,Cool and dry place
3711,3711,195,103,92,23,83,2025-08-01 02:05:23,In Stock,LOT-14042,Cool and dry place
3712,3712,61,39,22,14,164,2025-08-24 02:05:23,In Stock,LOT-88605,Room temperature
3713,3713,338,270,68,66,113,2025-07-23 02:05:23,In Stock,LOT-05376,Humidity controlled
3714,3714,382,373,9,37,59,2025-06-04 02:05:23,backordered,LOT-66081,Humidity controlled
3715,3715,98,55,43,58,136,2025-07-18 02:05:23,backordered,LOT-12600,Humidity controlled
3716,3716,6,5,1,32,166,2024-12-03 02:05:23,backordered,LOT-30835,Room temperature
3717,3717,397,266,131,23,88,2025-06-10 02:05:23,In Stock,LOT-66910,Refrigerated
3718,3718,51,5,46,46,55,2025-01-20 02:05:23,In Stock,LOT-62715,Keep away from sunlight
3719,3719,320,268,52,27,136,2025-10-28 02:05:23,In Stock,LOT-31234,Humidity controlled
3720,3720,340,167,173,27,88,2024-12-31 02:05:23,In Stock,LOT-55068,Room temperature
3721,3721,192,32,160,12,99,2024-11-08 02:05:23,In Stock,LOT-82691,Room temperature
3722,3722,495,179,316,58,66,2024-12-01 02:05:23,In Stock,LOT-77682,Cool and dry place
3723,3723,412,109,303,95,195,2024-12-31 02:05:23,In Stock,LOT-93844,Room temperature
3724,3724,65,63,2,12,74,2025-07-07 02:05:23,backordered,LOT-01348,Keep away from sunlight
3725,3725,60,9,51,45,98,2025-03-29 02:05:23,In Stock,LOT-08735,Room temperature
3726,3726,281,167,114,79,143,2025-04-17 02:05:23,In Stock,LOT-43788,Room temperature
3727,3727,390,66,324,37,56,2025-06-22 02:05:23,In Stock,LOT-26033,Cool and dry place
3728,3728,454,380,74,29,56,2025-08-21 02:05:23,In Stock,LOT-59101,Keep away from sunlight
3729,3729,476,27,449,64,81,2025-04-30 02:05:23,In Stock,LOT-57090,Humidity controlled
3730,3730,82,61,21,39,192,2025-02-21 02:05:23,backordered,LOT-85991,Room temperature
3731,3731,30,5,25,86,65,2025-03-20 02:05:23,backordered,LOT-44920,Cool and dry place
3732,3732,220,109,111,85,55,2025-04-04 02:05:23,In Stock,LOT-74926,Refrigerated
3733,3733,66,16,50,46,185,2024-12-04 02:05:23,In Stock,LOT-99969,Cool and dry place
3734,3734,175,81,94,43,90,2024-11-16 02:05:23,In Stock,LOT-96489,Cool and dry place
3735,3735,113,89,24,100,123,2025-10-16 02:05:23,backordered,LOT-97184,Refrigerated
3736,3736,30,3,27,12,142,2025-04-08 02:05:23,In Stock,LOT-28596,Keep away from sunlight
3737,3737,288,231,57,57,158,2025-05-28 02:05:23,In Stock,LOT-93259,Humidity controlled
3738,3738,33,23,10,66,139,2025-04-25 02:05:23,backordered,LOT-14084,Room temperature
3739,3739,217,215,2,32,113,2025-06-26 02:05:23,backordered,LOT-99323,Keep away from sunlight
3740,3740,430,54,376,27,114,2025-03-10 02:05:23,In Stock,LOT-12342,Keep away from sunlight
3741,3741,1,0,1,15,192,2025-10-02 02:05:23,backordered,LOT-66980,Cool and dry place
3742,3742,408,401,7,75,81,2025-10-13 02:05:23,backordered,LOT-69087,Refrigerated
3743,3743,13,12,1,62,191,2025-07-07 02:05:23,backordered,LOT-26176,Cool and dry place
3744,3744,230,102,128,45,73,2025-02-24 02:05:23,In Stock,LOT-07234,Refrigerated
3745,3745,216,132,84,15,189,2025-10-26 02:05:23,In Stock,LOT-83893,Humidity controlled
3746,3746,49,46,3,95,143,2025-03-17 02:05:23,backordered,LOT-59538,Cool and dry place
3747,3747,75,75,0,13,77,2025-05-10 02:05:23,backordered,LOT-28040,Cool and dry place
3748,3748,237,21,216,35,180,2025-10-11 02:05:23,In Stock,LOT-56129,Keep away from sunlight
3749,3749,231,26,205,41,63,2025-03-10 02:05:23,In Stock,LOT-96508,Refrigerated
3750,3750,170,20,150,16,123,2025-05-01 02:05:23,In Stock,LOT-26958,Humidity controlled
3751,3751,488,141,347,72,126,2025-07-22 02:05:23,In Stock,LOT-26418,Keep away from sunlight
3752,3752,89,14,75,100,100,2025-10-20 02:05:23,backordered,LOT-69656,Cool and dry place
3753,3753,289,222,67,33,139,2025-02-02 02:05:23,In Stock,LOT-13087,Humidity controlled
3754,3754,346,181,165,67,159,2024-11-06 02:05:23,In Stock,LOT-61238,Keep away from sunlight
3755,3755,305,129,176,73,57,2025-07-20 02:05:23,In Stock,LOT-59514,Cool and dry place
3756,3756,287,2,285,52,100,2024-11-23 02:05:23,In Stock,LOT-34682,Refrigerated
3757,3757,310,206,104,30,162,2025-06-24 02:05:23,In Stock,LOT-39484,Keep away from sunlight
3758,3758,455,201,254,65,88,2025-09-22 02:05:23,In Stock,LOT-00273,Room temperature
3759,3759,299,32,267,77,111,2025-08-23 02:05:23,In Stock,LOT-00869,Keep away from sunlight
3760,3760,9,0,9,17,118,2025-04-09 02:05:23,backordered,LOT-66101,Keep away from sunlight
3761,3761,217,25,192,49,134,2024-12-16 02:05:23,In Stock,LOT-68311,Humidity controlled
3762,3762,12,12,0,18,79,2025-10-07 02:05:23,backordered,LOT-39500,Keep away from sunlight
3763,3763,301,248,53,95,169,2025-08-30 02:05:23,backordered,LOT-16809,Room temperature
3764,3764,19,0,19,93,117,2025-01-06 02:05:23,backordered,LOT-41491,Refrigerated
3765,3765,278,34,244,82,119,2025-01-12 02:05:23,In Stock,LOT-50762,Cool and dry place
3766,3766,161,63,98,95,66,2025-05-23 02:05:23,In Stock,LOT-83976,Refrigerated
3767,3767,21,8,13,88,178,2025-10-13 02:05:23,backordered,LOT-20534,Humidity controlled
3768,3768,152,127,25,60,185,2025-02-22 02:05:23,backordered,LOT-40777,Refrigerated
3769,3769,331,33,298,35,168,2025-01-03 02:05:23,In Stock,LOT-94620,Keep away from sunlight
3770,3770,350,61,289,63,147,2024-12-28 02:05:23,In Stock,LOT-72662,Humidity controlled
3771,3771,383,149,234,23,155,2025-04-20 02:05:23,In Stock,LOT-92508,Cool and dry place
3772,3772,76,27,49,72,123,2025-10-07 02:05:23,backordered,LOT-17760,Keep away from sunlight
3773,3773,245,146,99,44,113,2025-07-05 02:05:23,In Stock,LOT-29914,Refrigerated
3774,3774,390,165,225,65,96,2025-07-17 02:05:23,In Stock,LOT-06884,Humidity controlled
3775,3775,342,302,40,86,124,2025-01-07 02:05:23,backordered,LOT-13337,Humidity controlled
3776,3776,466,58,408,88,164,2025-10-25 02:05:23,In Stock,LOT-31255,Cool and dry place
3777,3777,364,135,229,31,160,2024-11-28 02:05:23,In Stock,LOT-23561,Refrigerated
3778,3778,13,3,10,69,63,2025-02-11 02:05:23,backordered,LOT-78170,Keep away from sunlight
3779,3779,419,276,143,31,77,2025-09-17 02:05:23,In Stock,LOT-32119,Keep away from sunlight
3780,3780,28,26,2,30,57,2024-12-14 02:05:23,backordered,LOT-20613,Room temperature
3781,3781,48,34,14,20,110,2025-04-26 02:05:23,backordered,LOT-63852,Humidity controlled
3782,3782,292,262,30,86,179,2025-01-06 02:05:23,backordered,LOT-77895,Keep away from sunlight
3783,3783,461,75,386,24,71,2025-03-19 02:05:23,In Stock,LOT-61337,Cool and dry place
3784,3784,374,275,99,74,200,2025-06-06 02:05:23,In Stock,LOT-18444,Humidity controlled
3785,3785,15,2,13,79,152,2025-06-21 02:05:23,backordered,LOT-90295,Room temperature
3786,3786,273,70,203,30,80,2025-03-15 02:05:23,In Stock,LOT-02648,Room temperature
3787,3787,267,262,5,39,196,2025-03-21 02:05:23,backordered,LOT-01644,Humidity controlled
3788,3788,191,112,79,11,188,2025-08-05 02:05:23,In Stock,LOT-03734,Cool and dry place
3789,3789,415,13,402,43,188,2025-10-09 02:05:23,In Stock,LOT-16781,Keep away from sunlight
3790,3790,242,81,161,70,73,2025-08-01 02:05:23,In Stock,LOT-27782,Refrigerated
3791,3791,194,144,50,20,126,2025-01-01 02:05:23,In Stock,LOT-21021,Keep away from sunlight
3792,3792,46,41,5,95,71,2025-08-13 02:05:23,backordered,LOT-79821,Humidity controlled
3793,3793,456,255,201,96,119,2025-08-09 02:05:23,In Stock,LOT-34862,Humidity controlled
3794,3794,343,216,127,81,179,2025-08-16 02:05:23,In Stock,LOT-98579,Keep away from sunlight
3795,3795,371,200,171,84,172,2024-11-26 02:05:23,In Stock,LOT-73638,Cool and dry place
3796,3796,136,11,125,85,140,2025-07-07 02:05:23,In Stock,LOT-31828,Cool and dry place
3797,3797,132,22,110,84,158,2025-09-05 02:05:23,In Stock,LOT-56053,Room temperature
3798,3798,218,11,207,73,191,2024-12-08 02:05:23,In Stock,LOT-97079,Refrigerated
3799,3799,90,62,28,46,191,2025-01-20 02:05:23,backordered,LOT-86617,Refrigerated
3800,3800,170,96,74,55,77,2025-03-11 02:05:23,In Stock,LOT-70673,Humidity controlled
3801,3801,408,337,71,95,151,2025-07-31 02:05:23,backordered,LOT-68205,Room temperature
3802,3802,327,23,304,87,157,2024-11-07 02:05:23,In Stock,LOT-06821,Room temperature
3803,3803,427,312,115,58,148,2025-01-26 02:05:23,In Stock,LOT-22355,Refrigerated
3804,3804,368,135,233,88,159,2025-10-19 02:05:23,In Stock,LOT-21650,Room temperature
3805,3805,231,130,101,49,88,2025-09-29 02:05:23,In Stock,LOT-58714,Keep away from sunlight
3806,3806,5,1,4,81,136,2025-09-10 02:05:23,backordered,LOT-69218,Keep away from sunlight
3807,3807,72,20,52,55,198,2025-06-30 02:05:23,backordered,LOT-21925,Keep away from sunlight
3808,3808,140,138,2,79,82,2025-11-01 02:05:23,backordered,LOT-96790,Humidity controlled
3809,3809,495,293,202,38,118,2025-02-01 02:05:23,In Stock,LOT-89843,Keep away from sunlight
3810,3810,272,256,16,39,60,2025-03-23 02:05:23,backordered,LOT-69984,Refrigerated
3811,3811,132,101,31,71,88,2025-02-05 02:05:23,backordered,LOT-80220,Keep away from sunlight
3812,3812,308,294,14,18,158,2025-10-21 02:05:23,backordered,LOT-50938,Humidity controlled
3813,3813,426,32,394,21,126,2025-09-25 02:05:23,In Stock,LOT-69484,Refrigerated
3814,3814,424,57,367,85,113,2025-05-02 02:05:23,In Stock,LOT-24959,Humidity controlled
3815,3815,327,83,244,36,154,2025-09-07 02:05:23,In Stock,LOT-88114,Refrigerated
3816,3816,109,60,49,62,50,2025-05-11 02:05:23,backordered,LOT-57887,Refrigerated
3817,3817,127,11,116,42,132,2025-01-21 02:05:23,In Stock,LOT-07152,Humidity controlled
3818,3818,48,25,23,52,55,2025-08-09 02:05:23,backordered,LOT-38676,Room temperature
3819,3819,464,142,322,48,176,2025-08-19 02:05:23,In Stock,LOT-73820,Room temperature
3820,3820,63,12,51,64,131,2024-12-04 02:05:23,backordered,LOT-97461,Cool and dry place
3821,3821,446,98,348,99,124,2025-06-14 02:05:23,In Stock,LOT-91779,Cool and dry place
3822,3822,403,290,113,63,152,2025-09-30 02:05:23,In Stock,LOT-87682,Keep away from sunlight
3823,3823,386,379,7,71,66,2025-02-10 02:05:23,backordered,LOT-99687,Refrigerated
3824,3824,358,132,226,86,187,2025-01-12 02:05:23,In Stock,LOT-22589,Humidity controlled
3825,3825,322,21,301,79,188,2025-10-31 02:05:23,In Stock,LOT-37085,Keep away from sunlight
3826,3826,236,213,23,80,87,2025-09-13 02:05:23,backordered,LOT-80623,Room temperature
3827,3827,40,28,12,44,155,2025-02-10 02:05:23,backordered,LOT-50405,Cool and dry place
3828,3828,403,115,288,51,97,2025-04-14 02:05:23,In Stock,LOT-66957,Keep away from sunlight
3829,3829,484,135,349,79,158,2024-12-21 02:05:23,In Stock,LOT-90012,Humidity controlled
3830,3830,316,127,189,99,198,2025-04-13 02:05:23,In Stock,LOT-48255,Humidity controlled
3831,3831,281,225,56,49,179,2025-04-20 02:05:23,In Stock,LOT-44286,Humidity controlled
3832,3832,159,23,136,51,137,2025-01-04 02:05:23,In Stock,LOT-79632,Room temperature
3833,3833,160,12,148,24,81,2024-12-22 02:05:23,In Stock,LOT-59423,Refrigerated
3834,3834,369,306,63,96,96,2025-10-03 02:05:23,backordered,LOT-28946,Keep away from sunlight
3835,3835,184,63,121,99,147,2024-11-11 02:05:23,In Stock,LOT-33891,Cool and dry place
3836,3836,179,29,150,19,171,2025-09-22 02:05:23,In Stock,LOT-56241,Keep away from sunlight
3837,3837,349,31,318,39,187,2025-01-21 02:05:23,In Stock,LOT-52857,Keep away from sunlight
3838,3838,106,53,53,50,113,2025-04-05 02:05:23,In Stock,LOT-25629,Refrigerated
3839,3839,51,32,19,84,116,2025-05-18 02:05:23,backordered,LOT-26933,Room temperature
3840,3840,306,28,278,58,174,2025-10-29 02:05:23,In Stock,LOT-58951,Cool and dry place
3841,3841,12,9,3,93,196,2025-05-31 02:05:23,backordered,LOT-38186,Refrigerated
3842,3842,152,135,17,84,114,2025-08-02 02:05:23,backordered,LOT-55078,Cool and dry place
3843,3843,150,96,54,58,120,2025-01-20 02:05:23,backordered,LOT-46850,Humidity controlled
3844,3844,222,110,112,73,155,2025-10-07 02:05:23,In Stock,LOT-95744,Room temperature
3845,3845,404,223,181,43,91,2025-10-25 02:05:23,In Stock,LOT-30349,Room temperature
3846,3846,161,108,53,56,175,2025-03-20 02:05:23,backordered,LOT-18911,Room temperature
3847,3847,275,14,261,83,165,2025-05-28 02:05:23,In Stock,LOT-79720,Room temperature
3848,3848,493,113,380,34,179,2024-12-25 02:05:23,In Stock,LOT-38593,Cool and dry place
3849,3849,217,33,184,41,144,2025-06-22 02:05:23,In Stock,LOT-40153,Keep away from sunlight
3850,3850,448,195,253,26,97,2025-04-01 02:05:23,In Stock,LOT-64154,Room temperature
3851,3851,358,148,210,16,77,2025-04-12 02:05:23,In Stock,LOT-71553,Room temperature
3852,3852,309,177,132,39,63,2025-10-28 02:05:23,In Stock,LOT-13259,Keep away from sunlight
3853,3853,82,23,59,25,94,2025-08-16 02:05:23,In Stock,LOT-36781,Room temperature
3854,3854,92,57,35,64,172,2024-11-11 02:05:23,backordered,LOT-36750,Keep away from sunlight
3855,3855,159,102,57,27,130,2024-12-23 02:05:23,In Stock,LOT-09421,Cool and dry place
3856,3856,199,7,192,23,70,2025-08-03 02:05:23,In Stock,LOT-41052,Room temperature
3857,3857,363,51,312,21,145,2025-02-17 02:05:23,In Stock,LOT-76981,Room temperature
3858,3858,273,264,9,91,149,2025-10-02 02:05:23,backordered,LOT-98780,Cool and dry place
3859,3859,389,274,115,11,77,2025-03-04 02:05:23,In Stock,LOT-92704,Humidity controlled
3860,3860,264,202,62,71,176,2025-01-19 02:05:23,backordered,LOT-52388,Refrigerated
3861,3861,100,10,90,32,197,2025-01-01 02:05:23,In Stock,LOT-85622,Room temperature
3862,3862,227,201,26,11,119,2025-03-18 02:05:23,In Stock,LOT-58660,Refrigerated
3863,3863,367,209,158,43,92,2024-12-10 02:05:23,In Stock,LOT-59867,Keep away from sunlight
3864,3864,38,9,29,24,92,2025-10-05 02:05:23,In Stock,LOT-87442,Refrigerated
3865,3865,270,128,142,39,172,2025-05-10 02:05:23,In Stock,LOT-27585,Refrigerated
3866,3866,220,88,132,99,200,2025-04-18 02:05:23,In Stock,LOT-48596,Humidity controlled
3867,3867,24,14,10,80,139,2024-12-11 02:05:23,backordered,LOT-55942,Refrigerated
3868,3868,188,67,121,75,94,2025-05-27 02:05:23,In Stock,LOT-82491,Refrigerated
3869,3869,63,29,34,74,133,2025-06-25 02:05:23,backordered,LOT-16502,Room temperature
3870,3870,408,385,23,44,62,2025-10-16 02:05:23,backordered,LOT-00024,Keep away from sunlight
3871,3871,130,78,52,93,144,2025-06-08 02:05:23,backordered,LOT-53931,Keep away from sunlight
3872,3872,173,37,136,35,69,2025-09-05 02:05:23,In Stock,LOT-32155,Refrigerated
3873,3873,483,99,384,29,164,2025-06-08 02:05:23,In Stock,LOT-13055,Humidity controlled
3874,3874,314,251,63,97,71,2025-03-16 02:05:23,backordered,LOT-70836,Keep away from sunlight
3875,3875,461,396,65,60,102,2025-06-30 02:05:23,In Stock,LOT-82144,Room temperature
3876,3876,330,328,2,96,92,2025-02-24 02:05:23,backordered,LOT-48896,Refrigerated
3877,3877,15,6,9,81,187,2025-04-21 02:05:23,backordered,LOT-69972,Refrigerated
3878,3878,419,37,382,70,140,2024-11-01 02:05:23,In Stock,LOT-73677,Cool and dry place
3879,3879,335,277,58,17,67,2024-12-26 02:05:23,In Stock,LOT-46202,Keep away from sunlight
3880,3880,492,126,366,15,115,2025-05-17 02:05:23,In Stock,LOT-58254,Refrigerated
3881,3881,16,12,4,87,108,2025-05-19 02:05:23,backordered,LOT-31832,Humidity controlled
3882,3882,257,74,183,44,108,2025-05-16 02:05:23,In Stock,LOT-81231,Refrigerated
3883,3883,451,156,295,11,59,2024-11-08 02:05:23,In Stock,LOT-23920,Cool and dry place
3884,3884,263,35,228,60,162,2025-03-04 02:05:23,In Stock,LOT-49106,Humidity controlled
3885,3885,146,131,15,18,158,2025-05-09 02:05:23,backordered,LOT-01836,Refrigerated
3886,3886,142,65,77,42,142,2025-06-21 02:05:23,In Stock,LOT-47238,Room temperature
3887,3887,218,13,205,78,103,2025-02-01 02:05:23,In Stock,LOT-75082,Room temperature
3888,3888,352,33,319,70,105,2025-03-16 02:05:23,In Stock,LOT-76817,Humidity controlled
3889,3889,54,0,54,92,132,2025-07-01 02:05:23,backordered,LOT-22577,Humidity controlled
3890,3890,63,18,45,78,166,2025-02-17 02:05:23,backordered,LOT-54584,Humidity controlled
3891,3891,338,130,208,78,148,2024-12-18 02:05:23,In Stock,LOT-72629,Humidity controlled
3892,3892,296,217,79,85,185,2025-02-11 02:05:23,backordered,LOT-05291,Refrigerated
3893,3893,453,391,62,98,65,2025-05-29 02:05:23,backordered,LOT-87683,Room temperature
3894,3894,246,148,98,99,84,2025-03-01 02:05:23,backordered,LOT-16082,Cool and dry place
3895,3895,140,115,25,97,85,2025-06-25 02:05:23,backordered,LOT-71721,Keep away from sunlight
3896,3896,119,4,115,21,188,2025-04-20 02:05:23,In Stock,LOT-73373,Room temperature
3897,3897,89,34,55,26,102,2025-01-20 02:05:23,In Stock,LOT-99205,Refrigerated
3898,3898,303,230,73,30,183,2025-07-04 02:05:23,In Stock,LOT-22299,Refrigerated
3899,3899,290,52,238,29,78,2024-12-06 02:05:23,In Stock,LOT-93621,Humidity controlled
3900,3900,255,15,240,60,90,2025-01-15 02:05:23,In Stock,LOT-65914,Refrigerated
3901,3901,88,66,22,75,62,2024-11-02 02:05:23,backordered,LOT-38823,Humidity controlled
3902,3902,285,108,177,31,87,2025-08-31 02:05:23,In Stock,LOT-25539,Cool and dry place
3903,3903,417,59,358,11,97,2025-07-07 02:05:23,In Stock,LOT-83584,Refrigerated
3904,3904,455,1,454,12,66,2024-11-12 02:05:23,In Stock,LOT-46177,Humidity controlled
3905,3905,197,118,79,65,147,2025-09-04 02:05:23,In Stock,LOT-73264,Cool and dry place
3906,3906,465,15,450,75,192,2024-11-20 02:05:23,In Stock,LOT-30954,Keep away from sunlight
3907,3907,366,197,169,25,52,2025-01-25 02:05:23,In Stock,LOT-49791,Cool and dry place
3908,3908,418,151,267,34,145,2025-04-19 02:05:23,In Stock,LOT-27997,Cool and dry place
3909,3909,147,15,132,40,191,2025-06-06 02:05:23,In Stock,LOT-02927,Room temperature
3910,3910,332,124,208,92,71,2025-01-04 02:05:23,In Stock,LOT-12053,Humidity controlled
3911,3911,386,24,362,71,120,2025-03-31 02:05:23,In Stock,LOT-97871,Humidity controlled
3912,3912,328,70,258,34,130,2025-05-27 02:05:23,In Stock,LOT-37529,Keep away from sunlight
3913,3913,443,301,142,50,75,2025-10-15 02:05:23,In Stock,LOT-88322,Cool and dry place
3914,3914,101,93,8,12,167,2025-04-09 02:05:23,backordered,LOT-01256,Refrigerated
3915,3915,1,1,0,45,134,2025-01-04 02:05:23,backordered,LOT-08320,Keep away from sunlight
3916,3916,224,213,11,19,134,2025-10-22 02:05:23,backordered,LOT-04879,Cool and dry place
3917,3917,223,110,113,95,149,2025-03-30 02:05:23,In Stock,LOT-78889,Room temperature
3918,3918,47,4,43,11,150,2025-04-26 02:05:23,In Stock,LOT-75358,Room temperature
3919,3919,444,44,400,100,73,2024-11-06 02:05:23,In Stock,LOT-52386,Refrigerated
3920,3920,144,0,144,67,188,2025-05-20 02:05:23,In Stock,LOT-00304,Cool and dry place
3921,3921,204,157,47,85,118,2024-12-20 02:05:23,backordered,LOT-43619,Keep away from sunlight
3922,3922,21,16,5,88,53,2025-04-27 02:05:23,backordered,LOT-95171,Humidity controlled
3923,3923,389,99,290,65,157,2025-01-25 02:05:23,In Stock,LOT-52391,Refrigerated
3924,3924,150,141,9,28,146,2025-02-01 02:05:23,backordered,LOT-02929,Humidity controlled
3925,3925,289,207,82,30,149,2024-12-26 02:05:23,In Stock,LOT-50143,Keep away from sunlight
3926,3926,401,7,394,77,109,2025-01-29 02:05:23,In Stock,LOT-74830,Keep away from sunlight
3927,3927,285,284,1,76,194,2025-09-02 02:05:23,backordered,LOT-93096,Keep away from sunlight
3928,3928,270,248,22,88,68,2025-04-29 02:05:23,backordered,LOT-71397,Cool and dry place
3929,3929,189,151,38,64,96,2025-04-30 02:05:23,backordered,LOT-19126,Keep away from sunlight
3930,3930,432,39,393,82,166,2025-04-22 02:05:23,In Stock,LOT-02213,Cool and dry place
3931,3931,354,304,50,40,82,2025-10-21 02:05:23,In Stock,LOT-21767,Cool and dry place
3932,3932,67,55,12,99,141,2025-03-14 02:05:23,backordered,LOT-20191,Humidity controlled
3933,3933,295,286,9,33,147,2025-10-25 02:05:23,backordered,LOT-11661,Room temperature
3934,3934,500,40,460,80,51,2025-01-13 02:05:23,In Stock,LOT-22019,Room temperature
3935,3935,478,71,407,19,168,2025-05-01 02:05:23,In Stock,LOT-07258,Room temperature
3936,3936,261,160,101,25,167,2025-02-25 02:05:23,In Stock,LOT-73393,Keep away from sunlight
3937,3937,148,23,125,95,85,2025-02-25 02:05:23,In Stock,LOT-04936,Room temperature
3938,3938,197,154,43,33,69,2025-09-13 02:05:23,In Stock,LOT-65380,Humidity controlled
3939,3939,344,330,14,80,87,2025-06-11 02:05:23,backordered,LOT-27481,Cool and dry place
3940,3940,311,303,8,61,85,2025-03-23 02:05:23,backordered,LOT-24211,Room temperature
3941,3941,90,20,70,28,172,2025-05-14 02:05:23,In Stock,LOT-40868,Humidity controlled
3942,3942,300,38,262,67,63,2024-11-04 02:05:23,In Stock,LOT-25095,Room temperature
3943,3943,369,187,182,44,83,2025-09-09 02:05:23,In Stock,LOT-22946,Humidity controlled
3944,3944,177,174,3,47,145,2025-02-26 02:05:23,backordered,LOT-20935,Cool and dry place
3945,3945,163,111,52,74,82,2025-10-31 02:05:23,backordered,LOT-56103,Humidity controlled
3946,3946,72,16,56,56,177,2025-11-01 02:05:23,In Stock,LOT-99529,Humidity controlled
3947,3947,9,0,9,18,152,2025-07-12 02:05:23,backordered,LOT-70137,Room temperature
3948,3948,209,70,139,16,167,2025-08-06 02:05:23,In Stock,LOT-12436,Refrigerated
3949,3949,423,69,354,45,170,2025-08-03 02:05:23,In Stock,LOT-58585,Humidity controlled
3950,3950,83,71,12,88,133,2025-06-11 02:05:23,backordered,LOT-64230,Cool and dry place
3951,3951,29,2,27,72,183,2024-12-03 02:05:23,backordered,LOT-41202,Humidity controlled
3952,3952,93,20,73,98,117,2025-03-15 02:05:23,backordered,LOT-70615,Refrigerated
3953,3953,46,8,38,63,68,2025-04-16 02:05:23,backordered,LOT-92738,Humidity controlled
3954,3954,473,406,67,57,51,2025-02-28 02:05:23,In Stock,LOT-74029,Cool and dry place
3955,3955,30,25,5,54,193,2024-12-08 02:05:23,backordered,LOT-90716,Cool and dry place
3956,3956,46,7,39,83,145,2025-11-01 02:05:23,backordered,LOT-69063,Humidity controlled
3957,3957,91,59,32,23,72,2025-05-24 02:05:23,In Stock,LOT-22481,Refrigerated
3958,3958,218,20,198,15,142,2025-07-08 02:05:23,In Stock,LOT-55420,Keep away from sunlight
3959,3959,27,26,1,82,84,2025-07-22 02:05:23,backordered,LOT-34030,Cool and dry place
3960,3960,16,14,2,19,160,2025-01-02 02:05:23,backordered,LOT-10956,Room temperature
3961,3961,348,7,341,10,173,2025-06-23 02:05:23,In Stock,LOT-79756,Cool and dry place
3962,3962,449,258,191,83,129,2025-01-18 02:05:23,In Stock,LOT-49157,Room temperature
3963,3963,357,150,207,39,86,2025-01-15 02:05:23,In Stock,LOT-95546,Humidity controlled
3964,3964,239,105,134,85,192,2025-01-12 02:05:23,In Stock,LOT-23471,Refrigerated
3965,3965,442,439,3,62,138,2025-08-26 02:05:23,backordered,LOT-24760,Humidity controlled
3966,3966,131,71,60,70,79,2025-04-04 02:05:23,backordered,LOT-10801,Cool and dry place
3967,3967,491,319,172,75,86,2025-03-04 02:05:23,In Stock,LOT-81030,Refrigerated
3968,3968,412,159,253,78,71,2025-07-15 02:05:23,In Stock,LOT-68317,Cool and dry place
3969,3969,18,8,10,52,61,2025-08-15 02:05:23,backordered,LOT-64172,Room temperature
3970,3970,396,287,109,94,153,2025-07-11 02:05:23,In Stock,LOT-68080,Refrigerated
3971,3971,35,29,6,47,104,2025-05-01 02:05:23,backordered,LOT-81571,Keep away from sunlight
3972,3972,131,61,70,53,88,2025-03-31 02:05:23,In Stock,LOT-29015,Humidity controlled
3973,3973,30,12,18,44,189,2025-03-24 02:05:23,backordered,LOT-07138,Cool and dry place
3974,3974,381,219,162,67,99,2025-01-04 02:05:23,In Stock,LOT-06713,Humidity controlled
3975,3975,112,91,21,42,126,2025-01-28 02:05:23,backordered,LOT-07351,Humidity controlled
3976,3976,99,70,29,48,95,2025-05-23 02:05:23,backordered,LOT-04584,Refrigerated
3977,3977,195,161,34,48,153,2025-08-23 02:05:23,backordered,LOT-74362,Humidity controlled
3978,3978,24,10,14,52,63,2025-03-18 02:05:23,backordered,LOT-13009,Keep away from sunlight
3979,3979,474,141,333,100,62,2025-04-14 02:05:23,In Stock,LOT-62588,Room temperature
3980,3980,229,158,71,52,140,2025-09-22 02:05:23,In Stock,LOT-57669,Room temperature
3981,3981,491,203,288,30,102,2025-01-16 02:05:23,In Stock,LOT-47031,Refrigerated
3982,3982,373,4,369,86,58,2025-01-29 02:05:23,In Stock,LOT-80533,Room temperature
3983,3983,461,392,69,51,77,2025-10-11 02:05:23,In Stock,LOT-96274,Keep away from sunlight
3984,3984,322,158,164,13,76,2025-07-05 02:05:23,In Stock,LOT-66621,Cool and dry place
3985,3985,486,42,444,22,168,2025-02-15 02:05:23,In Stock,LOT-59183,Keep away from sunlight
3986,3986,48,38,10,97,54,2025-08-21 02:05:23,backordered,LOT-27000,Room temperature
3987,3987,412,151,261,100,163,2024-11-17 02:05:23,In Stock,LOT-46661,Keep away from sunlight
3988,3988,27,21,6,99,95,2025-08-07 02:05:23,backordered,LOT-45901,Cool and dry place
3989,3989,207,183,24,89,144,2025-07-05 02:05:23,backordered,LOT-10797,Room temperature
3990,3990,418,137,281,99,71,2024-11-17 02:05:23,In Stock,LOT-71400,Refrigerated
3991,3991,0,0,0,95,84,2025-07-31 02:05:23,Out of Stock,LOT-49388,Keep away from sunlight
3992,3992,461,160,301,82,141,2025-10-02 02:05:23,In Stock,LOT-19490,Cool and dry place
3993,3993,80,53,27,99,62,2025-09-22 02:05:23,backordered,LOT-53152,Room temperature
3994,3994,56,21,35,37,96,2025-05-08 02:05:23,backordered,LOT-04998,Humidity controlled
3995,3995,132,112,20,91,136,2025-10-16 02:05:23,backordered,LOT-09497,Keep away from sunlight
3996,3996,144,11,133,73,75,2025-03-20 02:05:23,In Stock,LOT-69873,Refrigerated
3997,3997,432,66,366,69,190,2025-10-07 02:05:23,In Stock,LOT-13797,Room temperature
3998,3998,362,302,60,96,143,2024-12-07 02:05:23,backordered,LOT-16698,Cool and dry place
3999,3999,467,118,349,95,66,2025-10-08 02:05:23,In Stock,LOT-41661,Cool and dry place
4000,4000,201,73,128,96,105,2025-05-30 02:05:23,In Stock,LOT-23740,Cool and dry place
4001,4001,104,88,16,84,80,2025-10-31 02:05:23,backordered,LOT-77943,Room temperature
4002,4002,178,32,146,14,104,2025-03-27 02:05:23,In Stock,LOT-32562,Cool and dry place
4003,4003,259,145,114,18,68,2025-01-28 02:05:23,In Stock,LOT-38994,Room temperature
4004,4004,320,314,6,22,106,2024-12-02 02:05:23,backordered,LOT-99197,Room temperature
4005,4005,450,315,135,88,94,2025-01-26 02:05:23,In Stock,LOT-01426,Room temperature
4006,4006,177,62,115,57,195,2025-05-11 02:05:23,In Stock,LOT-20370,Refrigerated
4007,4007,23,11,12,59,68,2025-10-15 02:05:23,backordered,LOT-87821,Cool and dry place
4008,4008,208,124,84,82,197,2025-10-26 02:05:23,In Stock,LOT-16020,Cool and dry place
4009,4009,203,146,57,64,190,2025-10-02 02:05:23,backordered,LOT-41813,Cool and dry place
4010,4010,279,198,81,66,172,2025-06-20 02:05:23,In Stock,LOT-59989,Cool and dry place
4011,4011,398,356,42,40,172,2025-02-18 02:05:23,In Stock,LOT-89721,Room temperature
4012,4012,355,348,7,26,105,2024-11-27 02:05:23,backordered,LOT-17088,Refrigerated
4013,4013,291,147,144,49,198,2024-11-09 02:05:23,In Stock,LOT-94801,Room temperature
4014,4014,441,115,326,12,50,2025-04-14 02:05:23,In Stock,LOT-86448,Keep away from sunlight
4015,4015,234,96,138,30,135,2025-05-18 02:05:23,In Stock,LOT-22175,Cool and dry place
4016,4016,111,20,91,91,139,2025-10-27 02:05:23,In Stock,LOT-88397,Cool and dry place
4017,4017,252,54,198,58,130,2025-06-24 02:05:23,In Stock,LOT-85708,Refrigerated
4018,4018,460,200,260,33,123,2025-09-08 02:05:23,In Stock,LOT-20048,Keep away from sunlight
4019,4019,275,130,145,33,199,2025-10-01 02:05:23,In Stock,LOT-06757,Refrigerated
4020,4020,338,293,45,99,88,2025-07-12 02:05:23,backordered,LOT-12369,Refrigerated
4021,4021,157,84,73,22,67,2025-10-25 02:05:23,In Stock,LOT-14961,Cool and dry place
4022,4022,292,20,272,92,157,2024-11-20 02:05:23,In Stock,LOT-12879,Cool and dry place
4023,4023,182,62,120,10,188,2025-01-21 02:05:23,In Stock,LOT-42968,Keep away from sunlight
4024,4024,261,129,132,41,53,2025-08-16 02:05:23,In Stock,LOT-82769,Cool and dry place
4025,4025,45,24,21,60,163,2025-07-12 02:05:23,backordered,LOT-70409,Refrigerated
4026,4026,315,3,312,46,135,2025-03-13 02:05:23,In Stock,LOT-53141,Room temperature
4027,4027,386,288,98,81,189,2025-03-16 02:05:23,In Stock,LOT-96156,Room temperature
4028,4028,438,289,149,33,72,2025-08-06 02:05:23,In Stock,LOT-07832,Humidity controlled
4029,4029,377,303,74,64,129,2025-08-08 02:05:23,In Stock,LOT-74883,Keep away from sunlight
4030,4030,23,7,16,40,157,2024-11-23 02:05:23,backordered,LOT-56517,Refrigerated
4031,4031,408,4,404,98,86,2025-03-12 02:05:23,In Stock,LOT-96240,Room temperature
4032,4032,181,133,48,33,69,2025-06-24 02:05:23,In Stock,LOT-96496,Keep away from sunlight
4033,4033,237,227,10,13,82,2025-11-01 02:05:23,backordered,LOT-68349,Keep away from sunlight
4034,4034,58,5,53,54,91,2025-07-09 02:05:23,backordered,LOT-60478,Humidity controlled
4035,4035,3,1,2,34,160,2024-11-08 02:05:23,backordered,LOT-42170,Refrigerated
4036,4036,50,41,9,87,93,2025-09-28 02:05:23,backordered,LOT-28516,Room temperature
4037,4037,464,268,196,25,183,2025-01-12 02:05:23,In Stock,LOT-22593,Keep away from sunlight
4038,4038,370,2,368,97,143,2025-01-16 02:05:23,In Stock,LOT-64882,Cool and dry place
4039,4039,222,27,195,24,178,2025-03-23 02:05:23,In Stock,LOT-08934,Refrigerated
4040,4040,274,190,84,52,190,2025-01-24 02:05:23,In Stock,LOT-86883,Cool and dry place
4041,4041,373,301,72,50,195,2025-03-09 02:05:23,In Stock,LOT-90624,Keep away from sunlight
4042,4042,85,12,73,58,192,2025-02-10 02:05:23,In Stock,LOT-67287,Cool and dry place
4043,4043,362,25,337,53,110,2025-03-01 02:05:23,In Stock,LOT-99160,Humidity controlled
4044,4044,391,358,33,87,105,2025-09-28 02:05:23,backordered,LOT-91141,Humidity controlled
4045,4045,192,155,37,29,180,2025-01-08 02:05:23,In Stock,LOT-31935,Keep away from sunlight
4046,4046,460,88,372,75,120,2025-05-16 02:05:23,In Stock,LOT-92361,Room temperature
4047,4047,443,27,416,94,74,2025-02-11 02:05:23,In Stock,LOT-33760,Refrigerated
4048,4048,86,61,25,30,50,2025-10-05 02:05:23,backordered,LOT-52304,Refrigerated
4049,4049,282,109,173,88,125,2025-01-31 02:05:23,In Stock,LOT-58816,Refrigerated
4050,4050,320,117,203,27,89,2025-10-02 02:05:23,In Stock,LOT-50254,Room temperature
4051,4051,45,17,28,45,174,2025-06-12 02:05:23,backordered,LOT-47241,Refrigerated
4052,4052,374,67,307,77,78,2025-09-29 02:05:23,In Stock,LOT-91650,Keep away from sunlight
4053,4053,498,488,10,56,197,2024-12-28 02:05:23,backordered,LOT-34409,Refrigerated
4054,4054,358,5,353,96,82,2024-12-15 02:05:23,In Stock,LOT-66177,Cool and dry place
4055,4055,65,4,61,91,103,2025-10-07 02:05:23,backordered,LOT-18249,Room temperature
4056,4056,479,365,114,99,88,2025-07-12 02:05:23,In Stock,LOT-89808,Refrigerated
4057,4057,66,56,10,73,141,2025-08-28 02:05:23,backordered,LOT-80678,Cool and dry place
4058,4058,124,47,77,34,60,2025-08-27 02:05:23,In Stock,LOT-21417,Humidity controlled
4059,4059,47,26,21,52,62,2025-04-07 02:05:23,backordered,LOT-46813,Room temperature
4060,4060,202,50,152,10,64,2025-05-09 02:05:23,In Stock,LOT-59266,Humidity controlled
4061,4061,118,106,12,66,166,2025-03-11 02:05:23,backordered,LOT-48698,Room temperature
4062,4062,203,149,54,22,187,2025-07-10 02:05:23,In Stock,LOT-93969,Refrigerated
4063,4063,393,36,357,97,55,2024-12-03 02:05:23,In Stock,LOT-87486,Refrigerated
4064,4064,306,45,261,63,68,2025-03-06 02:05:23,In Stock,LOT-94155,Room temperature
4065,4065,193,155,38,15,90,2025-01-07 02:05:23,In Stock,LOT-94501,Humidity controlled
4066,4066,111,15,96,13,117,2025-06-28 02:05:23,In Stock,LOT-19292,Humidity controlled
4067,4067,420,141,279,18,149,2025-04-15 02:05:23,In Stock,LOT-07536,Refrigerated
4068,4068,77,72,5,20,101,2025-09-02 02:05:23,backordered,LOT-05117,Keep away from sunlight
4069,4069,249,3,246,74,64,2025-04-28 02:05:23,In Stock,LOT-16039,Keep away from sunlight
4070,4070,285,188,97,63,150,2025-03-11 02:05:23,In Stock,LOT-88636,Cool and dry place
4071,4071,196,59,137,99,150,2025-08-15 02:05:23,In Stock,LOT-53621,Cool and dry place
4072,4072,292,262,30,60,142,2025-04-30 02:05:23,backordered,LOT-89455,Cool and dry place
4073,4073,155,148,7,46,115,2025-06-01 02:05:23,backordered,LOT-90670,Cool and dry place
4074,4074,225,110,115,60,100,2024-11-16 02:05:23,In Stock,LOT-00994,Room temperature
4075,4075,309,96,213,38,195,2025-04-02 02:05:23,In Stock,LOT-24894,Room temperature
4076,4076,4,2,2,92,146,2025-08-08 02:05:23,backordered,LOT-20466,Keep away from sunlight
4077,4077,97,16,81,31,148,2025-08-25 02:05:23,In Stock,LOT-48966,Keep away from sunlight
4078,4078,451,427,24,25,72,2025-06-03 02:05:23,backordered,LOT-76056,Refrigerated
4079,4079,130,55,75,62,85,2025-05-10 02:05:23,In Stock,LOT-42045,Humidity controlled
4080,4080,356,164,192,44,88,2025-09-11 02:05:23,In Stock,LOT-65775,Humidity controlled
4081,4081,435,262,173,91,60,2025-02-01 02:05:23,In Stock,LOT-80974,Keep away from sunlight
4082,4082,485,304,181,97,75,2024-12-18 02:05:23,In Stock,LOT-53389,Keep away from sunlight
4083,4083,75,30,45,49,71,2024-11-30 02:05:23,backordered,LOT-06235,Humidity controlled
4084,4084,292,194,98,43,106,2025-07-22 02:05:23,In Stock,LOT-46622,Humidity controlled
4085,4085,173,61,112,27,122,2025-03-11 02:05:23,In Stock,LOT-65401,Refrigerated
4086,4086,455,187,268,95,64,2025-04-29 02:05:23,In Stock,LOT-65995,Humidity controlled
4087,4087,120,28,92,41,116,2025-07-21 02:05:23,In Stock,LOT-30062,Cool and dry place
4088,4088,414,353,61,40,69,2025-09-22 02:05:23,In Stock,LOT-21224,Room temperature
4089,4089,434,342,92,77,177,2025-04-08 02:05:23,In Stock,LOT-27677,Cool and dry place
4090,4090,191,184,7,44,144,2025-03-07 02:05:23,backordered,LOT-46259,Keep away from sunlight
4091,4091,469,353,116,82,118,2025-02-19 02:05:23,In Stock,LOT-16011,Room temperature
4092,4092,407,232,175,61,200,2024-11-02 02:05:23,In Stock,LOT-24115,Room temperature
4093,4093,369,325,44,52,101,2025-05-01 02:05:23,backordered,LOT-84886,Refrigerated
4094,4094,223,94,129,82,170,2025-06-16 02:05:23,In Stock,LOT-00801,Keep away from sunlight
4095,4095,197,186,11,86,178,2025-04-20 02:05:23,backordered,LOT-79867,Cool and dry place
4096,4096,220,53,167,45,82,2025-09-22 02:05:23,In Stock,LOT-78231,Refrigerated
4097,4097,175,73,102,57,55,2025-01-31 02:05:23,In Stock,LOT-29957,Cool and dry place
4098,4098,293,170,123,89,128,2025-02-14 02:05:23,In Stock,LOT-04726,Cool and dry place
4099,4099,417,174,243,33,152,2024-12-31 02:05:23,In Stock,LOT-42612,Refrigerated
4100,4100,165,95,70,83,147,2025-04-12 02:05:23,backordered,LOT-12038,Room temperature
4101,4101,432,228,204,33,78,2025-07-02 02:05:23,In Stock,LOT-43753,Cool and dry place
4102,4102,232,222,10,45,84,2025-07-02 02:05:23,backordered,LOT-65968,Room temperature
4103,4103,397,367,30,85,80,2025-06-18 02:05:23,backordered,LOT-07852,Refrigerated
4104,4104,197,31,166,46,63,2024-11-25 02:05:23,In Stock,LOT-54824,Room temperature
4105,4105,333,278,55,84,100,2025-06-28 02:05:23,backordered,LOT-21838,Refrigerated
4106,4106,481,212,269,24,127,2025-05-23 02:05:23,In Stock,LOT-54540,Room temperature
4107,4107,109,91,18,17,165,2025-01-15 02:05:23,In Stock,LOT-06445,Keep away from sunlight
4108,4108,112,84,28,68,107,2025-09-09 02:05:23,backordered,LOT-47523,Cool and dry place
4109,4109,15,3,12,73,185,2025-05-03 02:05:23,backordered,LOT-11232,Refrigerated
4110,4110,72,15,57,20,144,2025-01-24 02:05:23,In Stock,LOT-74897,Keep away from sunlight
4111,4111,47,35,12,45,131,2025-08-13 02:05:23,backordered,LOT-91776,Refrigerated
4112,4112,185,168,17,45,95,2025-03-25 02:05:23,backordered,LOT-33427,Humidity controlled
4113,4113,408,235,173,43,118,2024-11-18 02:05:23,In Stock,LOT-20388,Keep away from sunlight
4114,4114,24,3,21,73,99,2024-12-07 02:05:23,backordered,LOT-62175,Refrigerated
4115,4115,445,331,114,96,56,2024-11-12 02:05:23,In Stock,LOT-08019,Humidity controlled
4116,4116,210,203,7,53,87,2025-07-11 02:05:23,backordered,LOT-63045,Keep away from sunlight
4117,4117,236,115,121,26,197,2025-03-26 02:05:23,In Stock,LOT-30693,Keep away from sunlight
4118,4118,349,165,184,62,98,2025-07-25 02:05:23,In Stock,LOT-58824,Keep away from sunlight
4119,4119,1,0,1,45,65,2024-12-06 02:05:23,backordered,LOT-93534,Cool and dry place
4120,4120,473,390,83,90,141,2025-08-15 02:05:23,backordered,LOT-00181,Keep away from sunlight
4121,4121,477,274,203,18,56,2025-04-27 02:05:23,In Stock,LOT-67784,Room temperature
4122,4122,332,265,67,94,61,2025-10-14 02:05:23,backordered,LOT-81652,Cool and dry place
4123,4123,471,77,394,71,95,2025-08-28 02:05:23,In Stock,LOT-44454,Cool and dry place
4124,4124,158,47,111,50,168,2024-11-27 02:05:23,In Stock,LOT-46083,Refrigerated
4125,4125,61,27,34,13,127,2025-07-08 02:05:23,In Stock,LOT-85179,Humidity controlled
4126,4126,354,63,291,37,151,2025-02-04 02:05:23,In Stock,LOT-93781,Cool and dry place
4127,4127,253,42,211,14,100,2025-08-31 02:05:23,In Stock,LOT-05391,Refrigerated
4128,4128,193,159,34,54,139,2024-11-03 02:05:23,backordered,LOT-28788,Refrigerated
4129,4129,265,200,65,32,56,2024-12-29 02:05:23,In Stock,LOT-48699,Refrigerated
4130,4130,294,248,46,41,138,2025-08-28 02:05:23,In Stock,LOT-96988,Room temperature
4131,4131,494,315,179,55,104,2025-07-04 02:05:23,In Stock,LOT-29045,Refrigerated
4132,4132,86,19,67,91,163,2025-07-08 02:05:23,backordered,LOT-79271,Humidity controlled
4133,4133,97,66,31,87,94,2025-11-01 02:05:23,backordered,LOT-47246,Room temperature
4134,4134,186,121,65,98,106,2025-05-04 02:05:23,backordered,LOT-30198,Refrigerated
4135,4135,66,29,37,64,159,2025-09-18 02:05:23,backordered,LOT-64242,Humidity controlled
4136,4136,179,8,171,70,151,2025-09-16 02:05:23,In Stock,LOT-38397,Cool and dry place
4137,4137,282,235,47,15,180,2025-07-29 02:05:23,In Stock,LOT-28339,Keep away from sunlight
4138,4138,310,254,56,25,179,2025-08-12 02:05:23,In Stock,LOT-12187,Refrigerated
4139,4139,195,9,186,22,53,2025-02-23 02:05:23,In Stock,LOT-06293,Cool and dry place
4140,4140,79,50,29,22,140,2024-12-06 02:05:23,In Stock,LOT-28809,Humidity controlled
4141,4141,113,71,42,96,193,2024-12-13 02:05:23,backordered,LOT-83221,Refrigerated
4142,4142,361,45,316,73,161,2024-11-04 02:05:23,In Stock,LOT-01023,Room temperature
4143,4143,273,132,141,61,172,2025-07-22 02:05:23,In Stock,LOT-20018,Room temperature
4144,4144,226,192,34,43,83,2025-08-19 02:05:23,backordered,LOT-67661,Refrigerated
4145,4145,496,493,3,37,89,2025-08-21 02:05:23,backordered,LOT-00898,Refrigerated
4146,4146,470,364,106,75,54,2024-12-12 02:05:23,In Stock,LOT-76108,Cool and dry place
4147,4147,386,311,75,47,114,2025-08-15 02:05:23,In Stock,LOT-14356,Room temperature
4148,4148,286,78,208,95,97,2025-08-02 02:05:23,In Stock,LOT-14038,Room temperature
4149,4149,207,14,193,58,96,2024-12-20 02:05:23,In Stock,LOT-45319,Room temperature
4150,4150,108,47,61,93,62,2025-04-16 02:05:23,backordered,LOT-80746,Refrigerated
4151,4151,426,325,101,71,112,2025-09-28 02:05:23,In Stock,LOT-82354,Cool and dry place
4152,4152,272,28,244,44,151,2024-11-16 02:05:23,In Stock,LOT-69510,Keep away from sunlight
4153,4153,141,26,115,40,51,2025-02-26 02:05:23,In Stock,LOT-03076,Room temperature
4154,4154,117,109,8,81,128,2025-08-31 02:05:23,backordered,LOT-20545,Humidity controlled
4155,4155,165,38,127,11,68,2025-07-12 02:05:23,In Stock,LOT-96715,Keep away from sunlight
4156,4156,89,51,38,94,64,2025-02-14 02:05:23,backordered,LOT-00666,Room temperature
4157,4157,339,204,135,39,196,2025-03-04 02:05:23,In Stock,LOT-64110,Room temperature
4158,4158,197,16,181,50,120,2025-03-03 02:05:23,In Stock,LOT-65411,Cool and dry place
4159,4159,185,81,104,42,195,2025-09-25 02:05:23,In Stock,LOT-34078,Refrigerated
4160,4160,479,320,159,94,67,2025-04-27 02:05:23,In Stock,LOT-51699,Cool and dry place
4161,4161,219,184,35,44,68,2025-09-23 02:05:23,backordered,LOT-49708,Humidity controlled
4162,4162,392,344,48,53,134,2025-03-27 02:05:23,backordered,LOT-90583,Room temperature
4163,4163,8,1,7,83,146,2025-01-02 02:05:23,backordered,LOT-66834,Refrigerated
4164,4164,302,164,138,67,190,2025-02-20 02:05:23,In Stock,LOT-82689,Room temperature
4165,4165,412,94,318,17,172,2025-11-01 02:05:23,In Stock,LOT-99626,Refrigerated
4166,4166,9,4,5,31,161,2025-08-12 02:05:23,backordered,LOT-97083,Cool and dry place
4167,4167,36,31,5,22,84,2024-11-28 02:05:23,backordered,LOT-86888,Cool and dry place
4168,4168,76,39,37,19,101,2025-01-13 02:05:23,In Stock,LOT-91787,Refrigerated
4169,4169,384,366,18,65,153,2025-03-10 02:05:23,backordered,LOT-91505,Humidity controlled
4170,4170,290,232,58,61,59,2025-01-16 02:05:23,backordered,LOT-96257,Humidity controlled
4171,4171,242,55,187,19,92,2025-03-28 02:05:23,In Stock,LOT-19760,Keep away from sunlight
4172,4172,457,247,210,39,70,2024-12-28 02:05:23,In Stock,LOT-93201,Refrigerated
4173,4173,67,56,11,93,149,2024-11-21 02:05:23,backordered,LOT-26578,Cool and dry place
4174,4174,235,86,149,99,197,2025-02-03 02:05:23,In Stock,LOT-98260,Humidity controlled
4175,4175,318,243,75,93,189,2025-03-31 02:05:23,backordered,LOT-41809,Room temperature
4176,4176,121,107,14,91,103,2024-12-13 02:05:23,backordered,LOT-52175,Humidity controlled
4177,4177,460,357,103,98,129,2025-07-21 02:05:23,In Stock,LOT-58517,Cool and dry place
4178,4178,308,46,262,90,147,2025-05-17 02:05:23,In Stock,LOT-77412,Room temperature
4179,4179,96,3,93,75,198,2024-12-10 02:05:23,In Stock,LOT-74692,Room temperature
4180,4180,93,29,64,25,87,2025-10-09 02:05:23,In Stock,LOT-11882,Refrigerated
4181,4181,61,37,24,18,140,2025-10-20 02:05:23,In Stock,LOT-41996,Room temperature
4182,4182,248,206,42,58,119,2025-06-10 02:05:23,backordered,LOT-26422,Humidity controlled
4183,4183,327,233,94,46,172,2025-10-29 02:05:23,In Stock,LOT-29758,Cool and dry place
4184,4184,0,0,0,63,193,2025-03-09 02:05:23,Out of Stock,LOT-91704,Keep away from sunlight
4185,4185,156,79,77,79,161,2025-02-20 02:05:23,backordered,LOT-54218,Keep away from sunlight
4186,4186,152,146,6,67,165,2025-05-27 02:05:23,backordered,LOT-54570,Cool and dry place
4187,4187,214,208,6,35,148,2025-05-08 02:05:23,backordered,LOT-56820,Keep away from sunlight
4188,4188,353,17,336,42,134,2025-10-16 02:05:23,In Stock,LOT-92257,Cool and dry place
4189,4189,208,62,146,55,130,2024-11-09 02:05:23,In Stock,LOT-09001,Refrigerated
4190,4190,240,50,190,14,200,2025-04-18 02:05:23,In Stock,LOT-63564,Room temperature
4191,4191,289,218,71,88,97,2025-03-09 02:05:23,backordered,LOT-07232,Keep away from sunlight
4192,4192,40,7,33,91,194,2024-12-04 02:05:23,backordered,LOT-47282,Room temperature
4193,4193,70,48,22,38,132,2025-07-19 02:05:23,backordered,LOT-89540,Cool and dry place
4194,4194,355,189,166,85,169,2025-10-28 02:05:23,In Stock,LOT-01788,Refrigerated
4195,4195,188,89,99,24,91,2025-02-04 02:05:23,In Stock,LOT-22473,Refrigerated
4196,4196,236,105,131,96,102,2025-03-28 02:05:23,In Stock,LOT-12616,Room temperature
4197,4197,120,10,110,50,124,2025-02-06 02:05:23,In Stock,LOT-85071,Humidity controlled
4198,4198,435,286,149,82,135,2024-12-23 02:05:23,In Stock,LOT-05801,Keep away from sunlight
4199,4199,178,72,106,62,161,2025-06-28 02:05:23,In Stock,LOT-19509,Room temperature
4200,4200,497,169,328,43,124,2025-07-11 02:05:23,In Stock,LOT-27115,Room temperature
4201,4201,363,131,232,19,128,2024-12-23 02:05:23,In Stock,LOT-26105,Cool and dry place
4202,4202,202,145,57,87,200,2025-06-29 02:05:23,backordered,LOT-37092,Humidity controlled
4203,4203,124,106,18,100,116,2025-06-13 02:05:23,backordered,LOT-30071,Humidity controlled
4204,4204,230,72,158,38,197,2025-06-16 02:05:23,In Stock,LOT-69500,Keep away from sunlight
4205,4205,135,4,131,77,193,2025-08-06 02:05:23,In Stock,LOT-74189,Refrigerated
4206,4206,114,6,108,85,134,2025-02-18 02:05:23,In Stock,LOT-48543,Keep away from sunlight
4207,4207,65,61,4,37,197,2024-11-24 02:05:23,backordered,LOT-29876,Humidity controlled
4208,4208,328,267,61,84,119,2025-09-11 02:05:23,backordered,LOT-98936,Refrigerated
4209,4209,80,13,67,11,196,2025-03-18 02:05:23,In Stock,LOT-52944,Refrigerated
4210,4210,31,11,20,24,172,2025-10-10 02:05:23,backordered,LOT-71619,Keep away from sunlight
4211,4211,167,77,90,76,139,2025-07-26 02:05:23,In Stock,LOT-82734,Room temperature
4212,4212,322,211,111,57,136,2025-03-05 02:05:23,In Stock,LOT-81310,Humidity controlled
4213,4213,67,16,51,14,112,2025-10-27 02:05:23,In Stock,LOT-45025,Cool and dry place
4214,4214,154,71,83,82,160,2025-05-30 02:05:23,In Stock,LOT-89632,Keep away from sunlight
4215,4215,475,32,443,28,107,2025-01-15 02:05:23,In Stock,LOT-17435,Cool and dry place
4216,4216,421,14,407,28,141,2025-09-08 02:05:23,In Stock,LOT-74835,Refrigerated
4217,4217,398,58,340,36,168,2025-05-15 02:05:23,In Stock,LOT-26806,Keep away from sunlight
4218,4218,442,182,260,77,150,2025-07-27 02:05:23,In Stock,LOT-48606,Room temperature
4219,4219,298,172,126,90,170,2025-10-31 02:05:23,In Stock,LOT-73983,Humidity controlled
4220,4220,481,220,261,20,196,2024-12-24 02:05:23,In Stock,LOT-44883,Refrigerated
4221,4221,483,35,448,43,142,2025-01-23 02:05:23,In Stock,LOT-84253,Room temperature
4222,4222,96,33,63,99,133,2025-04-12 02:05:23,backordered,LOT-64628,Keep away from sunlight
4223,4223,113,10,103,19,107,2025-01-28 02:05:23,In Stock,LOT-05507,Humidity controlled
4224,4224,189,12,177,36,125,2025-07-31 02:05:23,In Stock,LOT-74065,Refrigerated
4225,4225,424,208,216,30,84,2025-10-15 02:05:23,In Stock,LOT-79551,Refrigerated
4226,4226,99,39,60,68,124,2025-07-31 02:05:23,backordered,LOT-56239,Room temperature
4227,4227,208,53,155,93,77,2025-10-23 02:05:23,In Stock,LOT-20908,Room temperature
4228,4228,118,84,34,67,198,2025-04-03 02:05:23,backordered,LOT-55107,Humidity controlled
4229,4229,379,354,25,96,151,2025-01-29 02:05:23,backordered,LOT-40913,Cool and dry place
4230,4230,16,10,6,100,86,2025-01-14 02:05:23,backordered,LOT-11178,Room temperature
4231,4231,195,192,3,84,62,2025-08-15 02:05:23,backordered,LOT-61902,Cool and dry place
4232,4232,331,249,82,66,123,2025-09-30 02:05:23,In Stock,LOT-54760,Keep away from sunlight
4233,4233,134,48,86,14,127,2025-07-18 02:05:23,In Stock,LOT-22069,Room temperature
4234,4234,29,4,25,39,187,2025-04-28 02:05:23,backordered,LOT-53541,Cool and dry place
4235,4235,83,20,63,81,121,2025-03-30 02:05:23,backordered,LOT-20122,Keep away from sunlight
4236,4236,173,46,127,67,136,2025-08-12 02:05:23,In Stock,LOT-75950,Refrigerated
4237,4237,102,17,85,76,89,2024-12-17 02:05:23,In Stock,LOT-02601,Refrigerated
4238,4238,4,1,3,12,84,2025-05-16 02:05:23,backordered,LOT-51532,Keep away from sunlight
4239,4239,293,55,238,37,102,2025-10-27 02:05:23,In Stock,LOT-59479,Refrigerated
4240,4240,11,3,8,35,114,2025-04-06 02:05:23,backordered,LOT-50740,Keep away from sunlight
4241,4241,225,17,208,98,81,2024-11-23 02:05:23,In Stock,LOT-71732,Keep away from sunlight
4242,4242,401,233,168,56,52,2025-03-22 02:05:23,In Stock,LOT-79805,Keep away from sunlight
4243,4243,72,61,11,88,138,2025-05-24 02:05:23,backordered,LOT-95031,Refrigerated
4244,4244,460,383,77,17,94,2025-06-12 02:05:23,In Stock,LOT-00649,Room temperature
4245,4245,107,7,100,20,94,2025-07-06 02:05:23,In Stock,LOT-34039,Humidity controlled
4246,4246,284,132,152,72,93,2025-07-04 02:05:23,In Stock,LOT-10452,Cool and dry place
4247,4247,110,34,76,26,61,2025-08-28 02:05:23,In Stock,LOT-03608,Humidity controlled
4248,4248,151,117,34,18,198,2025-10-24 02:05:23,In Stock,LOT-94118,Cool and dry place
4249,4249,232,183,49,30,91,2024-11-28 02:05:23,In Stock,LOT-49135,Refrigerated
4250,4250,149,13,136,57,64,2025-03-22 02:05:23,In Stock,LOT-99285,Keep away from sunlight
4251,4251,469,425,44,43,189,2025-03-10 02:05:23,In Stock,LOT-53595,Cool and dry place
4252,4252,425,243,182,92,176,2025-05-21 02:05:23,In Stock,LOT-20561,Room temperature
4253,4253,211,27,184,89,96,2025-06-19 02:05:23,In Stock,LOT-00679,Cool and dry place
4254,4254,197,92,105,91,188,2025-07-08 02:05:23,In Stock,LOT-90069,Humidity controlled
4255,4255,446,225,221,29,170,2024-12-14 02:05:23,In Stock,LOT-68018,Refrigerated
4256,4256,173,129,44,18,96,2025-08-14 02:05:23,In Stock,LOT-67740,Room temperature
4257,4257,306,20,286,84,137,2025-04-18 02:05:23,In Stock,LOT-37842,Keep away from sunlight
4258,4258,388,273,115,46,115,2025-02-15 02:05:23,In Stock,LOT-33944,Refrigerated
4259,4259,484,126,358,72,113,2024-12-15 02:05:23,In Stock,LOT-95300,Refrigerated
4260,4260,231,146,85,19,97,2025-09-11 02:05:23,In Stock,LOT-67762,Refrigerated
4261,4261,43,5,38,16,80,2025-02-03 02:05:23,In Stock,LOT-55032,Keep away from sunlight
4262,4262,494,262,232,15,110,2024-11-10 02:05:23,In Stock,LOT-50173,Room temperature
4263,4263,352,283,69,63,62,2024-11-24 02:05:23,In Stock,LOT-65426,Cool and dry place
4264,4264,232,218,14,16,174,2025-06-05 02:05:23,backordered,LOT-24178,Cool and dry place
4265,4265,408,322,86,38,88,2025-05-05 02:05:23,In Stock,LOT-42902,Cool and dry place
4266,4266,300,128,172,98,140,2025-08-02 02:05:23,In Stock,LOT-92334,Humidity controlled
4267,4267,162,28,134,73,76,2025-08-05 02:05:23,In Stock,LOT-51100,Refrigerated
4268,4268,72,63,9,59,115,2025-06-27 02:05:23,backordered,LOT-90605,Refrigerated
4269,4269,285,232,53,33,91,2025-10-22 02:05:23,In Stock,LOT-30886,Room temperature
4270,4270,438,148,290,29,86,2025-09-05 02:05:23,In Stock,LOT-84302,Keep away from sunlight
4271,4271,90,48,42,96,132,2024-11-16 02:05:23,backordered,LOT-11667,Room temperature
4272,4272,302,195,107,34,99,2025-11-01 02:05:23,In Stock,LOT-32904,Humidity controlled
4273,4273,418,100,318,35,124,2025-06-04 02:05:23,In Stock,LOT-57598,Room temperature
4274,4274,226,224,2,12,128,2025-02-17 02:05:23,backordered,LOT-87592,Humidity controlled
4275,4275,255,169,86,11,119,2025-03-09 02:05:23,In Stock,LOT-12996,Cool and dry place
4276,4276,411,85,326,11,145,2024-12-22 02:05:23,In Stock,LOT-42603,Keep away from sunlight
4277,4277,392,259,133,97,139,2025-09-26 02:05:23,In Stock,LOT-36202,Humidity controlled
4278,4278,392,160,232,34,164,2025-02-20 02:05:23,In Stock,LOT-75582,Room temperature
4279,4279,319,93,226,60,159,2024-12-12 02:05:23,In Stock,LOT-14770,Refrigerated
4280,4280,81,76,5,50,156,2025-07-05 02:05:23,backordered,LOT-92071,Room temperature
4281,4281,94,57,37,73,171,2025-05-22 02:05:23,backordered,LOT-15238,Refrigerated
4282,4282,81,45,36,82,89,2025-10-24 02:05:23,backordered,LOT-02362,Keep away from sunlight
4283,4283,41,25,16,54,188,2025-09-20 02:05:23,backordered,LOT-19215,Refrigerated
4284,4284,414,309,105,27,57,2024-12-02 02:05:23,In Stock,LOT-81897,Room temperature
4285,4285,293,80,213,29,123,2025-09-03 02:05:23,In Stock,LOT-05916,Cool and dry place
4286,4286,165,105,60,37,60,2025-08-16 02:05:23,In Stock,LOT-11863,Humidity controlled
4287,4287,162,80,82,95,198,2025-04-10 02:05:23,backordered,LOT-85588,Refrigerated
4288,4288,223,62,161,69,89,2024-12-06 02:05:23,In Stock,LOT-19597,Keep away from sunlight
4289,4289,88,79,9,47,96,2025-10-11 02:05:23,backordered,LOT-72168,Keep away from sunlight
4290,4290,193,19,174,52,116,2024-12-17 02:05:23,In Stock,LOT-80053,Humidity controlled
4291,4291,13,10,3,95,191,2025-05-12 02:05:23,backordered,LOT-78931,Cool and dry place
4292,4292,99,26,73,23,107,2024-12-01 02:05:23,In Stock,LOT-86928,Humidity controlled
4293,4293,389,20,369,15,119,2025-01-12 02:05:23,In Stock,LOT-97284,Humidity controlled
4294,4294,436,435,1,38,90,2025-09-30 02:05:23,backordered,LOT-54018,Cool and dry place
4295,4295,90,19,71,22,94,2025-09-23 02:05:23,In Stock,LOT-22720,Room temperature
4296,4296,383,151,232,75,78,2024-11-02 02:05:23,In Stock,LOT-02839,Room temperature
4297,4297,275,78,197,65,189,2025-04-02 02:05:23,In Stock,LOT-48232,Humidity controlled
4298,4298,255,205,50,48,52,2025-09-09 02:05:23,In Stock,LOT-20414,Humidity controlled
4299,4299,56,33,23,51,117,2025-01-21 02:05:23,backordered,LOT-47432,Humidity controlled
4300,4300,29,12,17,49,128,2025-08-25 02:05:23,backordered,LOT-81165,Cool and dry place
4301,4301,21,12,9,32,195,2025-02-17 02:05:23,backordered,LOT-99302,Keep away from sunlight
4302,4302,226,163,63,77,172,2025-06-29 02:05:23,backordered,LOT-02030,Room temperature
4303,4303,266,167,99,59,152,2025-06-10 02:05:23,In Stock,LOT-42322,Keep away from sunlight
4304,4304,383,159,224,25,161,2025-08-27 02:05:23,In Stock,LOT-77521,Refrigerated
4305,4305,151,46,105,24,86,2025-03-23 02:05:23,In Stock,LOT-35302,Refrigerated
4306,4306,91,9,82,34,96,2025-10-24 02:05:23,In Stock,LOT-81650,Room temperature
4307,4307,353,32,321,15,122,2025-08-10 02:05:23,In Stock,LOT-64630,Humidity controlled
4308,4308,129,55,74,24,122,2025-02-26 02:05:23,In Stock,LOT-05937,Humidity controlled
4309,4309,469,450,19,82,78,2025-09-16 02:05:23,backordered,LOT-77569,Keep away from sunlight
4310,4310,441,314,127,67,89,2025-04-07 02:05:23,In Stock,LOT-19832,Humidity controlled
4311,4311,312,304,8,88,121,2025-01-11 02:05:23,backordered,LOT-10291,Humidity controlled
4312,4312,49,41,8,30,181,2024-11-09 02:05:23,backordered,LOT-61746,Refrigerated
4313,4313,56,47,9,80,55,2025-10-03 02:05:23,backordered,LOT-90298,Refrigerated
4314,4314,448,221,227,64,154,2025-10-22 02:05:23,In Stock,LOT-31043,Refrigerated
4315,4315,361,1,360,17,51,2025-05-07 02:05:23,In Stock,LOT-84196,Refrigerated
4316,4316,382,82,300,79,136,2025-07-25 02:05:23,In Stock,LOT-62291,Humidity controlled
4317,4317,202,48,154,22,50,2025-05-21 02:05:23,In Stock,LOT-31670,Cool and dry place
4318,4318,167,45,122,44,112,2025-02-03 02:05:23,In Stock,LOT-80568,Refrigerated
4319,4319,281,0,281,55,191,2024-11-14 02:05:23,In Stock,LOT-56670,Refrigerated
4320,4320,473,213,260,88,93,2024-11-29 02:05:23,In Stock,LOT-63621,Humidity controlled
4321,4321,392,313,79,17,65,2025-03-16 02:05:23,In Stock,LOT-98655,Keep away from sunlight
4322,4322,273,221,52,30,167,2025-03-23 02:05:23,In Stock,LOT-04944,Refrigerated
4323,4323,439,116,323,32,192,2025-07-19 02:05:23,In Stock,LOT-40766,Humidity controlled
4324,4324,312,197,115,96,102,2025-07-15 02:05:23,In Stock,LOT-34933,Keep away from sunlight
4325,4325,208,191,17,20,179,2025-05-13 02:05:23,backordered,LOT-96504,Cool and dry place
4326,4326,452,323,129,79,153,2025-08-03 02:05:23,In Stock,LOT-96273,Keep away from sunlight
4327,4327,232,26,206,41,161,2025-01-23 02:05:23,In Stock,LOT-22626,Room temperature
4328,4328,494,397,97,23,50,2025-09-24 02:05:23,In Stock,LOT-11424,Refrigerated
4329,4329,79,64,15,30,101,2025-07-09 02:05:23,backordered,LOT-36258,Humidity controlled
4330,4330,78,12,66,96,188,2025-02-14 02:05:23,backordered,LOT-54218,Refrigerated
4331,4331,178,47,131,69,66,2025-02-04 02:05:23,In Stock,LOT-80879,Keep away from sunlight
4332,4332,166,5,161,61,173,2025-02-22 02:05:23,In Stock,LOT-91962,Keep away from sunlight
4333,4333,48,41,7,15,158,2024-12-14 02:05:23,backordered,LOT-34199,Room temperature
4334,4334,422,297,125,31,51,2024-12-11 02:05:23,In Stock,LOT-64338,Humidity controlled
4335,4335,267,51,216,93,118,2025-06-28 02:05:23,In Stock,LOT-53247,Cool and dry place
4336,4336,318,65,253,69,163,2025-04-06 02:05:23,In Stock,LOT-25058,Cool and dry place
4337,4337,235,235,0,74,78,2025-05-05 02:05:23,backordered,LOT-33343,Humidity controlled
4338,4338,214,148,66,78,113,2025-01-28 02:05:23,backordered,LOT-03115,Room temperature
4339,4339,179,169,10,73,95,2024-11-21 02:05:23,backordered,LOT-87605,Cool and dry place
4340,4340,366,77,289,99,150,2025-04-23 02:05:23,In Stock,LOT-45769,Room temperature
4341,4341,356,204,152,78,148,2025-08-06 02:05:23,In Stock,LOT-47576,Humidity controlled
4342,4342,445,181,264,83,74,2025-08-23 02:05:23,In Stock,LOT-94535,Room temperature
4343,4343,229,52,177,49,179,2025-01-02 02:05:23,In Stock,LOT-36597,Humidity controlled
4344,4344,456,83,373,53,133,2025-07-10 02:05:23,In Stock,LOT-46698,Humidity controlled
4345,4345,139,111,28,90,52,2025-03-19 02:05:23,backordered,LOT-61634,Room temperature
4346,4346,453,69,384,84,55,2025-03-19 02:05:23,In Stock,LOT-21254,Room temperature
4347,4347,321,243,78,28,155,2025-03-30 02:05:23,In Stock,LOT-50809,Humidity controlled
4348,4348,155,16,139,66,196,2024-12-20 02:05:23,In Stock,LOT-59481,Keep away from sunlight
4349,4349,248,5,243,81,50,2025-01-22 02:05:23,In Stock,LOT-52692,Humidity controlled
4350,4350,234,78,156,97,177,2025-06-24 02:05:23,In Stock,LOT-55966,Humidity controlled
4351,4351,180,175,5,89,196,2025-06-09 02:05:23,backordered,LOT-47213,Keep away from sunlight
4352,4352,141,19,122,75,99,2024-12-25 02:05:23,In Stock,LOT-07423,Humidity controlled
4353,4353,433,154,279,24,155,2025-03-10 02:05:23,In Stock,LOT-59142,Refrigerated
4354,4354,147,117,30,76,137,2025-07-19 02:05:23,backordered,LOT-61404,Keep away from sunlight
4355,4355,375,297,78,78,186,2025-09-08 02:05:23,In Stock,LOT-89332,Keep away from sunlight
4356,4356,149,149,0,78,57,2025-06-19 02:05:23,backordered,LOT-61454,Room temperature
4357,4357,161,2,159,87,92,2024-11-27 02:05:23,In Stock,LOT-30796,Humidity controlled
4358,4358,412,201,211,11,133,2025-08-06 02:05:23,In Stock,LOT-37310,Cool and dry place
4359,4359,427,16,411,30,152,2025-08-22 02:05:23,In Stock,LOT-08178,Keep away from sunlight
4360,4360,20,12,8,61,124,2025-01-22 02:05:23,backordered,LOT-52211,Humidity controlled
4361,4361,461,31,430,12,189,2025-08-02 02:05:23,In Stock,LOT-58718,Room temperature
4362,4362,273,129,144,55,183,2025-09-09 02:05:23,In Stock,LOT-45235,Refrigerated
4363,4363,0,0,0,95,60,2025-05-17 02:05:23,Out of Stock,LOT-42687,Keep away from sunlight
4364,4364,156,138,18,80,110,2024-12-20 02:05:23,backordered,LOT-44701,Humidity controlled
4365,4365,377,242,135,43,77,2025-01-22 02:05:23,In Stock,LOT-73208,Room temperature
4366,4366,212,60,152,11,88,2025-03-18 02:05:23,In Stock,LOT-65237,Room temperature
4367,4367,468,6,462,16,50,2025-07-16 02:05:23,In Stock,LOT-77296,Cool and dry place
4368,4368,347,176,171,59,153,2025-09-10 02:05:23,In Stock,LOT-65633,Humidity controlled
4369,4369,454,445,9,86,141,2024-12-06 02:05:23,backordered,LOT-70140,Refrigerated
4370,4370,8,5,3,59,124,2025-09-13 02:05:23,backordered,LOT-05278,Humidity controlled
4371,4371,133,49,84,66,188,2024-11-26 02:05:23,In Stock,LOT-10558,Room temperature
4372,4372,221,114,107,82,63,2025-02-17 02:05:23,In Stock,LOT-00027,Keep away from sunlight
4373,4373,467,369,98,12,80,2025-02-03 02:05:23,In Stock,LOT-22142,Keep away from sunlight
4374,4374,82,53,29,92,58,2025-10-17 02:05:23,backordered,LOT-57316,Cool and dry place
4375,4375,323,104,219,64,145,2024-11-14 02:05:23,In Stock,LOT-09439,Cool and dry place
4376,4376,24,7,17,44,125,2025-05-30 02:05:23,backordered,LOT-13681,Room temperature
4377,4377,67,5,62,60,173,2025-06-14 02:05:23,In Stock,LOT-72031,Room temperature
4378,4378,488,216,272,81,152,2025-04-24 02:05:23,In Stock,LOT-36955,Refrigerated
4379,4379,154,9,145,58,86,2025-08-29 02:05:23,In Stock,LOT-28620,Cool and dry place
4380,4380,165,88,77,88,161,2025-03-02 02:05:23,backordered,LOT-92973,Refrigerated
4381,4381,161,108,53,32,97,2025-08-01 02:05:23,In Stock,LOT-52595,Cool and dry place
4382,4382,311,4,307,52,110,2025-07-14 02:05:23,In Stock,LOT-33222,Room temperature
4383,4383,225,203,22,13,116,2025-02-19 02:05:23,In Stock,LOT-73938,Room temperature
4384,4384,245,230,15,59,127,2025-01-28 02:05:23,backordered,LOT-99204,Room temperature
4385,4385,350,166,184,57,107,2024-12-29 02:05:23,In Stock,LOT-57353,Keep away from sunlight
4386,4386,167,43,124,22,109,2025-02-01 02:05:23,In Stock,LOT-23661,Refrigerated
4387,4387,160,1,159,72,70,2025-08-23 02:05:23,In Stock,LOT-85076,Room temperature
4388,4388,170,89,81,37,76,2025-08-08 02:05:23,In Stock,LOT-10870,Humidity controlled
4389,4389,28,0,28,41,150,2025-08-28 02:05:23,backordered,LOT-82697,Refrigerated
4390,4390,484,46,438,18,170,2025-07-03 02:05:23,In Stock,LOT-18236,Refrigerated
4391,4391,324,237,87,73,90,2025-03-29 02:05:23,In Stock,LOT-01071,Room temperature
4392,4392,274,126,148,89,138,2025-01-21 02:05:23,In Stock,LOT-26158,Room temperature
4393,4393,364,345,19,51,191,2025-05-19 02:05:23,backordered,LOT-38821,Refrigerated
4394,4394,92,74,18,95,128,2025-08-06 02:05:23,backordered,LOT-76484,Room temperature
4395,4395,71,40,31,22,153,2025-09-03 02:05:23,In Stock,LOT-67357,Humidity controlled
4396,4396,167,125,42,57,71,2025-03-17 02:05:23,backordered,LOT-42233,Cool and dry place
4397,4397,28,10,18,16,185,2024-12-10 02:05:23,In Stock,LOT-22280,Cool and dry place
4398,4398,185,78,107,86,73,2025-06-22 02:05:23,In Stock,LOT-19442,Keep away from sunlight
4399,4399,232,78,154,44,170,2025-07-07 02:05:23,In Stock,LOT-58922,Room temperature
4400,4400,326,109,217,55,86,2025-06-02 02:05:23,In Stock,LOT-25606,Keep away from sunlight
4401,4401,447,270,177,47,78,2025-03-10 02:05:23,In Stock,LOT-29535,Cool and dry place
4402,4402,182,148,34,48,196,2025-03-11 02:05:23,backordered,LOT-06373,Refrigerated
4403,4403,133,74,59,87,102,2025-10-14 02:05:23,backordered,LOT-11804,Room temperature
4404,4404,118,62,56,75,186,2025-10-17 02:05:23,backordered,LOT-67413,Refrigerated
4405,4405,99,15,84,77,105,2025-03-31 02:05:23,In Stock,LOT-07538,Cool and dry place
4406,4406,447,403,44,18,101,2025-07-02 02:05:23,In Stock,LOT-41852,Humidity controlled
4407,4407,470,307,163,33,159,2025-10-13 02:05:23,In Stock,LOT-01362,Humidity controlled
4408,4408,242,129,113,78,94,2025-01-20 02:05:23,In Stock,LOT-60846,Cool and dry place
4409,4409,180,44,136,71,189,2025-03-03 02:05:23,In Stock,LOT-39756,Refrigerated
4410,4410,4,2,2,81,161,2025-07-30 02:05:23,backordered,LOT-15470,Room temperature
4411,4411,350,32,318,50,96,2025-08-31 02:05:23,In Stock,LOT-55491,Keep away from sunlight
4412,4412,354,156,198,62,133,2024-11-28 02:05:23,In Stock,LOT-21516,Refrigerated
4413,4413,474,167,307,38,173,2025-02-12 02:05:23,In Stock,LOT-41195,Cool and dry place
4414,4414,51,32,19,82,77,2025-05-03 02:05:23,backordered,LOT-56409,Keep away from sunlight
4415,4415,351,244,107,34,124,2025-06-12 02:05:23,In Stock,LOT-19693,Keep away from sunlight
4416,4416,254,22,232,71,163,2025-04-22 02:05:23,In Stock,LOT-95787,Refrigerated
4417,4417,303,203,100,85,66,2025-05-27 02:05:23,In Stock,LOT-52070,Refrigerated
4418,4418,107,104,3,60,84,2025-01-05 02:05:23,backordered,LOT-20426,Humidity controlled
4419,4419,294,131,163,58,160,2025-06-20 02:05:23,In Stock,LOT-20197,Room temperature
4420,4420,26,19,7,85,197,2025-01-06 02:05:23,backordered,LOT-12124,Cool and dry place
4421,4421,353,18,335,24,62,2025-02-02 02:05:23,In Stock,LOT-13936,Humidity controlled
4422,4422,283,174,109,71,108,2025-01-10 02:05:23,In Stock,LOT-96789,Cool and dry place
4423,4423,272,119,153,97,137,2025-08-10 02:05:23,In Stock,LOT-76098,Cool and dry place
4424,4424,360,43,317,79,154,2024-11-27 02:05:23,In Stock,LOT-73126,Humidity controlled
4425,4425,148,73,75,31,125,2025-04-16 02:05:23,In Stock,LOT-77319,Room temperature
4426,4426,376,263,113,76,126,2024-12-19 02:05:23,In Stock,LOT-22760,Humidity controlled
4427,4427,370,234,136,84,144,2025-03-22 02:05:23,In Stock,LOT-75988,Refrigerated
4428,4428,287,189,98,72,134,2024-12-11 02:05:23,In Stock,LOT-97865,Humidity controlled
4429,4429,178,133,45,26,182,2025-09-06 02:05:23,In Stock,LOT-33943,Humidity controlled
4430,4430,26,5,21,28,68,2025-03-21 02:05:23,backordered,LOT-19165,Humidity controlled
4431,4431,236,187,49,78,68,2025-08-23 02:05:23,backordered,LOT-43089,Room temperature
4432,4432,270,96,174,91,165,2025-09-21 02:05:23,In Stock,LOT-52312,Keep away from sunlight
4433,4433,7,5,2,84,185,2025-06-01 02:05:23,backordered,LOT-02191,Room temperature
4434,4434,473,168,305,22,118,2025-07-19 02:05:23,In Stock,LOT-50576,Keep away from sunlight
4435,4435,254,194,60,30,183,2025-04-15 02:05:23,In Stock,LOT-44974,Humidity controlled
4436,4436,53,5,48,33,105,2024-12-10 02:05:23,In Stock,LOT-70002,Cool and dry place
4437,4437,107,67,40,74,137,2025-03-24 02:05:23,backordered,LOT-68764,Humidity controlled
4438,4438,58,49,9,20,197,2025-06-29 02:05:23,backordered,LOT-48676,Humidity controlled
4439,4439,251,213,38,78,70,2025-06-14 02:05:23,backordered,LOT-49797,Room temperature
4440,4440,295,5,290,12,196,2024-12-14 02:05:23,In Stock,LOT-41636,Refrigerated
4441,4441,426,53,373,66,169,2025-01-10 02:05:23,In Stock,LOT-56045,Cool and dry place
4442,4442,189,80,109,28,193,2025-03-29 02:05:23,In Stock,LOT-00635,Keep away from sunlight
4443,4443,299,106,193,38,145,2025-09-17 02:05:23,In Stock,LOT-53730,Room temperature
4444,4444,381,258,123,78,55,2025-03-09 02:05:23,In Stock,LOT-96496,Cool and dry place
4445,4445,393,342,51,50,99,2025-08-29 02:05:23,In Stock,LOT-92771,Keep away from sunlight
4446,4446,10,1,9,25,197,2025-07-01 02:05:23,backordered,LOT-19529,Humidity controlled
4447,4447,40,0,40,41,186,2025-08-29 02:05:23,backordered,LOT-63530,Humidity controlled
4448,4448,242,78,164,27,130,2025-05-07 02:05:23,In Stock,LOT-59702,Cool and dry place
4449,4449,124,92,32,64,60,2025-01-12 02:05:23,backordered,LOT-55128,Cool and dry place
4450,4450,353,271,82,51,186,2025-09-11 02:05:23,In Stock,LOT-27636,Humidity controlled
4451,4451,367,62,305,15,122,2025-05-18 02:05:23,In Stock,LOT-43159,Cool and dry place
4452,4452,450,69,381,48,104,2024-11-01 02:05:23,In Stock,LOT-48989,Keep away from sunlight
4453,4453,105,51,54,18,137,2024-11-10 02:05:23,In Stock,LOT-59654,Humidity controlled
4454,4454,254,52,202,58,152,2025-08-22 02:05:23,In Stock,LOT-66345,Keep away from sunlight
4455,4455,40,13,27,98,139,2025-02-14 02:05:23,backordered,LOT-44344,Humidity controlled
4456,4456,205,145,60,41,103,2025-05-05 02:05:23,In Stock,LOT-14916,Refrigerated
4457,4457,408,316,92,17,51,2024-12-16 02:05:23,In Stock,LOT-99939,Room temperature
4458,4458,278,164,114,65,73,2025-04-28 02:05:23,In Stock,LOT-34497,Room temperature
4459,4459,230,170,60,41,72,2024-12-03 02:05:23,In Stock,LOT-43946,Room temperature
4460,4460,440,197,243,58,111,2025-01-06 02:05:23,In Stock,LOT-40882,Keep away from sunlight
4461,4461,290,95,195,55,138,2025-09-03 02:05:23,In Stock,LOT-23095,Cool and dry place
4462,4462,194,74,120,41,150,2024-11-19 02:05:23,In Stock,LOT-86297,Humidity controlled
4463,4463,21,21,0,27,180,2025-07-02 02:05:23,backordered,LOT-39889,Keep away from sunlight
4464,4464,248,46,202,68,57,2025-08-12 02:05:23,In Stock,LOT-41321,Humidity controlled
4465,4465,304,215,89,93,146,2025-04-06 02:05:23,backordered,LOT-09720,Cool and dry place
4466,4466,175,63,112,47,95,2025-02-08 02:05:23,In Stock,LOT-21707,Cool and dry place
4467,4467,193,65,128,42,67,2024-11-06 02:05:23,In Stock,LOT-54853,Keep away from sunlight
4468,4468,39,2,37,23,168,2025-05-20 02:05:23,In Stock,LOT-46557,Refrigerated
4469,4469,171,137,34,91,126,2025-04-06 02:05:23,backordered,LOT-92203,Room temperature
4470,4470,21,11,10,25,59,2025-07-28 02:05:23,backordered,LOT-00449,Humidity controlled
4471,4471,279,0,279,27,175,2025-07-15 02:05:23,In Stock,LOT-64612,Cool and dry place
4472,4472,135,36,99,72,157,2025-07-18 02:05:23,In Stock,LOT-93900,Keep away from sunlight
4473,4473,68,65,3,23,117,2024-12-12 02:05:23,backordered,LOT-25121,Room temperature
4474,4474,346,138,208,68,79,2025-02-04 02:05:23,In Stock,LOT-37565,Humidity controlled
4475,4475,117,75,42,50,104,2025-10-21 02:05:23,backordered,LOT-89635,Humidity controlled
4476,4476,210,147,63,15,157,2025-02-21 02:05:23,In Stock,LOT-95708,Keep away from sunlight
4477,4477,133,0,133,82,94,2025-08-05 02:05:23,In Stock,LOT-61993,Humidity controlled
4478,4478,274,142,132,88,180,2025-03-14 02:05:23,In Stock,LOT-14584,Room temperature
4479,4479,446,163,283,54,78,2024-11-05 02:05:23,In Stock,LOT-34566,Refrigerated
4480,4480,425,425,0,52,187,2025-03-14 02:05:23,backordered,LOT-31138,Refrigerated
4481,4481,433,251,182,25,166,2025-06-18 02:05:23,In Stock,LOT-85034,Refrigerated
4482,4482,10,10,0,64,191,2025-01-19 02:05:23,backordered,LOT-23622,Cool and dry place
4483,4483,403,54,349,59,119,2025-10-15 02:05:23,In Stock,LOT-03347,Refrigerated
4484,4484,156,53,103,85,178,2025-02-07 02:05:23,In Stock,LOT-42463,Cool and dry place
4485,4485,259,252,7,36,190,2025-03-06 02:05:23,backordered,LOT-10437,Keep away from sunlight
4486,4486,333,183,150,75,106,2025-07-05 02:05:23,In Stock,LOT-96868,Refrigerated
4487,4487,207,72,135,70,165,2025-10-25 02:05:23,In Stock,LOT-00852,Room temperature
4488,4488,48,14,34,11,53,2024-12-18 02:05:23,In Stock,LOT-94690,Cool and dry place
4489,4489,482,178,304,34,181,2024-12-10 02:05:23,In Stock,LOT-21774,Keep away from sunlight
4490,4490,496,11,485,33,189,2025-08-28 02:05:23,In Stock,LOT-17430,Keep away from sunlight
4491,4491,68,44,24,43,92,2025-10-12 02:05:23,backordered,LOT-43502,Room temperature
4492,4492,34,10,24,39,71,2024-12-24 02:05:23,backordered,LOT-38502,Cool and dry place
4493,4493,370,334,36,55,165,2025-03-10 02:05:23,backordered,LOT-28946,Refrigerated
4494,4494,3,2,1,45,66,2025-10-22 02:05:23,backordered,LOT-65275,Cool and dry place
4495,4495,362,353,9,73,119,2025-09-11 02:05:23,backordered,LOT-23328,Humidity controlled
4496,4496,110,20,90,44,145,2025-07-02 02:05:23,In Stock,LOT-29302,Humidity controlled
4497,4497,329,38,291,17,173,2024-11-01 02:05:23,In Stock,LOT-02569,Humidity controlled
4498,4498,158,25,133,91,86,2025-08-20 02:05:23,In Stock,LOT-13303,Room temperature
4499,4499,278,238,40,13,200,2025-01-20 02:05:23,In Stock,LOT-03346,Keep away from sunlight
4500,4500,77,49,28,42,197,2025-04-07 02:05:23,backordered,LOT-77116,Refrigerated
4501,4501,93,22,71,57,70,2025-02-21 02:05:23,In Stock,LOT-75076,Room temperature
4502,4502,406,73,333,33,124,2025-10-25 02:05:23,In Stock,LOT-27995,Room temperature
4503,4503,426,355,71,92,104,2025-08-05 02:05:23,backordered,LOT-53024,Keep away from sunlight
4504,4504,51,6,45,78,63,2025-10-14 02:05:23,backordered,LOT-53012,Refrigerated
4505,4505,156,97,59,77,160,2025-09-12 02:05:23,backordered,LOT-39847,Keep away from sunlight
4506,4506,110,6,104,70,53,2025-08-17 02:05:23,In Stock,LOT-23034,Humidity controlled
4507,4507,204,114,90,98,93,2025-10-04 02:05:23,backordered,LOT-20284,Refrigerated
4508,4508,398,17,381,14,135,2025-07-03 02:05:23,In Stock,LOT-71901,Keep away from sunlight
4509,4509,457,410,47,63,84,2025-09-27 02:05:23,backordered,LOT-72224,Humidity controlled
4510,4510,184,50,134,62,189,2025-01-07 02:05:23,In Stock,LOT-05076,Cool and dry place
4511,4511,5,2,3,69,171,2024-12-27 02:05:23,backordered,LOT-48717,Room temperature
4512,4512,15,1,14,22,176,2025-06-30 02:05:23,backordered,LOT-75461,Refrigerated
4513,4513,170,144,26,11,56,2025-03-10 02:05:23,In Stock,LOT-99240,Refrigerated
4514,4514,315,236,79,21,98,2025-10-15 02:05:23,In Stock,LOT-65838,Keep away from sunlight
4515,4515,87,20,67,21,77,2025-07-20 02:05:23,In Stock,LOT-72725,Humidity controlled
4516,4516,416,194,222,82,60,2025-02-14 02:05:23,In Stock,LOT-81225,Keep away from sunlight
4517,4517,452,38,414,93,149,2025-02-21 02:05:23,In Stock,LOT-90956,Refrigerated
4518,4518,95,15,80,13,114,2025-05-24 02:05:23,In Stock,LOT-68448,Room temperature
4519,4519,380,208,172,24,176,2025-09-06 02:05:23,In Stock,LOT-23733,Humidity controlled
4520,4520,85,70,15,18,171,2025-10-29 02:05:23,backordered,LOT-79121,Keep away from sunlight
4521,4521,131,78,53,41,154,2025-10-05 02:05:23,In Stock,LOT-21101,Refrigerated
4522,4522,422,115,307,48,125,2025-08-26 02:05:23,In Stock,LOT-87803,Refrigerated
4523,4523,184,36,148,21,151,2025-10-25 02:05:23,In Stock,LOT-58690,Refrigerated
4524,4524,175,46,129,37,200,2025-06-16 02:05:23,In Stock,LOT-17074,Cool and dry place
4525,4525,72,2,70,84,119,2025-05-29 02:05:23,backordered,LOT-03925,Keep away from sunlight
4526,4526,408,242,166,33,146,2024-12-21 02:05:23,In Stock,LOT-19994,Cool and dry place
4527,4527,106,86,20,33,157,2024-12-08 02:05:23,backordered,LOT-52951,Room temperature
4528,4528,161,24,137,38,83,2025-03-06 02:05:23,In Stock,LOT-71222,Keep away from sunlight
4529,4529,40,29,11,87,126,2025-01-20 02:05:23,backordered,LOT-76433,Cool and dry place
4530,4530,496,496,0,96,84,2025-06-16 02:05:23,backordered,LOT-87220,Room temperature
4531,4531,423,354,69,55,199,2025-01-29 02:05:23,In Stock,LOT-54221,Room temperature
4532,4532,57,24,33,14,83,2025-09-08 02:05:23,In Stock,LOT-62654,Cool and dry place
4533,4533,294,56,238,50,187,2025-01-08 02:05:23,In Stock,LOT-96330,Cool and dry place
4534,4534,87,55,32,79,153,2024-11-07 02:05:23,backordered,LOT-83344,Room temperature
4535,4535,375,310,65,78,155,2025-06-24 02:05:23,backordered,LOT-47048,Keep away from sunlight
4536,4536,284,219,65,75,157,2025-08-29 02:05:23,backordered,LOT-87899,Refrigerated
4537,4537,237,97,140,17,52,2025-02-18 02:05:23,In Stock,LOT-50470,Humidity controlled
4538,4538,137,79,58,68,116,2025-10-20 02:05:23,backordered,LOT-20596,Humidity controlled
4539,4539,383,118,265,66,192,2025-09-17 02:05:23,In Stock,LOT-85195,Humidity controlled
4540,4540,56,36,20,14,175,2025-06-05 02:05:23,In Stock,LOT-37749,Humidity controlled
4541,4541,433,290,143,26,71,2025-03-23 02:05:23,In Stock,LOT-26632,Room temperature
4542,4542,22,1,21,61,196,2025-02-04 02:05:23,backordered,LOT-95634,Refrigerated
4543,4543,201,155,46,90,82,2025-07-23 02:05:23,backordered,LOT-27775,Room temperature
4544,4544,117,35,82,79,118,2025-02-13 02:05:23,In Stock,LOT-22592,Keep away from sunlight
4545,4545,138,114,24,15,179,2025-08-13 02:05:23,In Stock,LOT-06165,Cool and dry place
4546,4546,114,73,41,77,155,2025-05-22 02:05:23,backordered,LOT-81292,Room temperature
4547,4547,221,47,174,28,52,2025-08-07 02:05:23,In Stock,LOT-05922,Cool and dry place
4548,4548,85,25,60,72,87,2025-10-25 02:05:23,backordered,LOT-94115,Room temperature
4549,4549,462,168,294,10,103,2025-07-13 02:05:23,In Stock,LOT-63029,Cool and dry place
4550,4550,31,1,30,12,190,2025-02-09 02:05:23,In Stock,LOT-55963,Keep away from sunlight
4551,4551,127,74,53,61,166,2025-07-02 02:05:23,backordered,LOT-63726,Humidity controlled
4552,4552,56,39,17,10,50,2025-02-10 02:05:23,In Stock,LOT-29420,Humidity controlled
4553,4553,292,290,2,21,81,2025-06-25 02:05:23,backordered,LOT-66154,Cool and dry place
4554,4554,207,204,3,10,55,2025-01-09 02:05:23,backordered,LOT-98085,Cool and dry place
4555,4555,196,145,51,90,88,2025-07-04 02:05:23,backordered,LOT-13313,Refrigerated
4556,4556,350,253,97,35,166,2025-01-08 02:05:23,In Stock,LOT-80049,Humidity controlled
4557,4557,483,395,88,83,167,2024-12-20 02:05:23,In Stock,LOT-83211,Cool and dry place
4558,4558,198,2,196,79,136,2025-06-01 02:05:23,In Stock,LOT-22121,Humidity controlled
4559,4559,431,42,389,80,158,2025-03-01 02:05:23,In Stock,LOT-54815,Room temperature
4560,4560,198,62,136,15,62,2025-10-21 02:05:23,In Stock,LOT-82686,Humidity controlled
4561,4561,417,301,116,75,120,2024-11-16 02:05:23,In Stock,LOT-87640,Refrigerated
4562,4562,127,111,16,25,74,2025-06-29 02:05:23,backordered,LOT-19185,Keep away from sunlight
4563,4563,42,6,36,76,71,2025-05-23 02:05:23,backordered,LOT-48806,Cool and dry place
4564,4564,339,309,30,81,144,2024-11-11 02:05:23,backordered,LOT-44200,Room temperature
4565,4565,168,128,40,28,196,2025-05-27 02:05:23,In Stock,LOT-62987,Refrigerated
4566,4566,498,9,489,34,116,2024-11-26 02:05:23,In Stock,LOT-78735,Cool and dry place
4567,4567,35,23,12,36,132,2025-07-02 02:05:23,backordered,LOT-85664,Room temperature
4568,4568,211,105,106,13,164,2025-05-21 02:05:23,In Stock,LOT-64196,Keep away from sunlight
4569,4569,483,294,189,87,114,2025-06-09 02:05:23,In Stock,LOT-23421,Humidity controlled
4570,4570,455,360,95,44,153,2025-03-25 02:05:23,In Stock,LOT-92622,Keep away from sunlight
4571,4571,75,6,69,22,64,2025-01-24 02:05:23,In Stock,LOT-13204,Refrigerated
4572,4572,136,4,132,27,188,2025-09-16 02:05:23,In Stock,LOT-10429,Humidity controlled
4573,4573,77,17,60,93,106,2025-02-12 02:05:23,backordered,LOT-48314,Keep away from sunlight
4574,4574,305,147,158,10,88,2025-04-15 02:05:23,In Stock,LOT-78911,Refrigerated
4575,4575,17,16,1,54,178,2025-09-27 02:05:23,backordered,LOT-79726,Keep away from sunlight
4576,4576,134,83,51,27,169,2025-07-08 02:05:23,In Stock,LOT-99994,Room temperature
4577,4577,326,98,228,62,129,2025-08-12 02:05:23,In Stock,LOT-98128,Refrigerated
4578,4578,176,116,60,12,52,2025-06-04 02:05:23,In Stock,LOT-31800,Cool and dry place
4579,4579,81,79,2,22,193,2025-08-22 02:05:23,backordered,LOT-36660,Humidity controlled
4580,4580,359,169,190,23,190,2025-09-03 02:05:23,In Stock,LOT-20005,Keep away from sunlight
4581,4581,480,35,445,90,95,2024-12-13 02:05:23,In Stock,LOT-32853,Room temperature
4582,4582,177,144,33,12,123,2024-11-26 02:05:23,In Stock,LOT-86310,Keep away from sunlight
4583,4583,58,56,2,14,65,2025-03-09 02:05:23,backordered,LOT-50524,Humidity controlled
4584,4584,88,28,60,17,117,2025-03-28 02:05:23,In Stock,LOT-38380,Keep away from sunlight
4585,4585,12,0,12,20,82,2025-01-18 02:05:23,backordered,LOT-58269,Refrigerated
4586,4586,267,73,194,68,72,2025-10-17 02:05:23,In Stock,LOT-29900,Cool and dry place
4587,4587,370,89,281,35,82,2025-01-15 02:05:23,In Stock,LOT-76862,Keep away from sunlight
4588,4588,35,22,13,21,82,2025-10-17 02:05:23,backordered,LOT-76332,Room temperature
4589,4589,484,272,212,57,52,2025-02-20 02:05:23,In Stock,LOT-83896,Keep away from sunlight
4590,4590,222,192,30,51,107,2025-06-22 02:05:23,backordered,LOT-33761,Room temperature
4591,4591,195,185,10,15,128,2024-12-01 02:05:23,backordered,LOT-85186,Refrigerated
4592,4592,457,73,384,66,157,2025-07-12 02:05:23,In Stock,LOT-26713,Room temperature
4593,4593,196,6,190,23,72,2025-05-15 02:05:23,In Stock,LOT-68410,Refrigerated
4594,4594,3,2,1,73,102,2025-05-27 02:05:23,backordered,LOT-13282,Keep away from sunlight
4595,4595,432,76,356,43,110,2025-05-06 02:05:23,In Stock,LOT-33921,Humidity controlled
4596,4596,492,215,277,20,175,2025-04-06 02:05:23,In Stock,LOT-88352,Humidity controlled
4597,4597,86,20,66,50,75,2024-11-19 02:05:23,In Stock,LOT-79187,Refrigerated
4598,4598,422,234,188,95,96,2025-04-14 02:05:23,In Stock,LOT-50677,Keep away from sunlight
4599,4599,1,1,0,63,149,2025-05-06 02:05:23,backordered,LOT-61065,Keep away from sunlight
4600,4600,487,78,409,26,120,2025-09-23 02:05:23,In Stock,LOT-92088,Humidity controlled
4601,4601,450,226,224,62,189,2025-03-20 02:05:23,In Stock,LOT-14319,Humidity controlled
4602,4602,438,432,6,44,125,2025-03-04 02:05:23,backordered,LOT-27976,Keep away from sunlight
4603,4603,424,41,383,94,90,2025-01-09 02:05:23,In Stock,LOT-17815,Cool and dry place
4604,4604,327,106,221,56,53,2025-10-14 02:05:23,In Stock,LOT-96983,Keep away from sunlight
4605,4605,499,477,22,23,180,2025-05-30 02:05:23,backordered,LOT-84572,Humidity controlled
4606,4606,289,247,42,48,87,2025-08-29 02:05:23,backordered,LOT-02665,Refrigerated
4607,4607,160,69,91,36,128,2025-10-05 02:05:23,In Stock,LOT-68629,Room temperature
4608,4608,371,214,157,58,190,2025-08-15 02:05:23,In Stock,LOT-59125,Cool and dry place
4609,4609,77,11,66,53,160,2025-06-25 02:05:23,In Stock,LOT-73498,Humidity controlled
4610,4610,377,182,195,30,141,2025-06-23 02:05:23,In Stock,LOT-99255,Humidity controlled
4611,4611,402,88,314,12,152,2024-11-29 02:05:23,In Stock,LOT-39460,Room temperature
4612,4612,410,144,266,92,72,2025-08-30 02:05:23,In Stock,LOT-74299,Cool and dry place
4613,4613,343,313,30,73,100,2025-01-26 02:05:23,backordered,LOT-07472,Humidity controlled
4614,4614,41,33,8,28,168,2025-06-27 02:05:23,backordered,LOT-96694,Cool and dry place
4615,4615,438,342,96,64,109,2025-05-28 02:05:23,In Stock,LOT-17996,Refrigerated
4616,4616,172,150,22,46,178,2025-02-17 02:05:23,backordered,LOT-70808,Refrigerated
4617,4617,370,33,337,77,182,2025-06-13 02:05:23,In Stock,LOT-97474,Humidity controlled
4618,4618,410,214,196,78,55,2025-04-08 02:05:23,In Stock,LOT-85994,Keep away from sunlight
4619,4619,132,4,128,54,75,2025-09-11 02:05:23,In Stock,LOT-64183,Cool and dry place
4620,4620,93,11,82,30,144,2025-05-26 02:05:23,In Stock,LOT-98416,Refrigerated
4621,4621,336,142,194,20,97,2025-06-28 02:05:23,In Stock,LOT-73478,Cool and dry place
4622,4622,60,45,15,61,63,2025-05-26 02:05:23,backordered,LOT-53698,Humidity controlled
4623,4623,380,270,110,64,51,2025-07-02 02:05:23,In Stock,LOT-81649,Keep away from sunlight
4624,4624,72,12,60,92,179,2025-04-18 02:05:23,backordered,LOT-80445,Cool and dry place
4625,4625,29,6,23,30,65,2024-11-09 02:05:23,backordered,LOT-09286,Refrigerated
4626,4626,53,38,15,67,190,2025-01-02 02:05:23,backordered,LOT-05210,Humidity controlled
4627,4627,309,25,284,20,72,2025-06-13 02:05:23,In Stock,LOT-26270,Cool and dry place
4628,4628,480,6,474,36,126,2025-03-03 02:05:23,In Stock,LOT-66489,Cool and dry place
4629,4629,123,13,110,98,177,2025-09-12 02:05:23,In Stock,LOT-00824,Humidity controlled
4630,4630,421,238,183,93,192,2025-04-03 02:05:23,In Stock,LOT-84581,Cool and dry place
4631,4631,399,383,16,23,149,2025-08-14 02:05:23,backordered,LOT-30889,Room temperature
4632,4632,350,315,35,16,179,2025-06-22 02:05:23,In Stock,LOT-83057,Cool and dry place
4633,4633,297,145,152,91,169,2025-02-06 02:05:23,In Stock,LOT-48839,Room temperature
4634,4634,444,186,258,11,80,2025-09-23 02:05:23,In Stock,LOT-97418,Refrigerated
4635,4635,490,224,266,53,107,2025-05-13 02:05:23,In Stock,LOT-56302,Humidity controlled
4636,4636,84,15,69,12,170,2025-08-08 02:05:23,In Stock,LOT-75000,Humidity controlled
4637,4637,270,227,43,76,50,2025-03-05 02:05:23,backordered,LOT-30566,Refrigerated
4638,4638,399,239,160,86,64,2025-07-08 02:05:23,In Stock,LOT-19953,Keep away from sunlight
4639,4639,57,26,31,23,159,2025-10-18 02:05:23,In Stock,LOT-05641,Humidity controlled
4640,4640,353,262,91,24,170,2025-08-14 02:05:23,In Stock,LOT-84937,Refrigerated
4641,4641,457,103,354,96,200,2024-12-12 02:05:23,In Stock,LOT-84679,Keep away from sunlight
4642,4642,128,123,5,72,80,2025-01-31 02:05:23,backordered,LOT-08701,Refrigerated
4643,4643,248,86,162,39,60,2025-03-17 02:05:23,In Stock,LOT-87260,Keep away from sunlight
4644,4644,286,54,232,10,96,2025-06-08 02:05:23,In Stock,LOT-01365,Humidity controlled
4645,4645,7,5,2,55,169,2025-02-18 02:05:23,backordered,LOT-10344,Cool and dry place
4646,4646,7,2,5,93,115,2024-11-24 02:05:23,backordered,LOT-44299,Room temperature
4647,4647,99,98,1,27,104,2025-04-13 02:05:23,backordered,LOT-06745,Refrigerated
4648,4648,83,15,68,60,199,2025-10-13 02:05:23,In Stock,LOT-68652,Keep away from sunlight
4649,4649,308,195,113,80,140,2025-03-13 02:05:23,In Stock,LOT-40622,Room temperature
4650,4650,203,170,33,70,55,2025-04-16 02:05:23,backordered,LOT-15599,Keep away from sunlight
4651,4651,349,349,0,55,66,2025-03-23 02:05:23,backordered,LOT-67256,Humidity controlled
4652,4652,353,60,293,41,197,2025-04-29 02:05:23,In Stock,LOT-22219,Refrigerated
4653,4653,45,20,25,17,79,2025-04-07 02:05:23,In Stock,LOT-05334,Room temperature
4654,4654,421,74,347,59,68,2025-10-30 02:05:23,In Stock,LOT-70474,Keep away from sunlight
4655,4655,475,4,471,37,100,2025-04-29 02:05:23,In Stock,LOT-76484,Cool and dry place
4656,4656,481,416,65,93,183,2025-06-22 02:05:23,backordered,LOT-55939,Refrigerated
4657,4657,144,54,90,99,78,2024-12-19 02:05:23,backordered,LOT-65213,Humidity controlled
4658,4658,443,113,330,83,85,2025-06-07 02:05:23,In Stock,LOT-83507,Humidity controlled
4659,4659,437,149,288,74,66,2025-07-12 02:05:23,In Stock,LOT-12455,Cool and dry place
4660,4660,5,2,3,23,158,2024-12-29 02:05:23,backordered,LOT-31290,Cool and dry place
4661,4661,416,7,409,50,108,2025-10-09 02:05:23,In Stock,LOT-03622,Refrigerated
4662,4662,51,23,28,19,146,2025-03-03 02:05:23,In Stock,LOT-11732,Room temperature
4663,4663,390,365,25,80,149,2024-11-09 02:05:23,backordered,LOT-77264,Room temperature
4664,4664,206,182,24,41,109,2024-11-25 02:05:23,backordered,LOT-88395,Humidity controlled
4665,4665,441,168,273,39,129,2025-01-24 02:05:23,In Stock,LOT-85585,Cool and dry place
4666,4666,47,0,47,51,54,2025-09-02 02:05:23,backordered,LOT-22942,Room temperature
4667,4667,466,255,211,63,116,2025-08-14 02:05:23,In Stock,LOT-52516,Keep away from sunlight
4668,4668,258,217,41,25,131,2025-03-05 02:05:23,In Stock,LOT-18575,Refrigerated
4669,4669,282,172,110,51,78,2025-08-23 02:05:23,In Stock,LOT-91710,Humidity controlled
4670,4670,394,39,355,67,176,2025-05-17 02:05:23,In Stock,LOT-50805,Cool and dry place
4671,4671,68,29,39,85,145,2025-01-17 02:05:23,backordered,LOT-49147,Keep away from sunlight
4672,4672,259,50,209,53,142,2025-06-22 02:05:23,In Stock,LOT-74473,Refrigerated
4673,4673,192,163,29,15,168,2025-08-11 02:05:23,In Stock,LOT-53524,Refrigerated
4674,4674,375,196,179,12,89,2025-06-03 02:05:23,In Stock,LOT-78417,Room temperature
4675,4675,222,194,28,57,121,2025-03-30 02:05:23,backordered,LOT-15949,Keep away from sunlight
4676,4676,239,36,203,14,141,2025-09-29 02:05:23,In Stock,LOT-73449,Keep away from sunlight
4677,4677,52,1,51,68,102,2025-10-01 02:05:23,backordered,LOT-30537,Humidity controlled
4678,4678,237,31,206,56,148,2025-06-20 02:05:23,In Stock,LOT-88033,Keep away from sunlight
4679,4679,272,117,155,71,65,2025-07-14 02:05:23,In Stock,LOT-18361,Cool and dry place
4680,4680,249,81,168,49,108,2025-02-03 02:05:23,In Stock,LOT-13389,Cool and dry place
4681,4681,397,95,302,66,125,2025-09-25 02:05:23,In Stock,LOT-26087,Room temperature
4682,4682,257,166,91,100,167,2024-11-23 02:05:23,backordered,LOT-88281,Refrigerated
4683,4683,196,12,184,30,194,2025-08-05 02:05:23,In Stock,LOT-52787,Room temperature
4684,4684,132,100,32,97,185,2025-04-09 02:05:23,backordered,LOT-30486,Refrigerated
4685,4685,457,230,227,33,192,2025-02-10 02:05:23,In Stock,LOT-25152,Room temperature
4686,4686,23,14,9,63,159,2025-06-26 02:05:23,backordered,LOT-17465,Refrigerated
4687,4687,5,3,2,93,146,2024-11-17 02:05:23,backordered,LOT-35378,Refrigerated
4688,4688,73,61,12,18,102,2025-05-12 02:05:23,backordered,LOT-01891,Refrigerated
4689,4689,372,280,92,61,171,2025-04-02 02:05:23,In Stock,LOT-56734,Refrigerated
4690,4690,183,154,29,26,105,2025-02-04 02:05:23,In Stock,LOT-46717,Keep away from sunlight
4691,4691,369,258,111,70,63,2025-04-07 02:05:23,In Stock,LOT-76296,Cool and dry place
4692,4692,408,134,274,76,183,2025-04-14 02:05:23,In Stock,LOT-91433,Humidity controlled
4693,4693,347,119,228,32,64,2024-11-11 02:05:23,In Stock,LOT-62999,Room temperature
4694,4694,399,189,210,40,116,2025-10-29 02:05:23,In Stock,LOT-46645,Room temperature
4695,4695,403,13,390,97,184,2024-12-27 02:05:23,In Stock,LOT-09999,Refrigerated
4696,4696,242,51,191,83,157,2025-09-20 02:05:23,In Stock,LOT-00108,Room temperature
4697,4697,305,230,75,64,115,2025-10-28 02:05:23,In Stock,LOT-98573,Room temperature
4698,4698,98,87,11,93,132,2025-04-05 02:05:23,backordered,LOT-90835,Keep away from sunlight
4699,4699,29,23,6,70,178,2025-01-01 02:05:23,backordered,LOT-21189,Keep away from sunlight
4700,4700,255,173,82,54,115,2025-08-12 02:05:23,In Stock,LOT-68442,Keep away from sunlight
4701,4701,435,39,396,85,57,2025-07-01 02:05:23,In Stock,LOT-46488,Humidity controlled
4702,4702,132,37,95,33,172,2025-07-17 02:05:23,In Stock,LOT-49979,Keep away from sunlight
4703,4703,383,66,317,68,102,2025-08-01 02:05:23,In Stock,LOT-57285,Cool and dry place
4704,4704,361,90,271,32,87,2025-02-28 02:05:23,In Stock,LOT-75958,Cool and dry place
4705,4705,54,48,6,19,168,2025-04-26 02:05:23,backordered,LOT-28190,Keep away from sunlight
4706,4706,218,155,63,25,175,2025-09-08 02:05:23,In Stock,LOT-22179,Keep away from sunlight
4707,4707,84,7,77,47,90,2024-12-21 02:05:23,In Stock,LOT-78912,Humidity controlled
4708,4708,190,29,161,46,118,2025-01-23 02:05:23,In Stock,LOT-48839,Keep away from sunlight
4709,4709,295,283,12,39,58,2025-04-24 02:05:23,backordered,LOT-71705,Refrigerated
4710,4710,481,53,428,64,198,2025-10-28 02:05:23,In Stock,LOT-98445,Refrigerated
4711,4711,299,91,208,33,57,2025-08-01 02:05:23,In Stock,LOT-14367,Keep away from sunlight
4712,4712,492,291,201,80,53,2025-09-14 02:05:23,In Stock,LOT-28681,Room temperature
4713,4713,94,86,8,60,118,2025-02-21 02:05:23,backordered,LOT-12303,Cool and dry place
4714,4714,31,27,4,79,56,2025-09-26 02:05:23,backordered,LOT-88568,Keep away from sunlight
4715,4715,237,226,11,12,105,2025-09-21 02:05:23,backordered,LOT-11939,Keep away from sunlight
4716,4716,473,99,374,67,60,2025-05-10 02:05:23,In Stock,LOT-78145,Cool and dry place
4717,4717,481,16,465,47,199,2025-07-23 02:05:23,In Stock,LOT-90099,Refrigerated
4718,4718,94,52,42,68,96,2025-06-25 02:05:23,backordered,LOT-21779,Room temperature
4719,4719,192,147,45,38,78,2025-03-21 02:05:23,In Stock,LOT-05528,Refrigerated
4720,4720,288,142,146,66,160,2025-07-01 02:05:23,In Stock,LOT-66933,Humidity controlled
4721,4721,2,2,0,38,194,2025-10-16 02:05:23,backordered,LOT-51588,Keep away from sunlight
4722,4722,387,166,221,43,65,2025-08-13 02:05:23,In Stock,LOT-07053,Room temperature
4723,4723,315,313,2,80,133,2025-09-07 02:05:23,backordered,LOT-26011,Humidity controlled
4724,4724,112,94,18,87,107,2025-08-28 02:05:23,backordered,LOT-93910,Keep away from sunlight
4725,4725,358,80,278,73,96,2025-01-29 02:05:23,In Stock,LOT-38297,Cool and dry place
4726,4726,81,73,8,25,149,2025-07-11 02:05:23,backordered,LOT-42551,Room temperature
4727,4727,333,24,309,48,194,2025-03-27 02:05:23,In Stock,LOT-36090,Cool and dry place
4728,4728,64,55,9,63,165,2025-04-13 02:05:23,backordered,LOT-85818,Room temperature
4729,4729,421,87,334,68,92,2025-01-22 02:05:23,In Stock,LOT-10450,Room temperature
4730,4730,182,52,130,85,175,2025-06-19 02:05:23,In Stock,LOT-24373,Humidity controlled
4731,4731,383,320,63,85,145,2025-10-21 02:05:23,backordered,LOT-61587,Keep away from sunlight
4732,4732,370,0,370,74,189,2025-03-24 02:05:23,In Stock,LOT-36627,Room temperature
4733,4733,417,1,416,63,176,2025-04-29 02:05:23,In Stock,LOT-13589,Keep away from sunlight
4734,4734,433,11,422,31,61,2025-01-26 02:05:23,In Stock,LOT-69335,Cool and dry place
4735,4735,340,52,288,82,93,2025-01-01 02:05:23,In Stock,LOT-39005,Cool and dry place
4736,4736,84,23,61,19,145,2025-06-01 02:05:23,In Stock,LOT-85615,Refrigerated
4737,4737,317,16,301,45,116,2025-01-28 02:05:23,In Stock,LOT-47315,Humidity controlled
4738,4738,467,17,450,84,107,2025-08-05 02:05:23,In Stock,LOT-66397,Refrigerated
4739,4739,178,49,129,41,102,2025-08-05 02:05:23,In Stock,LOT-92551,Cool and dry place
4740,4740,490,85,405,41,141,2025-09-28 02:05:23,In Stock,LOT-16436,Cool and dry place
4741,4741,78,47,31,93,134,2025-05-09 02:05:23,backordered,LOT-90283,Cool and dry place
4742,4742,58,39,19,38,136,2025-06-09 02:05:23,backordered,LOT-77270,Room temperature
4743,4743,407,367,40,97,58,2025-07-09 02:05:23,backordered,LOT-28966,Keep away from sunlight
4744,4744,297,258,39,80,193,2025-06-09 02:05:23,backordered,LOT-60534,Refrigerated
4745,4745,319,99,220,41,99,2025-08-10 02:05:23,In Stock,LOT-28164,Room temperature
4746,4746,435,126,309,60,91,2025-01-02 02:05:23,In Stock,LOT-41610,Keep away from sunlight
4747,4747,67,0,67,78,56,2025-05-08 02:05:23,backordered,LOT-19753,Humidity controlled
4748,4748,382,379,3,78,109,2025-08-31 02:05:23,backordered,LOT-58464,Refrigerated
4749,4749,425,403,22,44,119,2025-09-16 02:05:23,backordered,LOT-05103,Refrigerated
4750,4750,450,296,154,17,163,2025-05-15 02:05:23,In Stock,LOT-88027,Humidity controlled
4751,4751,201,80,121,88,84,2025-10-04 02:05:23,In Stock,LOT-30427,Cool and dry place
4752,4752,73,31,42,73,152,2025-07-23 02:05:23,backordered,LOT-63628,Cool and dry place
4753,4753,246,117,129,49,200,2025-04-25 02:05:23,In Stock,LOT-14447,Room temperature
4754,4754,81,8,73,11,148,2025-07-31 02:05:23,In Stock,LOT-18939,Humidity controlled
4755,4755,396,137,259,92,73,2025-01-16 02:05:23,In Stock,LOT-53096,Refrigerated
4756,4756,461,229,232,53,75,2025-01-05 02:05:23,In Stock,LOT-90676,Refrigerated
4757,4757,92,50,42,67,69,2024-11-07 02:05:23,backordered,LOT-49092,Refrigerated
4758,4758,51,30,21,57,109,2025-04-10 02:05:23,backordered,LOT-28849,Refrigerated
4759,4759,483,216,267,45,171,2025-05-22 02:05:23,In Stock,LOT-87455,Refrigerated
4760,4760,341,260,81,90,152,2025-06-26 02:05:23,backordered,LOT-13587,Keep away from sunlight
4761,4761,52,9,43,99,56,2024-12-19 02:05:23,backordered,LOT-27174,Keep away from sunlight
4762,4762,61,28,33,39,56,2025-10-30 02:05:23,backordered,LOT-30688,Humidity controlled
4763,4763,303,81,222,94,186,2025-06-17 02:05:23,In Stock,LOT-11640,Room temperature
4764,4764,447,70,377,44,65,2025-07-27 02:05:23,In Stock,LOT-34398,Refrigerated
4765,4765,361,54,307,18,140,2024-11-13 02:05:23,In Stock,LOT-81873,Refrigerated
4766,4766,440,169,271,55,52,2025-05-23 02:05:23,In Stock,LOT-87758,Cool and dry place
4767,4767,138,53,85,27,75,2025-01-08 02:05:23,In Stock,LOT-33364,Cool and dry place
4768,4768,153,60,93,95,62,2025-02-10 02:05:23,backordered,LOT-77041,Keep away from sunlight
4769,4769,248,234,14,85,168,2024-12-10 02:05:23,backordered,LOT-30909,Refrigerated
4770,4770,133,119,14,87,82,2025-04-24 02:05:23,backordered,LOT-15386,Room temperature
4771,4771,440,67,373,29,73,2025-02-18 02:05:23,In Stock,LOT-02826,Humidity controlled
4772,4772,120,90,30,42,132,2024-11-08 02:05:23,backordered,LOT-25420,Humidity controlled
4773,4773,405,56,349,85,96,2025-10-29 02:05:23,In Stock,LOT-41231,Room temperature
4774,4774,395,277,118,71,176,2025-10-11 02:05:23,In Stock,LOT-90577,Keep away from sunlight
4775,4775,252,162,90,58,197,2025-07-23 02:05:23,In Stock,LOT-20441,Refrigerated
4776,4776,450,120,330,31,200,2025-01-04 02:05:23,In Stock,LOT-00794,Humidity controlled
4777,4777,220,90,130,22,141,2024-12-20 02:05:23,In Stock,LOT-19324,Cool and dry place
4778,4778,84,43,41,69,188,2024-11-26 02:05:23,backordered,LOT-53810,Room temperature
4779,4779,491,221,270,45,64,2025-02-08 02:05:23,In Stock,LOT-97941,Room temperature
4780,4780,325,257,68,55,184,2025-02-03 02:05:23,In Stock,LOT-22487,Refrigerated
4781,4781,424,378,46,79,93,2025-05-21 02:05:23,backordered,LOT-09872,Keep away from sunlight
4782,4782,363,244,119,27,153,2025-08-05 02:05:23,In Stock,LOT-64963,Cool and dry place
4783,4783,378,260,118,44,151,2025-02-28 02:05:23,In Stock,LOT-22517,Refrigerated
4784,4784,337,299,38,31,142,2025-05-29 02:05:23,In Stock,LOT-42240,Refrigerated
4785,4785,441,399,42,91,131,2025-04-24 02:05:23,backordered,LOT-43261,Cool and dry place
4786,4786,402,299,103,60,93,2025-01-21 02:05:23,In Stock,LOT-18900,Refrigerated
4787,4787,88,23,65,54,52,2025-09-08 02:05:23,In Stock,LOT-34686,Humidity controlled
4788,4788,93,45,48,94,153,2025-08-07 02:05:23,backordered,LOT-16307,Room temperature
4789,4789,228,44,184,80,155,2025-07-28 02:05:23,In Stock,LOT-02867,Humidity controlled
4790,4790,389,128,261,33,53,2025-09-16 02:05:23,In Stock,LOT-20200,Refrigerated
4791,4791,405,83,322,41,120,2025-09-18 02:05:23,In Stock,LOT-95366,Room temperature
4792,4792,291,89,202,86,52,2025-10-26 02:05:23,In Stock,LOT-21953,Humidity controlled
4793,4793,359,335,24,63,150,2025-08-06 02:05:23,backordered,LOT-68900,Keep away from sunlight
4794,4794,20,4,16,62,152,2025-11-01 02:05:23,backordered,LOT-57795,Room temperature
4795,4795,470,425,45,53,63,2025-01-08 02:05:23,backordered,LOT-00173,Room temperature
4796,4796,220,49,171,33,67,2025-03-02 02:05:23,In Stock,LOT-25900,Room temperature
4797,4797,331,20,311,12,109,2024-12-22 02:05:23,In Stock,LOT-73971,Cool and dry place
4798,4798,25,23,2,20,197,2025-07-12 02:05:23,backordered,LOT-30722,Refrigerated
4799,4799,189,51,138,78,95,2025-08-25 02:05:23,In Stock,LOT-11386,Refrigerated
4800,4800,152,118,34,21,72,2025-01-02 02:05:23,In Stock,LOT-90871,Refrigerated
4801,4801,195,1,194,98,61,2025-04-01 02:05:23,In Stock,LOT-67221,Cool and dry place
4802,4802,477,270,207,28,168,2025-02-26 02:05:23,In Stock,LOT-04546,Cool and dry place
4803,4803,164,102,62,45,152,2025-09-06 02:05:23,In Stock,LOT-17192,Keep away from sunlight
4804,4804,425,28,397,70,161,2025-08-27 02:05:23,In Stock,LOT-81707,Keep away from sunlight
4805,4805,144,55,89,100,184,2024-11-01 02:05:23,backordered,LOT-44360,Room temperature
4806,4806,5,0,5,83,133,2025-07-08 02:05:23,backordered,LOT-23442,Keep away from sunlight
4807,4807,88,25,63,44,158,2025-09-16 02:05:23,In Stock,LOT-25216,Keep away from sunlight
4808,4808,422,217,205,94,87,2025-07-10 02:05:23,In Stock,LOT-02523,Cool and dry place
4809,4809,105,25,80,62,79,2025-10-26 02:05:23,In Stock,LOT-94120,Humidity controlled
4810,4810,132,72,60,21,161,2025-06-01 02:05:23,In Stock,LOT-94477,Refrigerated
4811,4811,480,102,378,22,149,2025-05-07 02:05:23,In Stock,LOT-26903,Room temperature
4812,4812,460,418,42,46,79,2025-07-24 02:05:23,backordered,LOT-26551,Keep away from sunlight
4813,4813,91,59,32,70,149,2025-02-07 02:05:23,backordered,LOT-32761,Room temperature
4814,4814,244,243,1,63,58,2025-03-30 02:05:23,backordered,LOT-79480,Refrigerated
4815,4815,404,128,276,87,124,2025-08-01 02:05:23,In Stock,LOT-24559,Humidity controlled
4816,4816,499,23,476,45,159,2025-09-27 02:05:23,In Stock,LOT-85160,Keep away from sunlight
4817,4817,167,87,80,22,180,2025-01-24 02:05:23,In Stock,LOT-21191,Keep away from sunlight
4818,4818,10,1,9,73,194,2025-07-28 02:05:23,backordered,LOT-58912,Refrigerated
4819,4819,153,46,107,15,93,2025-06-08 02:05:23,In Stock,LOT-68649,Humidity controlled
4820,4820,112,56,56,49,118,2025-06-18 02:05:23,In Stock,LOT-86478,Cool and dry place
4821,4821,393,254,139,31,106,2025-06-17 02:05:23,In Stock,LOT-68623,Room temperature
4822,4822,219,199,20,52,100,2025-02-18 02:05:23,backordered,LOT-76008,Keep away from sunlight
4823,4823,293,130,163,67,195,2025-10-27 02:05:23,In Stock,LOT-84474,Refrigerated
4824,4824,183,75,108,78,144,2025-07-09 02:05:23,In Stock,LOT-08378,Keep away from sunlight
4825,4825,431,389,42,27,157,2025-01-19 02:05:23,In Stock,LOT-19190,Humidity controlled
4826,4826,21,8,13,98,169,2025-08-05 02:05:23,backordered,LOT-74992,Refrigerated
4827,4827,264,222,42,100,118,2025-09-30 02:05:23,backordered,LOT-16400,Cool and dry place
4828,4828,490,1,489,86,136,2025-07-08 02:05:23,In Stock,LOT-69836,Humidity controlled
4829,4829,447,172,275,90,130,2025-02-28 02:05:23,In Stock,LOT-92353,Room temperature
4830,4830,89,11,78,60,121,2025-07-04 02:05:23,In Stock,LOT-48486,Room temperature
4831,4831,399,302,97,87,54,2025-10-16 02:05:23,In Stock,LOT-47082,Humidity controlled
4832,4832,399,112,287,71,186,2025-09-23 02:05:23,In Stock,LOT-13986,Room temperature
4833,4833,344,218,126,16,128,2025-02-24 02:05:23,In Stock,LOT-54622,Keep away from sunlight
4834,4834,377,48,329,47,106,2025-03-13 02:05:23,In Stock,LOT-02123,Humidity controlled
4835,4835,489,464,25,76,117,2025-06-13 02:05:23,backordered,LOT-72055,Refrigerated
4836,4836,234,13,221,60,146,2025-09-20 02:05:23,In Stock,LOT-03300,Humidity controlled
4837,4837,385,231,154,93,139,2025-04-03 02:05:23,In Stock,LOT-00886,Room temperature
4838,4838,458,212,246,69,83,2024-11-19 02:05:23,In Stock,LOT-34673,Keep away from sunlight
4839,4839,386,119,267,61,191,2025-09-28 02:05:23,In Stock,LOT-91900,Room temperature
4840,4840,337,152,185,98,72,2025-02-09 02:05:23,In Stock,LOT-88991,Room temperature
4841,4841,418,264,154,87,196,2025-10-15 02:05:23,In Stock,LOT-14160,Cool and dry place
4842,4842,76,57,19,70,92,2025-01-10 02:05:23,backordered,LOT-09169,Cool and dry place
4843,4843,5,4,1,49,135,2025-10-12 02:05:23,backordered,LOT-23273,Keep away from sunlight
4844,4844,332,287,45,59,55,2025-06-06 02:05:23,backordered,LOT-79897,Refrigerated
4845,4845,186,105,81,64,58,2025-05-13 02:05:23,In Stock,LOT-90608,Cool and dry place
4846,4846,116,90,26,41,163,2025-06-18 02:05:23,backordered,LOT-54818,Keep away from sunlight
4847,4847,303,260,43,41,104,2025-10-19 02:05:23,In Stock,LOT-67463,Keep away from sunlight
4848,4848,247,165,82,66,104,2025-10-21 02:05:23,In Stock,LOT-00099,Keep away from sunlight
4849,4849,241,179,62,25,190,2025-08-24 02:05:23,In Stock,LOT-84336,Refrigerated
4850,4850,376,93,283,63,155,2025-03-03 02:05:23,In Stock,LOT-11371,Humidity controlled
4851,4851,328,143,185,20,54,2025-02-12 02:05:23,In Stock,LOT-18151,Keep away from sunlight
4852,4852,260,259,1,65,134,2025-07-13 02:05:23,backordered,LOT-98545,Humidity controlled
4853,4853,389,168,221,96,61,2025-04-17 02:05:23,In Stock,LOT-82942,Keep away from sunlight
4854,4854,384,105,279,83,156,2025-07-20 02:05:23,In Stock,LOT-03401,Room temperature
4855,4855,348,86,262,99,181,2024-11-11 02:05:23,In Stock,LOT-53534,Humidity controlled
4856,4856,444,434,10,74,173,2025-04-11 02:05:23,backordered,LOT-66075,Cool and dry place
4857,4857,379,161,218,91,132,2025-10-21 02:05:23,In Stock,LOT-69994,Room temperature
4858,4858,292,70,222,27,80,2024-11-11 02:05:23,In Stock,LOT-49466,Keep away from sunlight
4859,4859,30,8,22,92,193,2025-03-30 02:05:23,backordered,LOT-72010,Cool and dry place
4860,4860,279,205,74,97,163,2025-10-17 02:05:23,backordered,LOT-82402,Keep away from sunlight
4861,4861,200,52,148,33,65,2025-09-27 02:05:23,In Stock,LOT-81822,Keep away from sunlight
4862,4862,390,83,307,83,53,2025-03-04 02:05:23,In Stock,LOT-38794,Refrigerated
4863,4863,483,414,69,84,198,2025-08-03 02:05:23,backordered,LOT-02620,Humidity controlled
4864,4864,429,315,114,20,195,2025-01-31 02:05:23,In Stock,LOT-85817,Refrigerated
4865,4865,251,30,221,81,89,2025-04-01 02:05:23,In Stock,LOT-45273,Room temperature
4866,4866,494,452,42,36,109,2025-03-09 02:05:23,In Stock,LOT-53642,Cool and dry place
4867,4867,234,188,46,10,186,2025-03-30 02:05:23,In Stock,LOT-35700,Room temperature
4868,4868,312,134,178,31,153,2025-01-05 02:05:23,In Stock,LOT-41291,Room temperature
4869,4869,80,3,77,36,187,2024-11-15 02:05:23,In Stock,LOT-82851,Refrigerated
4870,4870,497,452,45,21,110,2025-05-18 02:05:23,In Stock,LOT-81612,Room temperature
4871,4871,351,327,24,86,54,2025-09-05 02:05:23,backordered,LOT-55904,Room temperature
4872,4872,183,144,39,88,157,2025-03-16 02:05:23,backordered,LOT-61007,Cool and dry place
4873,4873,194,153,41,32,66,2024-12-21 02:05:23,In Stock,LOT-92304,Room temperature
4874,4874,419,275,144,66,98,2025-10-31 02:05:23,In Stock,LOT-66001,Room temperature
4875,4875,132,41,91,44,109,2025-01-18 02:05:23,In Stock,LOT-28382,Humidity controlled
4876,4876,380,142,238,94,112,2025-10-05 02:05:23,In Stock,LOT-71012,Refrigerated
4877,4877,400,355,45,96,69,2025-03-08 02:05:23,backordered,LOT-32961,Humidity controlled
4878,4878,57,26,31,70,178,2025-10-30 02:05:23,backordered,LOT-51204,Keep away from sunlight
4879,4879,324,192,132,92,119,2024-11-27 02:05:23,In Stock,LOT-85076,Refrigerated
4880,4880,347,58,289,53,185,2025-01-09 02:05:23,In Stock,LOT-65344,Cool and dry place
4881,4881,52,24,28,93,114,2025-01-08 02:05:23,backordered,LOT-60422,Refrigerated
4882,4882,461,435,26,93,180,2025-09-15 02:05:23,backordered,LOT-76346,Room temperature
4883,4883,0,0,0,67,61,2025-09-04 02:05:23,Out of Stock,LOT-01915,Keep away from sunlight
4884,4884,27,19,8,29,155,2024-12-14 02:05:23,backordered,LOT-30573,Room temperature
4885,4885,21,14,7,16,102,2025-10-17 02:05:23,backordered,LOT-47243,Humidity controlled
4886,4886,322,276,46,14,182,2024-12-09 02:05:23,In Stock,LOT-58617,Cool and dry place
4887,4887,232,40,192,61,88,2025-02-04 02:05:23,In Stock,LOT-68225,Refrigerated
4888,4888,307,212,95,80,94,2024-12-03 02:05:23,In Stock,LOT-12726,Room temperature
4889,4889,426,153,273,77,133,2025-10-17 02:05:23,In Stock,LOT-70866,Cool and dry place
4890,4890,234,37,197,76,179,2024-11-29 02:05:23,In Stock,LOT-65622,Humidity controlled
4891,4891,494,173,321,82,97,2024-12-08 02:05:23,In Stock,LOT-41976,Keep away from sunlight
4892,4892,323,141,182,21,69,2025-04-01 02:05:23,In Stock,LOT-87849,Humidity controlled
4893,4893,1,1,0,85,78,2024-12-29 02:05:23,backordered,LOT-47712,Keep away from sunlight
4894,4894,439,56,383,31,170,2025-04-08 02:05:23,In Stock,LOT-90350,Keep away from sunlight
4895,4895,67,1,66,81,58,2025-02-03 02:05:23,backordered,LOT-06184,Refrigerated
4896,4896,430,8,422,40,80,2025-03-13 02:05:23,In Stock,LOT-89742,Cool and dry place
4897,4897,325,89,236,63,99,2024-11-22 02:05:23,In Stock,LOT-23543,Room temperature
4898,4898,143,68,75,37,133,2025-01-01 02:05:23,In Stock,LOT-40466,Keep away from sunlight
4899,4899,322,94,228,92,114,2025-05-14 02:05:23,In Stock,LOT-82121,Humidity controlled
4900,4900,348,248,100,10,70,2025-08-02 02:05:23,In Stock,LOT-56495,Cool and dry place
4901,4901,376,151,225,94,86,2025-06-02 02:05:23,In Stock,LOT-25492,Refrigerated
4902,4902,336,191,145,37,154,2024-12-31 02:05:23,In Stock,LOT-06441,Cool and dry place
4903,4903,299,46,253,29,107,2025-03-12 02:05:23,In Stock,LOT-11973,Room temperature
4904,4904,127,2,125,33,191,2025-06-18 02:05:23,In Stock,LOT-88182,Humidity controlled
4905,4905,231,103,128,100,65,2025-06-27 02:05:23,In Stock,LOT-73063,Humidity controlled
4906,4906,192,166,26,67,50,2025-08-26 02:05:23,backordered,LOT-43594,Room temperature
4907,4907,124,48,76,50,84,2024-11-13 02:05:23,In Stock,LOT-88218,Room temperature
4908,4908,21,11,10,55,106,2024-11-09 02:05:23,backordered,LOT-84968,Keep away from sunlight
4909,4909,130,128,2,20,186,2025-03-21 02:05:23,backordered,LOT-06640,Room temperature
4910,4910,398,142,256,96,54,2025-06-30 02:05:23,In Stock,LOT-51102,Keep away from sunlight
4911,4911,423,359,64,44,180,2025-01-26 02:05:23,In Stock,LOT-12543,Refrigerated
4912,4912,60,22,38,82,165,2025-02-19 02:05:23,backordered,LOT-41230,Refrigerated
4913,4913,265,189,76,45,152,2025-04-05 02:05:23,In Stock,LOT-16049,Refrigerated
4914,4914,101,16,85,39,159,2025-10-13 02:05:23,In Stock,LOT-86037,Keep away from sunlight
4915,4915,206,206,0,69,185,2025-04-07 02:05:23,backordered,LOT-21860,Room temperature
4916,4916,299,37,262,26,145,2025-01-08 02:05:23,In Stock,LOT-03203,Room temperature
4917,4917,290,248,42,95,94,2025-08-24 02:05:23,backordered,LOT-19789,Cool and dry place
4918,4918,487,131,356,33,184,2025-04-17 02:05:23,In Stock,LOT-99011,Refrigerated
4919,4919,84,52,32,82,82,2025-10-27 02:05:23,backordered,LOT-40034,Keep away from sunlight
4920,4920,213,101,112,19,166,2025-01-14 02:05:23,In Stock,LOT-71317,Humidity controlled
4921,4921,208,45,163,34,138,2025-04-22 02:05:23,In Stock,LOT-19786,Humidity controlled
4922,4922,302,79,223,85,190,2025-06-28 02:05:23,In Stock,LOT-01625,Refrigerated
4923,4923,164,141,23,71,152,2025-01-21 02:05:23,backordered,LOT-90841,Humidity controlled
4924,4924,237,181,56,73,165,2024-12-24 02:05:23,backordered,LOT-94785,Refrigerated
4925,4925,190,111,79,11,127,2025-08-31 02:05:23,In Stock,LOT-50113,Refrigerated
4926,4926,130,44,86,16,183,2025-06-26 02:05:23,In Stock,LOT-75358,Humidity controlled
4927,4927,416,126,290,22,133,2025-07-22 02:05:23,In Stock,LOT-21072,Humidity controlled
4928,4928,270,97,173,86,71,2025-08-14 02:05:23,In Stock,LOT-88780,Refrigerated
4929,4929,206,2,204,13,51,2025-09-28 02:05:23,In Stock,LOT-72790,Room temperature
4930,4930,152,12,140,93,169,2025-04-11 02:05:23,In Stock,LOT-37161,Refrigerated
4931,4931,430,315,115,18,128,2024-12-03 02:05:23,In Stock,LOT-60881,Refrigerated
4932,4932,436,17,419,46,194,2025-09-26 02:05:23,In Stock,LOT-97223,Refrigerated
4933,4933,153,30,123,12,102,2025-02-10 02:05:23,In Stock,LOT-99647,Humidity controlled
4934,4934,253,82,171,29,189,2025-03-06 02:05:23,In Stock,LOT-71837,Refrigerated
4935,4935,16,13,3,92,133,2024-11-23 02:05:23,backordered,LOT-53076,Keep away from sunlight
4936,4936,152,40,112,95,84,2025-06-03 02:05:23,In Stock,LOT-81024,Cool and dry place
4937,4937,168,158,10,100,88,2025-10-04 02:05:23,backordered,LOT-80855,Humidity controlled
4938,4938,93,29,64,53,109,2025-10-17 02:05:23,In Stock,LOT-78002,Humidity controlled
4939,4939,477,248,229,64,159,2024-12-25 02:05:23,In Stock,LOT-44323,Cool and dry place
4940,4940,318,133,185,81,152,2025-08-29 02:05:23,In Stock,LOT-62216,Humidity controlled
4941,4941,481,423,58,79,58,2024-12-04 02:05:23,backordered,LOT-90696,Room temperature
4942,4942,205,136,69,26,51,2025-09-19 02:05:23,In Stock,LOT-85746,Keep away from sunlight
4943,4943,337,186,151,41,50,2025-03-17 02:05:23,In Stock,LOT-70675,Humidity controlled
4944,4944,209,104,105,22,184,2025-03-26 02:05:23,In Stock,LOT-16913,Humidity controlled
4945,4945,170,122,48,29,124,2025-10-29 02:05:23,In Stock,LOT-95215,Room temperature
4946,4946,126,101,25,49,175,2025-06-23 02:05:23,backordered,LOT-01642,Cool and dry place
4947,4947,363,83,280,50,107,2025-09-25 02:05:23,In Stock,LOT-61070,Refrigerated
4948,4948,246,169,77,89,130,2025-04-08 02:05:23,backordered,LOT-33508,Cool and dry place
4949,4949,6,0,6,73,175,2025-02-21 02:05:23,backordered,LOT-42431,Refrigerated
4950,4950,328,86,242,19,177,2025-05-06 02:05:23,In Stock,LOT-98392,Cool and dry place
4951,4951,115,53,62,21,197,2024-11-27 02:05:23,In Stock,LOT-48481,Refrigerated
4952,4952,494,23,471,28,135,2024-12-18 02:05:23,In Stock,LOT-30041,Humidity controlled
4953,4953,305,36,269,85,100,2025-02-10 02:05:23,In Stock,LOT-69105,Keep away from sunlight
4954,4954,99,26,73,68,60,2025-07-27 02:05:23,In Stock,LOT-30215,Room temperature
4955,4955,374,94,280,47,129,2025-06-14 02:05:23,In Stock,LOT-16758,Keep away from sunlight
4956,4956,146,140,6,87,50,2025-06-16 02:05:23,backordered,LOT-64633,Keep away from sunlight
4957,4957,220,6,214,66,186,2025-04-03 02:05:23,In Stock,LOT-95348,Refrigerated
4958,4958,396,115,281,50,66,2025-10-30 02:05:23,In Stock,LOT-11050,Keep away from sunlight
4959,4959,211,82,129,19,68,2025-03-05 02:05:23,In Stock,LOT-14764,Cool and dry place
4960,4960,500,470,30,98,192,2025-05-03 02:05:23,backordered,LOT-27896,Cool and dry place
4961,4961,247,177,70,40,92,2025-01-30 02:05:23,In Stock,LOT-15738,Humidity controlled
4962,4962,177,20,157,44,140,2025-04-19 02:05:23,In Stock,LOT-55128,Refrigerated
4963,4963,497,130,367,14,68,2025-01-20 02:05:23,In Stock,LOT-17751,Room temperature
4964,4964,260,0,260,54,138,2025-01-27 02:05:23,In Stock,LOT-23959,Cool and dry place
4965,4965,373,48,325,51,165,2025-06-21 02:05:23,In Stock,LOT-78155,Room temperature
4966,4966,367,317,50,60,143,2025-06-27 02:05:23,backordered,LOT-42609,Humidity controlled
4967,4967,341,59,282,60,62,2024-12-05 02:05:23,In Stock,LOT-72360,Keep away from sunlight
4968,4968,420,242,178,10,62,2025-06-09 02:05:23,In Stock,LOT-24465,Cool and dry place
4969,4969,300,125,175,11,129,2025-05-22 02:05:23,In Stock,LOT-46772,Room temperature
4970,4970,60,34,26,45,54,2025-06-27 02:05:23,backordered,LOT-05171,Humidity controlled
4971,4971,472,403,69,79,88,2025-08-02 02:05:23,backordered,LOT-07308,Cool and dry place
4972,4972,411,276,135,13,103,2025-01-04 02:05:23,In Stock,LOT-71564,Keep away from sunlight
4973,4973,201,196,5,30,60,2025-07-02 02:05:23,backordered,LOT-78370,Humidity controlled
4974,4974,190,139,51,80,152,2024-11-16 02:05:23,backordered,LOT-31754,Room temperature
4975,4975,321,10,311,94,163,2025-02-01 02:05:23,In Stock,LOT-38027,Humidity controlled
4976,4976,6,1,5,60,132,2025-08-13 02:05:23,backordered,LOT-41485,Humidity controlled
4977,4977,357,173,184,21,147,2025-06-10 02:05:23,In Stock,LOT-72602,Keep away from sunlight
4978,4978,363,307,56,36,102,2025-07-03 02:05:23,In Stock,LOT-92546,Room temperature
4979,4979,369,213,156,26,101,2025-10-04 02:05:23,In Stock,LOT-86272,Refrigerated
4980,4980,309,239,70,48,117,2025-10-22 02:05:23,In Stock,LOT-88407,Humidity controlled
4981,4981,464,259,205,16,160,2025-02-25 02:05:23,In Stock,LOT-66420,Cool and dry place
4982,4982,258,247,11,15,93,2025-10-11 02:05:23,backordered,LOT-76327,Cool and dry place
4983,4983,306,47,259,79,122,2025-07-11 02:05:23,In Stock,LOT-13538,Cool and dry place
4984,4984,47,12,35,97,87,2025-04-16 02:05:23,backordered,LOT-67625,Keep away from sunlight
4985,4985,51,6,45,52,187,2025-06-13 02:05:23,backordered,LOT-92386,Humidity controlled
4986,4986,173,143,30,16,137,2025-08-10 02:05:23,In Stock,LOT-87906,Keep away from sunlight
4987,4987,123,23,100,94,80,2025-09-05 02:05:23,In Stock,LOT-04886,Humidity controlled
4988,4988,335,206,129,14,125,2025-03-14 02:05:23,In Stock,LOT-93205,Refrigerated
4989,4989,75,2,73,50,107,2024-12-29 02:05:23,In Stock,LOT-53405,Keep away from sunlight
4990,4990,347,3,344,70,172,2025-06-15 02:05:23,In Stock,LOT-08927,Room temperature
4991,4991,364,142,222,47,172,2024-11-09 02:05:23,In Stock,LOT-39615,Cool and dry place
4992,4992,442,272,170,96,85,2024-12-09 02:05:23,In Stock,LOT-97640,Refrigerated
4993,4993,40,28,12,18,124,2025-04-16 02:05:23,backordered,LOT-53567,Cool and dry place
4994,4994,421,316,105,83,136,2025-06-30 02:05:23,In Stock,LOT-07897,Humidity controlled
4995,4995,139,107,32,72,149,2025-04-07 02:05:23,backordered,LOT-75542,Refrigerated
4996,4996,446,208,238,33,113,2025-05-18 02:05:23,In Stock,LOT-61903,Humidity controlled
4997,4997,192,0,192,56,109,2025-10-26 02:05:23,In Stock,LOT-84227,Refrigerated
4998,4998,383,196,187,19,186,2025-05-31 02:05:23,In Stock,LOT-36273,Cool and dry place
4999,4999,66,47,19,72,192,2025-03-17 02:05:23,backordered,LOT-20222,Cool and dry place
5000,5000,110,49,61,76,152,2025-10-08 02:05:23,backordered,LOT-71117,Room temperature
5001,5001,475,416,59,16,150,2025-07-03 02:05:23,In Stock,LOT-57691,Cool and dry place
5002,5002,202,101,101,40,161,2025-10-28 02:05:23,In Stock,LOT-71620,Room temperature
5003,5003,22,4,18,77,72,2024-12-05 02:05:23,backordered,LOT-42985,Keep away from sunlight
5004,5004,136,2,134,89,189,2025-01-05 02:05:23,In Stock,LOT-14486,Cool and dry place
5005,5005,5,1,4,85,61,2025-01-02 02:05:23,backordered,LOT-98305,Cool and dry place
5006,5006,84,7,77,40,57,2025-08-20 02:05:23,In Stock,LOT-21690,Room temperature
5007,5007,69,2,67,87,117,2025-05-12 02:05:23,backordered,LOT-39220,Refrigerated
5008,5008,352,102,250,68,144,2025-01-14 02:05:23,In Stock,LOT-26980,Keep away from sunlight
5009,5009,356,305,51,56,109,2025-09-05 02:05:23,backordered,LOT-14264,Humidity controlled
5010,5010,332,95,237,60,60,2025-10-07 02:05:23,In Stock,LOT-71068,Humidity controlled
5011,5011,366,273,93,65,61,2025-08-25 02:05:23,In Stock,LOT-01770,Keep away from sunlight
5012,5012,178,126,52,47,132,2025-06-23 02:05:23,In Stock,LOT-31637,Room temperature
5013,5013,322,302,20,27,61,2025-05-22 02:05:23,backordered,LOT-05004,Room temperature
5014,5014,382,285,97,87,122,2024-11-11 02:05:23,In Stock,LOT-93326,Room temperature
5015,5015,473,168,305,38,181,2025-09-16 02:05:23,In Stock,LOT-72446,Cool and dry place
5016,5016,285,8,277,90,193,2025-09-01 02:05:23,In Stock,LOT-93172,Humidity controlled
5017,5017,304,199,105,54,139,2025-02-03 02:05:23,In Stock,LOT-94763,Refrigerated
5018,5018,145,72,73,52,151,2025-04-08 02:05:23,In Stock,LOT-80839,Refrigerated
5019,5019,443,85,358,86,144,2025-08-17 02:05:23,In Stock,LOT-06540,Cool and dry place
5020,5020,252,157,95,73,63,2025-05-24 02:05:23,In Stock,LOT-25998,Keep away from sunlight
5021,5021,194,3,191,40,154,2025-09-10 02:05:23,In Stock,LOT-51939,Keep away from sunlight
5022,5022,430,71,359,49,188,2025-03-30 02:05:23,In Stock,LOT-32727,Cool and dry place
5023,5023,229,2,227,47,164,2024-12-09 02:05:23,In Stock,LOT-28129,Refrigerated
5024,5024,387,215,172,61,54,2025-08-26 02:05:23,In Stock,LOT-16350,Refrigerated
5025,5025,180,16,164,56,179,2025-04-29 02:05:23,In Stock,LOT-49602,Cool and dry place
5026,5026,36,23,13,35,51,2025-09-28 02:05:23,backordered,LOT-66765,Keep away from sunlight
5027,5027,117,86,31,91,73,2025-03-30 02:05:23,backordered,LOT-27284,Keep away from sunlight
5028,5028,414,48,366,50,158,2025-10-05 02:05:23,In Stock,LOT-53974,Room temperature
5029,5029,269,225,44,83,65,2025-04-24 02:05:23,backordered,LOT-99507,Refrigerated
5030,5030,91,32,59,48,69,2025-07-17 02:05:23,In Stock,LOT-08864,Refrigerated
5031,5031,302,167,135,49,163,2025-01-15 02:05:23,In Stock,LOT-06756,Room temperature
5032,5032,28,22,6,58,117,2025-04-28 02:05:23,backordered,LOT-02080,Refrigerated
5033,5033,49,43,6,50,169,2025-01-07 02:05:23,backordered,LOT-19290,Cool and dry place
5034,5034,163,117,46,25,196,2025-09-22 02:05:23,In Stock,LOT-22154,Humidity controlled
5035,5035,326,294,32,78,151,2025-03-24 02:05:23,backordered,LOT-39044,Room temperature
5036,5036,433,367,66,61,198,2025-07-15 02:05:23,In Stock,LOT-89093,Keep away from sunlight
5037,5037,169,99,70,25,191,2025-07-04 02:05:23,In Stock,LOT-22533,Refrigerated
5038,5038,451,165,286,87,176,2025-06-19 02:05:23,In Stock,LOT-32023,Humidity controlled
5039,5039,235,101,134,80,51,2025-04-24 02:05:23,In Stock,LOT-51025,Keep away from sunlight
5040,5040,25,24,1,33,112,2024-11-11 02:05:23,backordered,LOT-55019,Keep away from sunlight
5041,5041,433,242,191,21,188,2025-06-19 02:05:23,In Stock,LOT-35450,Refrigerated
5042,5042,438,3,435,92,75,2025-01-17 02:05:23,In Stock,LOT-36988,Refrigerated
5043,5043,83,3,80,87,142,2025-03-25 02:05:23,backordered,LOT-84393,Keep away from sunlight
5044,5044,123,27,96,34,86,2024-11-13 02:05:23,In Stock,LOT-33243,Humidity controlled
5045,5045,357,245,112,37,84,2025-07-17 02:05:23,In Stock,LOT-62962,Humidity controlled
5046,5046,440,207,233,47,116,2025-10-12 02:05:23,In Stock,LOT-08059,Refrigerated
5047,5047,444,287,157,27,132,2025-07-02 02:05:23,In Stock,LOT-83124,Refrigerated
5048,5048,417,202,215,68,146,2024-12-20 02:05:23,In Stock,LOT-41290,Humidity controlled
5049,5049,334,95,239,43,92,2025-03-22 02:05:23,In Stock,LOT-75965,Keep away from sunlight
5050,5050,470,121,349,89,90,2025-07-10 02:05:23,In Stock,LOT-99920,Humidity controlled
5051,5051,444,173,271,93,86,2025-10-09 02:05:23,In Stock,LOT-12376,Refrigerated
5052,5052,122,87,35,33,55,2025-01-11 02:05:23,In Stock,LOT-31774,Cool and dry place
5053,5053,128,0,128,18,158,2024-12-21 02:05:23,In Stock,LOT-95421,Refrigerated
5054,5054,116,97,19,32,182,2025-06-12 02:05:23,backordered,LOT-06294,Room temperature
5055,5055,70,27,43,48,176,2024-11-29 02:05:23,backordered,LOT-19375,Cool and dry place
5056,5056,309,302,7,77,88,2024-12-25 02:05:23,backordered,LOT-91922,Cool and dry place
5057,5057,409,344,65,71,134,2025-05-21 02:05:23,backordered,LOT-67131,Cool and dry place
5058,5058,168,68,100,98,137,2025-08-29 02:05:23,In Stock,LOT-75362,Keep away from sunlight
5059,5059,29,29,0,66,132,2025-03-23 02:05:23,backordered,LOT-64752,Humidity controlled
5060,5060,353,311,42,89,67,2025-07-21 02:05:23,backordered,LOT-86461,Humidity controlled
5061,5061,491,113,378,25,57,2025-10-31 02:05:23,In Stock,LOT-20961,Keep away from sunlight
5062,5062,403,145,258,41,104,2024-11-22 02:05:23,In Stock,LOT-73009,Refrigerated
5063,5063,94,55,39,90,88,2025-08-28 02:05:23,backordered,LOT-92845,Keep away from sunlight
5064,5064,230,119,111,69,105,2025-07-20 02:05:23,In Stock,LOT-24032,Cool and dry place
5065,5065,212,185,27,74,58,2025-04-12 02:05:23,backordered,LOT-11535,Keep away from sunlight
5066,5066,475,152,323,71,57,2025-03-20 02:05:23,In Stock,LOT-50514,Cool and dry place
5067,5067,106,71,35,56,63,2025-07-03 02:05:23,backordered,LOT-32191,Keep away from sunlight
5068,5068,408,17,391,52,130,2025-08-07 02:05:23,In Stock,LOT-43087,Humidity controlled
5069,5069,257,155,102,27,123,2025-09-19 02:05:23,In Stock,LOT-79724,Cool and dry place
5070,5070,327,242,85,100,126,2025-10-05 02:05:23,backordered,LOT-79254,Refrigerated
5071,5071,459,253,206,44,54,2024-11-21 02:05:23,In Stock,LOT-22188,Keep away from sunlight
5072,5072,242,200,42,56,179,2025-08-08 02:05:23,backordered,LOT-34581,Keep away from sunlight
5073,5073,232,107,125,27,145,2025-01-14 02:05:23,In Stock,LOT-92048,Cool and dry place
5074,5074,431,220,211,30,53,2025-10-12 02:05:23,In Stock,LOT-77067,Refrigerated
5075,5075,361,207,154,34,180,2024-11-27 02:05:23,In Stock,LOT-69333,Room temperature
5076,5076,324,206,118,43,155,2025-09-26 02:05:23,In Stock,LOT-29986,Room temperature
5077,5077,293,229,64,44,130,2025-01-01 02:05:23,In Stock,LOT-51590,Keep away from sunlight
5078,5078,330,300,30,36,76,2025-02-07 02:05:23,backordered,LOT-25784,Refrigerated
5079,5079,300,292,8,96,174,2025-01-11 02:05:23,backordered,LOT-64085,Humidity controlled
5080,5080,362,142,220,86,69,2025-06-23 02:05:23,In Stock,LOT-85883,Humidity controlled
5081,5081,467,361,106,74,159,2025-10-15 02:05:23,In Stock,LOT-82567,Humidity controlled
5082,5082,378,317,61,50,130,2025-10-25 02:05:23,In Stock,LOT-26208,Room temperature
5083,5083,305,106,199,28,156,2025-03-23 02:05:23,In Stock,LOT-46729,Room temperature
5084,5084,110,16,94,26,106,2025-01-03 02:05:23,In Stock,LOT-25435,Room temperature
