invoice_ID,order_ID,customer_ID,invoice_date,due_date,total_amount,tax_amount,discount_amount,status,created_at,updated_at,note
1,136,134,2025-09-22 02:56:25,2025-10-10 02:56:25,737.6,51.63,16.46,Overdue,2025-09-22 02:56:25,2025-10-15 02:56:25,
2,916,136,2025-10-27 02:56:25,2025-11-29 02:56:25,4508.26,315.58,98.57,Overdue,2025-10-27 02:56:25,2025-11-13 02:56:25,Agent every development say quality throughout beautiful instead.
3,655,195,2025-10-18 02:56:25,2025-11-16 02:56:25,6098.02,426.86,0.0,Paid,2025-10-18 02:56:25,,Behavior discussion own night respond red.
4,574,98,2025-10-11 02:56:25,2025-11-03 02:56:25,1977.06,138.39,0.0,Unpaid,2025-10-11 02:56:25,2025-10-23 02:56:25,Determine operation speak according south recently future choice whatever from behavior.
5,468,123,2025-09-24 02:56:25,2025-10-17 02:56:25,8167.72,571.74,0.0,Overdue,2025-09-24 02:56:25,2025-10-23 02:56:25,Grow gas enough analysis least by.
6,304,23,2025-09-09 02:56:25,2025-10-14 02:56:25,6375.94,446.32,0.0,Overdue,2025-09-09 02:56:25,2025-09-11 02:56:25,Bad fall pick those gun court attorney product.
7,126,78,2025-09-13 02:56:25,2025-10-07 02:56:25,9859.6,690.17,0.0,Paid,2025-09-13 02:56:25,2025-09-27 02:56:25,
8,585,4,2025-10-09 02:56:25,2025-10-29 02:56:25,4016.72,281.17,107.24,Overdue,2025-10-09 02:56:25,2025-10-28 02:56:25,
9,943,80,2025-09-28 02:56:25,2025-11-05 02:56:25,2825.7,197.8,76.28,Overdue,2025-09-28 02:56:25,2025-10-05 02:56:25,
10,848,73,2025-09-09 02:56:25,2025-10-18 02:56:25,7872.0,551.04,25.27,Unpaid,2025-09-09 02:56:25,2025-09-11 02:56:25,World talk term herself law street class great prove.
11,410,173,2025-10-19 02:56:25,2025-11-23 02:56:25,5242.7,366.99,0.0,Overdue,2025-10-19 02:56:25,2025-10-27 02:56:25,Participant commercial rock clear here writer.
12,688,59,2025-09-15 02:56:25,2025-10-18 02:56:25,4570.12,319.91,0.0,Unpaid,2025-09-15 02:56:25,2025-09-19 02:56:25,
13,650,7,2025-10-27 02:56:25,2025-12-05 02:56:25,947.61,66.33,59.46,Overdue,2025-10-27 02:56:25,2025-10-29 02:56:25,Detail food shoulder argue start source husband at tree note responsibility defense material those poor.
14,652,149,2025-09-29 02:56:25,2025-10-22 02:56:25,9725.24,680.77,0.0,Paid,2025-09-29 02:56:25,2025-10-02 02:56:25,
15,776,17,2025-09-28 02:56:25,2025-11-06 02:56:25,3034.84,212.44,0.0,Paid,2025-09-28 02:56:25,2025-10-03 02:56:25,Enter east no enjoy once today human.
16,532,115,2025-09-30 02:56:25,2025-11-08 02:56:25,2197.19,153.8,0.0,Overdue,2025-09-30 02:56:25,2025-10-20 02:56:25,
17,478,86,2025-10-20 02:56:25,2025-11-08 02:56:25,4052.18,283.65,386.38,Overdue,2025-10-20 02:56:25,,
18,350,76,2025-10-01 02:56:25,2025-10-16 02:56:25,1562.74,109.39,153.98,Unpaid,2025-10-01 02:56:25,2025-10-08 02:56:25,
19,685,42,2025-09-02 02:56:25,2025-09-19 02:56:25,1313.71,91.96,9.09,Overdue,2025-09-02 02:56:25,,Young catch management sense technology check civil quite others his.
20,596,120,2025-09-02 02:56:25,2025-10-04 02:56:25,2068.71,144.81,0.0,Overdue,2025-09-02 02:56:25,2025-09-08 02:56:25,
21,214,96,2025-09-14 02:56:25,2025-10-22 02:56:25,7053.74,493.76,0.0,Unpaid,2025-09-14 02:56:25,,
22,10,183,2025-10-04 02:56:25,2025-11-16 02:56:25,5416.97,379.19,121.72,Unpaid,2025-10-04 02:56:25,2025-10-21 02:56:25,You more wife team activity result race Mr environment political.
23,382,28,2025-11-01 02:56:25,2025-11-18 02:56:25,7224.49,505.71,48.69,Paid,2025-11-01 02:56:25,,Fall citizen about reveal rest.
24,639,8,2025-10-15 02:56:25,2025-11-20 02:56:25,5111.44,357.8,0.0,Overdue,2025-10-15 02:56:25,,
25,352,32,2025-10-02 02:56:25,2025-10-24 02:56:25,7953.88,556.77,0.0,Paid,2025-10-02 02:56:25,2025-10-23 02:56:25,Seven medical blood personal success medical current hear claim well two truth out.
26,842,129,2025-10-06 02:56:25,2025-11-04 02:56:25,8706.45,609.45,568.93,Overdue,2025-10-06 02:56:25,2025-10-18 02:56:25,
27,171,145,2025-09-11 02:56:25,2025-10-23 02:56:25,1538.06,107.66,82.48,Paid,2025-09-11 02:56:25,2025-09-19 02:56:25,Affect upon these story film around there.
28,783,104,2025-10-04 02:56:25,2025-11-13 02:56:25,8682.82,607.8,0.0,Paid,2025-10-04 02:56:25,2025-10-21 02:56:25,
29,542,29,2025-10-27 02:56:25,2025-12-10 02:56:25,7658.87,536.12,311.27,Unpaid,2025-10-27 02:56:25,2025-11-08 02:56:25,
30,723,187,2025-10-22 02:56:25,2025-11-18 02:56:25,520.48,36.43,48.22,Unpaid,2025-10-22 02:56:25,2025-11-13 02:56:25,
31,252,106,2025-09-12 02:56:25,2025-10-14 02:56:25,6787.78,475.14,128.9,Paid,2025-09-12 02:56:25,,
32,210,189,2025-09-28 02:56:25,2025-10-14 02:56:25,7605.77,532.4,444.31,Overdue,2025-09-28 02:56:25,,
33,399,124,2025-10-29 02:56:25,2025-12-13 02:56:25,5324.37,372.71,0.0,Paid,2025-10-29 02:56:25,2025-11-19 02:56:25,
34,742,72,2025-10-07 02:56:25,2025-10-25 02:56:25,9445.16,661.16,0.0,Overdue,2025-10-07 02:56:25,2025-10-26 02:56:25,Beat magazine attorney set she campaign little.
35,455,74,2025-09-03 02:56:25,2025-09-26 02:56:25,2440.46,170.83,0.0,Paid,2025-09-03 02:56:25,2025-09-07 02:56:25,
36,123,104,2025-10-13 02:56:25,2025-11-11 02:56:25,3503.68,245.26,0.0,Paid,2025-10-13 02:56:25,2025-11-01 02:56:25,
37,297,149,2025-10-26 02:56:25,2025-11-12 02:56:25,5607.53,392.53,0.0,Paid,2025-10-26 02:56:25,,
38,608,102,2025-09-06 02:56:25,2025-09-28 02:56:25,4010.51,280.74,334.37,Overdue,2025-09-06 02:56:25,2025-10-01 02:56:25,
39,283,100,2025-11-01 02:56:25,2025-12-07 02:56:25,8262.49,578.37,548.12,Paid,2025-11-01 02:56:25,2025-11-29 02:56:25,Close month parent who up sense ready require human.
40,711,183,2025-10-15 02:56:25,2025-11-08 02:56:25,6245.88,437.21,0.0,Paid,2025-10-15 02:56:25,2025-11-11 02:56:25,Just military building different full open discover detail audience piece director town.
41,324,128,2025-10-16 02:56:25,2025-11-28 02:56:25,9127.51,638.93,578.94,Unpaid,2025-10-16 02:56:25,2025-10-26 02:56:25,
42,489,5,2025-09-22 02:56:25,2025-10-15 02:56:25,2035.03,142.45,143.61,Overdue,2025-09-22 02:56:25,2025-09-24 02:56:25,
43,254,139,2025-09-18 02:56:25,2025-10-31 02:56:25,1916.02,134.12,70.74,Overdue,2025-09-18 02:56:25,2025-09-22 02:56:25,Audience draw protect Democrat car very number line six space.
44,669,14,2025-09-05 02:56:25,2025-10-19 02:56:25,8063.16,564.42,0.0,Unpaid,2025-09-05 02:56:25,2025-09-12 02:56:25,
45,443,80,2025-10-10 02:56:25,2025-11-18 02:56:25,5818.89,407.32,0.0,Overdue,2025-10-10 02:56:25,,
46,428,138,2025-10-17 02:56:25,2025-11-28 02:56:25,2043.77,143.06,0.0,Paid,2025-10-17 02:56:25,,Behind probably great in tell approach president position.
47,249,131,2025-09-12 02:56:25,2025-10-26 02:56:25,4411.28,308.79,0.0,Overdue,2025-09-12 02:56:25,,I fund technology eat.
48,696,30,2025-10-08 02:56:25,2025-11-19 02:56:25,867.88,60.75,17.32,Unpaid,2025-10-08 02:56:25,2025-11-03 02:56:25,
49,155,11,2025-10-18 02:56:25,2025-11-09 02:56:25,724.81,50.74,23.79,Paid,2025-10-18 02:56:25,,Movie cell contain leg themselves away space task better.
50,578,196,2025-09-19 02:56:25,2025-10-30 02:56:25,5594.05,391.58,0.0,Paid,2025-09-19 02:56:25,,Structure why unit support coach magazine degree husband around her world.
51,591,70,2025-10-30 02:56:25,2025-11-17 02:56:25,6167.43,431.72,485.02,Unpaid,2025-10-30 02:56:25,2025-11-15 02:56:25,Unit size expect recent room situation product.
52,105,65,2025-10-16 02:56:25,2025-11-01 02:56:25,7233.46,506.34,669.51,Overdue,2025-10-16 02:56:25,2025-11-15 02:56:25,
53,471,75,2025-09-20 02:56:25,2025-10-11 02:56:25,3960.1,277.21,263.04,Unpaid,2025-09-20 02:56:25,2025-10-11 02:56:25,
54,605,83,2025-09-16 02:56:25,2025-10-29 02:56:25,3353.06,234.71,136.94,Unpaid,2025-09-16 02:56:25,2025-10-03 02:56:25,Choice father why often my security arm once me system church whether bag.
55,897,51,2025-09-20 02:56:25,2025-11-04 02:56:25,4101.88,287.13,0.0,Paid,2025-09-20 02:56:25,2025-09-29 02:56:25,Attention attack technology identify.
56,830,18,2025-10-13 02:56:25,2025-11-06 02:56:25,2496.74,174.77,0.0,Overdue,2025-10-13 02:56:25,2025-10-27 02:56:25,East organization people information on mission various daughter respond draw.
57,936,37,2025-09-30 02:56:25,2025-10-30 02:56:25,8040.49,562.83,0.0,Overdue,2025-09-30 02:56:25,2025-10-02 02:56:25,Capital population lead upon very act perform none beyond Mrs media.
58,557,100,2025-10-27 02:56:25,2025-12-07 02:56:25,9544.0,668.08,296.26,Paid,2025-10-27 02:56:25,2025-10-28 02:56:25,Value thing these hard citizen street region particularly would.
59,537,196,2025-09-23 02:56:25,2025-11-04 02:56:25,7800.65,546.05,691.24,Overdue,2025-09-23 02:56:25,2025-10-15 02:56:25,Account stage federal professional voice care break blood network evening painting response data.
60,480,93,2025-10-17 02:56:25,2025-11-05 02:56:25,6732.55,471.28,505.59,Paid,2025-10-17 02:56:25,,Measure economy traditional anything plant stop analysis four capital woman claim.
61,903,58,2025-10-29 02:56:25,2025-11-30 02:56:25,2867.38,200.72,0.0,Unpaid,2025-10-29 02:56:25,2025-11-12 02:56:25,
62,670,147,2025-09-27 02:56:25,2025-10-31 02:56:25,3514.33,246.0,0.0,Unpaid,2025-09-27 02:56:25,2025-10-20 02:56:25,
63,622,71,2025-10-05 02:56:25,2025-11-15 02:56:25,9115.12,638.06,145.07,Unpaid,2025-10-05 02:56:25,2025-10-29 02:56:25,Necessary into act away third tough nation strong old challenge.
64,630,99,2025-09-13 02:56:25,2025-10-22 02:56:25,5452.35,381.66,0.0,Unpaid,2025-09-13 02:56:25,2025-10-05 02:56:25,Among half value win always group.
65,935,153,2025-10-11 02:56:25,2025-11-05 02:56:25,8983.75,628.86,135.5,Unpaid,2025-10-11 02:56:25,2025-11-02 02:56:25,Project government nice themselves wind see understand door class son.
66,244,184,2025-10-06 02:56:25,2025-10-31 02:56:25,5654.81,395.84,116.96,Unpaid,2025-10-06 02:56:25,2025-10-30 02:56:25,
67,299,9,2025-09-18 02:56:25,2025-10-03 02:56:25,8638.95,604.73,0.0,Unpaid,2025-09-18 02:56:25,2025-10-18 02:56:25,Thing agent say forward us soon ten specific environment.
68,485,11,2025-09-08 02:56:25,2025-10-21 02:56:25,9557.59,669.03,714.44,Overdue,2025-09-08 02:56:25,,
69,132,39,2025-10-01 02:56:25,2025-10-23 02:56:25,3092.89,216.5,120.27,Overdue,2025-10-01 02:56:25,2025-10-13 02:56:25,
70,26,74,2025-09-09 02:56:25,2025-10-08 02:56:25,9235.65,646.5,0.0,Overdue,2025-09-09 02:56:25,2025-09-21 02:56:25,
71,52,49,2025-09-20 02:56:25,2025-10-05 02:56:25,1297.5,90.83,112.47,Paid,2025-09-20 02:56:25,2025-10-02 02:56:25,Him although likely current truth glass star the.
72,55,6,2025-10-12 02:56:25,2025-11-06 02:56:25,7731.68,541.22,581.43,Unpaid,2025-10-12 02:56:25,2025-10-14 02:56:25,Age cover foreign ten.
73,517,155,2025-09-02 02:56:25,2025-09-28 02:56:25,2630.11,184.11,251.78,Paid,2025-09-02 02:56:25,,
74,336,192,2025-10-20 02:56:25,2025-11-30 02:56:25,693.61,48.55,8.75,Overdue,2025-10-20 02:56:25,2025-11-19 02:56:25,Go meeting quickly such former agree theory end.
75,467,138,2025-09-13 02:56:25,2025-10-09 02:56:25,2094.0,146.58,0.0,Overdue,2025-09-13 02:56:25,,
76,506,78,2025-10-22 02:56:25,2025-12-06 02:56:25,3454.87,241.84,0.0,Unpaid,2025-10-22 02:56:25,2025-11-20 02:56:25,
77,572,113,2025-10-07 02:56:25,2025-11-21 02:56:25,7292.64,510.48,503.64,Overdue,2025-10-07 02:56:25,2025-10-29 02:56:25,
78,780,89,2025-09-08 02:56:25,2025-10-14 02:56:25,6203.91,434.27,610.37,Paid,2025-09-08 02:56:25,2025-09-21 02:56:25,
79,683,4,2025-10-28 02:56:25,2025-11-28 02:56:25,6651.66,465.62,279.41,Unpaid,2025-10-28 02:56:25,2025-11-27 02:56:25,While enter board its rock finish paper memory history office effort remember ability understand Mrs rest.
80,853,20,2025-09-17 02:56:25,2025-10-06 02:56:25,4637.13,324.6,0.0,Overdue,2025-09-17 02:56:25,2025-10-12 02:56:25,
81,458,84,2025-09-13 02:56:25,2025-10-13 02:56:25,4916.3,344.14,0.0,Overdue,2025-09-13 02:56:25,2025-10-10 02:56:25,Hair attorney professional form finish.
82,628,165,2025-10-15 02:56:25,2025-11-27 02:56:25,4782.62,334.78,0.0,Overdue,2025-10-15 02:56:25,2025-10-27 02:56:25,Rest feel finally impact I fast camera inside wait.
83,208,174,2025-09-08 02:56:25,2025-10-03 02:56:25,2227.48,155.92,177.72,Unpaid,2025-09-08 02:56:25,2025-09-27 02:56:25,
84,881,72,2025-10-15 02:56:25,2025-11-16 02:56:25,596.44,41.75,0.0,Paid,2025-10-15 02:56:25,2025-10-28 02:56:25,Past feeling nature a expert involve.
85,379,185,2025-09-18 02:56:25,2025-10-18 02:56:25,6636.08,464.53,526.2,Paid,2025-09-18 02:56:25,2025-09-30 02:56:25,
86,623,169,2025-10-13 02:56:25,2025-11-18 02:56:25,6024.78,421.73,319.87,Unpaid,2025-10-13 02:56:25,,
87,34,54,2025-10-10 02:56:25,2025-11-16 02:56:25,4810.58,336.74,110.9,Overdue,2025-10-10 02:56:25,2025-10-13 02:56:25,
88,27,63,2025-09-02 02:56:25,2025-10-11 02:56:25,7056.55,493.96,521.2,Unpaid,2025-09-02 02:56:25,,
89,587,55,2025-09-29 02:56:25,2025-11-02 02:56:25,3188.49,223.19,61.89,Paid,2025-09-29 02:56:25,2025-10-08 02:56:25,Parent focus kid put memory soldier where save probably.
90,56,199,2025-10-15 02:56:25,2025-10-31 02:56:25,9755.8,682.91,0.0,Overdue,2025-10-15 02:56:25,,
91,97,71,2025-09-14 02:56:25,2025-10-14 02:56:25,1474.58,103.22,41.93,Unpaid,2025-09-14 02:56:25,2025-09-19 02:56:25,
92,165,120,2025-10-16 02:56:25,2025-11-30 02:56:25,8686.37,608.05,56.76,Unpaid,2025-10-16 02:56:25,2025-11-05 02:56:25,
93,330,170,2025-10-23 02:56:25,2025-11-11 02:56:25,8205.85,574.41,0.0,Paid,2025-10-23 02:56:25,,Middle plan friend stand seem pull different current agency each.
94,296,25,2025-09-24 02:56:25,2025-10-28 02:56:25,8012.04,560.84,418.69,Unpaid,2025-09-24 02:56:25,,Particularly shoulder lay though offer responsibility himself hundred challenge reach throughout team those.
95,555,198,2025-10-13 02:56:25,2025-11-15 02:56:25,6399.76,447.98,0.0,Overdue,2025-10-13 02:56:25,2025-11-06 02:56:25,Despite sound receive let newspaper true building card let.
96,821,6,2025-10-16 02:56:25,2025-11-21 02:56:25,1271.28,88.99,70.17,Paid,2025-10-16 02:56:25,2025-10-30 02:56:25,
97,77,87,2025-10-02 02:56:25,2025-10-26 02:56:25,810.08,56.71,22.9,Unpaid,2025-10-02 02:56:25,2025-10-09 02:56:25,
98,803,182,2025-09-12 02:56:25,2025-10-22 02:56:25,6438.05,450.66,0.0,Paid,2025-09-12 02:56:25,2025-09-29 02:56:25,Write other wear through partner rest measure store.
99,920,66,2025-09-04 02:56:25,2025-09-27 02:56:25,8353.0,584.71,138.6,Unpaid,2025-09-04 02:56:25,2025-09-30 02:56:25,
100,721,147,2025-10-14 02:56:25,2025-11-12 02:56:25,1681.36,117.7,0.0,Overdue,2025-10-14 02:56:25,2025-10-22 02:56:25,
101,149,69,2025-10-01 02:56:25,2025-10-30 02:56:25,1264.2,88.49,54.62,Unpaid,2025-10-01 02:56:25,2025-10-01 02:56:25,Knowledge city technology late seem style.
102,560,96,2025-09-14 02:56:25,2025-10-20 02:56:25,8303.5,581.25,0.0,Paid,2025-09-14 02:56:25,2025-10-04 02:56:25,She miss phone ever back experience even floor.
103,425,133,2025-10-21 02:56:25,2025-11-23 02:56:25,4640.91,324.86,0.0,Paid,2025-10-21 02:56:25,2025-11-03 02:56:25,Ball character him check degree increase former.
104,759,23,2025-09-08 02:56:25,2025-09-28 02:56:25,3633.13,254.32,0.0,Unpaid,2025-09-08 02:56:25,2025-09-20 02:56:25,
105,54,56,2025-09-27 02:56:25,2025-10-13 02:56:25,4820.85,337.46,155.85,Unpaid,2025-09-27 02:56:25,,
106,595,131,2025-11-01 02:56:25,2025-12-07 02:56:25,8758.99,613.13,47.48,Overdue,2025-11-01 02:56:25,2025-11-25 02:56:25,Indeed deal information toward once receive task she herself accept goal send table well.
107,515,98,2025-09-14 02:56:25,2025-09-30 02:56:25,2433.8,170.37,0.0,Unpaid,2025-09-14 02:56:25,2025-10-06 02:56:25,Mrs same son today major.
108,566,190,2025-09-22 02:56:25,2025-10-26 02:56:25,8093.48,566.54,0.0,Unpaid,2025-09-22 02:56:25,2025-10-09 02:56:25,Job ahead from quickly identify close level.
109,411,31,2025-09-09 02:56:25,2025-10-23 02:56:25,1577.88,110.45,0.0,Overdue,2025-09-09 02:56:25,,Wonder move trade option production base.
110,131,143,2025-09-30 02:56:25,2025-11-06 02:56:25,3097.54,216.83,0.0,Unpaid,2025-09-30 02:56:25,2025-10-17 02:56:25,Career left anyone here deep force seven here sell.
111,757,136,2025-09-04 02:56:25,2025-10-08 02:56:25,5328.29,372.98,0.0,Paid,2025-09-04 02:56:25,2025-09-29 02:56:25,
112,329,121,2025-10-11 02:56:25,2025-11-24 02:56:25,7983.32,558.83,2.05,Overdue,2025-10-11 02:56:25,2025-10-29 02:56:25,
113,459,54,2025-09-20 02:56:25,2025-10-20 02:56:25,8719.98,610.4,422.34,Unpaid,2025-09-20 02:56:25,2025-10-07 02:56:25,Edge bank affect much yourself glass practice sit prepare senior wear.
114,858,47,2025-09-07 02:56:25,2025-09-28 02:56:25,9817.36,687.22,375.98,Unpaid,2025-09-07 02:56:25,2025-09-30 02:56:25,Stuff perform draw list boy way let eight hard.
115,933,17,2025-10-08 02:56:25,2025-11-13 02:56:25,8027.74,561.94,0.0,Paid,2025-10-08 02:56:25,2025-10-09 02:56:25,Parent security boy standard who blue agent find quality when however resource away.
116,53,168,2025-09-07 02:56:25,2025-09-25 02:56:25,8804.81,616.34,463.09,Unpaid,2025-09-07 02:56:25,2025-09-11 02:56:25,Drug recent feeling range south someone not American mouth.
117,896,149,2025-10-28 02:56:25,2025-11-27 02:56:25,7924.49,554.71,493.9,Unpaid,2025-10-28 02:56:25,2025-11-24 02:56:25,Attention positive actually information majority item gun through least check computer.
118,666,65,2025-10-12 02:56:25,2025-11-16 02:56:25,7327.82,512.95,0.0,Overdue,2025-10-12 02:56:25,2025-10-14 02:56:25,Whole establish space Mrs low itself room environmental system store beautiful.
119,883,17,2025-10-18 02:56:25,2025-11-25 02:56:25,1358.6,95.1,0.0,Overdue,2025-10-18 02:56:25,,During let particular her agreement surface consider deep.
120,122,169,2025-09-18 02:56:25,2025-10-12 02:56:25,9082.53,635.78,723.1,Unpaid,2025-09-18 02:56:25,2025-10-01 02:56:25,Future they red everybody act way beat result major serve.
121,619,28,2025-09-26 02:56:25,2025-11-01 02:56:25,8028.94,562.03,63.4,Unpaid,2025-09-26 02:56:25,2025-10-03 02:56:25,Position make society behavior develop reality fill ok.
122,569,80,2025-10-18 02:56:25,2025-11-16 02:56:25,6560.09,459.21,437.45,Unpaid,2025-10-18 02:56:25,,
123,549,168,2025-10-22 02:56:25,2025-11-08 02:56:25,4696.43,328.75,275.95,Overdue,2025-10-22 02:56:25,,
124,712,123,2025-10-03 02:56:25,2025-11-14 02:56:25,3370.16,235.91,0.0,Unpaid,2025-10-03 02:56:25,2025-10-15 02:56:25,
125,643,49,2025-09-26 02:56:25,2025-10-20 02:56:25,9930.57,695.14,971.15,Overdue,2025-09-26 02:56:25,2025-09-26 02:56:25,
126,750,34,2025-09-19 02:56:25,2025-10-28 02:56:25,7574.35,530.2,459.31,Unpaid,2025-09-19 02:56:25,,
127,431,195,2025-09-13 02:56:25,2025-10-23 02:56:25,2686.12,188.03,0.0,Paid,2025-09-13 02:56:25,2025-10-02 02:56:25,Network gas you nearly goal law fill discover.
128,529,116,2025-09-22 02:56:25,2025-10-10 02:56:25,9082.34,635.76,0.0,Unpaid,2025-09-22 02:56:25,,Firm sea week real course school everybody operation.
129,930,109,2025-09-16 02:56:25,2025-10-05 02:56:25,1356.27,94.94,101.38,Paid,2025-09-16 02:56:25,2025-10-11 02:56:25,
130,447,147,2025-10-09 02:56:25,2025-11-09 02:56:25,5267.05,368.69,86.67,Unpaid,2025-10-09 02:56:25,,Others wonder strategy fast guess few remain call animal approach factor want.
131,366,152,2025-09-11 02:56:25,2025-09-29 02:56:25,4949.15,346.44,373.24,Paid,2025-09-11 02:56:25,,
132,840,1,2025-10-07 02:56:25,2025-11-21 02:56:25,8534.57,597.42,0.0,Paid,2025-10-07 02:56:25,,Bill activity expect long future whole education.
133,41,190,2025-10-03 02:56:25,2025-10-29 02:56:25,6891.87,482.43,0.0,Overdue,2025-10-03 02:56:25,2025-10-23 02:56:25,
134,512,129,2025-10-26 02:56:25,2025-12-01 02:56:25,2721.31,190.49,240.63,Overdue,2025-10-26 02:56:25,2025-11-14 02:56:25,Box assume man officer rather charge specific.
135,50,118,2025-09-22 02:56:25,2025-11-02 02:56:25,4910.54,343.74,0.0,Overdue,2025-09-22 02:56:25,2025-09-26 02:56:25,Be easy newspaper indicate.
136,726,166,2025-10-13 02:56:25,2025-11-12 02:56:25,1603.14,112.22,86.18,Unpaid,2025-10-13 02:56:25,2025-11-03 02:56:25,
137,370,44,2025-09-18 02:56:25,2025-11-02 02:56:25,5631.83,394.23,0.0,Overdue,2025-09-18 02:56:25,2025-10-01 02:56:25,
138,186,148,2025-09-09 02:56:25,2025-10-09 02:56:25,6348.7,444.41,0.0,Unpaid,2025-09-09 02:56:25,2025-09-20 02:56:25,So difficult mission late kind team wrong figure perform participant science way debate decision produce church.
139,327,32,2025-09-02 02:56:25,2025-09-24 02:56:25,8626.78,603.87,591.52,Overdue,2025-09-02 02:56:25,,
140,475,183,2025-10-29 02:56:25,2025-11-25 02:56:25,3120.87,218.46,0.0,Unpaid,2025-10-29 02:56:25,2025-11-04 02:56:25,
141,104,156,2025-09-24 02:56:25,2025-10-09 02:56:25,980.5,68.64,96.95,Overdue,2025-09-24 02:56:25,2025-10-20 02:56:25,
142,697,109,2025-10-19 02:56:25,2025-11-21 02:56:25,2551.54,178.61,0.0,Unpaid,2025-10-19 02:56:25,,
143,725,87,2025-09-24 02:56:25,2025-10-09 02:56:25,3134.11,219.39,0.0,Paid,2025-09-24 02:56:25,2025-10-19 02:56:25,Necessary choose impact ready.
144,796,106,2025-10-24 02:56:25,2025-11-08 02:56:25,3903.3,273.23,0.0,Overdue,2025-10-24 02:56:25,2025-10-29 02:56:25,Fact discuss religious reflect law reach under skin.
145,931,132,2025-09-15 02:56:25,2025-10-13 02:56:25,5497.81,384.85,0.0,Unpaid,2025-09-15 02:56:25,2025-09-26 02:56:25,
146,921,172,2025-10-26 02:56:25,2025-11-24 02:56:25,5286.47,370.05,0.0,Paid,2025-10-26 02:56:25,,
147,645,187,2025-09-20 02:56:25,2025-10-21 02:56:25,3365.49,235.58,0.0,Paid,2025-09-20 02:56:25,2025-10-05 02:56:25,
148,909,78,2025-10-05 02:56:25,2025-11-10 02:56:25,1525.64,106.79,0.0,Unpaid,2025-10-05 02:56:25,2025-10-07 02:56:25,Operation sound cup boy different chance enter central arrive.
149,332,60,2025-10-28 02:56:25,2025-11-16 02:56:25,3112.65,217.89,0.0,Overdue,2025-10-28 02:56:25,,Organization station TV keep light fight I evening.
150,577,157,2025-10-03 02:56:25,2025-11-03 02:56:25,6251.55,437.61,438.72,Overdue,2025-10-03 02:56:25,2025-10-27 02:56:25,
151,857,43,2025-09-07 02:56:25,2025-09-28 02:56:25,4585.66,321.0,0.0,Unpaid,2025-09-07 02:56:25,2025-09-21 02:56:25,Management ball always it focus economy before.
152,335,170,2025-10-12 02:56:25,2025-11-09 02:56:25,3468.97,242.83,330.8,Overdue,2025-10-12 02:56:25,,Onto again share start office several compare.
153,929,122,2025-10-27 02:56:25,2025-11-24 02:56:25,1417.36,99.22,0.0,Paid,2025-10-27 02:56:25,2025-11-14 02:56:25,
154,23,35,2025-09-27 02:56:25,2025-10-22 02:56:25,6865.13,480.56,599.74,Unpaid,2025-09-27 02:56:25,,
155,293,27,2025-10-14 02:56:25,2025-11-17 02:56:25,3468.26,242.78,175.98,Paid,2025-10-14 02:56:25,2025-10-21 02:56:25,
156,563,141,2025-10-10 02:56:25,2025-11-21 02:56:25,5784.52,404.92,161.14,Paid,2025-10-10 02:56:25,,
157,361,65,2025-09-13 02:56:25,2025-10-24 02:56:25,6406.38,448.45,0.0,Overdue,2025-09-13 02:56:25,2025-10-12 02:56:25,
158,255,168,2025-09-18 02:56:25,2025-10-11 02:56:25,775.06,54.25,59.09,Unpaid,2025-09-18 02:56:25,2025-09-23 02:56:25,
159,73,79,2025-09-26 02:56:25,2025-11-01 02:56:25,4307.45,301.52,272.74,Paid,2025-09-26 02:56:25,2025-10-12 02:56:25,Prepare trouble consider one play man before girl four prove tax form really.
160,331,30,2025-10-03 02:56:25,2025-10-28 02:56:25,1995.39,139.68,64.73,Overdue,2025-10-03 02:56:25,2025-10-31 02:56:25,Production hundred set already because education.
161,180,62,2025-09-14 02:56:25,2025-10-18 02:56:25,972.74,68.09,43.1,Unpaid,2025-09-14 02:56:25,2025-09-28 02:56:25,Wife identify method write price.
162,600,33,2025-09-14 02:56:25,2025-10-15 02:56:25,1581.27,110.69,44.79,Overdue,2025-09-14 02:56:25,2025-09-30 02:56:25,
163,668,19,2025-10-30 02:56:25,2025-11-21 02:56:25,4255.0,297.85,0.0,Paid,2025-10-30 02:56:25,2025-11-29 02:56:25,Left approach million performance material kind appear environment capital.
164,389,1,2025-09-14 02:56:25,2025-10-07 02:56:25,3249.75,227.48,161.64,Unpaid,2025-09-14 02:56:25,2025-09-26 02:56:25,
165,893,44,2025-10-18 02:56:25,2025-11-18 02:56:25,5807.87,406.55,0.0,Unpaid,2025-10-18 02:56:25,2025-11-14 02:56:25,
166,786,172,2025-10-05 02:56:25,2025-10-20 02:56:25,4867.67,340.74,152.39,Unpaid,2025-10-05 02:56:25,2025-10-27 02:56:25,
167,439,148,2025-10-14 02:56:25,2025-11-01 02:56:25,4347.81,304.35,0.0,Paid,2025-10-14 02:56:25,,
168,541,155,2025-09-09 02:56:25,2025-10-16 02:56:25,9237.81,646.65,780.12,Paid,2025-09-09 02:56:25,2025-09-21 02:56:25,
169,269,148,2025-10-07 02:56:25,2025-11-18 02:56:25,3447.61,241.33,114.83,Paid,2025-10-07 02:56:25,2025-10-27 02:56:25,Just recognize building win participant dream citizen.
170,3,13,2025-09-05 02:56:25,2025-10-14 02:56:25,3819.07,267.33,0.0,Overdue,2025-09-05 02:56:25,,Add impact different success box water positive child usually.
171,594,26,2025-10-16 02:56:25,2025-11-06 02:56:25,2148.24,150.38,163.08,Paid,2025-10-16 02:56:25,2025-11-09 02:56:25,
172,629,43,2025-10-03 02:56:25,2025-11-11 02:56:25,5855.49,409.88,0.0,Overdue,2025-10-03 02:56:25,,
173,4,33,2025-09-22 02:56:25,2025-10-26 02:56:25,3570.48,249.93,0.0,Unpaid,2025-09-22 02:56:25,2025-09-24 02:56:25,Meeting event strong woman during necessary himself two.
174,457,99,2025-09-12 02:56:25,2025-10-05 02:56:25,6118.49,428.29,45.39,Unpaid,2025-09-12 02:56:25,2025-09-13 02:56:25,Second carry attorney significant take future skin environment able rise study.
175,253,116,2025-10-28 02:56:25,2025-12-02 02:56:25,8710.38,609.73,0.0,Overdue,2025-10-28 02:56:25,2025-11-09 02:56:25,Your majority chance Mrs generation necessary.
176,831,178,2025-10-04 02:56:25,2025-11-17 02:56:25,8193.25,573.53,0.0,Unpaid,2025-10-04 02:56:25,2025-10-20 02:56:25,Help usually thank wonder draw him.
177,78,63,2025-10-04 02:56:25,2025-10-22 02:56:25,8204.18,574.29,0.0,Overdue,2025-10-04 02:56:25,2025-10-24 02:56:25,Analysis seat relate specific history professional star wonder.
178,813,141,2025-09-17 02:56:25,2025-10-16 02:56:25,9914.37,694.01,0.0,Overdue,2025-09-17 02:56:25,2025-09-28 02:56:25,
179,322,89,2025-10-08 02:56:25,2025-11-05 02:56:25,7857.42,550.02,0.0,Paid,2025-10-08 02:56:25,,
180,825,119,2025-10-28 02:56:25,2025-11-22 02:56:25,1397.81,97.85,0.0,Unpaid,2025-10-28 02:56:25,2025-11-24 02:56:25,
181,449,133,2025-09-04 02:56:25,2025-10-08 02:56:25,8796.16,615.73,512.59,Paid,2025-09-04 02:56:25,,Who call whole forward beyond suddenly between treat address century that wide avoid.
182,161,160,2025-10-24 02:56:25,2025-11-27 02:56:25,7233.92,506.37,404.32,Overdue,2025-10-24 02:56:25,,
183,477,164,2025-09-20 02:56:25,2025-10-27 02:56:25,8375.11,586.26,0.0,Overdue,2025-09-20 02:56:25,,Full realize power system system teacher here first responsibility service.
184,333,119,2025-09-30 02:56:25,2025-10-26 02:56:25,673.19,47.12,64.03,Unpaid,2025-09-30 02:56:25,,Along attention piece TV young section its better plant their.
185,337,53,2025-10-24 02:56:25,2025-11-12 02:56:25,1233.07,86.31,0.0,Paid,2025-10-24 02:56:25,2025-11-10 02:56:25,
186,70,155,2025-09-06 02:56:25,2025-10-07 02:56:25,858.6,60.1,65.8,Paid,2025-09-06 02:56:25,2025-09-10 02:56:25,Coach federal ahead food argue grow issue each.
187,593,175,2025-09-16 02:56:25,2025-10-15 02:56:25,915.08,64.06,65.85,Unpaid,2025-09-16 02:56:25,2025-10-10 02:56:25,
188,717,89,2025-10-04 02:56:25,2025-10-26 02:56:25,5573.11,390.12,450.65,Unpaid,2025-10-04 02:56:25,,Not society color bad that people drive tree central leave effect effort act.
189,28,27,2025-10-03 02:56:25,2025-11-11 02:56:25,3176.83,222.38,167.57,Paid,2025-10-03 02:56:25,,
190,40,49,2025-10-24 02:56:25,2025-12-05 02:56:25,2875.03,201.25,0.0,Unpaid,2025-10-24 02:56:25,2025-10-27 02:56:25,
191,627,182,2025-09-29 02:56:25,2025-11-10 02:56:25,1684.44,117.91,27.0,Unpaid,2025-09-29 02:56:25,,Top quality citizen kid generation onto police interesting economic suddenly current his low.
192,814,48,2025-10-27 02:56:25,2025-12-11 02:56:25,9149.8,640.49,0.0,Unpaid,2025-10-27 02:56:25,,High grow fast recognize against stop how account ten.
193,234,32,2025-09-30 02:56:25,2025-10-26 02:56:25,2739.89,191.79,0.0,Unpaid,2025-09-30 02:56:25,2025-10-10 02:56:25,
194,138,159,2025-09-09 02:56:25,2025-10-16 02:56:25,6674.63,467.22,0.0,Paid,2025-09-09 02:56:25,2025-10-08 02:56:25,
195,849,184,2025-09-18 02:56:25,2025-10-29 02:56:25,1818.53,127.3,0.0,Unpaid,2025-09-18 02:56:25,2025-10-16 02:56:25,Treat seat strategy total simply.
196,899,61,2025-10-19 02:56:25,2025-11-29 02:56:25,1920.44,134.43,0.0,Overdue,2025-10-19 02:56:25,2025-10-22 02:56:25,
197,274,163,2025-10-17 02:56:25,2025-11-10 02:56:25,1657.56,116.03,105.91,Overdue,2025-10-17 02:56:25,2025-10-20 02:56:25,
198,42,62,2025-10-01 02:56:25,2025-11-04 02:56:25,5592.51,391.48,0.0,Overdue,2025-10-01 02:56:25,2025-10-05 02:56:25,Parent good PM per.
199,501,100,2025-09-23 02:56:25,2025-10-19 02:56:25,2785.36,194.98,185.05,Paid,2025-09-23 02:56:25,2025-10-04 02:56:25,Pick tough position.
200,110,3,2025-10-08 02:56:25,2025-11-19 02:56:25,4966.28,347.64,0.0,Unpaid,2025-10-08 02:56:25,2025-10-08 02:56:25,Small almost half capital travel.
201,284,24,2025-10-10 02:56:25,2025-11-01 02:56:25,7462.94,522.41,0.0,Overdue,2025-10-10 02:56:25,,Section compare car much will.
202,94,36,2025-10-10 02:56:25,2025-11-11 02:56:25,3716.2,260.13,0.0,Overdue,2025-10-10 02:56:25,2025-11-01 02:56:25,Maybe evening clearly trial want whose far that.
203,250,97,2025-09-11 02:56:25,2025-09-30 02:56:25,1099.46,76.96,0.0,Unpaid,2025-09-11 02:56:25,2025-09-17 02:56:25,Life away senior difficult put.
204,343,6,2025-09-06 02:56:25,2025-09-22 02:56:25,3498.16,244.87,139.31,Overdue,2025-09-06 02:56:25,2025-09-07 02:56:25,
205,877,127,2025-10-20 02:56:25,2025-11-13 02:56:25,3891.25,272.39,0.0,Overdue,2025-10-20 02:56:25,2025-10-23 02:56:25,
206,309,104,2025-10-05 02:56:25,2025-11-17 02:56:25,4300.21,301.01,411.31,Unpaid,2025-10-05 02:56:25,,Whose source hand so add Mr lawyer pull public once state wait board.
207,908,116,2025-10-09 02:56:25,2025-11-22 02:56:25,8074.26,565.2,66.7,Unpaid,2025-10-09 02:56:25,2025-10-28 02:56:25,
208,338,69,2025-10-21 02:56:25,2025-11-22 02:56:25,3290.78,230.35,107.91,Unpaid,2025-10-21 02:56:25,2025-11-09 02:56:25,
209,861,160,2025-10-22 02:56:25,2025-11-28 02:56:25,4717.13,330.2,342.85,Unpaid,2025-10-22 02:56:25,2025-11-04 02:56:25,Likely people wall foreign.
210,784,83,2025-10-28 02:56:25,2025-12-03 02:56:25,6556.37,458.95,525.23,Overdue,2025-10-28 02:56:25,2025-10-28 02:56:25,Determine as statement travel few impact cause watch fight manage best thought career law provide sea.
211,7,26,2025-10-30 02:56:25,2025-11-18 02:56:25,1138.72,79.71,0.0,Unpaid,2025-10-30 02:56:25,2025-11-29 02:56:25,
212,93,122,2025-09-24 02:56:25,2025-10-13 02:56:25,6951.09,486.58,0.0,Unpaid,2025-09-24 02:56:25,2025-09-26 02:56:25,
213,720,112,2025-09-29 02:56:25,2025-10-25 02:56:25,4281.32,299.69,0.0,Paid,2025-09-29 02:56:25,,Industry score choice increase between majority impact week allow.
214,922,129,2025-10-01 02:56:25,2025-11-01 02:56:25,4176.38,292.35,0.0,Unpaid,2025-10-01 02:56:25,,
215,524,36,2025-10-19 02:56:25,2025-11-22 02:56:25,3212.98,224.91,0.0,Unpaid,2025-10-19 02:56:25,2025-10-23 02:56:25,
216,49,12,2025-10-04 02:56:25,2025-10-24 02:56:25,9037.45,632.62,79.34,Overdue,2025-10-04 02:56:25,,
217,493,25,2025-09-20 02:56:25,2025-10-16 02:56:25,7240.63,506.84,0.0,Unpaid,2025-09-20 02:56:25,,
218,261,194,2025-09-17 02:56:25,2025-10-24 02:56:25,9309.58,651.67,0.0,Unpaid,2025-09-17 02:56:25,2025-09-20 02:56:25,
219,277,36,2025-09-12 02:56:25,2025-10-01 02:56:25,2748.99,192.43,99.21,Overdue,2025-09-12 02:56:25,2025-10-07 02:56:25,
220,135,16,2025-10-24 02:56:25,2025-11-27 02:56:25,8900.34,623.02,354.38,Overdue,2025-10-24 02:56:25,,
221,82,32,2025-09-13 02:56:25,2025-10-11 02:56:25,8321.72,582.52,809.19,Overdue,2025-09-13 02:56:25,2025-09-27 02:56:25,
222,376,25,2025-10-10 02:56:25,2025-10-29 02:56:25,8840.62,618.84,0.0,Overdue,2025-10-10 02:56:25,2025-11-03 02:56:25,
223,312,135,2025-10-05 02:56:25,2025-11-05 02:56:25,9151.77,640.62,113.63,Paid,2025-10-05 02:56:25,2025-10-10 02:56:25,Describe know door guy wonder happen top population.
224,383,94,2025-10-10 02:56:25,2025-11-24 02:56:25,9438.59,660.7,0.0,Paid,2025-10-10 02:56:25,2025-10-30 02:56:25,
225,341,101,2025-10-15 02:56:25,2025-11-03 02:56:25,6437.71,450.64,0.0,Paid,2025-10-15 02:56:25,2025-10-20 02:56:25,
226,659,146,2025-09-25 02:56:25,2025-10-14 02:56:25,2126.41,148.85,0.0,Overdue,2025-09-25 02:56:25,2025-10-24 02:56:25,
227,121,93,2025-09-10 02:56:25,2025-10-22 02:56:25,769.55,53.87,49.36,Overdue,2025-09-10 02:56:25,2025-09-16 02:56:25,
228,85,131,2025-10-06 02:56:25,2025-11-09 02:56:25,6570.42,459.93,412.07,Unpaid,2025-10-06 02:56:25,2025-10-15 02:56:25,Huge couple business summer lawyer production politics.
229,715,102,2025-10-13 02:56:25,2025-11-11 02:56:25,1193.24,83.53,52.46,Unpaid,2025-10-13 02:56:25,2025-10-23 02:56:25,
230,150,173,2025-10-12 02:56:25,2025-11-23 02:56:25,7324.45,512.71,0.0,Unpaid,2025-10-12 02:56:25,,Wife anything four writer skin day stop never only spend do similar small.
231,611,53,2025-09-30 02:56:25,2025-11-01 02:56:25,1508.75,105.61,18.49,Unpaid,2025-09-30 02:56:25,2025-10-03 02:56:25,Able teach certain candidate economy company produce ago address so draw food company appear.
232,746,33,2025-09-07 02:56:25,2025-10-11 02:56:25,4472.28,313.06,0.0,Paid,2025-09-07 02:56:25,,
233,558,25,2025-09-16 02:56:25,2025-10-11 02:56:25,2303.42,161.24,229.41,Unpaid,2025-09-16 02:56:25,2025-09-25 02:56:25,Moment second live sing message board.
234,615,127,2025-09-02 02:56:25,2025-09-29 02:56:25,5301.72,371.12,0.0,Paid,2025-09-02 02:56:25,2025-09-03 02:56:25,Develop past road training probably feeling poor all your suggest international blue Republican kitchen.
235,426,103,2025-09-24 02:56:25,2025-11-06 02:56:25,8507.07,595.49,0.0,Unpaid,2025-09-24 02:56:25,2025-10-21 02:56:25,Focus chance call person.
236,782,85,2025-09-06 02:56:25,2025-09-29 02:56:25,7411.33,518.79,0.0,Unpaid,2025-09-06 02:56:25,2025-09-07 02:56:25,
237,925,107,2025-10-20 02:56:25,2025-11-15 02:56:25,5755.62,402.89,290.23,Overdue,2025-10-20 02:56:25,2025-11-08 02:56:25,
238,151,185,2025-10-25 02:56:25,2025-11-13 02:56:25,9763.29,683.43,776.08,Unpaid,2025-10-25 02:56:25,2025-11-05 02:56:25,
239,111,173,2025-10-20 02:56:25,2025-11-23 02:56:25,5336.66,373.57,0.0,Paid,2025-10-20 02:56:25,2025-11-11 02:56:25,Nature foot yes most law painting between reduce table prepare shoulder result Democrat later direction fund.
240,945,33,2025-09-29 02:56:25,2025-10-28 02:56:25,1914.94,134.05,0.0,Paid,2025-09-29 02:56:25,2025-10-18 02:56:25,Human role fine fine effort well rather listen before be it season.
241,589,171,2025-09-23 02:56:25,2025-10-31 02:56:25,8504.72,595.33,0.0,Overdue,2025-09-23 02:56:25,,
242,454,161,2025-09-17 02:56:25,2025-10-20 02:56:25,3348.01,234.36,0.0,Unpaid,2025-09-17 02:56:25,2025-09-20 02:56:25,
243,533,56,2025-09-25 02:56:25,2025-10-19 02:56:25,8069.17,564.84,0.0,Overdue,2025-09-25 02:56:25,2025-10-14 02:56:25,Speech news only no form business government program.
244,926,158,2025-09-16 02:56:25,2025-10-02 02:56:25,6043.47,423.04,380.15,Overdue,2025-09-16 02:56:25,,Test return why outside goal official defense prevent difference.
245,841,38,2025-10-30 02:56:25,2025-12-02 02:56:25,9507.95,665.56,18.01,Unpaid,2025-10-30 02:56:25,2025-11-12 02:56:25,
246,719,75,2025-10-06 02:56:25,2025-11-06 02:56:25,7862.24,550.36,0.0,Overdue,2025-10-06 02:56:25,,
247,806,134,2025-09-29 02:56:25,2025-10-20 02:56:25,5828.42,407.99,0.0,Unpaid,2025-09-29 02:56:25,2025-10-09 02:56:25,
248,839,128,2025-10-03 02:56:25,2025-11-16 02:56:25,5564.71,389.53,0.0,Overdue,2025-10-03 02:56:25,,
249,435,105,2025-09-21 02:56:25,2025-10-31 02:56:25,7086.48,496.05,0.0,Paid,2025-09-21 02:56:25,,Glass news boy everything difficult investment.
250,380,135,2025-10-18 02:56:25,2025-12-02 02:56:25,9742.65,681.99,281.57,Paid,2025-10-18 02:56:25,2025-11-02 02:56:25,Window stand party poor ago upon stop environment Congress reflect finally fund accept.
251,912,174,2025-09-27 02:56:25,2025-11-10 02:56:25,9377.61,656.43,0.0,Unpaid,2025-09-27 02:56:25,2025-10-18 02:56:25,
252,367,111,2025-09-05 02:56:25,2025-10-02 02:56:25,8274.59,579.22,0.0,Paid,2025-09-05 02:56:25,2025-09-14 02:56:25,
253,491,92,2025-10-27 02:56:25,2025-11-22 02:56:25,9278.09,649.47,0.0,Overdue,2025-10-27 02:56:25,2025-11-02 02:56:25,
254,656,133,2025-10-15 02:56:25,2025-11-28 02:56:25,5839.17,408.74,63.78,Overdue,2025-10-15 02:56:25,2025-10-22 02:56:25,Not husband center plan air second.
255,114,80,2025-09-22 02:56:25,2025-10-14 02:56:25,998.67,69.91,71.64,Paid,2025-09-22 02:56:25,2025-09-26 02:56:25,Heavy law church find food walk.
256,90,127,2025-10-06 02:56:25,2025-11-10 02:56:25,9382.8,656.8,0.0,Unpaid,2025-10-06 02:56:25,2025-10-30 02:56:25,
257,32,193,2025-10-12 02:56:25,2025-11-05 02:56:25,6636.03,464.52,0.0,Paid,2025-10-12 02:56:25,2025-10-19 02:56:25,
258,36,189,2025-09-16 02:56:25,2025-10-28 02:56:25,9398.36,657.89,0.0,Paid,2025-09-16 02:56:25,2025-10-12 02:56:25,Be apply church pay purpose evening.
259,421,124,2025-09-09 02:56:25,2025-10-06 02:56:25,7985.63,558.99,598.13,Unpaid,2025-09-09 02:56:25,,Magazine kind event sense box involve.
260,419,13,2025-09-03 02:56:25,2025-09-28 02:56:25,3203.34,224.23,0.0,Overdue,2025-09-03 02:56:25,2025-10-01 02:56:25,
261,311,163,2025-09-08 02:56:25,2025-10-09 02:56:25,4946.2,346.23,55.72,Paid,2025-09-08 02:56:25,,
262,294,159,2025-09-17 02:56:25,2025-10-07 02:56:25,633.8,44.37,18.7,Overdue,2025-09-17 02:56:25,,Question or money final determine worker area daughter war should.
263,406,1,2025-09-10 02:56:25,2025-10-08 02:56:25,5395.17,377.66,361.07,Paid,2025-09-10 02:56:25,,Face build market issue can mouth discover.
264,99,163,2025-11-01 02:56:25,2025-11-24 02:56:25,4143.96,290.08,110.64,Unpaid,2025-11-01 02:56:25,2025-11-24 02:56:25,
265,695,75,2025-10-16 02:56:25,2025-11-20 02:56:25,3915.74,274.1,261.49,Unpaid,2025-10-16 02:56:25,2025-10-28 02:56:25,
266,498,76,2025-09-03 02:56:25,2025-10-16 02:56:25,8934.11,625.39,0.0,Overdue,2025-09-03 02:56:25,2025-10-02 02:56:25,
267,944,101,2025-10-09 02:56:25,2025-11-12 02:56:25,2598.07,181.86,0.0,Unpaid,2025-10-09 02:56:25,2025-11-01 02:56:25,
268,348,63,2025-10-09 02:56:25,2025-11-06 02:56:25,7168.44,501.79,0.0,Overdue,2025-10-09 02:56:25,,
269,224,8,2025-09-14 02:56:25,2025-10-06 02:56:25,6963.25,487.43,0.0,Paid,2025-09-14 02:56:25,2025-09-30 02:56:25,
270,487,30,2025-10-28 02:56:25,2025-12-11 02:56:25,5859.6,410.17,320.9,Overdue,2025-10-28 02:56:25,2025-11-14 02:56:25,Street south author technology amount affect TV television office of remember individual boy.
271,476,82,2025-09-08 02:56:25,2025-10-09 02:56:25,4697.49,328.82,0.0,Overdue,2025-09-08 02:56:25,2025-09-10 02:56:25,
272,198,129,2025-10-04 02:56:25,2025-11-13 02:56:25,1028.54,72.0,42.73,Overdue,2025-10-04 02:56:25,2025-10-18 02:56:25,
273,362,166,2025-10-13 02:56:25,2025-11-20 02:56:25,706.82,49.48,0.21,Paid,2025-10-13 02:56:25,2025-10-14 02:56:25,Whom commercial way.
274,658,113,2025-09-28 02:56:25,2025-10-14 02:56:25,9378.54,656.5,875.75,Paid,2025-09-28 02:56:25,2025-10-03 02:56:25,
275,739,132,2025-09-13 02:56:25,2025-10-18 02:56:25,9794.17,685.59,0.0,Unpaid,2025-09-13 02:56:25,2025-10-11 02:56:25,Story turn because such during open model how financial fund four collection.
276,779,195,2025-10-08 02:56:25,2025-10-25 02:56:25,6985.94,489.02,0.0,Overdue,2025-10-08 02:56:25,2025-11-04 02:56:25,Plan most create simply go when population challenge.
277,108,58,2025-09-28 02:56:25,2025-10-25 02:56:25,5524.0,386.68,0.0,Paid,2025-09-28 02:56:25,,
278,778,25,2025-10-13 02:56:25,2025-11-11 02:56:25,6898.25,482.88,0.0,Overdue,2025-10-13 02:56:25,2025-10-20 02:56:25,Chair culture own set pretty concern significant.
279,364,34,2025-10-23 02:56:25,2025-11-15 02:56:25,2290.56,160.34,0.0,Paid,2025-10-23 02:56:25,2025-11-13 02:56:25,Less nor often race think poor.
280,773,179,2025-10-17 02:56:25,2025-11-07 02:56:25,1139.26,79.75,0.0,Unpaid,2025-10-17 02:56:25,2025-11-08 02:56:25,
281,795,72,2025-10-17 02:56:25,2025-11-24 02:56:25,920.25,64.42,49.67,Paid,2025-10-17 02:56:25,2025-10-26 02:56:25,Follow wife firm key light place someone option goal avoid left also hard.
282,802,26,2025-09-26 02:56:25,2025-10-30 02:56:25,7839.11,548.74,0.0,Paid,2025-09-26 02:56:25,2025-09-30 02:56:25,
283,492,137,2025-09-29 02:56:25,2025-10-21 02:56:25,4428.82,310.02,246.56,Overdue,2025-09-29 02:56:25,,
284,405,123,2025-09-22 02:56:25,2025-10-28 02:56:25,4558.41,319.09,443.21,Overdue,2025-09-22 02:56:25,2025-10-17 02:56:25,
285,147,28,2025-09-18 02:56:25,2025-10-16 02:56:25,4378.46,306.49,80.51,Overdue,2025-09-18 02:56:25,2025-10-15 02:56:25,Baby ten talk past medical leg.
286,422,40,2025-09-11 02:56:25,2025-10-10 02:56:25,9190.04,643.3,0.0,Unpaid,2025-09-11 02:56:25,2025-09-15 02:56:25,West school American training occur could painting may whatever late specific.
287,635,97,2025-10-19 02:56:25,2025-11-13 02:56:25,6643.71,465.06,0.0,Unpaid,2025-10-19 02:56:25,2025-11-11 02:56:25,
288,731,4,2025-10-29 02:56:25,2025-11-21 02:56:25,4083.1,285.82,0.0,Paid,2025-10-29 02:56:25,,Word base position always remain yard model particular.
289,396,45,2025-10-02 02:56:25,2025-10-23 02:56:25,8760.0,613.2,838.35,Paid,2025-10-02 02:56:25,2025-10-08 02:56:25,
290,573,132,2025-10-25 02:56:25,2025-12-02 02:56:25,9995.93,699.72,242.49,Overdue,2025-10-25 02:56:25,,Health executive impact full our smile positive at.
291,392,148,2025-09-27 02:56:25,2025-10-22 02:56:25,7867.38,550.72,419.84,Unpaid,2025-09-27 02:56:25,2025-10-08 02:56:25,
292,12,159,2025-10-01 02:56:25,2025-10-30 02:56:25,1436.78,100.57,0.0,Unpaid,2025-10-01 02:56:25,,Newspaper hit edge surface who.
293,700,11,2025-10-09 02:56:25,2025-11-03 02:56:25,4432.34,310.26,0.0,Paid,2025-10-09 02:56:25,,Their four old center glass whose recognize hot organization visit finally heavy social spend prove.
294,917,119,2025-10-14 02:56:25,2025-11-02 02:56:25,2363.82,165.47,134.69,Paid,2025-10-14 02:56:25,2025-11-03 02:56:25,
295,801,193,2025-10-11 02:56:25,2025-11-03 02:56:25,7751.93,542.64,560.9,Overdue,2025-10-11 02:56:25,2025-10-16 02:56:25,
296,910,73,2025-10-10 02:56:25,2025-10-30 02:56:25,1829.61,128.07,0.0,Paid,2025-10-10 02:56:25,,
297,862,75,2025-09-21 02:56:25,2025-11-05 02:56:25,1057.95,74.06,89.58,Overdue,2025-09-21 02:56:25,2025-09-21 02:56:25,Behavior provide meet adult final week game she court yourself.
298,320,79,2025-10-28 02:56:25,2025-12-04 02:56:25,1934.78,135.43,88.23,Paid,2025-10-28 02:56:25,2025-11-18 02:56:25,
299,588,161,2025-09-04 02:56:25,2025-10-04 02:56:25,6763.2,473.42,359.95,Unpaid,2025-09-04 02:56:25,2025-09-20 02:56:25,
300,679,189,2025-09-28 02:56:25,2025-10-22 02:56:25,662.85,46.4,0.0,Overdue,2025-09-28 02:56:25,2025-10-28 02:56:25,
301,918,159,2025-10-26 02:56:25,2025-12-09 02:56:25,1414.98,99.05,27.16,Overdue,2025-10-26 02:56:25,2025-11-06 02:56:25,Baby such big side strong this also from.
302,142,165,2025-10-27 02:56:25,2025-11-22 02:56:25,9613.33,672.93,233.8,Overdue,2025-10-27 02:56:25,2025-11-17 02:56:25,
303,472,128,2025-10-27 02:56:25,2025-12-01 02:56:25,9920.91,694.46,0.0,Paid,2025-10-27 02:56:25,2025-11-08 02:56:25,Capital heavy class story side speak close join improve put down know expect security large move.
304,92,39,2025-10-29 02:56:25,2025-12-03 02:56:25,589.78,41.28,29.48,Unpaid,2025-10-29 02:56:25,2025-11-08 02:56:25,
305,599,92,2025-09-08 02:56:25,2025-09-26 02:56:25,9000.52,630.04,0.0,Paid,2025-09-08 02:56:25,2025-10-05 02:56:25,
306,441,93,2025-09-26 02:56:25,2025-10-26 02:56:25,3075.4,215.28,0.0,Overdue,2025-09-26 02:56:25,,
307,479,137,2025-09-26 02:56:25,2025-11-01 02:56:25,812.57,56.88,0.0,Unpaid,2025-09-26 02:56:25,2025-10-02 02:56:25,
308,169,71,2025-09-14 02:56:25,2025-10-25 02:56:25,7270.76,508.95,55.94,Paid,2025-09-14 02:56:25,2025-10-02 02:56:25,
309,292,12,2025-10-08 02:56:25,2025-11-13 02:56:25,9016.99,631.19,681.33,Paid,2025-10-08 02:56:25,,
310,154,181,2025-10-27 02:56:25,2025-11-27 02:56:25,7581.84,530.73,74.06,Paid,2025-10-27 02:56:25,,Whole six tough create question now key show sing me.
311,397,32,2025-09-13 02:56:25,2025-10-08 02:56:25,781.44,54.7,77.56,Unpaid,2025-09-13 02:56:25,2025-09-30 02:56:25,
312,359,62,2025-10-05 02:56:25,2025-10-25 02:56:25,6957.1,487.0,0.0,Paid,2025-10-05 02:56:25,,Whom stage soon catch economic political them never bill.
313,895,199,2025-09-17 02:56:25,2025-10-04 02:56:25,1279.36,89.56,91.05,Overdue,2025-09-17 02:56:25,2025-09-29 02:56:25,Surface expect several evening town challenge join.
314,790,37,2025-10-27 02:56:25,2025-11-11 02:56:25,9458.12,662.07,720.09,Paid,2025-10-27 02:56:25,2025-11-01 02:56:25,Stage this us increase how hear history bank different.
315,486,15,2025-10-26 02:56:25,2025-11-10 02:56:25,1351.38,94.6,0.0,Overdue,2025-10-26 02:56:25,2025-11-05 02:56:25,
316,516,96,2025-11-01 02:56:25,2025-11-25 02:56:25,4431.2,310.18,0.0,Overdue,2025-11-01 02:56:25,,
317,466,200,2025-10-17 02:56:25,2025-11-19 02:56:25,5450.49,381.53,0.0,Paid,2025-10-17 02:56:25,2025-10-26 02:56:25,Us stuff practice social case expert stop.
318,420,50,2025-10-28 02:56:25,2025-11-17 02:56:25,4629.42,324.06,224.17,Paid,2025-10-28 02:56:25,2025-11-27 02:56:25,Serve light past town affect democratic change vote participant.
319,21,94,2025-09-24 02:56:25,2025-10-28 02:56:25,2357.71,165.04,71.83,Unpaid,2025-09-24 02:56:25,2025-10-13 02:56:25,Book explain feeling answer information soldier lead book toward others administration.
320,386,87,2025-10-04 02:56:25,2025-10-29 02:56:25,4590.85,321.36,0.0,Overdue,2025-10-04 02:56:25,,Offer responsibility fact ability good number cost property model guess well name.
321,290,75,2025-09-24 02:56:25,2025-11-08 02:56:25,7105.28,497.37,126.22,Unpaid,2025-09-24 02:56:25,,Never hospital like player wonder effect administration small general run pick sign same forward.
322,729,5,2025-09-26 02:56:25,2025-11-05 02:56:25,2803.03,196.21,228.87,Unpaid,2025-09-26 02:56:25,2025-10-25 02:56:25,
323,134,44,2025-09-25 02:56:25,2025-10-27 02:56:25,2209.31,154.65,0.0,Paid,2025-09-25 02:56:25,,Good full poor store range.
324,497,164,2025-10-04 02:56:25,2025-11-13 02:56:25,3267.65,228.74,0.0,Unpaid,2025-10-04 02:56:25,2025-10-08 02:56:25,
325,482,11,2025-10-17 02:56:25,2025-11-09 02:56:25,6757.3,473.01,0.0,Unpaid,2025-10-17 02:56:25,2025-11-05 02:56:25,Place specific as simply leader fall analysis current among value middle writer myself.
326,344,53,2025-09-28 02:56:25,2025-10-29 02:56:25,9273.21,649.12,0.0,Unpaid,2025-09-28 02:56:25,2025-10-23 02:56:25,
327,436,59,2025-09-18 02:56:25,2025-10-31 02:56:25,8216.82,575.18,0.0,Paid,2025-09-18 02:56:25,2025-09-25 02:56:25,
328,620,93,2025-10-10 02:56:25,2025-10-30 02:56:25,6646.5,465.26,653.76,Overdue,2025-10-10 02:56:25,2025-11-09 02:56:25,
329,365,108,2025-09-12 02:56:25,2025-10-10 02:56:25,1506.47,105.45,33.44,Overdue,2025-09-12 02:56:25,2025-09-30 02:56:25,
330,804,161,2025-10-18 02:56:25,2025-11-16 02:56:25,4054.14,283.79,275.5,Overdue,2025-10-18 02:56:25,2025-10-29 02:56:25,
331,146,35,2025-10-02 02:56:25,2025-10-20 02:56:25,3306.61,231.46,0.0,Paid,2025-10-02 02:56:25,2025-11-01 02:56:25,
332,513,102,2025-10-10 02:56:25,2025-11-03 02:56:25,3759.13,263.14,0.0,Overdue,2025-10-10 02:56:25,2025-10-25 02:56:25,Already positive experience television answer pretty event son join hundred keep.
333,438,107,2025-10-12 02:56:25,2025-10-29 02:56:25,3352.51,234.68,0.0,Paid,2025-10-12 02:56:25,2025-10-22 02:56:25,
334,282,185,2025-09-19 02:56:25,2025-10-29 02:56:25,2061.36,144.3,0.0,Paid,2025-09-19 02:56:25,2025-10-06 02:56:25,Fund cost reality happen something entire bar interesting issue yet Congress.
335,704,182,2025-10-03 02:56:25,2025-10-25 02:56:25,8078.68,565.51,0.0,Paid,2025-10-03 02:56:25,2025-10-16 02:56:25,Fly bag produce fill owner international ready.
336,621,40,2025-10-04 02:56:25,2025-11-06 02:56:25,4580.75,320.65,98.39,Unpaid,2025-10-04 02:56:25,,
337,863,56,2025-10-28 02:56:25,2025-11-30 02:56:25,1466.64,102.66,0.0,Paid,2025-10-28 02:56:25,2025-11-03 02:56:25,Language risk treatment past itself police social arm provide.
338,510,112,2025-09-20 02:56:25,2025-11-01 02:56:25,5150.1,360.51,0.0,Unpaid,2025-09-20 02:56:25,2025-10-09 02:56:25,Guy song quickly well central parent.
339,800,120,2025-10-10 02:56:25,2025-11-05 02:56:25,8532.42,597.27,0.0,Overdue,2025-10-10 02:56:25,,Alone attack sing hand him note.
340,565,23,2025-09-19 02:56:25,2025-10-08 02:56:25,3475.26,243.27,40.64,Unpaid,2025-09-19 02:56:25,2025-10-05 02:56:25,Check last he know baby case happen fire everything.
341,855,72,2025-09-26 02:56:25,2025-10-23 02:56:25,4518.87,316.32,242.83,Overdue,2025-09-26 02:56:25,,Ago control military trial brother.
342,843,139,2025-10-01 02:56:25,2025-10-25 02:56:25,1832.82,128.3,82.66,Paid,2025-10-01 02:56:25,,
343,665,189,2025-10-01 02:56:25,2025-10-20 02:56:25,2353.72,164.76,132.18,Overdue,2025-10-01 02:56:25,2025-10-22 02:56:25,Region Democrat partner really your customer career available common require young.
344,907,98,2025-10-01 02:56:25,2025-10-21 02:56:25,1285.37,89.98,97.82,Unpaid,2025-10-01 02:56:25,2025-10-08 02:56:25,
345,434,41,2025-10-22 02:56:25,2025-11-30 02:56:25,4844.55,339.12,0.0,Unpaid,2025-10-22 02:56:25,2025-10-25 02:56:25,
346,407,80,2025-10-15 02:56:25,2025-11-23 02:56:25,5659.51,396.17,0.0,Overdue,2025-10-15 02:56:25,,Property remember nearly face feel church remember record company gun difference world.
347,837,7,2025-09-28 02:56:25,2025-10-19 02:56:25,9902.87,693.2,822.01,Paid,2025-09-28 02:56:25,2025-09-29 02:56:25,Door management guess occur level work candidate.
348,317,99,2025-09-07 02:56:25,2025-10-18 02:56:25,1326.34,92.84,0.0,Paid,2025-09-07 02:56:25,,Assume huge response long improve important offer.
349,247,9,2025-09-07 02:56:25,2025-10-14 02:56:25,6297.49,440.82,388.02,Paid,2025-09-07 02:56:25,,
350,505,69,2025-09-26 02:56:25,2025-10-22 02:56:25,5556.67,388.97,0.0,Paid,2025-09-26 02:56:25,2025-10-18 02:56:25,Win politics last quite general there.
351,854,130,2025-09-02 02:56:25,2025-10-14 02:56:25,5386.94,377.09,0.0,Paid,2025-09-02 02:56:25,2025-09-26 02:56:25,
352,200,93,2025-09-04 02:56:25,2025-09-20 02:56:25,9928.62,695.0,0.0,Paid,2025-09-04 02:56:25,,Policy consider whom item treat area buy check clearly.
353,185,63,2025-09-17 02:56:25,2025-10-12 02:56:25,8370.58,585.94,0.0,Overdue,2025-09-17 02:56:25,2025-09-21 02:56:25,
354,219,25,2025-10-15 02:56:25,2025-11-19 02:56:25,4435.14,310.46,281.02,Paid,2025-10-15 02:56:25,2025-11-07 02:56:25,Various different way million exist bad cultural what ever person.
355,940,182,2025-10-03 02:56:25,2025-11-17 02:56:25,5136.42,359.55,0.0,Overdue,2025-10-03 02:56:25,2025-10-17 02:56:25,
356,946,90,2025-09-18 02:56:25,2025-10-14 02:56:25,8576.01,600.32,0.0,Unpaid,2025-09-18 02:56:25,2025-10-01 02:56:25,
357,752,46,2025-10-01 02:56:25,2025-10-24 02:56:25,3567.22,249.71,195.24,Paid,2025-10-01 02:56:25,2025-10-16 02:56:25,
358,488,31,2025-09-05 02:56:25,2025-10-11 02:56:25,7741.41,541.9,484.75,Unpaid,2025-09-05 02:56:25,2025-10-04 02:56:25,
359,928,89,2025-10-04 02:56:25,2025-11-02 02:56:25,506.42,35.45,0.0,Paid,2025-10-04 02:56:25,,
360,799,146,2025-09-06 02:56:25,2025-10-11 02:56:25,3367.72,235.74,0.0,Unpaid,2025-09-06 02:56:25,2025-09-17 02:56:25,Move maybe collection walk child probably result painting successful nor stay agreement animal.
361,900,22,2025-09-20 02:56:25,2025-11-02 02:56:25,6664.66,466.53,416.94,Overdue,2025-09-20 02:56:25,2025-09-27 02:56:25,Enough decision occur peace air threat nation.
362,452,98,2025-09-17 02:56:25,2025-10-05 02:56:25,510.32,35.72,6.77,Paid,2025-09-17 02:56:25,2025-10-01 02:56:25,Lot source rate father authority art keep machine daughter.
363,785,55,2025-09-10 02:56:25,2025-09-28 02:56:25,9887.47,692.12,130.69,Paid,2025-09-10 02:56:25,2025-09-12 02:56:25,
364,276,68,2025-10-26 02:56:25,2025-11-13 02:56:25,3476.84,243.38,0.0,Paid,2025-10-26 02:56:25,2025-11-21 02:56:25,
365,874,36,2025-10-24 02:56:25,2025-11-28 02:56:25,9932.93,695.31,526.95,Paid,2025-10-24 02:56:25,2025-10-29 02:56:25,Century technology floor write generation human set middle blood drop.
366,37,98,2025-09-22 02:56:25,2025-10-30 02:56:25,1938.05,135.66,133.06,Paid,2025-09-22 02:56:25,2025-09-25 02:56:25,Environment easy best face.
367,112,175,2025-09-25 02:56:25,2025-11-02 02:56:25,4148.3,290.38,0.0,Unpaid,2025-09-25 02:56:25,,Ten industry while total spend value.
368,500,60,2025-10-17 02:56:25,2025-11-18 02:56:25,6209.49,434.66,0.0,Unpaid,2025-10-17 02:56:25,,
369,31,159,2025-09-08 02:56:25,2025-10-20 02:56:25,6754.85,472.84,349.73,Overdue,2025-09-08 02:56:25,2025-09-20 02:56:25,Couple city you level these.
370,430,27,2025-09-12 02:56:25,2025-10-25 02:56:25,8040.89,562.86,310.29,Paid,2025-09-12 02:56:25,2025-10-01 02:56:25,Age war measure whom Democrat good.
371,607,15,2025-10-09 02:56:25,2025-11-22 02:56:25,3506.49,245.45,294.19,Unpaid,2025-10-09 02:56:25,2025-10-30 02:56:25,Example our successful pull experience account blue.
372,810,39,2025-09-13 02:56:25,2025-09-30 02:56:25,658.55,46.1,17.27,Paid,2025-09-13 02:56:25,,
373,904,76,2025-10-07 02:56:25,2025-11-07 02:56:25,3221.63,225.51,0.0,Unpaid,2025-10-07 02:56:25,2025-10-19 02:56:25,Think road shake hand hundred.
374,242,82,2025-10-15 02:56:25,2025-11-01 02:56:25,3444.12,241.09,0.0,Paid,2025-10-15 02:56:25,,No guy eye hit late near stay perhaps particularly campaign benefit health would.
375,845,73,2025-10-07 02:56:25,2025-11-09 02:56:25,6525.8,456.81,0.0,Overdue,2025-10-07 02:56:25,2025-10-16 02:56:25,
376,207,160,2025-09-16 02:56:25,2025-10-31 02:56:25,8541.45,597.9,73.64,Unpaid,2025-09-16 02:56:25,2025-10-05 02:56:25,
377,737,70,2025-10-13 02:56:25,2025-11-18 02:56:25,7546.09,528.23,0.0,Paid,2025-10-13 02:56:25,2025-10-17 02:56:25,
378,745,95,2025-10-22 02:56:25,2025-11-21 02:56:25,9553.65,668.76,0.0,Overdue,2025-10-22 02:56:25,2025-11-02 02:56:25,Voice sense current meeting matter and case four listen lead paper.
379,733,79,2025-09-16 02:56:25,2025-10-29 02:56:25,1621.54,113.51,0.0,Unpaid,2025-09-16 02:56:25,,Cause use five hotel pattern successful order.
380,807,132,2025-10-16 02:56:25,2025-11-22 02:56:25,9762.98,683.41,0.0,Unpaid,2025-10-16 02:56:25,2025-10-27 02:56:25,Stock mother remember feel staff happy purpose woman.
381,429,8,2025-10-09 02:56:25,2025-10-29 02:56:25,2923.6,204.65,167.79,Overdue,2025-10-09 02:56:25,2025-11-01 02:56:25,
382,354,73,2025-10-30 02:56:25,2025-12-11 02:56:25,8697.82,608.85,410.33,Unpaid,2025-10-30 02:56:25,,Film together the picture others enter.
383,938,148,2025-09-27 02:56:25,2025-11-06 02:56:25,9182.5,642.78,0.0,Unpaid,2025-09-27 02:56:25,2025-10-04 02:56:25,Officer return on color pick people subject challenge quite all way body affect.
384,456,72,2025-10-15 02:56:25,2025-11-25 02:56:25,1239.93,86.8,62.25,Paid,2025-10-15 02:56:25,2025-11-09 02:56:25,
385,212,161,2025-10-30 02:56:25,2025-12-14 02:56:25,4308.79,301.62,0.0,Unpaid,2025-10-30 02:56:25,,Industry include data maybe particularly likely.
386,559,155,2025-09-27 02:56:25,2025-10-26 02:56:25,575.71,40.3,32.46,Unpaid,2025-09-27 02:56:25,,Relationship million night your long heavy.
387,760,23,2025-09-25 02:56:25,2025-10-25 02:56:25,9978.98,698.53,0.0,Overdue,2025-09-25 02:56:25,,
388,791,125,2025-10-17 02:56:25,2025-11-05 02:56:25,560.59,39.24,13.06,Unpaid,2025-10-17 02:56:25,2025-11-08 02:56:25,
389,289,173,2025-09-02 02:56:25,2025-09-27 02:56:25,513.89,35.97,0.0,Overdue,2025-09-02 02:56:25,,Least mouth national put test race.
390,914,49,2025-10-06 02:56:25,2025-11-05 02:56:25,9631.26,674.19,0.0,Paid,2025-10-06 02:56:25,,Particular court east newspaper different win father.
391,368,147,2025-09-05 02:56:25,2025-10-17 02:56:25,5437.71,380.64,0.0,Unpaid,2025-09-05 02:56:25,2025-09-28 02:56:25,Relate real major look night.
392,654,61,2025-09-30 02:56:25,2025-10-19 02:56:25,6553.55,458.75,387.9,Paid,2025-09-30 02:56:25,2025-10-30 02:56:25,Explain of myself time house generation significant chair.
393,60,167,2025-10-16 02:56:25,2025-11-27 02:56:25,3492.58,244.48,0.0,Overdue,2025-10-16 02:56:25,,Explain research get kind either look dark.
394,690,45,2025-10-15 02:56:25,2025-11-06 02:56:25,1209.53,84.67,94.34,Overdue,2025-10-15 02:56:25,2025-10-18 02:56:25,Even no even body scientist dream anything toward difficult do beyond form line race case.
395,769,130,2025-10-12 02:56:25,2025-11-09 02:56:25,1647.0,115.29,126.87,Unpaid,2025-10-12 02:56:25,2025-10-20 02:56:25,
396,816,55,2025-10-27 02:56:25,2025-11-16 02:56:25,8172.17,572.05,575.9,Overdue,2025-10-27 02:56:25,2025-11-22 02:56:25,
397,562,30,2025-10-23 02:56:25,2025-11-09 02:56:25,7256.0,507.92,0.0,Unpaid,2025-10-23 02:56:25,2025-11-13 02:56:25,Within citizen present thing little practice sense expert experience.
398,701,34,2025-10-31 02:56:25,2025-12-15 02:56:25,4341.73,303.92,324.8,Paid,2025-10-31 02:56:25,2025-11-03 02:56:25,
399,158,42,2025-10-24 02:56:25,2025-11-11 02:56:25,613.59,42.95,0.0,Paid,2025-10-24 02:56:25,2025-11-19 02:56:25,Traditional become off movement.
400,176,152,2025-09-25 02:56:25,2025-10-28 02:56:25,2958.8,207.12,0.0,Paid,2025-09-25 02:56:25,,Tree company think compare try young however.
401,616,119,2025-09-11 02:56:25,2025-09-30 02:56:25,1373.8,96.17,0.0,Unpaid,2025-09-11 02:56:25,2025-10-11 02:56:25,Control see the face also fear owner up.
402,827,164,2025-09-03 02:56:25,2025-10-06 02:56:25,4614.99,323.05,0.0,Unpaid,2025-09-03 02:56:25,2025-09-24 02:56:25,Expect writer myself management voice surface life cover both class.
403,144,3,2025-10-19 02:56:25,2025-12-02 02:56:25,2277.94,159.46,201.24,Paid,2025-10-19 02:56:25,2025-11-07 02:56:25,Possible responsibility add front far purpose cover particularly police if.
404,536,100,2025-10-01 02:56:25,2025-10-29 02:56:25,8886.4,622.05,77.95,Unpaid,2025-10-01 02:56:25,2025-10-07 02:56:25,
405,708,31,2025-09-11 02:56:25,2025-10-12 02:56:25,2866.9,200.68,0.0,Overdue,2025-09-11 02:56:25,,
406,215,196,2025-09-12 02:56:25,2025-10-19 02:56:25,3911.57,273.81,0.0,Unpaid,2025-09-12 02:56:25,2025-09-30 02:56:25,
407,91,84,2025-10-08 02:56:25,2025-10-31 02:56:25,2208.25,154.58,48.37,Unpaid,2025-10-08 02:56:25,2025-10-23 02:56:25,
408,597,36,2025-09-13 02:56:25,2025-10-16 02:56:25,9996.25,699.74,0.0,Paid,2025-09-13 02:56:25,2025-09-20 02:56:25,Middle beautiful protect continue cell.
409,444,43,2025-09-14 02:56:25,2025-10-29 02:56:25,2584.41,180.91,0.0,Unpaid,2025-09-14 02:56:25,2025-10-10 02:56:25,
410,603,169,2025-10-21 02:56:25,2025-11-10 02:56:25,2747.24,192.31,202.78,Unpaid,2025-10-21 02:56:25,,Very according himself land environment form old of end growth.
411,384,1,2025-09-02 02:56:25,2025-10-05 02:56:25,5854.26,409.8,0.0,Paid,2025-09-02 02:56:25,,
412,906,150,2025-10-01 02:56:25,2025-11-02 02:56:25,3436.0,240.52,31.01,Paid,2025-10-01 02:56:25,2025-10-01 02:56:25,
413,71,106,2025-11-01 02:56:25,2025-11-26 02:56:25,9220.01,645.4,120.31,Overdue,2025-11-01 02:56:25,2025-11-26 02:56:25,
414,84,74,2025-10-12 02:56:25,2025-10-28 02:56:25,708.17,49.57,0.0,Paid,2025-10-12 02:56:25,,
415,201,10,2025-09-07 02:56:25,2025-10-03 02:56:25,9625.31,673.77,906.63,Unpaid,2025-09-07 02:56:25,2025-09-17 02:56:25,Artist brother fill if maybe time.
416,614,149,2025-10-22 02:56:25,2025-11-29 02:56:25,9512.59,665.88,0.0,Unpaid,2025-10-22 02:56:25,2025-10-27 02:56:25,
417,228,193,2025-09-27 02:56:25,2025-11-03 02:56:25,8951.2,626.58,0.0,Unpaid,2025-09-27 02:56:25,2025-10-15 02:56:25,
418,278,15,2025-10-08 02:56:25,2025-11-01 02:56:25,7472.95,523.11,132.8,Paid,2025-10-08 02:56:25,,
419,243,22,2025-10-07 02:56:25,2025-11-18 02:56:25,9945.69,696.2,0.0,Paid,2025-10-07 02:56:25,2025-10-17 02:56:25,
420,740,44,2025-09-23 02:56:25,2025-10-15 02:56:25,6576.64,460.36,326.32,Unpaid,2025-09-23 02:56:25,,Real police wait happen determine whatever long lawyer writer.
421,102,27,2025-10-22 02:56:25,2025-11-26 02:56:25,8910.54,623.74,631.73,Overdue,2025-10-22 02:56:25,,Indeed near likely Mr professional.
422,768,72,2025-10-16 02:56:25,2025-11-06 02:56:25,2870.64,200.94,73.68,Paid,2025-10-16 02:56:25,,Seven quite other skin moment month gun true born stock.
423,66,39,2025-09-16 02:56:25,2025-10-14 02:56:25,9706.47,679.45,0.0,Unpaid,2025-09-16 02:56:25,,Dark Mr clearly take kind quite response major together knowledge argue car indeed.
424,748,146,2025-10-26 02:56:25,2025-12-06 02:56:25,5055.15,353.86,0.0,Overdue,2025-10-26 02:56:25,,Around left southern rich how staff second official and general as yes various attorney value.
425,598,65,2025-10-28 02:56:25,2025-12-07 02:56:25,8534.74,597.43,272.02,Paid,2025-10-28 02:56:25,2025-11-02 02:56:25,
426,886,166,2025-10-22 02:56:25,2025-11-29 02:56:25,1212.52,84.88,0.0,Paid,2025-10-22 02:56:25,2025-11-10 02:56:25,
427,836,200,2025-09-17 02:56:25,2025-10-02 02:56:25,4597.57,321.83,0.0,Overdue,2025-09-17 02:56:25,,Expert conference career.
428,402,199,2025-10-11 02:56:25,2025-11-01 02:56:25,9756.78,682.97,540.64,Overdue,2025-10-11 02:56:25,2025-11-01 02:56:25,Hear through large true help bag who themselves card.
429,179,97,2025-10-26 02:56:25,2025-11-11 02:56:25,4232.57,296.28,0.0,Unpaid,2025-10-26 02:56:25,2025-11-06 02:56:25,Budget year hotel camera without strong.
430,570,56,2025-10-14 02:56:25,2025-11-24 02:56:25,6789.19,475.24,0.0,Paid,2025-10-14 02:56:25,2025-10-20 02:56:25,Without leg rest interest here.
431,755,148,2025-10-27 02:56:25,2025-11-26 02:56:25,8515.81,596.11,338.48,Unpaid,2025-10-27 02:56:25,,Easy get every visit right both special information she.
432,262,31,2025-10-21 02:56:25,2025-11-16 02:56:25,8912.18,623.85,397.28,Unpaid,2025-10-21 02:56:25,2025-10-29 02:56:25,Drive attack order land public.
433,735,52,2025-09-26 02:56:25,2025-10-12 02:56:25,1935.74,135.5,0.0,Paid,2025-09-26 02:56:25,2025-10-07 02:56:25,
434,672,65,2025-10-06 02:56:25,2025-11-14 02:56:25,6102.4,427.17,0.0,Unpaid,2025-10-06 02:56:25,,Each analysis keep music senior simply cell.
435,229,177,2025-09-26 02:56:25,2025-11-08 02:56:25,2738.6,191.7,108.12,Overdue,2025-09-26 02:56:25,2025-10-14 02:56:25,
436,817,98,2025-09-11 02:56:25,2025-10-14 02:56:25,6936.58,485.56,0.0,Paid,2025-09-11 02:56:25,,Doctor trouble office officer significant stand.
437,714,162,2025-10-19 02:56:25,2025-11-28 02:56:25,2330.9,163.16,18.27,Overdue,2025-10-19 02:56:25,2025-11-14 02:56:25,
438,869,41,2025-09-09 02:56:25,2025-10-13 02:56:25,2949.92,206.49,0.0,Paid,2025-09-09 02:56:25,2025-09-26 02:56:25,Few century produce determine feel article we they treatment.
439,413,100,2025-09-08 02:56:25,2025-10-01 02:56:25,5437.04,380.59,0.0,Paid,2025-09-08 02:56:25,,
440,707,157,2025-09-29 02:56:25,2025-11-08 02:56:25,4486.14,314.03,66.48,Overdue,2025-09-29 02:56:25,2025-10-29 02:56:25,
441,464,1,2025-09-03 02:56:25,2025-09-21 02:56:25,5845.5,409.19,167.24,Overdue,2025-09-03 02:56:25,,
442,932,172,2025-10-16 02:56:25,2025-11-12 02:56:25,6720.48,470.43,0.0,Unpaid,2025-10-16 02:56:25,2025-10-24 02:56:25,Quickly new another general poor high modern recent impact feel contain Mrs drive different tax.
443,526,18,2025-10-30 02:56:25,2025-11-26 02:56:25,8950.96,626.57,212.66,Overdue,2025-10-30 02:56:25,2025-11-07 02:56:25,
444,279,109,2025-10-31 02:56:25,2025-11-25 02:56:25,8265.17,578.56,231.71,Unpaid,2025-10-31 02:56:25,,
445,713,58,2025-09-07 02:56:25,2025-09-29 02:56:25,1776.66,124.37,0.0,Unpaid,2025-09-07 02:56:25,,South trip none whose newspaper care drug data.
446,511,190,2025-09-24 02:56:25,2025-10-29 02:56:25,1348.23,94.38,123.15,Unpaid,2025-09-24 02:56:25,,
447,216,39,2025-09-07 02:56:25,2025-10-03 02:56:25,8299.67,580.98,0.0,Paid,2025-09-07 02:56:25,2025-09-29 02:56:25,
448,339,116,2025-10-24 02:56:25,2025-12-02 02:56:25,8587.31,601.11,0.0,Paid,2025-10-24 02:56:25,2025-11-21 02:56:25,
449,74,9,2025-09-09 02:56:25,2025-09-25 02:56:25,2870.16,200.91,263.49,Overdue,2025-09-09 02:56:25,2025-09-20 02:56:25,
450,385,135,2025-09-30 02:56:25,2025-10-27 02:56:25,6536.39,457.55,19.98,Unpaid,2025-09-30 02:56:25,2025-10-14 02:56:25,Two suggest begin right couple environmental purpose owner.
451,847,184,2025-09-25 02:56:25,2025-10-27 02:56:25,3822.72,267.59,341.94,Overdue,2025-09-25 02:56:25,,Could seven right.
452,937,15,2025-10-08 02:56:25,2025-10-24 02:56:25,2047.62,143.33,0.0,Paid,2025-10-08 02:56:25,,
453,16,93,2025-09-19 02:56:25,2025-10-10 02:56:25,3056.29,213.94,6.13,Overdue,2025-09-19 02:56:25,2025-10-18 02:56:25,Describe decade trade field training deep couple scientist section.
454,285,59,2025-09-24 02:56:25,2025-11-03 02:56:25,580.41,40.63,46.73,Unpaid,2025-09-24 02:56:25,,
455,546,119,2025-10-15 02:56:25,2025-11-12 02:56:25,9007.09,630.5,0.0,Unpaid,2025-10-15 02:56:25,2025-10-29 02:56:25,Trial receive region however dream focus executive letter possible final growth third letter.
456,398,178,2025-09-25 02:56:25,2025-10-13 02:56:25,569.8,39.89,0.0,Unpaid,2025-09-25 02:56:25,2025-10-14 02:56:25,
457,295,46,2025-10-13 02:56:25,2025-11-18 02:56:25,1526.99,106.89,150.92,Overdue,2025-10-13 02:56:25,2025-10-21 02:56:25,Seven floor data fine animal ten scientist administration network once.
458,264,196,2025-10-20 02:56:25,2025-11-08 02:56:25,5414.29,379.0,30.74,Overdue,2025-10-20 02:56:25,2025-10-30 02:56:25,
459,949,133,2025-09-16 02:56:25,2025-10-01 02:56:25,6726.31,470.84,0.0,Unpaid,2025-09-16 02:56:25,,Far cultural discover now early.
460,924,53,2025-09-25 02:56:25,2025-11-01 02:56:25,9950.16,696.51,0.0,Unpaid,2025-09-25 02:56:25,,Pressure range either start whom politics make collection some college result major true my politics.
461,481,104,2025-09-04 02:56:25,2025-10-19 02:56:25,6882.75,481.79,0.0,Paid,2025-09-04 02:56:25,,
462,494,180,2025-10-21 02:56:25,2025-11-14 02:56:25,1427.23,99.91,36.92,Overdue,2025-10-21 02:56:25,,Model stuff avoid stand any according.
463,313,8,2025-09-21 02:56:25,2025-10-08 02:56:25,2611.41,182.8,227.57,Unpaid,2025-09-21 02:56:25,,Successful discuss religious across media health.
464,868,194,2025-09-25 02:56:25,2025-10-19 02:56:25,4905.73,343.4,26.33,Overdue,2025-09-25 02:56:25,2025-10-25 02:56:25,
465,88,54,2025-10-02 02:56:25,2025-11-14 02:56:25,2348.17,164.37,159.84,Overdue,2025-10-02 02:56:25,2025-10-03 02:56:25,
466,507,116,2025-10-23 02:56:25,2025-11-11 02:56:25,9927.3,694.91,980.01,Unpaid,2025-10-23 02:56:25,2025-11-19 02:56:25,
467,864,69,2025-09-13 02:56:25,2025-09-30 02:56:25,5132.02,359.24,0.0,Paid,2025-09-13 02:56:25,2025-09-14 02:56:25,Point value tree process administration mother in admit reveal movie expert maybe.
468,423,130,2025-10-19 02:56:25,2025-11-27 02:56:25,7848.65,549.41,0.0,Paid,2025-10-19 02:56:25,2025-11-12 02:56:25,
469,462,132,2025-10-24 02:56:25,2025-11-27 02:56:25,4620.26,323.42,198.22,Unpaid,2025-10-24 02:56:25,2025-10-25 02:56:25,
470,545,81,2025-09-16 02:56:25,2025-10-12 02:56:25,9525.65,666.8,0.0,Overdue,2025-09-16 02:56:25,2025-10-07 02:56:25,South travel blood benefit chance court money spring environment.
471,46,175,2025-10-18 02:56:25,2025-11-24 02:56:25,8831.36,618.2,90.71,Overdue,2025-10-18 02:56:25,2025-10-23 02:56:25,Bad where learn during recently.
472,561,50,2025-10-13 02:56:25,2025-11-27 02:56:25,3262.86,228.4,0.0,Overdue,2025-10-13 02:56:25,2025-10-26 02:56:25,
473,237,197,2025-10-24 02:56:25,2025-11-18 02:56:25,9963.32,697.43,747.36,Paid,2025-10-24 02:56:25,,
474,177,137,2025-10-07 02:56:25,2025-10-22 02:56:25,2669.97,186.9,0.0,Paid,2025-10-07 02:56:25,2025-10-07 02:56:25,
475,850,48,2025-10-22 02:56:25,2025-11-09 02:56:25,3982.62,278.78,0.0,Paid,2025-10-22 02:56:25,2025-11-11 02:56:25,Range summer president teach.
476,556,54,2025-09-24 02:56:25,2025-10-10 02:56:25,6788.71,475.21,0.0,Paid,2025-09-24 02:56:25,2025-09-27 02:56:25,Behavior here need argue act commercial matter.
477,676,76,2025-10-25 02:56:25,2025-11-26 02:56:25,2901.01,203.07,0.0,Paid,2025-10-25 02:56:25,2025-11-14 02:56:25,Population former with wind thus try discover top realize note even under.
478,197,40,2025-09-20 02:56:25,2025-10-08 02:56:25,6793.59,475.55,411.44,Paid,2025-09-20 02:56:25,2025-10-18 02:56:25,Tonight nor allow up fire.
479,306,24,2025-10-14 02:56:25,2025-11-01 02:56:25,7955.22,556.87,484.47,Unpaid,2025-10-14 02:56:25,,
480,275,200,2025-10-10 02:56:25,2025-11-16 02:56:25,4392.68,307.49,240.78,Paid,2025-10-10 02:56:25,2025-10-25 02:56:25,Onto sell require huge.
481,106,73,2025-11-01 02:56:25,2025-12-07 02:56:25,1345.53,94.19,77.25,Unpaid,2025-11-01 02:56:25,2025-11-03 02:56:25,
482,314,26,2025-10-28 02:56:25,2025-12-05 02:56:25,7373.97,516.18,0.0,Overdue,2025-10-28 02:56:25,2025-11-06 02:56:25,Federal nor note.
483,281,53,2025-10-26 02:56:25,2025-12-06 02:56:25,2159.67,151.18,62.75,Overdue,2025-10-26 02:56:25,2025-11-18 02:56:25,Quality music himself science so.
484,818,76,2025-11-01 02:56:25,2025-12-13 02:56:25,1814.75,127.03,0.0,Unpaid,2025-11-01 02:56:25,2025-11-15 02:56:25,
485,45,64,2025-10-15 02:56:25,2025-11-27 02:56:25,7464.15,522.49,255.81,Paid,2025-10-15 02:56:25,2025-11-14 02:56:25,May window approach join stuff future shoulder.
486,919,150,2025-09-18 02:56:25,2025-10-30 02:56:25,5043.33,353.03,446.9,Paid,2025-09-18 02:56:25,2025-10-10 02:56:25,
487,649,67,2025-09-02 02:56:25,2025-10-14 02:56:25,2014.26,141.0,118.99,Overdue,2025-09-02 02:56:25,2025-09-07 02:56:25,
488,722,123,2025-09-13 02:56:25,2025-10-09 02:56:25,6307.9,441.55,0.0,Overdue,2025-09-13 02:56:25,,However similar ahead event yeah make green wait it quickly produce beat peace something require bank.
489,230,24,2025-10-25 02:56:25,2025-12-07 02:56:25,4407.2,308.5,115.3,Unpaid,2025-10-25 02:56:25,2025-11-21 02:56:25,
490,270,181,2025-09-13 02:56:25,2025-10-21 02:56:25,5978.17,418.47,0.0,Overdue,2025-09-13 02:56:25,,
491,87,190,2025-09-18 02:56:25,2025-10-25 02:56:25,6373.27,446.13,463.11,Unpaid,2025-09-18 02:56:25,2025-10-09 02:56:25,
492,543,8,2025-10-23 02:56:25,2025-12-03 02:56:25,8351.16,584.58,0.0,Overdue,2025-10-23 02:56:25,2025-11-12 02:56:25,
493,240,47,2025-09-30 02:56:25,2025-11-11 02:56:25,4958.24,347.08,82.01,Unpaid,2025-09-30 02:56:25,2025-10-10 02:56:25,
494,772,112,2025-10-29 02:56:25,2025-11-29 02:56:25,2615.71,183.1,0.0,Unpaid,2025-10-29 02:56:25,,Here six child hope guess before wall know seven.
495,851,19,2025-09-11 02:56:25,2025-10-14 02:56:25,4756.94,332.99,0.0,Unpaid,2025-09-11 02:56:25,2025-09-26 02:56:25,
496,694,190,2025-10-31 02:56:25,2025-11-18 02:56:25,4332.68,303.29,237.91,Paid,2025-10-31 02:56:25,,
497,315,195,2025-09-22 02:56:25,2025-10-16 02:56:25,8956.05,626.92,0.0,Overdue,2025-09-22 02:56:25,2025-10-22 02:56:25,Car cost large.
498,473,10,2025-09-10 02:56:25,2025-10-02 02:56:25,8521.02,596.47,653.92,Overdue,2025-09-10 02:56:25,2025-10-01 02:56:25,Mention billion bed never others six tell activity including single right nice yeah drug minute.
499,394,62,2025-10-25 02:56:25,2025-11-12 02:56:25,7713.54,539.95,263.31,Overdue,2025-10-25 02:56:25,,College especially environmental certainly cold every feel site guess want.
500,792,181,2025-09-18 02:56:25,2025-10-06 02:56:25,934.89,65.44,13.13,Overdue,2025-09-18 02:56:25,,Many pattern leader career according how success here television key issue statement.
501,682,119,2025-09-23 02:56:25,2025-10-14 02:56:25,2281.66,159.72,0.0,Unpaid,2025-09-23 02:56:25,2025-10-19 02:56:25,
502,80,140,2025-09-17 02:56:25,2025-10-12 02:56:25,1523.77,106.66,141.2,Overdue,2025-09-17 02:56:25,2025-10-11 02:56:25,
503,939,46,2025-10-03 02:56:25,2025-11-08 02:56:25,6098.5,426.9,0.0,Unpaid,2025-10-03 02:56:25,2025-10-26 02:56:25,Carry fly water cut fire who why fact reason make office drug heavy staff.
504,61,6,2025-09-09 02:56:25,2025-10-12 02:56:25,5087.85,356.15,0.0,Paid,2025-09-09 02:56:25,2025-09-14 02:56:25,
505,232,101,2025-10-24 02:56:25,2025-11-11 02:56:25,4180.35,292.62,0.0,Unpaid,2025-10-24 02:56:25,2025-11-05 02:56:25,Half usually customer young conference should agree road.
506,415,23,2025-10-15 02:56:25,2025-11-11 02:56:25,9654.14,675.79,0.0,Unpaid,2025-10-15 02:56:25,,Just fact realize standard somebody important material.
507,663,55,2025-09-09 02:56:25,2025-10-16 02:56:25,5704.16,399.29,420.29,Overdue,2025-09-09 02:56:25,2025-09-15 02:56:25,Drug probably resource smile available wrong look husband.
508,2,123,2025-09-19 02:56:25,2025-10-15 02:56:25,9251.32,647.59,657.21,Paid,2025-09-19 02:56:25,2025-10-11 02:56:25,
509,530,31,2025-09-17 02:56:25,2025-10-05 02:56:25,7727.36,540.92,0.0,Overdue,2025-09-17 02:56:25,2025-10-08 02:56:25,
510,865,65,2025-09-19 02:56:25,2025-10-27 02:56:25,8991.73,629.42,0.0,Unpaid,2025-09-19 02:56:25,,
511,521,19,2025-10-31 02:56:25,2025-11-27 02:56:25,1880.6,131.64,0.0,Paid,2025-10-31 02:56:25,2025-11-25 02:56:25,Type thank industry already why reduce speech order trial body eat.
512,613,73,2025-09-19 02:56:25,2025-10-12 02:56:25,1891.07,132.37,148.33,Paid,2025-09-19 02:56:25,,Coach partner none population position whom former someone black better develop section.
513,571,101,2025-10-26 02:56:25,2025-11-29 02:56:25,8746.34,612.24,0.0,Paid,2025-10-26 02:56:25,,
514,347,2,2025-10-17 02:56:25,2025-11-17 02:56:25,7950.92,556.56,0.0,Unpaid,2025-10-17 02:56:25,2025-10-18 02:56:25,
515,673,10,2025-10-08 02:56:25,2025-11-05 02:56:25,9588.67,671.21,0.0,Unpaid,2025-10-08 02:56:25,,Oil offer knowledge hospital sign open matter general agency bit indeed.
516,226,134,2025-10-20 02:56:25,2025-11-23 02:56:25,8754.07,612.78,0.0,Unpaid,2025-10-20 02:56:25,,
517,631,107,2025-09-17 02:56:25,2025-10-24 02:56:25,6652.51,465.68,0.0,Overdue,2025-09-17 02:56:25,,Break wait center find lay.
518,100,179,2025-10-14 02:56:25,2025-11-12 02:56:25,2185.55,152.99,0.0,Paid,2025-10-14 02:56:25,,
519,582,34,2025-10-25 02:56:25,2025-11-21 02:56:25,886.03,62.02,23.41,Paid,2025-10-25 02:56:25,2025-11-02 02:56:25,Miss give best reveal laugh attack and represent against gas.
520,303,190,2025-09-17 02:56:25,2025-10-31 02:56:25,1970.65,137.95,63.58,Paid,2025-09-17 02:56:25,,
521,762,103,2025-09-09 02:56:25,2025-10-15 02:56:25,3360.97,235.27,0.0,Overdue,2025-09-09 02:56:25,2025-10-04 02:56:25,
522,22,179,2025-09-29 02:56:25,2025-10-21 02:56:25,9591.38,671.4,0.0,Overdue,2025-09-29 02:56:25,2025-10-16 02:56:25,
523,328,138,2025-10-27 02:56:25,2025-11-22 02:56:25,2601.38,182.1,86.34,Unpaid,2025-10-27 02:56:25,2025-11-26 02:56:25,
524,860,98,2025-09-29 02:56:25,2025-10-29 02:56:25,9968.0,697.76,0.0,Overdue,2025-09-29 02:56:25,2025-10-20 02:56:25,Quality clearly worker during company.
525,166,172,2025-09-05 02:56:25,2025-10-10 02:56:25,6330.16,443.11,0.0,Paid,2025-09-05 02:56:25,2025-09-15 02:56:25,Former interview left something.
526,934,164,2025-10-08 02:56:25,2025-10-31 02:56:25,5632.25,394.26,513.29,Unpaid,2025-10-08 02:56:25,2025-10-24 02:56:25,Continue policy it ahead pass culture or.
527,388,77,2025-10-14 02:56:25,2025-11-26 02:56:25,6689.52,468.27,55.09,Paid,2025-10-14 02:56:25,2025-11-13 02:56:25,
528,403,145,2025-09-28 02:56:25,2025-10-13 02:56:25,6455.86,451.91,406.41,Paid,2025-09-28 02:56:25,,Above Democrat everything region somebody officer.
529,518,138,2025-10-19 02:56:25,2025-11-20 02:56:25,8373.11,586.12,0.0,Overdue,2025-10-19 02:56:25,,
530,267,10,2025-09-02 02:56:25,2025-09-19 02:56:25,7595.46,531.68,348.8,Unpaid,2025-09-02 02:56:25,2025-09-04 02:56:25,Cost for leader energy television month police others particularly only girl.
531,826,12,2025-09-27 02:56:25,2025-10-14 02:56:25,5962.14,417.35,154.21,Unpaid,2025-09-27 02:56:25,2025-10-09 02:56:25,Pay sport relationship father pass.
532,741,156,2025-10-08 02:56:25,2025-11-13 02:56:25,1623.9,113.67,116.97,Paid,2025-10-08 02:56:25,,
533,751,153,2025-09-18 02:56:25,2025-10-30 02:56:25,1189.6,83.27,0.0,Paid,2025-09-18 02:56:25,2025-10-09 02:56:25,Public finish draw bring.
534,781,164,2025-10-14 02:56:25,2025-11-22 02:56:25,9303.56,651.25,764.87,Paid,2025-10-14 02:56:25,2025-10-31 02:56:25,Really memory industry case himself control player really population yourself never.
535,271,153,2025-09-12 02:56:25,2025-10-22 02:56:25,8569.94,599.9,543.37,Unpaid,2025-09-12 02:56:25,2025-10-11 02:56:25,
536,372,129,2025-09-07 02:56:25,2025-10-15 02:56:25,6655.44,465.88,0.0,Paid,2025-09-07 02:56:25,2025-09-24 02:56:25,Eye cost success people tend weight.
537,193,187,2025-11-01 02:56:25,2025-12-04 02:56:25,6168.22,431.78,0.0,Paid,2025-11-01 02:56:25,2025-11-24 02:56:25,
538,98,51,2025-09-16 02:56:25,2025-10-12 02:56:25,2511.5,175.81,0.0,Overdue,2025-09-16 02:56:25,2025-09-21 02:56:25,Carry spring white measure manager range indeed style major bar.
539,20,114,2025-10-20 02:56:25,2025-11-07 02:56:25,2222.9,155.6,0.0,Paid,2025-10-20 02:56:25,,
540,47,172,2025-09-27 02:56:25,2025-10-26 02:56:25,6624.41,463.71,444.95,Unpaid,2025-09-27 02:56:25,2025-10-20 02:56:25,
541,514,168,2025-09-02 02:56:25,2025-09-27 02:56:25,3892.81,272.5,0.0,Paid,2025-09-02 02:56:25,2025-09-21 02:56:25,Somebody determine allow different eye.
542,353,43,2025-10-12 02:56:25,2025-11-11 02:56:25,4781.14,334.68,0.0,Unpaid,2025-10-12 02:56:25,2025-10-16 02:56:25,
543,686,23,2025-10-09 02:56:25,2025-11-18 02:56:25,3505.17,245.36,1.69,Paid,2025-10-09 02:56:25,,
544,65,23,2025-09-21 02:56:25,2025-10-19 02:56:25,3128.46,218.99,212.6,Unpaid,2025-09-21 02:56:25,,Not significant manager member of environmental myself yard my series service.
545,519,172,2025-09-13 02:56:25,2025-10-07 02:56:25,5126.23,358.84,330.92,Paid,2025-09-13 02:56:25,,
546,225,150,2025-10-24 02:56:25,2025-12-06 02:56:25,5616.87,393.18,497.84,Paid,2025-10-24 02:56:25,,
547,287,159,2025-09-08 02:56:25,2025-10-09 02:56:25,6500.45,455.03,0.0,Overdue,2025-09-08 02:56:25,2025-09-26 02:56:25,National wrong bill stop seem.
548,815,92,2025-09-27 02:56:25,2025-10-20 02:56:25,5662.96,396.41,0.0,Unpaid,2025-09-27 02:56:25,2025-10-01 02:56:25,Themselves allow enjoy television beautiful tend bring.
549,69,23,2025-09-05 02:56:25,2025-10-14 02:56:25,6101.21,427.08,0.0,Paid,2025-09-05 02:56:25,2025-09-21 02:56:25,Decide scene ready technology particular into pattern size spend.
550,765,127,2025-09-30 02:56:25,2025-10-15 02:56:25,6795.45,475.68,0.0,Overdue,2025-09-30 02:56:25,2025-10-24 02:56:25,
551,326,65,2025-10-04 02:56:25,2025-10-24 02:56:25,2201.88,154.13,0.0,Overdue,2025-10-04 02:56:25,,Now mother others collection without fall of weight.
552,617,12,2025-09-02 02:56:25,2025-09-28 02:56:25,883.99,61.88,0.0,Paid,2025-09-02 02:56:25,2025-09-13 02:56:25,World quickly believe while size try yeah term camera tend.
553,391,127,2025-09-29 02:56:25,2025-11-12 02:56:25,8018.87,561.32,736.05,Paid,2025-09-29 02:56:25,2025-10-19 02:56:25,Chair focus easy such hotel central plan physical.
554,191,198,2025-09-09 02:56:25,2025-10-17 02:56:25,3001.5,210.11,0.0,Paid,2025-09-09 02:56:25,2025-09-21 02:56:25,Later plant they behavior middle everything.
555,538,51,2025-09-29 02:56:25,2025-10-22 02:56:25,4075.12,285.26,0.0,Overdue,2025-09-29 02:56:25,2025-10-25 02:56:25,
556,222,45,2025-10-01 02:56:25,2025-11-10 02:56:25,5080.05,355.6,0.0,Overdue,2025-10-01 02:56:25,,Lawyer maintain old than suggest behavior will play.
557,227,99,2025-10-28 02:56:25,2025-11-28 02:56:25,6613.03,462.91,123.6,Unpaid,2025-10-28 02:56:25,2025-11-23 02:56:25,Sure somebody huge why station manager follow exist.
558,758,160,2025-10-06 02:56:25,2025-11-15 02:56:25,3637.14,254.6,245.59,Unpaid,2025-10-06 02:56:25,2025-10-11 02:56:25,
559,124,111,2025-10-06 02:56:25,2025-10-21 02:56:25,2814.87,197.04,166.74,Paid,2025-10-06 02:56:25,2025-10-07 02:56:25,
560,15,192,2025-10-23 02:56:25,2025-11-08 02:56:25,2080.24,145.62,0.0,Overdue,2025-10-23 02:56:25,,
561,808,91,2025-09-26 02:56:25,2025-10-31 02:56:25,676.89,47.38,0.0,Overdue,2025-09-26 02:56:25,,
562,182,137,2025-10-19 02:56:25,2025-11-17 02:56:25,6262.0,438.34,301.62,Paid,2025-10-19 02:56:25,,
563,89,79,2025-09-12 02:56:25,2025-10-15 02:56:25,8294.31,580.6,547.13,Unpaid,2025-09-12 02:56:25,2025-10-03 02:56:25,Official not magazine gas radio any between six least buy tax kid a when dark.
564,203,116,2025-09-24 02:56:25,2025-10-27 02:56:25,1154.01,80.78,15.26,Paid,2025-09-24 02:56:25,2025-10-21 02:56:25,
565,245,93,2025-09-19 02:56:25,2025-10-17 02:56:25,8351.88,584.63,0.0,Paid,2025-09-19 02:56:25,2025-10-08 02:56:25,
566,445,132,2025-09-06 02:56:25,2025-10-16 02:56:25,5548.58,388.4,0.0,Paid,2025-09-06 02:56:25,2025-09-10 02:56:25,
567,811,11,2025-09-28 02:56:25,2025-11-08 02:56:25,511.4,35.8,0.0,Overdue,2025-09-28 02:56:25,2025-10-14 02:56:25,Think few themselves.
568,81,5,2025-09-18 02:56:25,2025-10-19 02:56:25,4575.08,320.26,0.0,Unpaid,2025-09-18 02:56:25,,Behavior growth bar professor power.
569,878,136,2025-10-05 02:56:25,2025-10-24 02:56:25,2917.92,204.25,0.0,Paid,2025-10-05 02:56:25,2025-11-02 02:56:25,
570,651,160,2025-10-16 02:56:25,2025-11-06 02:56:25,551.96,38.64,0.0,Paid,2025-10-16 02:56:25,2025-10-19 02:56:25,
571,440,54,2025-10-08 02:56:25,2025-11-12 02:56:25,2451.48,171.6,0.0,Unpaid,2025-10-08 02:56:25,2025-10-12 02:56:25,How figure record doctor pretty.
572,358,117,2025-10-16 02:56:25,2025-11-27 02:56:25,5593.0,391.51,0.0,Overdue,2025-10-16 02:56:25,2025-11-06 02:56:25,Ability live car difficult quite.
573,301,52,2025-10-06 02:56:25,2025-11-07 02:56:25,7945.99,556.22,294.17,Overdue,2025-10-06 02:56:25,2025-10-15 02:56:25,
574,794,43,2025-09-13 02:56:25,2025-10-20 02:56:25,4282.23,299.76,369.91,Paid,2025-09-13 02:56:25,,Account gas building team.
575,145,85,2025-10-26 02:56:25,2025-11-16 02:56:25,5329.26,373.05,0.0,Overdue,2025-10-26 02:56:25,2025-11-16 02:56:25,
576,14,32,2025-10-22 02:56:25,2025-11-18 02:56:25,9663.42,676.44,88.02,Paid,2025-10-22 02:56:25,2025-11-10 02:56:25,Local director become south.
577,880,83,2025-10-16 02:56:25,2025-11-07 02:56:25,4022.93,281.61,0.0,Overdue,2025-10-16 02:56:25,2025-10-28 02:56:25,
578,527,5,2025-09-29 02:56:25,2025-10-23 02:56:25,7260.26,508.22,0.0,Paid,2025-09-29 02:56:25,2025-10-13 02:56:25,Finish thing case similar send card.
579,119,99,2025-10-20 02:56:25,2025-11-05 02:56:25,7947.61,556.33,0.0,Overdue,2025-10-20 02:56:25,2025-10-25 02:56:25,
580,355,70,2025-10-09 02:56:25,2025-10-31 02:56:25,6722.68,470.59,0.0,Paid,2025-10-09 02:56:25,,
581,905,21,2025-10-10 02:56:25,2025-11-15 02:56:25,4253.86,297.77,0.0,Overdue,2025-10-10 02:56:25,2025-11-01 02:56:25,Attention none particular clearly.
582,159,80,2025-09-27 02:56:25,2025-10-21 02:56:25,7398.32,517.88,0.0,Overdue,2025-09-27 02:56:25,2025-10-27 02:56:25,
583,390,104,2025-10-18 02:56:25,2025-11-21 02:56:25,9649.04,675.43,389.78,Paid,2025-10-18 02:56:25,2025-10-31 02:56:25,
584,256,153,2025-09-27 02:56:25,2025-10-14 02:56:25,5280.11,369.61,61.78,Overdue,2025-09-27 02:56:25,,
585,288,111,2025-09-10 02:56:25,2025-10-20 02:56:25,5961.49,417.3,0.0,Unpaid,2025-09-10 02:56:25,2025-10-04 02:56:25,Reveal physical character in rather team beautiful beyond sell operation.
586,437,61,2025-09-13 02:56:25,2025-10-12 02:56:25,6975.15,488.26,0.0,Paid,2025-09-13 02:56:25,2025-09-21 02:56:25,Goal investment social easy popular easy over return.
587,699,181,2025-09-19 02:56:25,2025-10-26 02:56:25,2684.34,187.9,256.47,Overdue,2025-09-19 02:56:25,2025-10-11 02:56:25,
588,183,3,2025-10-17 02:56:25,2025-11-10 02:56:25,1383.59,96.85,0.0,Unpaid,2025-10-17 02:56:25,2025-11-15 02:56:25,Single real summer probably feeling military meeting security far.
589,534,159,2025-10-10 02:56:25,2025-10-31 02:56:25,8996.0,629.72,852.03,Overdue,2025-10-10 02:56:25,,Six soldier dream history drop.
590,736,178,2025-10-17 02:56:25,2025-11-24 02:56:25,2799.54,195.97,64.17,Paid,2025-10-17 02:56:25,,Audience thousand activity guess first hit stuff inside.
591,732,42,2025-10-25 02:56:25,2025-12-08 02:56:25,1245.63,87.19,0.0,Unpaid,2025-10-25 02:56:25,2025-11-18 02:56:25,
592,273,124,2025-10-30 02:56:25,2025-12-11 02:56:25,5081.77,355.72,0.0,Unpaid,2025-10-30 02:56:25,,
593,192,115,2025-09-26 02:56:25,2025-11-07 02:56:25,3109.96,217.7,237.68,Overdue,2025-09-26 02:56:25,2025-10-03 02:56:25,
594,196,53,2025-10-24 02:56:25,2025-11-09 02:56:25,5494.49,384.61,516.29,Paid,2025-10-24 02:56:25,2025-11-05 02:56:25,
595,552,163,2025-09-13 02:56:25,2025-10-03 02:56:25,4843.36,339.04,250.99,Unpaid,2025-09-13 02:56:25,2025-09-13 02:56:25,
596,738,155,2025-10-08 02:56:25,2025-11-10 02:56:25,1457.1,102.0,125.58,Paid,2025-10-08 02:56:25,2025-10-15 02:56:25,Raise several west side admit attack energy always art smile media pick.
597,371,176,2025-10-09 02:56:25,2025-10-29 02:56:25,5238.32,366.68,367.06,Unpaid,2025-10-09 02:56:25,2025-10-21 02:56:25,Short interest I policy Mrs check base bad.
598,636,2,2025-09-26 02:56:25,2025-10-15 02:56:25,9803.09,686.22,0.0,Paid,2025-09-26 02:56:25,,
599,626,63,2025-09-27 02:56:25,2025-10-25 02:56:25,8634.93,604.45,690.83,Overdue,2025-09-27 02:56:25,2025-10-22 02:56:25,Window choice force only shake power poor financial join.
600,618,146,2025-10-01 02:56:25,2025-10-20 02:56:25,9957.84,697.05,0.0,Overdue,2025-10-01 02:56:25,2025-10-11 02:56:25,
601,866,36,2025-10-13 02:56:25,2025-11-05 02:56:25,5840.32,408.82,0.0,Unpaid,2025-10-13 02:56:25,2025-10-18 02:56:25,Around beat its law participant finally score scientist.
602,120,142,2025-10-02 02:56:25,2025-11-12 02:56:25,6483.69,453.86,216.98,Unpaid,2025-10-02 02:56:25,2025-10-19 02:56:25,
603,911,119,2025-10-16 02:56:25,2025-11-11 02:56:25,688.44,48.19,59.71,Overdue,2025-10-16 02:56:25,2025-11-03 02:56:25,
604,835,179,2025-09-28 02:56:25,2025-10-18 02:56:25,9804.04,686.28,318.72,Overdue,2025-09-28 02:56:25,2025-10-21 02:56:25,Actually case activity market.
605,58,133,2025-10-08 02:56:25,2025-11-11 02:56:25,3221.97,225.54,0.0,Paid,2025-10-08 02:56:25,,
606,220,137,2025-09-03 02:56:25,2025-09-28 02:56:25,4507.26,315.51,0.0,Unpaid,2025-09-03 02:56:25,,Mission situation result cold camera sit environmental.
607,8,66,2025-10-11 02:56:25,2025-11-02 02:56:25,3478.08,243.47,0.0,Overdue,2025-10-11 02:56:25,2025-10-31 02:56:25,Sign ahead southern evening ask Republican office baby lawyer.
608,632,22,2025-09-13 02:56:25,2025-10-25 02:56:25,9418.31,659.28,0.0,Overdue,2025-09-13 02:56:25,,Area teacher cold church significant thus purpose.
609,156,33,2025-09-08 02:56:25,2025-09-23 02:56:25,1687.88,118.15,42.47,Overdue,2025-09-08 02:56:25,,Direction meeting analysis television each.
610,260,160,2025-10-07 02:56:25,2025-10-25 02:56:25,1407.76,98.54,0.0,Unpaid,2025-10-07 02:56:25,2025-10-07 02:56:25,
611,96,193,2025-09-29 02:56:25,2025-11-07 02:56:25,9962.13,697.35,615.76,Paid,2025-09-29 02:56:25,2025-10-27 02:56:25,Hair turn condition whether along sort research pretty different.
612,763,164,2025-10-17 02:56:25,2025-11-24 02:56:25,3199.67,223.98,0.0,Paid,2025-10-17 02:56:25,2025-10-22 02:56:25,Indicate result even back head maybe top conference source.
613,716,72,2025-09-07 02:56:25,2025-10-21 02:56:25,3589.41,251.26,349.96,Overdue,2025-09-07 02:56:25,,
614,401,59,2025-10-24 02:56:25,2025-12-08 02:56:25,7127.42,498.92,425.92,Overdue,2025-10-24 02:56:25,,
615,522,106,2025-10-05 02:56:25,2025-11-05 02:56:25,6577.97,460.46,0.0,Unpaid,2025-10-05 02:56:25,2025-10-12 02:56:25,
616,680,86,2025-10-04 02:56:25,2025-10-28 02:56:25,3974.94,278.25,120.67,Paid,2025-10-04 02:56:25,2025-10-28 02:56:25,
617,693,30,2025-10-10 02:56:25,2025-11-03 02:56:25,4957.38,347.02,457.11,Unpaid,2025-10-10 02:56:25,2025-11-03 02:56:25,West attention let executive suddenly.
618,116,111,2025-09-24 02:56:25,2025-10-16 02:56:25,8069.29,564.85,0.0,Paid,2025-09-24 02:56:25,2025-10-11 02:56:25,Beat lead hard factor six science drug happy.
619,316,26,2025-10-22 02:56:25,2025-11-28 02:56:25,7502.62,525.18,283.87,Unpaid,2025-10-22 02:56:25,2025-11-11 02:56:25,Young simply run national somebody character usually agency must player really.
620,221,105,2025-10-14 02:56:25,2025-11-18 02:56:25,7557.81,529.05,0.0,Unpaid,2025-10-14 02:56:25,2025-10-16 02:56:25,Week ability price support road.
621,170,56,2025-10-25 02:56:25,2025-11-29 02:56:25,4825.76,337.8,338.03,Unpaid,2025-10-25 02:56:25,2025-10-25 02:56:25,Day work information.
622,68,89,2025-10-21 02:56:25,2025-11-08 02:56:25,3180.09,222.61,139.42,Paid,2025-10-21 02:56:25,2025-10-25 02:56:25,Win central evidence analysis discuss.
623,852,60,2025-10-11 02:56:25,2025-11-08 02:56:25,3459.98,242.2,0.0,Unpaid,2025-10-11 02:56:25,2025-11-05 02:56:25,Including time learn security oil measure PM.
624,43,182,2025-09-09 02:56:25,2025-10-18 02:56:25,9540.62,667.84,740.02,Paid,2025-09-09 02:56:25,2025-09-14 02:56:25,Avoid nothing itself who door end fire song red.
625,728,140,2025-09-10 02:56:25,2025-10-07 02:56:25,8368.39,585.79,642.81,Paid,2025-09-10 02:56:25,2025-09-24 02:56:25,Fish evening avoid dark sister.
626,189,188,2025-10-20 02:56:25,2025-11-18 02:56:25,7485.57,523.99,498.54,Paid,2025-10-20 02:56:25,2025-11-10 02:56:25,
627,548,73,2025-09-03 02:56:25,2025-09-28 02:56:25,2006.81,140.48,0.0,Overdue,2025-09-03 02:56:25,,
628,531,148,2025-10-16 02:56:25,2025-11-15 02:56:25,6565.94,459.62,582.74,Overdue,2025-10-16 02:56:25,2025-10-19 02:56:25,Board black last finish building group show later leg system bed space fight relate.
629,188,113,2025-10-12 02:56:25,2025-10-27 02:56:25,2089.92,146.29,25.01,Paid,2025-10-12 02:56:25,2025-10-13 02:56:25,
630,902,192,2025-09-18 02:56:25,2025-10-18 02:56:25,7039.86,492.79,542.63,Paid,2025-09-18 02:56:25,2025-09-20 02:56:25,
631,633,13,2025-10-11 02:56:25,2025-11-24 02:56:25,9711.69,679.82,0.0,Paid,2025-10-11 02:56:25,2025-10-31 02:56:25,American structure foreign before eat green message quality.
632,775,23,2025-10-24 02:56:25,2025-11-23 02:56:25,2710.41,189.73,0.0,Overdue,2025-10-24 02:56:25,,
633,51,159,2025-10-04 02:56:25,2025-11-11 02:56:25,2333.17,163.32,0.0,Unpaid,2025-10-04 02:56:25,,Star community weight take.
634,194,83,2025-10-01 02:56:25,2025-11-07 02:56:25,4656.25,325.94,324.56,Paid,2025-10-01 02:56:25,2025-10-18 02:56:25,Security economic left sound cause activity store work candidate statement head piece popular old else.
635,48,120,2025-10-15 02:56:25,2025-11-26 02:56:25,8397.82,587.85,0.0,Overdue,2025-10-15 02:56:25,2025-10-31 02:56:25,Against ask total kitchen can toward.
636,887,116,2025-09-10 02:56:25,2025-10-03 02:56:25,5645.26,395.17,438.03,Overdue,2025-09-10 02:56:25,2025-09-15 02:56:25,
637,248,194,2025-09-23 02:56:25,2025-11-04 02:56:25,3958.71,277.11,0.0,Unpaid,2025-09-23 02:56:25,,
638,433,177,2025-09-28 02:56:25,2025-11-08 02:56:25,4181.16,292.68,0.0,Unpaid,2025-09-28 02:56:25,,Business walk anything under item right many him interview.
639,753,109,2025-10-12 02:56:25,2025-11-09 02:56:25,6588.59,461.2,344.72,Paid,2025-10-12 02:56:25,2025-11-11 02:56:25,Democrat cost evidence third alone.
640,509,58,2025-10-20 02:56:25,2025-11-07 02:56:25,5111.02,357.77,291.85,Unpaid,2025-10-20 02:56:25,2025-11-05 02:56:25,
641,793,170,2025-09-25 02:56:25,2025-10-18 02:56:25,966.31,67.64,69.37,Paid,2025-09-25 02:56:25,,Pay positive material third look because him information poor something eat yes myself affect him require.
642,576,192,2025-09-03 02:56:25,2025-10-16 02:56:25,8404.74,588.33,536.99,Unpaid,2025-09-03 02:56:25,2025-10-03 02:56:25,
643,460,164,2025-09-10 02:56:25,2025-10-06 02:56:25,8045.37,563.18,496.35,Overdue,2025-09-10 02:56:25,2025-09-12 02:56:25,
644,298,25,2025-10-28 02:56:25,2025-12-12 02:56:25,2551.05,178.57,0.0,Paid,2025-10-28 02:56:25,,
645,44,76,2025-10-20 02:56:25,2025-11-10 02:56:25,5498.82,384.92,343.85,Paid,2025-10-20 02:56:25,2025-11-06 02:56:25,Name machine tree maybe home conference five.
646,187,162,2025-09-13 02:56:25,2025-10-18 02:56:25,5977.35,418.41,0.0,Overdue,2025-09-13 02:56:25,2025-10-11 02:56:25,Ahead specific exactly speak line group.
647,424,174,2025-09-27 02:56:25,2025-10-24 02:56:25,5294.58,370.62,0.0,Overdue,2025-09-27 02:56:25,,Yourself wind beyond prevent entire staff true argue you detail suffer something great.
648,25,47,2025-09-05 02:56:25,2025-09-30 02:56:25,5725.77,400.8,0.0,Unpaid,2025-09-05 02:56:25,2025-09-25 02:56:25,Compare or south recently trial agreement red way.
649,564,42,2025-09-24 02:56:25,2025-10-16 02:56:25,5849.87,409.49,447.93,Overdue,2025-09-24 02:56:25,2025-10-24 02:56:25,Center way student special wife my compare also argue own after long forward pass.
650,590,49,2025-11-01 02:56:25,2025-12-09 02:56:25,829.3,58.05,1.35,Paid,2025-11-01 02:56:25,,Future concern sort than arrive challenge.
651,323,185,2025-10-18 02:56:25,2025-11-08 02:56:25,8629.34,604.05,709.28,Overdue,2025-10-18 02:56:25,,
652,724,198,2025-09-30 02:56:25,2025-11-01 02:56:25,5921.35,414.49,0.0,Paid,2025-09-30 02:56:25,2025-10-11 02:56:25,Similar suffer team whether health walk how.
653,942,138,2025-10-09 02:56:25,2025-11-21 02:56:25,6030.48,422.13,489.12,Paid,2025-10-09 02:56:25,2025-10-27 02:56:25,
654,241,175,2025-09-16 02:56:25,2025-10-03 02:56:25,7374.02,516.18,0.0,Paid,2025-09-16 02:56:25,2025-10-14 02:56:25,
655,173,138,2025-09-26 02:56:25,2025-11-06 02:56:25,9122.73,638.59,0.0,Unpaid,2025-09-26 02:56:25,2025-10-21 02:56:25,
656,373,178,2025-10-27 02:56:25,2025-12-05 02:56:25,1031.27,72.19,0.0,Unpaid,2025-10-27 02:56:25,,From follow wish run.
657,340,189,2025-09-07 02:56:25,2025-10-16 02:56:25,2653.82,185.77,0.0,Overdue,2025-09-07 02:56:25,,
658,885,154,2025-09-22 02:56:25,2025-10-19 02:56:25,1014.22,71.0,0.0,Unpaid,2025-09-22 02:56:25,2025-09-26 02:56:25,Social whether power company why really up skin development.
659,9,161,2025-10-23 02:56:25,2025-11-08 02:56:25,6899.53,482.97,0.0,Unpaid,2025-10-23 02:56:25,,
660,798,41,2025-10-27 02:56:25,2025-11-18 02:56:25,4603.39,322.24,0.0,Paid,2025-10-27 02:56:25,2025-10-29 02:56:25,Sport her safe family concern ability.
661,118,48,2025-09-27 02:56:25,2025-10-24 02:56:25,2994.3,209.6,130.1,Overdue,2025-09-27 02:56:25,2025-10-01 02:56:25,Hot yes whole allow own TV whose determine not view.
662,834,176,2025-10-01 02:56:25,2025-10-28 02:56:25,6696.36,468.75,412.49,Overdue,2025-10-01 02:56:25,2025-10-08 02:56:25,Former back get floor player white start prove.
663,377,196,2025-10-12 02:56:25,2025-11-17 02:56:25,9279.31,649.55,623.34,Unpaid,2025-10-12 02:56:25,2025-10-18 02:56:25,Land enter economic attack either.
664,167,98,2025-09-13 02:56:25,2025-10-07 02:56:25,2107.93,147.56,173.18,Unpaid,2025-09-13 02:56:25,2025-09-27 02:56:25,Result answer just information coach.
665,610,112,2025-10-20 02:56:25,2025-11-25 02:56:25,4051.3,283.59,0.0,Paid,2025-10-20 02:56:25,2025-10-21 02:56:25,Manage her national big look tell prepare.
666,644,136,2025-09-07 02:56:25,2025-10-18 02:56:25,8291.27,580.39,575.24,Paid,2025-09-07 02:56:25,2025-09-22 02:56:25,Class available suffer far five weight avoid.
667,915,56,2025-09-15 02:56:25,2025-10-17 02:56:25,2512.82,175.9,0.0,Unpaid,2025-09-15 02:56:25,2025-10-04 02:56:25,
668,761,84,2025-10-23 02:56:25,2025-11-29 02:56:25,7138.17,499.67,416.16,Overdue,2025-10-23 02:56:25,2025-10-31 02:56:25,Thousand claim avoid walk within full world.
669,730,112,2025-10-20 02:56:25,2025-11-29 02:56:25,7117.0,498.19,330.91,Paid,2025-10-20 02:56:25,2025-11-10 02:56:25,Relate issue president parent its approach former window important never understand music.
670,152,142,2025-09-07 02:56:25,2025-09-25 02:56:25,681.24,47.69,0.0,Overdue,2025-09-07 02:56:25,2025-09-19 02:56:25,
671,788,51,2025-09-17 02:56:25,2025-10-05 02:56:25,9086.78,636.07,542.58,Paid,2025-09-17 02:56:25,2025-10-03 02:56:25,
672,698,176,2025-09-27 02:56:25,2025-11-10 02:56:25,7268.46,508.79,670.35,Unpaid,2025-09-27 02:56:25,2025-10-09 02:56:25,
673,128,152,2025-10-31 02:56:25,2025-11-26 02:56:25,7000.96,490.07,211.66,Overdue,2025-10-31 02:56:25,2025-11-01 02:56:25,
674,677,79,2025-09-06 02:56:25,2025-10-03 02:56:25,8958.82,627.12,0.0,Paid,2025-09-06 02:56:25,,
675,470,92,2025-10-18 02:56:25,2025-11-06 02:56:25,3746.97,262.29,51.43,Overdue,2025-10-18 02:56:25,2025-11-17 02:56:25,
676,204,98,2025-09-07 02:56:25,2025-10-12 02:56:25,7021.97,491.54,402.29,Unpaid,2025-09-07 02:56:25,,
677,233,192,2025-10-11 02:56:25,2025-11-09 02:56:25,5651.22,395.59,78.31,Overdue,2025-10-11 02:56:25,2025-10-17 02:56:25,
678,280,43,2025-10-13 02:56:25,2025-11-19 02:56:25,7198.8,503.92,0.0,Paid,2025-10-13 02:56:25,2025-11-11 02:56:25,
679,446,95,2025-10-23 02:56:25,2025-11-27 02:56:25,9363.78,655.46,0.0,Unpaid,2025-10-23 02:56:25,2025-11-09 02:56:25,
680,520,107,2025-10-25 02:56:25,2025-11-14 02:56:25,3517.18,246.2,0.0,Overdue,2025-10-25 02:56:25,2025-11-04 02:56:25,
681,190,196,2025-10-06 02:56:25,2025-11-20 02:56:25,4406.89,308.48,411.5,Overdue,2025-10-06 02:56:25,,Father benefit hotel near make approach about.
682,646,154,2025-10-26 02:56:25,2025-11-14 02:56:25,2255.09,157.86,0.0,Overdue,2025-10-26 02:56:25,2025-11-14 02:56:25,
683,667,90,2025-10-18 02:56:25,2025-11-21 02:56:25,2705.73,189.4,0.0,Unpaid,2025-10-18 02:56:25,2025-11-11 02:56:25,Far product outside current agent color factor bank.
684,432,54,2025-09-17 02:56:25,2025-10-22 02:56:25,4052.61,283.68,0.0,Unpaid,2025-09-17 02:56:25,2025-09-22 02:56:25,Final however major.
685,302,25,2025-10-06 02:56:25,2025-11-14 02:56:25,9703.74,679.26,0.0,Unpaid,2025-10-06 02:56:25,2025-10-27 02:56:25,
686,580,138,2025-09-14 02:56:25,2025-10-05 02:56:25,1128.3,78.98,0.0,Unpaid,2025-09-14 02:56:25,,Before name continue those hard knowledge enjoy let difficult.
687,873,140,2025-09-07 02:56:25,2025-10-06 02:56:25,8932.08,625.25,693.32,Overdue,2025-09-07 02:56:25,,Nor character recent benefit property space including series dinner.
688,819,23,2025-10-07 02:56:25,2025-11-10 02:56:25,9421.82,659.53,0.0,Overdue,2025-10-07 02:56:25,2025-11-04 02:56:25,
689,17,4,2025-10-30 02:56:25,2025-11-30 02:56:25,1538.5,107.7,135.04,Paid,2025-10-30 02:56:25,2025-11-11 02:56:25,
690,11,66,2025-10-30 02:56:25,2025-12-01 02:56:25,4180.28,292.62,0.0,Paid,2025-10-30 02:56:25,2025-11-13 02:56:25,Subject stand industry movement term little.
691,238,136,2025-09-13 02:56:25,2025-10-24 02:56:25,3216.19,225.13,94.69,Paid,2025-09-13 02:56:25,2025-10-11 02:56:25,Live bad total research maybe too song quality per build.
692,601,33,2025-10-27 02:56:25,2025-12-04 02:56:25,5256.25,367.94,307.73,Overdue,2025-10-27 02:56:25,2025-11-08 02:56:25,Common worker will speak call interest write itself young physical street election treat trial.
693,710,68,2025-10-31 02:56:25,2025-11-20 02:56:25,4809.97,336.7,0.0,Paid,2025-10-31 02:56:25,,Beautiful news need task mind true.
694,75,112,2025-09-18 02:56:25,2025-10-23 02:56:25,9118.04,638.26,0.0,Overdue,2025-09-18 02:56:25,,Skill performance mission information increase challenge onto.
695,832,41,2025-09-22 02:56:25,2025-10-18 02:56:25,1310.41,91.73,0.0,Overdue,2025-09-22 02:56:25,,
696,747,3,2025-09-02 02:56:25,2025-09-22 02:56:25,4097.45,286.82,314.79,Unpaid,2025-09-02 02:56:25,2025-09-23 02:56:25,
697,660,87,2025-10-22 02:56:25,2025-12-03 02:56:25,1873.77,131.16,0.0,Paid,2025-10-22 02:56:25,2025-10-31 02:56:25,
698,356,77,2025-10-04 02:56:25,2025-10-28 02:56:25,6451.3,451.59,84.88,Paid,2025-10-04 02:56:25,2025-10-28 02:56:25,Understand none big experience movie gas improve him.
699,624,179,2025-10-01 02:56:25,2025-11-12 02:56:25,5237.1,366.6,0.0,Overdue,2025-10-01 02:56:25,,Occur list common idea peace race I how these real any little environmental head.
700,947,111,2025-10-03 02:56:25,2025-10-31 02:56:25,4697.82,328.85,0.0,Paid,2025-10-03 02:56:25,2025-10-20 02:56:25,Stage field exactly man receive better than care.
701,474,127,2025-10-29 02:56:25,2025-11-18 02:56:25,1908.43,133.59,0.0,Paid,2025-10-29 02:56:25,2025-10-30 02:56:25,
702,453,118,2025-09-09 02:56:25,2025-10-13 02:56:25,3335.19,233.46,0.0,Paid,2025-09-09 02:56:25,2025-09-14 02:56:25,Similar fly rock painting become kid tree imagine machine might.
703,820,3,2025-09-23 02:56:25,2025-10-29 02:56:25,7069.38,494.86,0.0,Overdue,2025-09-23 02:56:25,2025-10-07 02:56:25,
704,211,187,2025-10-09 02:56:25,2025-11-22 02:56:25,840.48,58.83,0.0,Unpaid,2025-10-09 02:56:25,2025-10-21 02:56:25,
705,334,182,2025-09-14 02:56:25,2025-10-12 02:56:25,8511.44,595.8,400.73,Paid,2025-09-14 02:56:25,2025-09-22 02:56:25,Start middle city find medical career surface these ahead cover strategy.
706,59,175,2025-09-29 02:56:25,2025-10-20 02:56:25,7110.38,497.73,0.0,Paid,2025-09-29 02:56:25,2025-10-19 02:56:25,
707,812,176,2025-10-27 02:56:25,2025-11-26 02:56:25,7378.7,516.51,0.0,Overdue,2025-10-27 02:56:25,2025-11-15 02:56:25,
708,400,37,2025-10-16 02:56:25,2025-11-16 02:56:25,5963.86,417.47,0.0,Paid,2025-10-16 02:56:25,2025-10-31 02:56:25,
709,307,1,2025-09-22 02:56:25,2025-10-22 02:56:25,5178.79,362.52,315.6,Overdue,2025-09-22 02:56:25,2025-09-28 02:56:25,Economic lead truth.
710,181,166,2025-10-03 02:56:25,2025-11-07 02:56:25,8068.96,564.83,0.0,Paid,2025-10-03 02:56:25,,
711,709,163,2025-10-06 02:56:25,2025-10-22 02:56:25,3671.03,256.97,0.0,Overdue,2025-10-06 02:56:25,2025-10-26 02:56:25,Ever statement measure play buy air head.
712,13,142,2025-10-16 02:56:25,2025-11-25 02:56:25,1144.44,80.11,62.94,Paid,2025-10-16 02:56:25,2025-10-26 02:56:25,Land whether listen necessary general study.
713,805,115,2025-09-09 02:56:25,2025-09-29 02:56:25,2343.15,164.02,0.0,Overdue,2025-09-09 02:56:25,2025-09-24 02:56:25,
714,465,116,2025-09-21 02:56:25,2025-10-10 02:56:25,5074.21,355.19,0.0,Overdue,2025-09-21 02:56:25,,See read expect hit clear occur who tax positive question.
715,57,135,2025-09-03 02:56:25,2025-10-11 02:56:25,1032.21,72.25,0.0,Overdue,2025-09-03 02:56:25,,Prepare message ten whose.
716,157,106,2025-10-19 02:56:25,2025-11-21 02:56:25,7012.19,490.85,0.0,Unpaid,2025-10-19 02:56:25,2025-10-23 02:56:25,Listen car community.
717,884,138,2025-10-11 02:56:25,2025-11-07 02:56:25,6451.85,451.63,0.0,Overdue,2025-10-11 02:56:25,2025-10-16 02:56:25,
718,592,186,2025-09-07 02:56:25,2025-10-17 02:56:25,7639.63,534.77,0.0,Unpaid,2025-09-07 02:56:25,,Difference part wall.
719,363,54,2025-10-01 02:56:25,2025-11-13 02:56:25,2757.6,193.03,262.17,Paid,2025-10-01 02:56:25,2025-10-06 02:56:25,Interest heavy give edge.
720,448,45,2025-09-13 02:56:25,2025-10-04 02:56:25,9176.86,642.38,22.88,Unpaid,2025-09-13 02:56:25,,Few minute perhaps once account yourself whom style no order executive.
721,551,39,2025-09-03 02:56:25,2025-10-03 02:56:25,7458.19,522.07,0.0,Unpaid,2025-09-03 02:56:25,2025-09-30 02:56:25,Loss from everybody foot everybody.
722,345,156,2025-10-19 02:56:25,2025-11-26 02:56:25,847.25,59.31,73.27,Paid,2025-10-19 02:56:25,2025-11-17 02:56:25,Could military drive arm tax.
723,568,129,2025-10-11 02:56:25,2025-11-09 02:56:25,8947.27,626.31,685.52,Overdue,2025-10-11 02:56:25,2025-10-29 02:56:25,
724,894,18,2025-09-22 02:56:25,2025-11-04 02:56:25,2493.53,174.55,71.46,Overdue,2025-09-22 02:56:25,2025-10-06 02:56:25,
725,117,94,2025-10-15 02:56:25,2025-11-03 02:56:25,1996.21,139.73,191.3,Overdue,2025-10-15 02:56:25,2025-10-21 02:56:25,
726,235,54,2025-09-27 02:56:25,2025-10-22 02:56:25,3074.99,215.25,0.0,Unpaid,2025-09-27 02:56:25,2025-10-02 02:56:25,Identify floor cause agent market fast trade identify say on yes staff gas.
727,754,159,2025-09-28 02:56:25,2025-10-27 02:56:25,981.9,68.73,88.69,Paid,2025-09-28 02:56:25,2025-09-29 02:56:25,Rather point little wait grow feel color price next.
728,824,154,2025-10-21 02:56:25,2025-11-27 02:56:25,6163.15,431.42,0.0,Overdue,2025-10-21 02:56:25,2025-11-09 02:56:25,Best campaign else space several consumer quite friend become.
729,638,118,2025-09-10 02:56:25,2025-10-01 02:56:25,7272.54,509.08,0.0,Overdue,2025-09-10 02:56:25,2025-10-09 02:56:25,
730,64,27,2025-10-03 02:56:25,2025-11-05 02:56:25,1752.06,122.64,0.0,Overdue,2025-10-03 02:56:25,2025-10-17 02:56:25,Development the inside thought he one less brother approach plant oil per.
731,239,113,2025-10-02 02:56:25,2025-10-24 02:56:25,9500.76,665.05,850.98,Unpaid,2025-10-02 02:56:25,,Threat matter test high fear approach take case customer important notice trade.
732,822,89,2025-09-12 02:56:25,2025-10-24 02:56:25,8882.84,621.8,26.88,Unpaid,2025-09-12 02:56:25,2025-09-27 02:56:25,Century television Congress ball forward would finish around.
733,408,192,2025-10-14 02:56:25,2025-11-22 02:56:25,3811.85,266.83,0.0,Overdue,2025-10-14 02:56:25,2025-11-09 02:56:25,
734,378,116,2025-10-26 02:56:25,2025-11-20 02:56:25,5783.42,404.84,174.73,Unpaid,2025-10-26 02:56:25,2025-11-08 02:56:25,Event seven collection share majority shake because pass plant.
735,662,169,2025-09-27 02:56:25,2025-10-17 02:56:25,9751.97,682.64,332.26,Overdue,2025-09-27 02:56:25,2025-10-22 02:56:25,
736,259,17,2025-09-26 02:56:25,2025-11-05 02:56:25,3750.91,262.56,0.0,Paid,2025-09-26 02:56:25,2025-09-28 02:56:25,
737,678,188,2025-09-17 02:56:25,2025-10-20 02:56:25,8449.11,591.44,503.63,Unpaid,2025-09-17 02:56:25,2025-10-13 02:56:25,Investment local above move room wear throughout series most.
738,414,156,2025-10-07 02:56:25,2025-10-24 02:56:25,6183.46,432.84,0.0,Overdue,2025-10-07 02:56:25,,Quality phone eat really general can himself.
739,637,44,2025-09-21 02:56:25,2025-10-27 02:56:25,1084.08,75.89,15.06,Overdue,2025-09-21 02:56:25,,
740,876,134,2025-11-01 02:56:25,2025-12-10 02:56:25,1893.89,132.57,100.61,Unpaid,2025-11-01 02:56:25,2025-11-15 02:56:25,Fill assume animal way lay minute model its rather card you majority seek.
741,310,119,2025-10-13 02:56:25,2025-11-15 02:56:25,8046.29,563.24,0.0,Unpaid,2025-10-13 02:56:25,,
742,499,12,2025-10-27 02:56:25,2025-11-29 02:56:25,577.13,40.4,0.0,Unpaid,2025-10-27 02:56:25,,
743,86,45,2025-10-29 02:56:25,2025-11-24 02:56:25,9060.22,634.22,0.0,Paid,2025-10-29 02:56:25,,
744,553,70,2025-10-10 02:56:25,2025-10-28 02:56:25,8681.85,607.73,0.0,Paid,2025-10-10 02:56:25,2025-10-28 02:56:25,Way truth idea direction road capital safe operation.
745,79,11,2025-09-17 02:56:25,2025-10-14 02:56:25,4357.31,305.01,92.03,Paid,2025-09-17 02:56:25,2025-09-23 02:56:25,
746,5,19,2025-09-09 02:56:25,2025-10-23 02:56:25,3922.73,274.59,113.16,Overdue,2025-09-09 02:56:25,2025-09-09 02:56:25,But represent society heart.
747,756,130,2025-10-23 02:56:25,2025-11-30 02:56:25,8906.44,623.45,0.0,Paid,2025-10-23 02:56:25,2025-11-12 02:56:25,
748,875,41,2025-09-07 02:56:25,2025-10-06 02:56:25,8989.03,629.23,0.0,Unpaid,2025-09-07 02:56:25,2025-09-21 02:56:25,
749,661,76,2025-09-27 02:56:25,2025-11-07 02:56:25,4775.43,334.28,88.72,Overdue,2025-09-27 02:56:25,2025-10-12 02:56:25,
750,703,114,2025-10-17 02:56:25,2025-11-23 02:56:25,5266.42,368.65,287.63,Unpaid,2025-10-17 02:56:25,2025-10-18 02:56:25,
751,856,135,2025-09-17 02:56:25,2025-10-13 02:56:25,1575.06,110.25,108.76,Paid,2025-09-17 02:56:25,,
752,272,184,2025-09-08 02:56:25,2025-10-17 02:56:25,7899.26,552.95,61.8,Overdue,2025-09-08 02:56:25,2025-09-23 02:56:25,
753,829,175,2025-09-20 02:56:25,2025-11-04 02:56:25,6852.81,479.7,0.0,Overdue,2025-09-20 02:56:25,,Side perhaps order answer.
754,653,95,2025-09-05 02:56:25,2025-09-30 02:56:25,5582.82,390.8,253.48,Unpaid,2025-09-05 02:56:25,2025-09-15 02:56:25,President after ready indicate herself natural.
755,101,168,2025-10-14 02:56:25,2025-11-03 02:56:25,835.6,58.49,0.0,Overdue,2025-10-14 02:56:25,2025-11-08 02:56:25,
756,889,17,2025-10-29 02:56:25,2025-12-03 02:56:25,4995.03,349.65,25.78,Unpaid,2025-10-29 02:56:25,,
757,417,181,2025-10-14 02:56:25,2025-11-13 02:56:25,1283.85,89.87,0.0,Unpaid,2025-10-14 02:56:25,2025-11-02 02:56:25,Reduce day rate act inside big minute performance red industry.
758,540,143,2025-11-01 02:56:25,2025-12-09 02:56:25,1559.72,109.18,92.3,Paid,2025-11-01 02:56:25,2025-11-12 02:56:25,
759,567,110,2025-10-16 02:56:25,2025-11-25 02:56:25,7157.36,501.02,572.14,Paid,2025-10-16 02:56:25,2025-10-18 02:56:25,
760,483,154,2025-09-24 02:56:25,2025-11-07 02:56:25,8306.38,581.45,0.0,Unpaid,2025-09-24 02:56:25,,Memory pay executive size marriage participant sing story.
761,744,56,2025-09-16 02:56:25,2025-10-21 02:56:25,2089.19,146.24,0.0,Unpaid,2025-09-16 02:56:25,2025-09-24 02:56:25,
762,172,148,2025-10-25 02:56:25,2025-11-10 02:56:25,2092.2,146.45,63.05,Overdue,2025-10-25 02:56:25,,
763,602,105,2025-10-18 02:56:25,2025-11-14 02:56:25,6993.34,489.53,183.66,Overdue,2025-10-18 02:56:25,,Group important civil nature travel read lose doctor actually become.
764,29,43,2025-10-08 02:56:25,2025-11-13 02:56:25,3499.04,244.93,0.0,Paid,2025-10-08 02:56:25,2025-10-25 02:56:25,
765,705,159,2025-09-08 02:56:25,2025-10-06 02:56:25,6299.61,440.97,0.0,Unpaid,2025-09-08 02:56:25,2025-09-16 02:56:25,
766,76,91,2025-10-16 02:56:25,2025-11-20 02:56:25,6049.68,423.48,408.53,Paid,2025-10-16 02:56:25,,
767,30,35,2025-10-20 02:56:25,2025-11-20 02:56:25,3705.36,259.38,0.0,Paid,2025-10-20 02:56:25,2025-10-20 02:56:25,
768,503,12,2025-09-09 02:56:25,2025-09-26 02:56:25,613.63,42.95,6.38,Unpaid,2025-09-09 02:56:25,2025-10-02 02:56:25,Structure protect chance bed memory.
769,109,97,2025-10-30 02:56:25,2025-11-14 02:56:25,6384.27,446.9,379.31,Paid,2025-10-30 02:56:25,,
770,525,89,2025-09-17 02:56:25,2025-11-01 02:56:25,1639.78,114.78,0.0,Paid,2025-09-17 02:56:25,2025-10-11 02:56:25,
771,199,2,2025-09-26 02:56:25,2025-11-05 02:56:25,9688.07,678.16,0.0,Overdue,2025-09-26 02:56:25,2025-10-05 02:56:25,Toward popular lead with.
772,263,60,2025-09-22 02:56:25,2025-10-21 02:56:25,9265.61,648.59,395.63,Overdue,2025-09-22 02:56:25,,Less between company always fact soon.
773,375,128,2025-09-13 02:56:25,2025-09-30 02:56:25,3134.23,219.4,121.79,Paid,2025-09-13 02:56:25,2025-10-09 02:56:25,International break surface three act catch positive forget thus western environmental run.
774,702,138,2025-10-28 02:56:25,2025-11-27 02:56:25,9804.51,686.32,384.96,Overdue,2025-10-28 02:56:25,2025-11-01 02:56:25,
775,349,1,2025-10-05 02:56:25,2025-10-26 02:56:25,6332.68,443.29,279.64,Unpaid,2025-10-05 02:56:25,2025-10-07 02:56:25,Spring consumer husband while even history surface son power.
776,418,3,2025-09-13 02:56:25,2025-10-12 02:56:25,678.27,47.48,44.28,Paid,2025-09-13 02:56:25,,
777,870,172,2025-10-15 02:56:25,2025-11-03 02:56:25,7150.52,500.54,0.0,Overdue,2025-10-15 02:56:25,2025-11-06 02:56:25,
778,641,3,2025-10-01 02:56:25,2025-10-31 02:56:25,4642.55,324.98,0.0,Paid,2025-10-01 02:56:25,2025-10-01 02:56:25,Both receive around wall city indeed opportunity soon question.
779,550,189,2025-10-25 02:56:25,2025-11-27 02:56:25,5585.39,390.98,0.0,Unpaid,2025-10-25 02:56:25,2025-11-06 02:56:25,Particularly single particularly television.
780,141,44,2025-10-09 02:56:25,2025-11-10 02:56:25,8606.75,602.47,723.98,Unpaid,2025-10-09 02:56:25,2025-10-14 02:56:25,
781,202,156,2025-10-08 02:56:25,2025-11-13 02:56:25,2314.53,162.02,0.0,Paid,2025-10-08 02:56:25,2025-10-19 02:56:25,Low maintain thought key as pressure actually than modern.
782,217,115,2025-09-15 02:56:25,2025-10-06 02:56:25,1829.46,128.06,131.67,Overdue,2025-09-15 02:56:25,2025-09-27 02:56:25,Rich difference what their mind read peace item risk loss professional.
783,882,32,2025-10-01 02:56:25,2025-11-02 02:56:25,9667.06,676.69,0.0,Paid,2025-10-01 02:56:25,2025-10-02 02:56:25,Chance step throughout party activity.
784,833,24,2025-10-07 02:56:25,2025-10-25 02:56:25,2510.94,175.77,0.0,Overdue,2025-10-07 02:56:25,2025-10-28 02:56:25,
785,251,85,2025-09-28 02:56:25,2025-10-17 02:56:25,7539.99,527.8,54.31,Overdue,2025-09-28 02:56:25,2025-10-18 02:56:25,Measure light many close.
786,308,166,2025-10-17 02:56:25,2025-11-23 02:56:25,6663.47,466.44,421.57,Unpaid,2025-10-17 02:56:25,,Fly former everything medical nearly her stage bad.
787,766,90,2025-09-09 02:56:25,2025-10-12 02:56:25,1107.6,77.53,0.0,Paid,2025-09-09 02:56:25,2025-10-04 02:56:25,
788,381,162,2025-10-28 02:56:25,2025-12-07 02:56:25,2425.09,169.76,202.71,Overdue,2025-10-28 02:56:25,2025-11-07 02:56:25,Soon large task language budget market president bill.
789,579,48,2025-10-12 02:56:25,2025-11-22 02:56:25,9664.58,676.52,44.06,Paid,2025-10-12 02:56:25,2025-10-15 02:56:25,Along near stay social white point three none pressure lay future stay.
790,923,185,2025-10-22 02:56:25,2025-11-28 02:56:25,4014.31,281.0,97.81,Overdue,2025-10-22 02:56:25,2025-10-25 02:56:25,
791,130,89,2025-09-22 02:56:25,2025-10-26 02:56:25,4073.25,285.13,358.29,Paid,2025-09-22 02:56:25,2025-09-27 02:56:25,
792,409,195,2025-09-17 02:56:25,2025-10-22 02:56:25,6140.44,429.83,425.84,Unpaid,2025-09-17 02:56:25,2025-09-23 02:56:25,Such forward should outside respond guy laugh.
793,325,146,2025-09-29 02:56:25,2025-10-28 02:56:25,4414.3,309.0,0.0,Overdue,2025-09-29 02:56:25,2025-10-18 02:56:25,Service develop game stop who factor miss reduce.
794,691,141,2025-09-23 02:56:25,2025-11-07 02:56:25,1336.2,93.53,0.0,Unpaid,2025-09-23 02:56:25,2025-09-23 02:56:25,
795,606,106,2025-10-20 02:56:25,2025-11-07 02:56:25,9872.73,691.09,0.0,Overdue,2025-10-20 02:56:25,2025-11-13 02:56:25,
796,508,196,2025-09-30 02:56:25,2025-10-22 02:56:25,4910.05,343.7,0.0,Paid,2025-09-30 02:56:25,2025-10-06 02:56:25,To manage state score.
797,107,42,2025-09-19 02:56:25,2025-10-31 02:56:25,9701.45,679.1,171.06,Overdue,2025-09-19 02:56:25,,Blood particularly could us hotel lead sit response blue increase unit.
798,554,112,2025-10-14 02:56:25,2025-11-04 02:56:25,4629.38,324.06,372.74,Unpaid,2025-10-14 02:56:25,2025-11-06 02:56:25,But through leader operation mean white above save network.
799,195,161,2025-10-22 02:56:25,2025-12-01 02:56:25,776.12,54.33,0.0,Paid,2025-10-22 02:56:25,,
800,502,85,2025-09-25 02:56:25,2025-10-28 02:56:25,3596.74,251.77,243.45,Unpaid,2025-09-25 02:56:25,2025-09-28 02:56:25,Stuff lot meet TV concern official.
801,581,164,2025-10-17 02:56:25,2025-11-24 02:56:25,4419.66,309.38,393.95,Paid,2025-10-17 02:56:25,2025-11-01 02:56:25,Billion price paper focus thing industry participant realize.
802,321,12,2025-10-23 02:56:25,2025-11-13 02:56:25,9314.93,652.05,360.8,Paid,2025-10-23 02:56:25,2025-10-29 02:56:25,
803,612,20,2025-10-15 02:56:25,2025-11-05 02:56:25,3690.97,258.37,209.89,Unpaid,2025-10-15 02:56:25,2025-11-11 02:56:25,Event white wife laugh card include record security federal reduce.
804,684,85,2025-10-22 02:56:25,2025-11-30 02:56:25,3763.97,263.48,0.0,Overdue,2025-10-22 02:56:25,2025-11-16 02:56:25,
805,162,18,2025-09-23 02:56:25,2025-11-05 02:56:25,2114.39,148.01,0.0,Paid,2025-09-23 02:56:25,2025-10-20 02:56:25,
806,787,180,2025-09-07 02:56:25,2025-09-28 02:56:25,6120.02,428.4,0.0,Unpaid,2025-09-07 02:56:25,2025-09-20 02:56:25,
807,103,176,2025-10-17 02:56:25,2025-11-08 02:56:25,3609.31,252.65,0.0,Overdue,2025-10-17 02:56:25,,
808,286,21,2025-09-05 02:56:25,2025-09-20 02:56:25,4468.83,312.82,442.98,Overdue,2025-09-05 02:56:25,,Republican very plan cut person fact generation public wonder practice when.
809,209,69,2025-10-02 02:56:25,2025-11-11 02:56:25,8081.17,565.68,0.0,Unpaid,2025-10-02 02:56:25,2025-10-04 02:56:25,
810,395,175,2025-11-01 02:56:25,2025-12-08 02:56:25,7451.97,521.64,0.0,Paid,2025-11-01 02:56:25,2025-11-08 02:56:25,
811,846,62,2025-10-27 02:56:25,2025-11-11 02:56:25,5057.94,354.06,355.73,Overdue,2025-10-27 02:56:25,,My PM report set no old wall report purpose throw move there institution actually.
812,125,98,2025-10-03 02:56:25,2025-11-11 02:56:25,1816.93,127.19,0.0,Paid,2025-10-03 02:56:25,,Agent certainly prove customer seek claim expert economy.
813,871,36,2025-09-17 02:56:25,2025-10-22 02:56:25,512.95,35.91,0.0,Unpaid,2025-09-17 02:56:25,,Real far send.
814,647,136,2025-10-14 02:56:25,2025-11-11 02:56:25,7652.44,535.67,0.0,Overdue,2025-10-14 02:56:25,2025-11-08 02:56:25,Grow laugh pattern.
815,764,109,2025-09-23 02:56:25,2025-11-05 02:56:25,3689.1,258.24,0.0,Overdue,2025-09-23 02:56:25,,
816,544,97,2025-09-06 02:56:25,2025-09-22 02:56:25,1554.18,108.79,96.22,Unpaid,2025-09-06 02:56:25,2025-09-26 02:56:25,
817,33,67,2025-10-28 02:56:25,2025-11-29 02:56:25,7238.7,506.71,710.3,Paid,2025-10-28 02:56:25,2025-11-17 02:56:25,Ten score night down six sometimes explain professor unit hold.
818,63,198,2025-09-14 02:56:25,2025-10-22 02:56:25,7728.42,540.99,693.96,Overdue,2025-09-14 02:56:25,2025-09-22 02:56:25,Whole approach season data than team kitchen difficult plant remember.
819,789,60,2025-10-10 02:56:25,2025-11-08 02:56:25,5119.16,358.34,0.0,Paid,2025-10-10 02:56:25,2025-10-27 02:56:25,
820,809,142,2025-09-28 02:56:25,2025-11-10 02:56:25,3276.51,229.36,0.0,Overdue,2025-09-28 02:56:25,,
821,369,53,2025-09-02 02:56:25,2025-10-15 02:56:25,1123.46,78.64,0.0,Unpaid,2025-09-02 02:56:25,2025-09-14 02:56:25,
822,950,141,2025-10-14 02:56:25,2025-11-28 02:56:25,9587.96,671.16,264.57,Overdue,2025-10-14 02:56:25,2025-10-18 02:56:25,
823,346,128,2025-09-29 02:56:25,2025-11-13 02:56:25,6459.12,452.14,626.26,Overdue,2025-09-29 02:56:25,,Sense national owner simply who family concern radio cost community message.
824,706,137,2025-10-04 02:56:25,2025-11-11 02:56:25,6624.5,463.72,41.7,Paid,2025-10-04 02:56:25,,
825,342,168,2025-10-11 02:56:25,2025-11-08 02:56:25,5997.69,419.84,0.0,Unpaid,2025-10-11 02:56:25,2025-11-01 02:56:25,
826,319,135,2025-09-09 02:56:25,2025-10-11 02:56:25,4729.93,331.1,62.41,Unpaid,2025-09-09 02:56:25,2025-09-17 02:56:25,American evidence enough claim suffer accept letter visit always up.
827,450,122,2025-10-14 02:56:25,2025-11-22 02:56:25,8532.38,597.27,242.65,Paid,2025-10-14 02:56:25,2025-10-19 02:56:25,
828,140,168,2025-10-14 02:56:25,2025-11-03 02:56:25,9745.46,682.18,0.0,Overdue,2025-10-14 02:56:25,,
829,648,86,2025-10-22 02:56:25,2025-11-13 02:56:25,1610.71,112.75,0.0,Overdue,2025-10-22 02:56:25,2025-10-30 02:56:25,Anything usually past product make of group six fish detail.
830,838,7,2025-09-27 02:56:25,2025-11-03 02:56:25,829.55,58.07,28.52,Unpaid,2025-09-27 02:56:25,2025-10-02 02:56:25,
831,539,87,2025-10-25 02:56:25,2025-12-08 02:56:25,736.79,51.58,0.0,Paid,2025-10-25 02:56:25,,
832,351,102,2025-10-23 02:56:25,2025-11-07 02:56:25,9716.43,680.15,0.0,Overdue,2025-10-23 02:56:25,2025-11-14 02:56:25,Minute skill city myself idea glass third.
833,867,198,2025-09-02 02:56:25,2025-10-11 02:56:25,9816.55,687.16,0.0,Paid,2025-09-02 02:56:25,,
834,879,99,2025-09-03 02:56:25,2025-10-02 02:56:25,3717.5,260.23,178.06,Paid,2025-09-03 02:56:25,2025-09-20 02:56:25,Former family wear peace little.
835,891,143,2025-10-07 02:56:25,2025-11-10 02:56:25,8488.33,594.18,78.5,Paid,2025-10-07 02:56:25,2025-10-13 02:56:25,
836,160,182,2025-10-18 02:56:25,2025-11-27 02:56:25,9388.82,657.22,21.17,Overdue,2025-10-18 02:56:25,,
837,174,53,2025-10-27 02:56:25,2025-11-27 02:56:25,4247.02,297.29,256.17,Overdue,2025-10-27 02:56:25,,
838,184,107,2025-10-09 02:56:25,2025-11-05 02:56:25,1905.49,133.38,0.0,Unpaid,2025-10-09 02:56:25,2025-10-09 02:56:25,Statement wonder across protect knowledge toward party perform where radio fly trouble war.
839,291,149,2025-10-13 02:56:25,2025-11-11 02:56:25,8805.87,616.41,640.94,Unpaid,2025-10-13 02:56:25,,Either rich agency might side method meet main fast prepare fly bank benefit.
840,115,187,2025-10-14 02:56:25,2025-11-03 02:56:25,8153.89,570.77,0.0,Unpaid,2025-10-14 02:56:25,,Mouth phone decision picture defense rate structure.
841,692,188,2025-10-23 02:56:25,2025-11-13 02:56:25,3380.7,236.65,0.0,Overdue,2025-10-23 02:56:25,,Mrs reflect wish simple position vote section child learn.
842,718,70,2025-10-27 02:56:25,2025-11-11 02:56:25,4389.88,307.29,0.0,Unpaid,2025-10-27 02:56:25,2025-11-10 02:56:25,
843,24,112,2025-09-14 02:56:25,2025-10-28 02:56:25,1800.81,126.06,68.75,Overdue,2025-09-14 02:56:25,2025-10-10 02:56:25,
844,300,121,2025-09-09 02:56:25,2025-10-12 02:56:25,3387.19,237.1,0.0,Unpaid,2025-09-09 02:56:25,2025-10-04 02:56:25,Also available concern edge audience start treat imagine later.
845,770,188,2025-10-13 02:56:25,2025-11-27 02:56:25,6585.27,460.97,0.0,Paid,2025-10-13 02:56:25,2025-11-10 02:56:25,Item admit pull movement political peace series.
846,35,93,2025-10-01 02:56:25,2025-11-14 02:56:25,7034.51,492.42,83.96,Unpaid,2025-10-01 02:56:25,2025-10-03 02:56:25,
847,948,131,2025-10-09 02:56:25,2025-11-11 02:56:25,5064.62,354.52,130.62,Overdue,2025-10-09 02:56:25,2025-10-31 02:56:25,
848,583,190,2025-10-09 02:56:25,2025-11-09 02:56:25,7463.09,522.42,193.69,Overdue,2025-10-09 02:56:25,2025-10-19 02:56:25,Animal summer group me face rate paper example unit.
849,504,89,2025-10-10 02:56:25,2025-10-30 02:56:25,1002.44,70.17,63.78,Unpaid,2025-10-10 02:56:25,2025-10-19 02:56:25,
850,941,107,2025-09-03 02:56:25,2025-09-20 02:56:25,5381.73,376.72,0.0,Paid,2025-09-03 02:56:25,,
851,127,112,2025-10-22 02:56:25,2025-11-23 02:56:25,3564.77,249.53,301.22,Unpaid,2025-10-22 02:56:25,2025-11-13 02:56:25,
852,671,190,2025-10-26 02:56:25,2025-11-27 02:56:25,6010.44,420.73,0.0,Paid,2025-10-26 02:56:25,2025-11-04 02:56:25,House produce listen mouth carry hospital something nation whether century quality trial.
853,888,32,2025-10-06 02:56:25,2025-10-31 02:56:25,9248.62,647.4,201.51,Overdue,2025-10-06 02:56:25,2025-10-12 02:56:25,
854,360,164,2025-09-27 02:56:25,2025-10-31 02:56:25,7051.7,493.62,0.0,Overdue,2025-09-27 02:56:25,,
855,38,195,2025-09-11 02:56:25,2025-09-29 02:56:25,4464.79,312.54,0.0,Paid,2025-09-11 02:56:25,,
856,913,73,2025-10-02 02:56:25,2025-10-28 02:56:25,3459.95,242.2,282.69,Overdue,2025-10-02 02:56:25,2025-10-12 02:56:25,Whatever action themselves center among of hour natural be.
857,416,89,2025-10-31 02:56:25,2025-12-08 02:56:25,8238.45,576.69,705.88,Paid,2025-10-31 02:56:25,2025-11-09 02:56:25,Security tough gas include position mention.
858,95,38,2025-10-27 02:56:25,2025-11-24 02:56:25,7062.77,494.39,0.0,Paid,2025-10-27 02:56:25,2025-11-11 02:56:25,
859,642,120,2025-10-30 02:56:25,2025-11-20 02:56:25,1524.27,106.7,0.0,Overdue,2025-10-30 02:56:25,2025-11-14 02:56:25,Contain pattern education boy provide note approach.
860,83,200,2025-10-30 02:56:25,2025-11-16 02:56:25,3365.64,235.59,32.48,Paid,2025-10-30 02:56:25,,Leave near fact attack better rise maintain former campaign pretty.
861,586,136,2025-10-21 02:56:25,2025-11-26 02:56:25,3839.57,268.77,324.77,Unpaid,2025-10-21 02:56:25,,Expect attorney cover magazine foreign.
862,39,103,2025-09-08 02:56:25,2025-10-09 02:56:25,7917.62,554.23,0.0,Overdue,2025-09-08 02:56:25,2025-09-11 02:56:25,
863,266,167,2025-09-14 02:56:25,2025-09-29 02:56:25,5523.97,386.68,0.0,Unpaid,2025-09-14 02:56:25,2025-10-08 02:56:25,
864,218,180,2025-09-16 02:56:25,2025-10-04 02:56:25,9280.2,649.61,0.0,Overdue,2025-09-16 02:56:25,2025-10-08 02:56:25,
865,575,87,2025-10-04 02:56:25,2025-11-09 02:56:25,9598.6,671.9,340.58,Unpaid,2025-10-04 02:56:25,2025-10-20 02:56:25,Really charge note space when.
866,640,116,2025-09-14 02:56:25,2025-10-09 02:56:25,1674.35,117.2,22.76,Unpaid,2025-09-14 02:56:25,,
867,62,69,2025-10-30 02:56:25,2025-11-16 02:56:25,3617.1,253.2,102.59,Overdue,2025-10-30 02:56:25,,
868,357,187,2025-09-09 02:56:25,2025-10-08 02:56:25,2645.8,185.21,260.6,Unpaid,2025-09-09 02:56:25,2025-09-11 02:56:25,
869,463,138,2025-09-11 02:56:25,2025-10-11 02:56:25,9421.28,659.49,12.05,Overdue,2025-09-11 02:56:25,2025-09-14 02:56:25,Above east develop science.
870,743,143,2025-10-25 02:56:25,2025-11-13 02:56:25,4250.71,297.55,0.0,Paid,2025-10-25 02:56:25,,
871,451,132,2025-10-22 02:56:25,2025-11-08 02:56:25,3955.24,276.87,79.21,Unpaid,2025-10-22 02:56:25,2025-11-17 02:56:25,Everybody growth quickly former lose knowledge simple main board population bank exactly step.
872,547,66,2025-10-15 02:56:25,2025-11-23 02:56:25,7278.19,509.47,0.0,Unpaid,2025-10-15 02:56:25,,
873,927,55,2025-09-02 02:56:25,2025-09-29 02:56:25,3882.92,271.8,0.0,Unpaid,2025-09-02 02:56:25,,
874,18,37,2025-10-23 02:56:25,2025-12-01 02:56:25,4819.03,337.33,235.82,Paid,2025-10-23 02:56:25,2025-10-27 02:56:25,Cultural safe phone road throughout support.
875,387,101,2025-09-09 02:56:25,2025-09-26 02:56:25,5232.28,366.26,93.71,Overdue,2025-09-09 02:56:25,2025-09-13 02:56:25,All old if operation trade necessary myself your.
876,675,126,2025-09-14 02:56:25,2025-10-01 02:56:25,6780.27,474.62,0.0,Unpaid,2025-09-14 02:56:25,,President chance hotel through operation tax card may bed hair action draw who word.
877,268,85,2025-10-01 02:56:25,2025-11-01 02:56:25,2985.82,209.01,256.68,Overdue,2025-10-01 02:56:25,2025-10-25 02:56:25,Serious cell city not not the certainly rule.
878,1,51,2025-09-06 02:56:25,2025-10-20 02:56:25,1631.77,114.22,139.17,Unpaid,2025-09-06 02:56:25,2025-09-07 02:56:25,American seven discussion enough doctor protect military social hold.
879,427,95,2025-09-06 02:56:25,2025-10-13 02:56:25,2059.37,144.16,64.35,Unpaid,2025-09-06 02:56:25,2025-09-09 02:56:25,
880,257,124,2025-10-01 02:56:25,2025-11-06 02:56:25,5760.95,403.27,0.0,Unpaid,2025-10-01 02:56:25,2025-10-28 02:56:25,Thing always possible billion why.
881,523,175,2025-10-07 02:56:25,2025-10-30 02:56:25,5199.57,363.97,0.0,Overdue,2025-10-07 02:56:25,2025-10-31 02:56:25,
882,139,23,2025-10-12 02:56:25,2025-10-28 02:56:25,767.4,53.72,64.23,Unpaid,2025-10-12 02:56:25,,
883,495,161,2025-09-14 02:56:25,2025-10-27 02:56:25,6438.95,450.73,275.68,Unpaid,2025-09-14 02:56:25,2025-09-15 02:56:25,
884,774,34,2025-10-17 02:56:25,2025-11-08 02:56:25,6656.79,465.98,0.0,Overdue,2025-10-17 02:56:25,2025-10-26 02:56:25,Strong enjoy name community president half.
885,681,41,2025-10-31 02:56:25,2025-12-02 02:56:25,3598.11,251.87,310.65,Overdue,2025-10-31 02:56:25,2025-11-13 02:56:25,Might heavy trade might good test main lot.
886,625,82,2025-09-25 02:56:25,2025-10-10 02:56:25,9864.77,690.53,385.02,Overdue,2025-09-25 02:56:25,2025-10-10 02:56:25,According think key discover method exactly change church own stage.
887,535,104,2025-10-11 02:56:25,2025-11-10 02:56:25,5276.3,369.34,0.0,Unpaid,2025-10-11 02:56:25,2025-10-20 02:56:25,Increase form box push look opportunity positive improve during.
888,442,40,2025-10-20 02:56:25,2025-11-19 02:56:25,6536.72,457.57,0.0,Paid,2025-10-20 02:56:25,,
889,67,190,2025-10-14 02:56:25,2025-11-06 02:56:25,951.55,66.61,0.0,Unpaid,2025-10-14 02:56:25,,
890,168,99,2025-10-27 02:56:25,2025-12-03 02:56:25,8519.78,596.38,286.98,Paid,2025-10-27 02:56:25,2025-11-12 02:56:25,Of claim picture always occur argue.
891,634,119,2025-10-10 02:56:25,2025-11-19 02:56:25,1228.29,85.98,0.0,Overdue,2025-10-10 02:56:25,,Two might if wide point these road start water.
892,318,81,2025-10-20 02:56:25,2025-11-17 02:56:25,4321.86,302.53,0.0,Unpaid,2025-10-20 02:56:25,2025-11-06 02:56:25,Last yeah test color.
893,153,152,2025-09-22 02:56:25,2025-10-29 02:56:25,5404.13,378.29,269.78,Overdue,2025-09-22 02:56:25,,
894,178,170,2025-10-03 02:56:25,2025-10-26 02:56:25,9403.05,658.21,0.0,Overdue,2025-10-03 02:56:25,,
895,205,16,2025-09-03 02:56:25,2025-10-06 02:56:25,7402.84,518.2,148.54,Unpaid,2025-09-03 02:56:25,2025-09-07 02:56:25,
896,374,102,2025-09-14 02:56:25,2025-10-08 02:56:25,8519.16,596.34,732.81,Paid,2025-09-14 02:56:25,2025-10-11 02:56:25,Over some star consider process enough right garden law opportunity.
897,72,68,2025-09-21 02:56:25,2025-10-11 02:56:25,2936.24,205.54,0.0,Unpaid,2025-09-21 02:56:25,2025-09-25 02:56:25,Her car admit mission training range step.
898,657,31,2025-09-11 02:56:25,2025-10-22 02:56:25,3450.14,241.51,342.01,Unpaid,2025-09-11 02:56:25,2025-09-12 02:56:25,Benefit live pass although six me brother lot candidate owner still to.
899,828,138,2025-10-24 02:56:25,2025-11-08 02:56:25,2954.77,206.83,0.0,Overdue,2025-10-24 02:56:25,2025-11-13 02:56:25,
900,113,51,2025-09-16 02:56:25,2025-10-16 02:56:25,7931.22,555.19,711.04,Unpaid,2025-09-16 02:56:25,2025-10-13 02:56:25,Miss have analysis morning director sort smile high open scientist seven recent.
901,393,153,2025-09-05 02:56:25,2025-10-01 02:56:25,6880.88,481.66,0.0,Unpaid,2025-09-05 02:56:25,,
902,609,43,2025-10-24 02:56:25,2025-11-15 02:56:25,1563.36,109.44,0.0,Paid,2025-10-24 02:56:25,2025-11-19 02:56:25,
903,859,5,2025-09-13 02:56:25,2025-10-27 02:56:25,5489.97,384.3,49.55,Overdue,2025-09-13 02:56:25,2025-10-08 02:56:25,International effort she travel base our myself.
904,844,104,2025-09-11 02:56:25,2025-10-19 02:56:25,7567.61,529.73,0.0,Paid,2025-09-11 02:56:25,2025-09-16 02:56:25,Country remember smile official brother according pressure reach.
905,206,140,2025-10-04 02:56:25,2025-11-01 02:56:25,2915.91,204.11,0.0,Unpaid,2025-10-04 02:56:25,2025-10-26 02:56:25,
906,584,135,2025-10-12 02:56:25,2025-11-13 02:56:25,4525.92,316.81,0.0,Unpaid,2025-10-12 02:56:25,,
907,258,104,2025-10-09 02:56:25,2025-11-08 02:56:25,7298.88,510.92,0.0,Paid,2025-10-09 02:56:25,2025-11-06 02:56:25,
908,305,74,2025-09-09 02:56:25,2025-10-17 02:56:25,6791.12,475.38,0.0,Overdue,2025-09-09 02:56:25,,
909,490,120,2025-10-16 02:56:25,2025-11-17 02:56:25,4154.56,290.82,0.0,Overdue,2025-10-16 02:56:25,2025-11-10 02:56:25,
910,412,72,2025-09-28 02:56:25,2025-11-09 02:56:25,2745.63,192.19,2.16,Unpaid,2025-09-28 02:56:25,,
911,231,90,2025-10-13 02:56:25,2025-10-30 02:56:25,9395.06,657.65,0.0,Unpaid,2025-10-13 02:56:25,2025-11-10 02:56:25,Impact blood international one end movie north partner yeah however data need.
912,469,37,2025-09-22 02:56:25,2025-10-17 02:56:25,8854.94,619.85,0.0,Unpaid,2025-09-22 02:56:25,,Lot have never effect fill general relationship.
913,664,123,2025-09-10 02:56:25,2025-10-19 02:56:25,9434.71,660.43,389.62,Unpaid,2025-09-10 02:56:25,,
914,164,178,2025-09-10 02:56:25,2025-09-28 02:56:25,8331.81,583.23,0.0,Overdue,2025-09-10 02:56:25,2025-09-23 02:56:25,
915,749,67,2025-09-10 02:56:25,2025-10-12 02:56:25,7508.96,525.63,20.54,Paid,2025-09-10 02:56:25,2025-09-15 02:56:25,
916,143,155,2025-09-12 02:56:25,2025-10-17 02:56:25,1792.88,125.5,112.65,Unpaid,2025-09-12 02:56:25,2025-09-15 02:56:25,Talk process security land record.
917,898,97,2025-09-08 02:56:25,2025-10-12 02:56:25,7014.66,491.03,0.0,Unpaid,2025-09-08 02:56:25,2025-10-05 02:56:25,
918,901,172,2025-10-16 02:56:25,2025-11-05 02:56:25,7030.94,492.17,0.0,Unpaid,2025-10-16 02:56:25,2025-10-29 02:56:25,Beyond meet skill song pass range appear home.
919,687,195,2025-09-06 02:56:25,2025-10-03 02:56:25,9475.19,663.26,0.0,Paid,2025-09-06 02:56:25,2025-09-06 02:56:25,
920,890,161,2025-09-21 02:56:25,2025-10-25 02:56:25,6452.96,451.71,0.0,Unpaid,2025-09-21 02:56:25,2025-10-13 02:56:25,
921,163,180,2025-10-29 02:56:25,2025-11-25 02:56:25,6371.04,445.97,0.0,Paid,2025-10-29 02:56:25,2025-11-09 02:56:25,Source statement likely.
922,129,28,2025-11-01 02:56:25,2025-12-08 02:56:25,5495.46,384.68,0.0,Unpaid,2025-11-01 02:56:25,,Itself ask develop bag also his worker pass minute represent.
923,6,152,2025-09-17 02:56:25,2025-10-08 02:56:25,2310.17,161.71,0.0,Unpaid,2025-09-17 02:56:25,2025-10-02 02:56:25,Arm similar compare manager action sure us million crime six member recognize past purpose.
924,767,93,2025-09-08 02:56:25,2025-09-29 02:56:25,6200.79,434.06,0.0,Unpaid,2025-09-08 02:56:25,,Dream a church you sister good house.
925,771,160,2025-10-06 02:56:25,2025-11-15 02:56:25,1886.46,132.05,49.39,Overdue,2025-10-06 02:56:25,2025-10-13 02:56:25,Customer address region try near risk next on girl spring difficult white lawyer identify above company.
926,175,54,2025-10-27 02:56:25,2025-11-11 02:56:25,4954.38,346.81,0.0,Overdue,2025-10-27 02:56:25,2025-11-02 02:56:25,
927,246,9,2025-09-17 02:56:25,2025-10-15 02:56:25,7492.99,524.51,71.39,Paid,2025-09-17 02:56:25,2025-10-16 02:56:25,Blood authority family water sort what then spend offer reason whom none.
928,461,82,2025-09-24 02:56:25,2025-11-08 02:56:25,6872.52,481.08,0.0,Overdue,2025-09-24 02:56:25,,Serious which learn leave only agree break attack.
929,19,99,2025-09-30 02:56:25,2025-11-03 02:56:25,4118.91,288.32,0.0,Overdue,2025-09-30 02:56:25,2025-10-30 02:56:25,
930,604,33,2025-10-30 02:56:25,2025-12-02 02:56:25,2204.04,154.28,108.62,Unpaid,2025-10-30 02:56:25,,Quality discover firm western might act strategy eat.
931,872,122,2025-09-17 02:56:25,2025-10-18 02:56:25,4612.83,322.9,144.51,Paid,2025-09-17 02:56:25,2025-10-13 02:56:25,Human see garden never condition finish despite.
932,797,143,2025-09-03 02:56:25,2025-10-01 02:56:25,3187.79,223.15,0.0,Overdue,2025-09-03 02:56:25,,
933,528,64,2025-09-29 02:56:25,2025-10-24 02:56:25,4639.87,324.79,341.9,Unpaid,2025-09-29 02:56:25,,Especially water raise travel material current save their deal dark economic peace choose blood turn.
934,148,79,2025-10-29 02:56:25,2025-11-19 02:56:25,1911.9,133.83,6.86,Unpaid,2025-10-29 02:56:25,2025-11-12 02:56:25,Pass share must amount lot per manage world to than make worker trouble exactly.
935,727,123,2025-10-30 02:56:25,2025-11-28 02:56:25,3886.94,272.09,0.0,Unpaid,2025-10-30 02:56:25,2025-11-02 02:56:25,
936,484,42,2025-09-07 02:56:25,2025-09-26 02:56:25,1674.72,117.23,145.39,Paid,2025-09-07 02:56:25,,
937,892,18,2025-09-10 02:56:25,2025-10-03 02:56:25,5850.85,409.56,0.0,Paid,2025-09-10 02:56:25,2025-09-10 02:56:25,
938,213,148,2025-09-26 02:56:25,2025-10-16 02:56:25,4455.98,311.92,342.33,Overdue,2025-09-26 02:56:25,2025-10-06 02:56:25,Seek campaign moment institution vote.
939,689,88,2025-10-07 02:56:25,2025-11-02 02:56:25,6108.22,427.58,0.0,Unpaid,2025-10-07 02:56:25,2025-10-09 02:56:25,Maybe hour rather company with recently least.
940,223,156,2025-10-03 02:56:25,2025-11-07 02:56:25,9574.41,670.21,0.0,Paid,2025-10-03 02:56:25,2025-10-04 02:56:25,
941,137,118,2025-09-02 02:56:25,2025-10-01 02:56:25,3586.7,251.07,0.0,Overdue,2025-09-02 02:56:25,,
942,404,86,2025-10-24 02:56:25,2025-11-14 02:56:25,8701.15,609.08,0.0,Unpaid,2025-10-24 02:56:25,2025-10-25 02:56:25,
943,823,93,2025-09-27 02:56:25,2025-11-11 02:56:25,6221.77,435.52,158.76,Paid,2025-09-27 02:56:25,,
944,734,14,2025-10-27 02:56:25,2025-11-11 02:56:25,8597.29,601.81,670.15,Unpaid,2025-10-27 02:56:25,2025-11-26 02:56:25,
945,236,176,2025-10-25 02:56:25,2025-11-18 02:56:25,5163.03,361.41,416.32,Unpaid,2025-10-25 02:56:25,,
946,674,155,2025-10-10 02:56:25,2025-11-15 02:56:25,1413.06,98.91,28.24,Unpaid,2025-10-10 02:56:25,,Activity decision ok foot party employee.
947,496,86,2025-10-27 02:56:25,2025-12-05 02:56:25,4514.1,315.99,84.12,Overdue,2025-10-27 02:56:25,2025-10-28 02:56:25,
948,777,150,2025-10-03 02:56:25,2025-11-08 02:56:25,2630.19,184.11,0.0,Paid,2025-10-03 02:56:25,,
949,265,41,2025-09-21 02:56:25,2025-10-22 02:56:25,1297.72,90.84,10.28,Unpaid,2025-09-21 02:56:25,2025-09-25 02:56:25,
950,133,160,2025-10-13 02:56:25,2025-11-23 02:56:25,2862.21,200.35,162.73,Overdue,2025-10-13 02:56:25,2025-10-14 02:56:25,
