order_id,product_id,add_to_cart_order,reordered
2384,8277,1,1
2384,329,2,1
2384,47766,3,1
2384,30450,4,1
2384,37067,5,1
2384,49621,6,1
2384,33788,7,1
2384,27521,8,1
2384,29675,9,1
2384,405,10,1
2384,18889,11,0
2384,42356,12,0
2384,45104,13,0
2384,40516,14,0
2384,3481,15,0
2384,7010,16,0
2384,34243,17,0
2384,13984,18,0
2384,26369,19,0
3910,36103,1,0
3910,29487,2,1
3910,34703,3,0
3910,14992,4,1
6629,15693,1,1
6629,6132,2,1
6629,21469,3,1
6629,9124,4,1
6629,24852,5,1
6629,48845,6,1
6629,36127,7,1
6629,9637,8,1
6629,14633,9,1
6629,8929,10,0
6629,46979,11,1
7332,14715,1,0
7469,33198,1,1
7469,41774,2,1
7469,10753,3,1
7469,19022,4,1
7469,5785,5,1
7469,45603,6,1
7469,41198,7,1
7469,43182,8,1
7469,42659,9,1
7469,47626,10,1
7469,8264,11,1
7469,18765,12,1
7469,37665,13,1
7469,32579,14,0
7469,32052,15,0
7541,29553,1,0
7541,16921,2,0
7541,16759,3,0
7541,8006,4,0
7541,30480,5,0
7541,14197,6,0
7728,16617,1,1
7728,38531,2,1
8437,6069,1,1
8437,5322,2,1
8437,17224,3,1
8437,49519,4,1
8437,5487,5,1
8437,18523,6,1
8437,22286,7,1
8437,18503,8,1
8437,10221,9,1
8437,16609,10,1
15911,41061,1,0
15911,31553,2,0
15911,24852,3,1
15911,47087,4,1
15911,33754,5,1
15911,5750,6,1
15911,19348,7,1
15911,22982,8,1
15911,44980,9,1
15911,8284,10,0
15911,6448,11,1
15911,4210,12,1
15911,29127,13,1
23725,24852,1,1
23725,20842,2,1
23725,28204,3,0
23725,49683,4,1
23725,20114,5,1
23725,34969,6,0
23725,21903,7,1
23725,18479,8,0
23725,47626,9,0
23725,21137,10,0
23725,9076,11,0
23725,25890,12,0
23725,41220,13,0
32006,24184,1,0
32006,21938,2,0
32006,22935,3,0
32006,34887,4,0
32006,13111,5,0
32006,6281,6,0
32006,32476,7,0
32006,22795,8,0
32006,47324,9,0
32006,8193,10,0
32006,9387,11,0
32006,45066,12,0
33979,31506,1,0
33979,22935,2,0
33979,24964,3,0
33979,30480,4,0
33979,1643,5,0
33979,44334,6,0
33979,31717,7,0
33979,38140,8,1
33979,47492,9,0
38022,36695,1,1
38022,30098,2,1
38022,11140,3,1
38022,24964,4,1
38022,47734,5,1
38022,3583,6,1
39167,38777,1,1
39167,24838,2,1
39167,17794,3,0
39167,34590,4,0
39167,22935,5,1
39167,8277,6,1
39167,24852,7,1
39167,21903,8,1
39167,39877,9,1
41118,38226,1,0
41118,11777,2,0
43015,47912,1,1
43015,19660,2,1
43015,13176,3,1
43015,26131,4,1
43015,18465,5,1
43015,8309,6,1
43015,28465,7,1
43015,17468,8,0
43015,8490,9,1
43015,27845,10,1
43015,20400,11,0
43015,13885,12,0
43015,5450,13,0
43015,15462,14,1
43015,8193,15,0
43015,23801,16,0
43015,7411,17,0
43015,46900,18,0
43015,10221,19,0
43015,7628,20,0
43015,12283,21,0
43015,31557,22,1
53797,31506,1,1
53797,44008,2,0
53797,6104,3,1
53797,8424,4,1
53797,31915,5,1
53797,47630,6,1
62737,35143,1,0
62737,12013,2,0
62737,46145,3,0
62737,47759,4,0
62737,41272,5,0
70602,5646,1,0
70602,9339,2,0
70602,18234,3,0
70602,31717,4,0
70602,48023,5,0
70602,40723,6,0
70692,8277,1,0
70692,45007,2,1
70692,21137,3,0
70692,47209,4,1
70692,34230,5,1
70692,8053,6,1
70692,27521,7,1
70864,46979,1,0
70864,38383,2,0
70864,28986,3,1
70864,30391,4,1
70864,37687,5,0
70864,38266,6,1
70864,4799,7,1
70864,24184,8,1
70864,12891,9,1
77811,2707,1,0
77811,33351,2,0
77811,19051,3,1
77811,41844,4,1
77811,432,5,0
77811,36170,6,0
77811,47284,7,0
83592,41950,1,1
83592,24852,2,1
83592,49478,3,1
83592,47766,4,1
83592,28985,5,1
83592,49435,6,1
83592,11182,7,0
83592,29127,8,1
83592,26949,9,1
83592,26209,10,1
83592,21527,11,1
83592,13083,12,1
83592,37022,13,1
83592,41065,14,1
83592,37646,15,1
83592,21405,16,1
83592,13629,17,1
83592,39928,18,1
83592,47626,19,1
83592,1577,20,1
83592,35921,21,1
83592,581,22,0
83592,30489,23,1
83592,1994,24,1
83592,25919,25,1
83592,46969,26,0
83592,28199,27,1
83592,2228,28,0
83592,28769,29,0
83592,11789,30,0
83592,44628,31,0
101910,45535,1,1
101910,44359,2,1
101910,626,3,1
101910,17720,4,1
101910,22935,5,1
107991,47119,1,1
107991,33741,2,1
107991,14126,3,1
107991,33401,4,1
107991,329,5,1
107991,45633,6,1
107991,4920,7,1
107991,21137,8,1
113285,13598,1,1
113285,24852,2,1
113285,48679,3,0
113285,5450,4,0
113285,21903,5,0
117875,35715,1,0
117875,22270,2,0
117875,29598,3,0
117875,45537,4,0
117875,3330,5,0
117875,36968,6,0
117875,20906,7,0
117875,34134,8,0
117875,31469,9,0
120723,31717,1,1
120723,26209,2,1
120723,8518,3,1
120723,31562,4,0
120723,27966,5,1
120723,13776,6,0
121521,19702,1,1
121521,42719,2,1
121521,26604,3,1
121521,27744,4,1
121521,36550,5,0
121521,46665,6,0
121521,32622,7,0
121848,32403,1,1
121848,23909,2,1
121848,36978,3,1
121848,9007,4,1
121848,14165,5,1
121848,4137,6,1
121848,21100,7,1
121848,29443,8,1
121848,33331,9,1
121848,13245,10,0
132908,24850,1,0
132908,35782,2,1
132908,24852,3,1
132908,49683,4,1
132908,13383,5,1
132908,47626,6,1
132908,9515,7,1
132908,22963,8,0
132908,12384,9,1
132908,16797,10,1
132908,13629,11,0
132908,15995,12,0
132908,42736,13,1
132908,49610,14,1
132908,46906,15,1
132908,14778,16,1
132908,33825,17,0
132908,27845,18,1
132908,17600,19,1
132908,24830,20,0
132908,40708,21,0
132908,44987,22,0
132908,34126,23,0
132908,15937,24,0
132908,42243,25,0
132908,24622,26,0
132908,5652,27,0
132908,34448,28,0
132908,26620,29,0
140712,17482,1,0
141265,42193,1,0
141265,11777,2,0
141265,24852,3,0
141265,25138,4,0
141265,20082,5,0
141265,45774,6,0
141265,11143,7,0
141265,41999,8,0
141265,45645,9,0
141265,5322,10,0
141265,38656,11,0
141265,8277,12,0
141265,42817,13,0
141265,8671,14,0
141265,38414,15,0
141265,23774,16,0
142909,12745,1,1
142909,31640,2,1
142909,21137,3,0
142909,21961,4,0
142909,38293,5,0
142909,41793,6,0
142909,21903,7,1
142909,21791,8,0
142909,37335,9,0
142909,38689,10,0
142909,8277,11,0
142909,13730,12,0
142909,36735,13,1
142909,6972,14,0
142909,21393,15,0
142909,8088,16,0
142909,22935,17,0
142909,47766,18,0
142909,44418,19,0
142909,21938,20,0
142909,10749,21,0
142909,15290,22,0
142909,26620,23,0
142909,7021,24,0
142909,3957,25,1
142909,2658,26,0
144072,22888,1,0
144072,46906,2,1
144072,24024,3,1
145286,39877,1,0
145286,37646,2,0
145286,26209,3,0
145286,18880,4,0
145286,10537,5,1
145286,21903,6,1
145286,27104,7,1
145286,28842,8,0
145286,8518,9,0
145286,20114,10,0
145286,32537,11,0
149223,46979,1,0
149223,16759,2,0
149223,27966,3,0
149223,48825,4,0
149223,5825,5,0
149223,37886,6,0
149223,12440,7,0
149223,46025,8,0
149223,44923,9,0
149223,39251,10,0
151462,24852,1,1
151462,43352,2,1
151462,26604,3,1
151462,33120,4,1
151462,16083,5,1
151462,17568,6,0
151462,28985,7,1
151462,47626,8,1
151462,34688,9,1
151462,14084,10,1
151462,3896,11,1
151462,10912,12,0
151462,26915,13,0
151462,25527,14,0
151462,31288,15,0
151462,12745,16,0
151462,11737,17,0
151462,8277,18,1
151462,20520,19,1
151462,28842,20,1
151462,42701,21,1
154753,16349,1,1
154753,22935,2,1
154753,13176,3,1
154753,40251,4,0
154753,23400,5,0
154753,45748,6,0
154753,40913,7,0
154753,27966,8,0
154753,21137,9,0
154753,28899,10,1
154753,19886,11,1
154753,48908,12,0
154753,14684,13,0
154753,900,14,0
154753,24765,15,0
154753,1322,16,0
154753,15941,17,0
154753,47325,18,0
154753,6873,19,1
155390,20842,1,1
155390,3374,2,0
155390,34487,3,1
155390,42888,4,1
155390,4210,5,1
155390,23909,6,1
155390,21158,7,1
155390,47950,8,0
155390,43690,9,1
155390,18966,10,0
155390,100,11,1
155866,42943,1,0
155866,44355,2,0
155866,6416,3,0
155866,25945,4,0
155866,33787,5,0
155866,33698,6,0
155866,15522,7,0
155866,6507,8,0
155866,22782,9,0
155866,33754,10,0
155866,9901,11,0
156189,21137,1,1
156189,8048,2,0
156189,14979,3,0
157485,11005,1,0
157485,21560,2,0
157485,13852,3,1
158860,43920,1,0
158860,47766,2,1
158860,42265,3,0
158860,781,4,0
158860,26317,5,0
158860,5883,6,0
159327,10749,1,1
159327,43662,2,1
159327,13263,3,1
159327,21077,4,1
159327,22935,5,1
159327,12614,6,1
159327,46505,7,1
159327,25890,8,1
159327,16759,9,1
159327,14992,10,0
159327,5991,11,0
159341,27845,1,1
159341,24852,2,1
159341,16521,3,1
159341,4421,4,1
162871,41787,1,1
162871,40825,2,1
162871,44614,3,1
162871,37405,4,1
162871,13033,5,1
162871,27356,6,1
173772,45774,1,0
173772,11143,2,0
173772,48186,3,0
173772,22395,4,0
173772,7863,5,0
173772,16083,6,0
173772,17872,7,1
173772,5479,8,1
173772,45356,9,1
173772,39947,10,1
173772,20113,11,1
173772,19677,12,1
173772,8467,13,1
173772,13176,14,0
173772,41787,15,1
174059,41661,1,0
174059,22819,2,0
174059,13772,3,0
174059,35921,4,0
174059,36070,5,0
174059,32429,6,0
174059,22556,7,0
174059,1408,8,0
174059,46147,9,0
174059,40898,10,0
174059,35601,11,0
174059,28609,12,0
174059,43568,13,0
174059,26769,14,0
183308,31778,1,1
183308,27549,2,1
183308,7644,3,1
183308,20654,4,1
183308,44830,5,1
183308,28204,6,1
183308,40190,7,1
183308,10439,8,0
184424,34746,1,1
184424,3765,2,1
184424,3560,3,1
184424,2778,4,1
184424,33050,5,1
184424,28427,6,1
184424,23744,7,1
184424,5818,8,1
185308,24512,1,0
185308,44142,2,1
185308,20691,3,0
185308,17108,4,0
185308,4853,5,0
185308,34358,6,0
185308,13536,7,1
185308,22144,8,0
185308,14617,9,0
185308,24235,10,0
185308,28928,11,1
185308,49395,12,1
196467,25461,1,0
196467,20468,2,1
196467,24391,3,1
196467,21146,4,1
196467,23182,5,1
196467,39959,6,1
196467,39434,7,1
196467,6195,8,1
196467,45429,9,1
196467,23700,10,1
196467,49409,11,1
196467,7785,12,1
197502,40852,1,1
197502,22899,2,1
197729,16797,1,1
197729,12572,2,1
197729,49235,3,0
197729,11046,4,0
197729,21903,5,1
197729,5965,6,0
199461,21137,1,0
199461,13176,2,0
199461,36011,3,0
199461,42265,4,0
199461,35951,5,0
199461,44008,6,0
199461,38293,7,0
199461,19508,8,0
199461,43772,9,0
199461,28851,10,0
199461,30489,11,0
199461,10912,12,0
199461,46906,13,0
199461,27323,14,0
199461,5077,15,0
199461,4138,16,0
199461,694,17,0
199461,27966,18,0
201976,27845,1,0
201976,27966,2,0
201976,26604,3,0
201976,12703,4,0
201976,20632,5,0
201976,19049,6,0
201976,13176,7,0
201976,45007,8,0
201976,34126,9,0
201976,40363,10,1
201976,38777,11,0
201976,34584,12,0
201976,4957,13,1
201976,33754,14,1
201976,18523,15,1
201976,33787,16,1
201976,24489,17,0
201976,38159,18,0
202728,22935,1,1
202728,22474,2,1
202728,24184,3,1
202728,5025,4,1
202728,18288,5,1
203040,47766,1,1
203040,12699,2,1
203040,28204,3,1
203040,46654,4,1
203040,21903,5,1
203040,46906,6,1
207957,13176,1,1
207957,31720,2,1
207957,23029,3,0
212427,32239,1,1
212427,35181,2,1
212427,20738,3,1
212427,42403,4,1
212427,5422,5,1
212427,27020,6,1
212427,5884,7,1
212427,27086,8,1
212427,40028,9,1
212427,9387,10,1
212427,21333,11,1
218020,24852,1,1
218020,42803,2,1
218020,19348,3,1
218020,38618,4,1
218020,43662,5,1
218020,12896,6,1
218020,22620,7,1
218020,24985,8,1
218020,14870,9,1
218643,13176,1,1
218643,16083,2,1
218643,14947,3,1
218643,21137,4,1
218643,43352,5,1
218643,21405,6,1
218643,4920,7,1
218643,47209,8,1
218643,26604,9,1
218643,6489,10,1
218643,35939,11,1
218643,22825,12,1
218643,45066,13,1
218643,41874,14,1
218643,41658,15,1
221299,48628,1,1
221299,2091,2,1
221299,38689,3,1
221299,33373,4,0
221299,30561,5,1
221299,34,6,1
221299,30489,7,1
221299,27104,8,1
221299,10621,9,0
221299,9839,10,0
221299,38419,11,0
221299,12872,12,1
233299,6194,1,0
233299,35,2,1
235389,24852,1,1
235389,28204,2,1
235389,43352,3,1
235389,36186,4,1
235389,28299,5,1
235389,26604,6,1
235389,12875,7,1
235389,12914,8,1
235389,46041,9,1
235389,12456,10,0
235389,21936,11,1
235389,35042,12,0
235389,16997,13,0
235389,5450,14,1
235389,10255,15,1
235389,1148,16,1
235389,1181,17,1
235389,48426,18,0
235389,32538,19,0
239789,48577,1,0
239789,44233,2,0
239789,30480,3,1
239789,34939,4,0
239789,44142,5,0
239789,37687,6,1
239789,5240,7,1
239789,39279,8,1
239789,32691,9,1
239789,32959,10,1
239789,34126,11,1
239789,13984,12,1
239789,34530,13,1
239789,41950,14,1
239789,36550,15,1
239952,24363,1,1
239952,20542,2,1
239952,45007,3,0
239952,8518,4,0
239952,42625,5,0
239952,40604,6,0
239952,22312,7,0
240080,6765,1,0
240080,19393,2,0
240080,30450,3,1
240080,29627,4,1
240080,25010,5,1
240080,2078,6,1
247216,23044,1,1
247216,5101,2,1
247216,14992,3,1
247216,17329,4,0
247216,21278,5,1
247216,44014,6,1
247216,10492,7,1
247216,31471,8,1
247216,48984,9,0
247736,22620,1,1
247736,14464,2,1
247736,21005,3,0
247736,17022,4,0
247736,49363,5,1
247736,45483,6,1
247736,20268,7,1
247736,9340,8,1
247736,10145,9,0
247736,9176,10,0
247736,215,11,0
247736,7547,12,0
247736,6142,13,1
248383,30027,1,0
248383,27521,2,0
248383,45741,3,1
248383,27845,4,1
248383,30881,5,1
248383,30233,6,1
248383,2314,7,1
248383,46650,8,1
250605,20842,1,1
250605,21137,2,1
250605,43101,3,1
250605,36869,4,0
250605,27966,5,1
250605,36606,6,1
250605,42342,7,1
250605,30489,8,1
250605,2269,9,1
252562,35221,1,0
252562,47766,2,1
252562,43073,3,0
252562,8138,4,0
252562,45,5,0
252562,44142,6,0
252562,49533,7,0
252562,14633,8,0
252562,5764,9,1
252562,8424,10,0
252562,34496,11,0
252562,43908,12,0
252562,45007,13,0
257640,24852,1,1
257640,6015,2,1
257640,5428,3,1
257640,23650,4,1
257640,3957,5,1
257640,5876,6,1
269056,2974,1,1
269056,41290,2,1
269056,45037,3,1
285575,19820,1,0
285575,14877,2,0
285575,2639,3,0
285575,34503,4,1
285575,4614,5,1
285575,36011,6,1
285575,9076,7,1
285575,3919,8,1
285906,28204,1,1
285906,39107,2,0
285906,24852,3,1
286608,21137,1,1
286608,14466,2,1
286608,13176,3,1
286608,1374,4,1
286608,9955,5,1
286608,43858,6,1
286608,446,7,1
286608,43086,8,1
286608,30391,9,1
286608,49383,10,1
286608,34126,11,1
286608,19057,12,1
286608,39928,13,0
286608,39877,14,1
286608,22825,15,1
286608,36082,16,0
286608,8277,17,1
286608,20995,18,1
286608,12456,19,1
286608,43760,20,1
286608,33569,21,1
286608,45063,22,0
286608,31225,23,1
286608,45633,24,1
286608,27509,25,0
286608,49175,26,1
286608,20113,27,1
286608,216,28,0
286608,13524,29,1
286608,8174,30,0
286608,32177,31,0
287281,10385,1,1
287281,27966,2,1
287281,23165,3,1
287281,9595,4,1
287281,20186,5,0
287281,9267,6,0
300780,21903,1,1
300780,38026,2,1
300780,22825,3,1
300780,28204,4,1
300780,10912,5,1
300780,43129,6,1
300780,5785,7,1
300780,6948,8,1
300780,4962,9,0
300780,10125,10,1
300780,16797,11,0
307257,45603,1,1
307257,40706,2,1
307257,11520,3,0
307257,22632,4,0
307257,18567,5,0
307257,27086,6,0
307257,39029,7,0
307257,22372,8,0
309367,8277,1,1
309367,35595,2,1
309367,21137,3,0
309367,35907,4,1
309367,2086,5,1
309367,17281,6,1
309367,43768,7,0
315871,43876,1,0
315871,21368,2,0
315871,49381,3,0
315871,34450,4,0
315871,12195,5,0
315871,11597,6,1
315871,49267,7,0
315871,11210,8,0
315871,44142,9,1
315871,48697,10,0
315871,32624,11,1
315871,13780,12,1
315871,24271,13,0
324340,16168,1,1
324340,21372,2,1
324340,18998,3,1
324340,38884,4,0
324340,39803,5,0
324340,26767,6,0
324340,33198,7,1
331587,42556,1,0
331587,41519,2,0
331587,36956,3,0
337625,13249,1,1
337625,15599,2,0
337625,22000,3,0
337625,27360,4,0
337625,24852,5,1
337625,38739,6,1
338829,44422,1,0
338829,21616,2,0
338829,14084,3,1
338829,21903,4,0
345196,45066,1,1
345196,40516,2,0
345196,45570,3,1
345196,25527,4,1
345196,30135,5,1
345196,16797,6,1
345196,21252,7,1
345196,40852,8,1
345196,44422,9,1
345196,23375,10,1
345196,2476,11,0
345196,39662,12,0
347394,29447,1,1
347394,36724,2,1
347394,49247,3,1
347394,19182,4,1
347394,37646,5,1
347394,16254,6,1
347394,3330,7,1
347394,27156,8,1
347394,4656,9,1
347394,781,10,0
347394,37193,11,0
347394,3376,12,0
347394,3896,13,0
347394,42110,14,0
360186,5077,1,0
360186,24852,2,0
360186,30233,3,0
360186,15613,4,0
360186,32566,5,0
360186,6052,6,0
360186,9018,7,0
360186,41220,8,0
360186,26369,9,0
360186,1263,10,0
360186,35221,11,0
360186,29603,12,0
360186,49340,13,0
361352,14705,1,1
361352,1399,2,1
361352,32085,3,1
361352,20561,4,1
361352,7781,5,1
361352,12817,6,1
361352,39041,7,1
361352,7648,8,1
361352,17807,9,1
361352,17080,10,0
361352,40174,11,0
361352,16953,12,1
365775,19660,1,1
365775,39275,2,1
365775,22362,3,1
365775,46061,4,0
368948,12341,1,1
368948,10258,2,1
371733,2915,1,1
371733,1826,2,1
371733,35458,3,1
371733,19368,4,1
371733,16871,5,1
371733,24852,6,1
371733,41276,7,1
376436,34350,1,0
376436,43091,2,0
376436,36310,3,1
376436,43986,4,1
376436,21553,5,1
376436,21296,6,1
376436,26806,7,1
376436,35321,8,1
377052,11576,1,0
377052,11651,2,1
377052,22008,3,0
377052,5150,4,1
377052,8230,5,0
377052,30627,6,0
377052,546,7,0
377052,16840,8,0
377052,18829,9,0
377052,8123,10,0
380593,37067,1,0
380593,5161,2,0
380593,27845,3,0
380593,27966,4,0
380593,14491,5,0
380593,22210,6,0
380593,38985,7,0
380593,12492,8,0
380593,30529,9,0
380593,46807,10,0
380593,6541,11,0
380593,32647,12,0
380593,32831,13,0
380593,17579,14,0
380593,29544,15,0
380593,25949,16,0
380593,16185,17,0
380593,5456,18,0
380593,38274,19,0
380593,21137,20,0
380593,28985,21,0
391827,21909,1,0
391827,27470,2,0
391827,24852,3,0
391827,9582,4,0
391827,34262,5,0
391827,23020,6,0
391827,35221,7,0
391827,37709,8,0
391827,5737,9,0
391827,27829,10,0
391827,36724,11,0
391827,37158,12,0
391827,23952,13,0
391827,39275,14,0
391827,24159,15,0
391827,28058,16,0
392547,13575,1,1
392547,16797,2,1
392547,21292,3,1
394934,47626,1,0
394934,44632,2,1
394934,35221,3,1
394934,26620,4,1
394934,39947,5,1
394934,18362,6,1
394934,45123,7,1
400362,2855,1,1
400362,13078,2,1
404046,27796,1,0
404046,14147,2,0
404046,13988,3,0
404046,5991,4,0
404046,34953,5,1
404046,40542,6,1
404046,21010,7,0
404046,34287,8,0
404046,30021,9,0
405198,35547,1,1
405198,19057,2,1
405198,39928,3,1
405198,40706,4,1
405198,21137,5,1
405198,46654,6,1
405198,45007,7,1
405198,3952,8,1
405198,30391,9,0
405198,22935,10,1
405198,5450,11,0
405198,13629,12,1
405198,11782,13,1
405198,31557,14,1
405198,4799,15,0
407127,17400,1,0
407127,40516,2,0
407127,10246,3,0
407127,7559,4,0
407127,13431,5,0
407127,21417,6,0
407127,4473,7,0
407127,7456,8,0
407127,21405,9,0
407127,31717,10,0
407127,26209,11,0
407127,12748,12,0
407127,47209,13,0
407127,16797,14,0
408059,24852,1,1
408059,33159,2,0
408059,39581,3,1
409367,47626,1,1
409367,7628,2,0
409367,29118,3,0
409367,49284,4,0
409367,13780,5,0
412674,38374,1,0
412674,24367,2,0
412674,20144,3,0
412674,3765,4,0
412717,29603,1,1
412717,24852,2,1
412717,11777,3,1
412717,32864,4,1
412717,32734,5,0
412717,12464,6,1
412717,21955,7,0
412717,38508,8,1
412717,33055,9,1
412717,16797,10,1
415180,8954,1,0
415180,9804,2,0
415180,14328,3,0
415180,19532,4,0
415180,25132,5,0
415180,32338,6,0
415180,47626,7,0
416252,13176,1,0
416252,11941,2,0
416252,23339,3,0
416252,24561,4,0
416252,32239,5,0
416252,42736,6,0
416252,7175,7,0
416252,5750,8,0
416252,47209,9,0
416252,26497,10,0
416252,15290,11,0
416252,47626,12,0
416252,6758,13,0
416252,43803,14,0
416252,13870,15,0
416252,18721,16,0
416252,38508,17,0
416252,41860,18,0
416252,11383,19,0
416252,41665,20,0
416252,20985,21,0
416252,42637,22,0
416252,24799,23,0
416252,28465,24,0
416252,43662,25,0
416252,32429,26,0
416252,3265,27,0
417493,44310,1,1
417493,20081,2,1
417493,21616,3,1
417493,4472,4,1
417493,9138,5,1
417493,40396,6,1
417493,16570,7,1
417493,5212,8,1
417493,27695,9,1
418140,11198,1,0
418140,8988,2,0
418140,1446,3,0
418140,742,4,0
418140,22035,5,1
418140,42694,6,1
418140,4920,7,1
418140,13176,8,1
418140,41290,9,1
426061,42305,1,1
426061,35284,2,1
426061,14674,3,1
426061,9175,4,1
426061,22043,5,1
426061,17932,6,0
426715,42184,1,1
426715,9547,2,1
426715,43133,3,0
426715,12506,4,0
426715,47631,5,0
426715,29657,6,1
426715,16177,7,0
426715,1498,8,0
426715,40674,9,0
428708,37067,1,0
428708,10749,2,1
428708,31717,3,1
428708,49,4,1
431577,5181,1,0
434026,44389,1,0
434026,30480,2,0
434026,8670,3,0
434026,5077,4,0
434026,12144,5,1
434026,47119,6,0
434026,39966,7,0
434026,17794,8,0
434026,26985,9,0
434026,24852,10,1
434026,33754,11,0
434026,3905,12,0
434026,40709,13,0
434026,11461,14,0
434026,44632,15,0
434026,48222,16,0
434026,26384,17,1
434026,42964,18,0
434026,17600,19,0
438131,33636,1,0
438131,9839,2,0
438131,5876,3,1
438131,24236,4,1
438131,27104,5,1
438131,48679,6,1
438131,48595,7,1
438131,24964,8,1
438131,47209,9,1
438131,13176,10,1
438131,8277,11,1
438131,11821,12,1
438131,30489,13,1
438131,22035,14,1
438131,18656,15,1
438131,651,16,1
438131,36339,17,1
438131,41437,18,1
438131,31927,19,1
438131,26282,20,1
438131,2535,21,1
442159,47766,1,0
442159,3464,2,1
442159,19759,3,0
442159,38273,4,0
442159,35951,5,1
444511,36808,1,0
444511,27240,2,0
444511,5259,3,1
444511,1176,4,0
444511,30197,5,1
444511,3185,6,0
444511,38146,7,1
444511,32700,8,0
444511,15290,9,1
444511,14992,10,0
444511,44161,11,0
444511,48246,12,1
444511,20282,13,0
444511,29346,14,0
445620,37646,1,1
445620,27845,2,1
445620,46969,3,1
445620,37464,4,0
445620,10017,5,0
445620,42265,6,0
445620,25588,7,1
445620,260,8,1
445620,42380,9,0
445620,17170,10,0
445620,44449,11,0
452763,28985,1,1
452763,24852,2,1
452763,21137,3,1
452763,21405,4,1
452763,36164,5,1
452763,42625,6,0
452763,45007,7,0
452763,8518,8,1
452763,5450,9,0
452763,47672,10,0
452763,23029,11,0
452763,35263,12,0
452763,33602,13,0
452763,48745,14,0
452763,38164,15,0
452763,7223,16,1
452763,6510,17,0
452763,8021,18,1
454616,49010,1,0
454616,40310,2,0
454616,42356,3,0
454616,25601,4,0
454616,8195,5,0
454616,48898,6,0
454616,383,7,0
454616,41381,8,0
454616,35336,9,0
454616,21225,10,0
454616,5445,11,0
454616,15153,12,0
454616,49610,13,0
457992,17794,1,1
457992,28058,2,1
457992,38419,3,1
457992,34126,4,1
457992,27966,5,1
458149,21903,1,0
458149,47144,2,1
458149,24852,3,1
458149,30169,4,1
458149,36856,5,1
458149,32177,6,0
458149,13984,7,1
458149,7179,8,1
458149,43961,9,0
458149,29662,10,1
458149,5612,11,0
458149,46979,12,1
461386,22035,1,1
461386,2326,2,0
461386,49235,3,1
461386,21137,4,1
461386,26856,5,1
461386,41540,6,0
461386,39928,7,1
461386,27845,8,0
461386,5450,9,1
461386,7870,10,0
461386,47672,11,0
461386,31927,12,1
461386,43713,13,0
461386,5959,14,0
461386,45633,15,1
461386,48442,16,0
461386,40396,17,1
461386,33043,18,1
461386,46686,19,0
461386,9092,20,1
461386,47792,21,0
461386,9265,22,1
461386,42356,23,0
461386,9019,24,1
461386,13730,25,0
461386,20631,26,0
461386,34745,27,0
461386,5114,28,1
461386,39977,29,0
461386,34249,30,1
461386,5886,31,1
461386,1907,32,1
461386,15392,33,0
461386,27999,34,0
461386,31772,35,0
461386,28378,36,1
461386,43875,37,1
461386,40173,38,1
461386,46082,39,1
461386,29370,40,1
461386,28597,41,1
461386,23879,42,1
461386,21526,43,0
461386,24810,44,0
461386,10574,45,0
461386,48595,46,0
461386,35132,47,0
461386,4162,48,1
461386,12616,49,1
461386,39877,50,0
461386,19057,51,0
461386,49113,52,0
462568,41950,1,0
462568,20383,2,0
462568,37538,3,1
467889,29388,1,0
467889,37940,2,0
467889,25727,3,0
467889,27801,4,0
467889,19766,5,0
467889,46107,6,0
467889,31120,7,0
467889,10455,8,0
467889,22929,9,0
467889,36813,10,0
467889,21955,11,0
467889,13176,12,0
467889,6341,13,0
467889,2781,14,0
470581,37067,1,1
470581,21468,2,1
470581,28769,3,1
470581,10749,4,1
470581,43768,5,1
470581,1244,6,1
470581,8518,7,1
470581,27012,8,1
470581,33401,9,1
470581,40604,10,1
470581,8277,11,0
470581,45123,12,1
470581,4029,13,1
470581,32052,14,1
470581,11408,15,1
470581,37825,16,1
470581,24263,17,0
470581,33731,18,1
470581,21137,19,1
470581,40706,20,1
470581,42110,21,1
473494,9851,1,0
473494,22231,2,0
473494,40892,3,0
473494,47596,4,0
473494,33745,5,0
473494,7606,6,0
473494,44206,7,0
473494,46388,8,0
473494,38511,9,0
473494,5223,10,0
481525,37687,1,0
481525,19660,2,1
481525,20520,3,1
481525,2228,4,1
481525,27012,5,1
481525,19057,6,1
481525,19446,7,0
481525,44953,8,1
481525,31717,9,0
481525,20600,10,0
481525,36542,11,0
481525,12206,12,0
481525,18370,13,0
481525,41950,14,0
481525,6046,15,0
483636,39180,1,1
483636,44786,2,1
489413,5876,1,1
489413,22559,2,1
489413,11481,3,0
489413,28278,4,0
490698,44201,1,1
490698,2452,2,1
490698,44560,3,1
490698,26351,4,1
490698,4006,5,1
490698,6416,6,1
490698,3221,7,1
490698,24434,8,1
490698,16965,9,1
490698,40063,10,1
490698,47774,11,1
490698,14901,12,1
490698,24852,13,1
490698,16797,14,1
490698,31268,15,1
490698,49416,16,1
490698,42265,17,0
490698,44234,18,1
490698,32819,19,1
490698,45761,20,0
490698,8193,21,0
490698,49683,22,0
490698,43857,23,0
490698,30759,24,0
490698,36651,25,0
490698,46820,26,0
490698,34339,27,0
490717,12121,1,0
490717,44910,2,0
490717,40604,3,0
490717,25947,4,0
490717,21616,5,0
490717,32734,6,0
490717,38273,7,0
490717,48595,8,0
490717,16185,9,0
490717,49683,10,0
490717,49383,11,0
518746,41787,1,1
518746,31717,2,0
518746,40706,3,1
518746,44359,4,1
518746,45066,5,1
518746,17794,6,1
518746,40632,7,1
518746,39877,8,1
518746,1463,9,1
518746,38558,10,1
518746,40156,11,1
518746,13176,12,1
519683,24954,1,1
519683,8309,2,1
519683,27086,3,1
519683,36011,4,1
519683,27845,5,1
519683,19677,6,1
519683,27044,7,1
519683,45066,8,1
519683,4920,9,0
519683,12254,10,1
519683,28752,11,1
519683,35734,12,1
519683,46709,13,1
519683,21543,14,0
519683,46676,15,1
519683,47209,16,1
519683,22035,17,1
519683,47521,18,1
519683,43148,19,0
519683,12240,20,0
519683,37276,21,0
519683,49157,22,1
519683,19706,23,1
529159,43626,1,0
529159,2627,2,0
532405,28432,1,1
532405,33352,2,1
532405,21903,3,1
532405,19154,4,1
532405,4792,5,1
532405,21083,6,0
532405,14633,7,0
532405,311,8,0
532405,5373,9,0
532405,49368,10,0
532405,45913,11,0
532405,23909,12,1
532446,43789,1,1
532446,12916,2,1
532446,8928,3,1
532446,18212,4,1
532446,6108,5,1
532446,43409,6,1
532446,23719,7,0
532446,7999,8,0
532446,47766,9,1
532446,14477,10,1
532446,424,11,0
532446,5315,12,0
532446,5976,13,1
532446,24795,14,1
532446,20712,15,1
532446,34156,16,1
532446,12638,17,0
532446,39275,18,0
532446,44042,19,1
532446,23888,20,1
532446,10673,21,0
532446,12289,22,0
532446,31541,23,0
532446,39028,24,0
532446,21187,25,1
534231,47209,1,1
534231,26104,2,1
534231,46802,3,0
534231,35887,4,0
534231,21417,5,0
534231,9092,6,0
534231,14129,7,0
534231,19660,8,1
537117,49683,1,1
537117,19057,2,1
537117,16797,3,1
537117,33198,4,1
537117,46979,5,0
537117,27086,6,0
537117,43352,7,0
537117,17454,8,0
537117,36247,9,1
537436,24199,1,0
537436,40910,2,0
537436,19660,3,1
537436,24024,4,1
537436,22260,5,1
537698,12341,1,1
537698,8048,2,0
537698,44683,3,1
554437,21938,1,1
554437,7736,2,1
554437,27104,3,1
554437,32768,4,1
554437,43967,5,1
554437,17565,6,0
554437,7751,7,0
554437,8193,8,1
554437,19461,9,1
554437,46595,10,0
554437,3861,11,0
561643,41192,1,1
561643,38357,2,1
561643,9076,3,0
561643,29259,4,0
561643,22754,5,1
561643,38529,6,1
561643,14348,7,1
561850,32964,1,0
561850,29910,2,0
561850,29615,3,1
565517,7361,1,1
565517,49191,2,1
565517,27086,3,1
565517,42585,4,0
565517,26620,5,1
565517,9178,6,1
565517,15950,7,1
565517,4799,8,0
565517,13589,9,0
565517,26981,10,0
565517,35105,11,0
565517,14332,12,0
565517,21019,13,0
565517,19145,14,0
565517,7500,15,0
565517,46413,16,0
571801,37646,1,1
571801,27973,2,1
571801,19706,3,1
571801,13176,4,1
571801,14833,5,1
571801,30146,6,1
571801,6347,7,1
571801,14240,8,1
571801,43310,9,1
571801,31373,10,1
571801,19376,11,1
571801,35594,12,1
571801,30391,13,1
571806,48186,1,1
571806,26209,2,1
571806,47766,3,1
571806,47626,4,1
571806,34244,5,1
571806,31805,6,0
571806,20760,7,1
571806,41149,8,0
571806,35547,9,0
571806,28156,10,0
571806,21614,11,0
574839,7948,1,1
574839,44422,2,0
574839,30720,3,0
574839,24632,4,0
574839,13176,5,1
579721,47209,1,0
579721,17400,2,0
579721,20114,3,1
579721,26209,4,1
579721,41950,5,0
579721,33120,6,0
579721,36735,7,0
579721,13798,8,0
579721,5876,9,0
579721,38311,10,0
579721,17668,11,1
579721,432,12,1
579721,13176,13,1
579721,38383,14,1
579721,16578,15,0
579721,8670,16,0
579721,2314,17,0
579721,39275,18,0
580961,3399,1,0
580961,49235,2,1
580961,16953,3,1
583135,25146,1,1
583135,12384,2,1
583135,38275,3,1
583135,22151,4,1
583135,24850,5,1
583135,22553,6,1
583135,31040,7,1
583135,7781,8,1
583135,16797,9,1
583135,18382,10,1
583135,40519,11,1
583135,47626,12,1
583135,47766,13,1
583135,20520,14,1
583135,17461,15,1
583135,4089,16,1
583135,26209,17,1
583135,28204,18,1
583135,22935,19,1
583135,15872,20,1
583135,10603,21,1
583135,21938,22,1
583135,35221,23,0
583135,9210,24,1
583135,34664,25,1
583173,3399,1,1
583173,43692,2,0
586827,24964,1,1
586827,10782,2,1
586827,27241,3,1
586827,39409,4,1
586827,13176,5,1
586827,21462,6,1
586827,29199,7,0
586827,44359,8,1
592384,26209,1,1
592384,47626,2,1
592384,21903,3,1
592384,40396,4,1
592384,16757,5,1
592384,30027,6,1
592384,34243,7,1
592384,10749,8,1
592548,27086,1,1
592548,46820,2,1
592548,49533,3,0
592548,445,4,0
596155,17276,1,0
596155,41900,2,1
596155,27086,3,1
596155,32689,4,1
596155,10333,5,1
596155,20468,6,0
596155,24852,7,0
596155,37377,8,1
596155,581,9,0
596155,30622,10,1
596155,28692,11,0
596155,10613,12,0
598052,5212,1,0
598052,46906,2,0
598052,24852,3,1
598052,26209,4,1
598052,12290,5,0
598052,30489,6,1
600364,45578,1,1
600364,47209,2,1
600364,12384,3,1
600364,24852,4,1
600364,47388,5,1
600364,49478,6,1
600364,45788,7,1
600364,13409,8,1
600364,35168,9,1
600364,43712,10,1
600364,45007,11,1
600364,42446,12,1
600364,13909,13,1
600364,11481,14,1
600364,13497,15,1
600364,39475,16,0
600364,14852,17,1
600364,23236,18,1
600364,42828,19,1
600364,23385,20,1
600364,41065,21,0
600839,26209,1,1
600839,39812,2,1
600839,6615,3,0
600839,40055,4,0
600839,37119,5,0
600839,33407,6,0
608375,11577,1,1
608375,13245,2,1
608857,27697,1,0
608857,45656,2,0
608857,30406,3,0
608857,38419,4,0
608857,22935,5,0
608857,17093,6,0
608857,7969,7,0
608857,15078,8,0
608857,15599,9,0
608857,3765,10,0
610963,48109,1,1
610963,8022,2,1
610963,44632,3,1
610963,5450,4,1
610963,16617,5,1
610963,9739,6,1
610963,25146,7,1
610963,36144,8,1
610963,4421,9,1
610963,40396,10,1
610963,6489,11,1
610963,4367,12,1
610963,24952,13,0
610963,41950,14,0
610963,5240,15,0
610963,5649,16,0
610963,4409,17,0
610963,36016,18,0
610963,372,19,0
610963,41510,20,0
610963,8137,21,0
610963,8076,22,1
610963,49520,23,0
615223,21019,1,1
615223,31789,2,0
615223,21925,3,0
615223,35277,4,0
615223,4302,5,0
615223,22823,6,0
615223,35923,7,0
615223,28993,8,0
615223,29224,9,0
615223,31721,10,0
615223,16797,11,1
621779,36011,1,1
621779,11520,2,1
621779,42701,3,0
621779,49175,4,1
621779,27104,5,0
621779,1373,6,1
621779,25659,7,0
621779,24964,8,1
621779,46667,9,1
621779,31717,10,1
621779,2314,11,0
621779,18370,12,1
621779,21903,13,1
621779,41540,14,1
621779,4799,15,1
621779,20310,16,1
621779,10761,17,1
621779,7676,18,1
621779,18594,19,0
621779,23029,20,1
621779,1364,21,0
621779,26629,22,0
621779,33716,23,0
621779,25197,24,0
621779,10749,25,1
629078,23341,1,0
629078,23892,2,0
629078,41602,3,0
629078,19389,4,0
629078,28232,5,0
629078,2512,6,1
629078,14705,7,1
629078,45089,8,0
629078,4317,9,0
631652,21019,1,1
631652,12817,2,1
631652,23032,3,0
631652,48988,4,0
631652,32851,5,0
631652,34287,6,0
638191,7521,1,1
638191,46616,2,1
638191,29077,3,1
638191,21709,4,1
638191,38164,5,1
638191,20119,6,1
638191,26620,7,1
638191,49235,8,1
643042,35935,1,1
643042,10476,2,1
643042,1062,3,1
643042,27307,4,1
643452,30340,1,1
643452,32691,2,1
643452,42562,3,1
643452,13176,4,1
643452,16234,5,1
643452,5782,6,0
643452,2350,7,0
643452,1940,8,0
643452,19151,9,0
643452,9833,10,0
643452,29910,11,0
643452,9025,12,0
643452,27323,13,0
643452,22472,14,0
645641,21267,1,1
645641,13176,2,1
645641,22035,3,1
645641,42897,4,1
645641,44008,5,1
645641,4793,6,1
645641,8277,7,1
645641,11945,8,1
645641,30391,9,1
645641,20995,10,1
645641,21137,11,1
645641,18370,12,1
645641,27966,13,1
645641,37220,14,1
645641,6297,15,1
645641,43504,16,1
645641,11005,17,1
645641,44404,18,1
645641,25199,19,1
645641,7264,20,1
645641,18441,21,1
645641,7948,22,1
645641,9456,23,1
645641,23537,24,0
645641,31827,25,0
645641,36746,26,1
645641,38772,27,1
645641,14712,28,0
645641,4444,29,0
646100,47626,1,1
646100,27104,2,1
646100,27521,3,1
646100,27086,4,0
646100,9020,5,1
646100,47526,6,0
646100,21903,7,0
646100,16185,8,0
646100,34358,9,0
646135,24852,1,1
646135,28204,2,1
646135,28465,3,1
646135,43352,4,0
646135,38383,5,0
646135,24184,6,1
646135,45535,7,0
646135,45016,8,0
646135,22124,9,0
646135,48335,10,0
646135,47990,11,0
646135,8174,12,0
655729,19660,1,1
655729,19348,2,1
655729,10768,3,1
655729,23540,4,1
655729,13176,5,1
655729,19057,6,1
655729,2086,7,1
655729,45633,8,1
655729,28494,9,1
655729,23029,10,1
655729,39275,11,1
656078,432,1,0
656078,17668,2,0
656078,17279,3,0
656078,46059,4,0
656078,24184,5,0
656078,21938,6,0
656078,20114,7,0
656078,44142,8,0
656078,24852,9,0
656078,14161,10,0
656078,27086,11,0
656078,40271,12,0
656078,1822,13,0
656078,43100,14,0
656078,3658,15,0
656078,20039,16,0
656078,29597,17,0
656078,10673,18,0
656078,277,19,0
656078,42972,20,0
656078,47977,21,0
656078,12919,22,0
656078,41220,23,0
656078,35163,24,0
656078,35734,25,0
656078,49683,26,0
656078,38475,27,0
656078,30727,28,0
656078,28836,29,0
656078,9018,30,0
656078,45066,31,0
656078,5723,32,0
662044,22504,1,0
662044,41844,2,0
662044,6341,3,0
662044,33000,4,0
662044,44987,5,0
664271,10957,1,1
664271,24852,2,1
664271,17008,3,1
664271,28204,4,1
664271,21850,5,1
664271,41618,6,1
664271,34224,7,1
664271,26765,8,1
664271,35804,9,1
664271,10333,10,1
664271,23341,11,1
664271,42240,12,1
664271,49683,13,0
664271,37229,14,1
664271,1553,15,1
664271,33846,16,1
664271,11461,17,1
664271,9076,18,0
664271,4920,19,0
664271,39477,20,0
664271,29893,21,1
664271,43967,22,0
664271,6799,23,1
665754,32478,1,1
665754,36691,2,1
665754,34862,3,1
665754,33452,4,1
665754,28031,5,1
665754,49144,6,1
665754,21362,7,1
665754,6470,8,0
665754,9852,9,1
665754,45761,10,1
665754,11985,11,0
674013,19660,1,1
676339,13877,1,0
676339,29487,2,1
676339,24009,3,0
676339,24184,4,0
676339,15261,5,0
676339,30391,6,0
676339,18880,7,1
676339,48679,8,0
676339,17316,9,1
676339,42736,10,1
676339,38067,11,0
676339,21137,12,1
676339,13176,13,1
676339,18811,14,1
676339,15683,15,1
676339,24231,16,0
676339,46812,17,1
676339,19048,18,0
676339,17794,19,1
678058,33572,1,1
684298,31720,1,1
684298,33151,2,1
684298,14766,3,1
684298,14197,4,0
684298,39619,5,0
684298,49451,6,0
684298,36183,7,0
684900,38689,1,0
684900,24561,2,0
684900,23953,3,0
684900,27553,4,0
684900,30388,5,0
684900,5077,6,0
684900,21038,7,0
684900,38838,8,0
688801,6999,1,0
688801,21405,2,1
688801,41220,3,0
688801,18963,4,1
688801,47209,5,0
696140,21903,1,1
697062,9076,1,1
697062,7877,2,0
697062,5985,3,0
697062,8424,4,0
697062,4210,5,0
697062,23236,6,0
697062,26604,7,0
697062,43352,8,1
700475,16797,1,0
700475,26604,2,0
700475,21833,3,0
700475,32465,4,1
700475,34358,5,1
700475,48679,6,0
700475,47626,7,1
700475,38693,8,1
700475,26209,9,1
700475,20608,10,0
700475,46969,11,0
700475,15937,12,1
701227,22620,1,0
701227,21903,2,0
701227,26209,3,0
701227,11786,4,0
701227,45445,5,0
701227,40706,6,0
701227,40063,7,0
701227,17149,8,0
701227,25842,9,0
701227,49247,10,0
701227,32138,11,0
701227,32380,12,0
701227,33198,13,0
701227,14633,14,0
701227,9881,15,0
701227,6297,16,0
701227,42585,17,0
701227,27156,18,0
701227,47672,19,0
707210,47337,1,1
707210,13083,2,1
707210,21386,3,1
707210,19173,4,1
707210,7913,5,0
707210,5976,6,0
707210,32355,7,1
707210,29503,8,0
707210,21243,9,0
707210,23432,10,1
707210,13504,11,1
707210,11998,12,0
707210,30475,13,0
707210,10109,14,0
707210,13620,15,0
707210,24827,16,0
707210,6974,17,0
707210,8730,18,0
707210,41929,19,0
707210,34026,20,0
707210,19734,21,0
707210,8523,22,0
707210,22750,23,0
707210,23734,24,0
707210,16262,25,0
707210,22520,26,0
707210,38068,27,0
707210,33439,28,1
707210,18204,29,0
707210,38194,30,0
707210,23026,31,0
707210,3786,32,0
707210,7876,33,0
707210,37635,34,0
707430,46175,1,1
707430,18296,2,0
707430,32360,3,0
707430,48705,4,0
707430,32303,5,1
707430,28132,6,1
707430,21125,7,0
707430,2972,8,0
707972,48672,1,1
707972,26598,2,1
710750,12882,1,0
710750,34137,2,1
710750,36183,3,1
710750,13629,4,1
724631,19057,1,1
724631,27966,2,1
724631,42356,3,0
724631,13166,4,1
725691,9144,1,0
725691,12779,2,1
725691,13447,3,1
725691,5959,4,1
728807,47626,1,0
728807,46709,2,0
728807,34023,3,0
728807,13639,4,0
728807,12845,5,0
728807,2309,6,0
728807,10819,7,0
728807,31066,8,0
728807,41574,9,0
728807,9224,10,0
728807,8006,11,0
728807,29487,12,0
728807,39646,13,0
728807,14154,14,0
728807,46889,15,0
728807,27360,16,0
728807,21938,17,0
728807,20114,18,0
728807,4058,19,0
728807,14536,20,0
728807,35002,21,0
728807,31717,22,0
728807,47209,23,0
728807,36640,24,0
728807,20768,25,0
728807,45622,26,0
728807,32338,27,0
728807,12276,28,0
728807,24852,29,0
728807,39046,30,0
730534,20973,1,1
730534,28296,2,1
730534,2536,3,1
730534,34690,4,1
730534,27325,5,1
731267,47766,1,1
731267,26209,2,0
731267,47626,3,0
731267,21903,4,1
731267,28785,5,0
731267,20734,6,0
731267,24372,7,0
731267,38293,8,0
731267,22369,9,1
731267,23634,10,0
731267,20788,11,1
731267,36550,12,1
732557,40706,1,1
732557,16797,2,1
732557,32303,3,1
734094,28946,1,1
734094,9101,2,1
734094,45106,3,1
734094,39055,4,0
740287,30007,1,1
740287,28576,2,1
740287,17289,3,0
741238,5612,1,1
741238,47626,2,1
741238,26209,3,1
741238,8518,4,1
741238,17191,5,1
741238,44632,6,1
741238,11777,7,1
741238,9076,8,1
741238,5653,9,0
741238,6187,10,0
743305,40603,1,0
743305,5769,2,1
743305,20019,3,1
743305,42392,4,0
743305,23588,5,0
745389,3390,1,0
745389,25332,2,0
745389,35504,3,0
745389,19660,4,1
745389,11317,5,1
745389,35522,6,1
745389,41248,7,1
745551,7338,1,1
745551,43662,2,1
745551,13176,3,1
745551,16757,4,1
745551,45,5,1
745551,1940,6,1
745551,12440,7,1
745551,25837,8,1
745551,31766,9,1
745551,4472,10,1
745551,7952,11,0
745551,37158,12,1
745551,42475,13,0
745551,42327,14,0
745551,45633,15,1
745551,36459,16,0
745551,18109,17,0
750247,38483,1,0
750247,42578,2,1
750247,40348,3,0
750247,27933,4,1
750247,41804,5,0
750247,47758,6,0
751646,24142,1,1
751646,21600,2,1
751646,46692,3,1
751646,17634,4,1
751646,40376,5,1
751646,6201,6,1
751646,7600,7,1
751646,27360,8,1
751646,49235,9,1
752812,45578,1,1
752812,21903,2,1
752812,24852,3,1
752812,36011,4,1
752812,43961,5,1
752812,39275,6,1
752812,21137,7,1
752812,18027,8,1
752812,49683,9,1
752812,4421,10,0
752812,32691,11,0
752812,47439,12,0
752812,28745,13,0
752812,44219,14,0
752812,47537,15,0
752812,13829,16,0
752812,1376,17,0
752812,13431,18,0
752812,9177,19,0
752812,5621,20,0
754074,5876,1,0
754074,1728,2,0
754074,29388,3,1
754074,25533,4,0
754129,24010,1,1
754129,7294,2,1
754129,27086,3,0
754129,13176,4,0
754129,46627,5,1
754129,34584,6,0
754129,46049,7,0
754129,22744,8,0
754129,7781,9,0
754129,43398,10,0
754830,32689,1,0
754830,19691,2,0
754830,8571,3,0
754830,8859,4,0
754830,6758,5,0
754830,890,6,0
754830,37086,7,0
754830,36487,8,0
754830,17902,9,0
754830,13176,10,0
754830,12341,11,0
754830,34551,12,0
754830,6184,13,0
754830,25588,14,0
754830,39275,15,0
754830,39922,16,0
754830,21137,17,0
755425,13885,1,1
755425,10603,2,1
755425,34969,3,1
755425,40396,4,1
755425,10017,5,1
755425,37524,6,1
755425,47626,7,1
755425,45613,8,0
755425,23375,9,1
755425,40545,10,1
760841,8518,1,1
760841,44910,2,1
760841,32655,3,1
760841,5077,4,1
760841,8239,5,0
760841,31471,6,1
760841,3162,7,0
763840,49628,1,1
763840,196,2,0
763840,9552,3,0
763840,6043,4,0
763840,13225,5,0
763840,26604,6,0
763840,365,7,0
764347,24489,1,0
764347,38777,2,1
764347,8277,3,0
764347,16254,4,0
764347,21137,5,1
764347,25837,6,0
764347,17600,7,0
764347,2179,8,1
764347,45279,9,0
764347,28398,10,1
764347,13176,11,1
764347,26790,12,1
764347,6532,13,1
764347,5794,14,1
764347,43654,15,1
765942,24852,1,1
765942,5025,2,1
765942,11777,3,1
765942,28199,4,1
765942,23165,5,1
765942,10749,6,0
765942,32429,7,0
765942,15391,8,0
765942,6845,9,0
765942,30391,10,0
765942,2295,11,0
765942,31945,12,0
777212,46709,1,0
777212,47890,2,0
777212,35363,3,0
777212,41972,4,0
777212,37642,5,0
777212,13176,6,0
779407,44008,1,0
779407,45210,2,0
779407,27845,3,0
779407,26317,4,0
779407,5479,5,0
779407,2913,6,0
779407,21269,7,0
779407,49235,8,0
779407,21616,9,0
779407,44560,10,0
779407,18806,11,0
779407,9515,12,0
779407,11440,13,0
779407,49533,14,0
779407,42425,15,0
779758,7968,1,0
779758,19511,2,0
779758,27033,3,0
779758,28204,4,0
779758,26620,5,0
779758,44632,6,0
779758,37158,7,0
779758,31112,8,0
779758,29697,9,0
779758,31954,10,0
779758,5923,11,0
779758,41455,12,0
779758,4085,13,0
783751,14715,1,0
783751,4724,2,1
783751,6184,3,1
783751,31506,4,0
783751,44987,5,0
783751,28413,6,0
783751,26759,7,0
803336,14858,1,1
803336,1006,2,1
803336,6532,3,1
803336,41550,4,1
803336,35458,5,1
803336,5077,6,1
803336,35914,7,1
803336,35042,8,1
803336,39719,9,1
805676,3952,1,0
805676,28785,2,1
805676,28601,3,1
805676,17794,4,1
805676,13176,5,1
805676,8518,6,1
805676,47734,7,1
805676,27781,8,1
805676,47209,9,1
805676,35951,10,1
805676,46667,11,1
805676,39928,12,1
805676,49235,13,1
805676,40377,14,1
805676,24964,15,1
805676,39558,16,1
805676,8021,17,1
805676,8277,18,1
810350,16249,1,1
810350,40723,2,1
810350,37646,3,1
810350,11520,4,1
810350,27966,5,1
810350,34530,6,1
810350,27086,7,1
810350,14129,8,1
810350,21709,9,1
810924,4169,1,1
810924,4210,2,1
810924,16177,3,0
810924,23341,4,0
813782,8859,1,1
813782,34423,2,1
814654,6489,1,1
814654,47866,2,1
814654,3459,3,1
814654,23909,4,1
814654,46226,5,1
814654,33909,6,1
814654,41290,7,1
814654,27801,8,1
814654,17341,9,1
814654,7175,10,1
814654,26604,11,1
814654,41124,12,1
814654,40285,13,1
814654,23347,14,1
814654,38948,15,1
814654,13018,16,1
814654,31564,17,1
814654,47766,18,1
814895,27514,1,1
814895,47317,2,0
814895,29668,3,0
814895,5438,4,0
814895,25537,5,0
816290,12206,1,1
816290,26940,2,1
816290,40706,3,1
816290,1540,4,1
816290,6873,5,1
816290,8190,6,0
817616,16410,1,0
817616,4421,2,1
817616,27509,3,1
817616,36418,4,1
817616,36550,5,1
817616,40396,6,1
817616,27949,7,1
817616,48720,8,1
817616,39621,9,1
817616,24852,10,1
817616,47209,11,1
822997,25896,1,0
823002,21479,1,0
823002,48600,2,0
823002,19895,3,0
823002,27344,4,0
823002,42265,5,0
823002,20431,6,0
823002,24476,7,0
823002,44632,8,1
825034,4656,1,1
825034,17200,2,1
825034,14386,3,1
825034,24852,4,1
825034,6347,5,1
825034,30489,6,1
825034,31040,7,1
825034,7503,8,1
825034,9177,9,1
825034,45645,10,1
825034,47965,11,1
825034,35221,12,1
825034,26620,13,1
825034,20119,14,1
826127,13575,1,0
826127,33783,2,0
826127,6184,3,0
826127,31651,4,0
826127,43739,5,0
828825,46654,1,0
828825,5479,2,0
828825,47144,3,0
828825,34448,4,0
831267,19660,1,0
831267,13176,2,1
831267,34658,3,1
831267,13646,4,1
831267,35951,5,1
831267,47626,6,1
831267,33407,7,1
831267,41950,8,1
831267,45747,9,0
831267,28123,10,1
831267,35842,11,0
831267,24830,12,0
831267,27104,13,1
831267,21903,14,1
831267,32465,15,1
831267,31717,16,0
831267,13052,17,0
831267,38739,18,0
831267,36586,19,0
831267,25270,20,0
832931,20518,1,1
832931,46041,2,1
832931,7021,3,1
832931,44449,4,1
832931,31985,5,0
840623,5479,1,1
840769,18441,1,0
840769,21195,2,0
840769,5769,3,1
841859,5450,1,1
841859,40516,2,1
841859,15290,3,1
841859,21137,4,1
841859,21999,5,1
845797,31553,1,0
845797,3957,2,0
845797,5514,3,0
845797,3913,4,0
845797,12597,5,0
845797,13176,6,0
845797,30391,7,0
845797,48745,8,0
845797,12771,9,0
845797,17872,10,0
845797,29662,11,0
852109,28823,1,1
852109,48459,2,1
852109,27344,3,0
852109,6975,4,0
852109,37376,5,0
852109,9009,6,0
852109,41844,7,0
852109,39972,8,0
857132,22359,1,0
857132,47144,2,1
857132,31154,3,1
857132,5818,4,1
857132,24852,5,1
857132,43352,6,0
857132,27020,7,0
857132,28913,8,0
857132,26209,9,1
857132,18339,10,0
857132,31564,11,0
857132,3828,12,0
858919,24852,1,1
858919,9741,2,1
858919,29370,3,1
858919,45066,4,1
858919,16797,5,1
858919,26915,6,1
858919,10912,7,0
860464,21137,1,0
860464,22035,2,0
860464,27966,3,0
860464,27845,4,0
860464,33000,5,0
860464,2078,6,0
860464,41165,7,0
860464,45741,8,0
860464,40742,9,0
860464,40310,10,0
860464,14910,11,0
860464,39094,12,0
860464,11576,13,0
860464,7350,14,0
860464,7026,15,0
860464,19816,16,0
860464,17284,17,0
860464,10385,18,0
860464,40706,19,0
860464,39612,20,0
860464,31618,21,0
860464,15613,22,0
860464,39348,23,0
860464,14467,24,0
860464,16462,25,0
860464,25346,26,0
862059,21903,1,0
862059,18465,2,0
862059,17454,3,0
862059,19478,4,0
862059,40174,5,0
862059,4799,6,0
862933,24852,1,1
862933,6948,2,1
862933,47766,3,1
862933,30391,4,1
862933,47042,5,1
862933,2693,6,1
862933,34358,7,1
862933,38650,8,1
862933,34126,9,1
862933,44359,10,0
862933,24830,11,1
862933,31717,12,1
862933,14678,13,1
862933,22935,14,1
862933,8518,15,0
868598,35804,1,0
868598,6052,2,1
868598,25179,3,1
868598,22952,4,1
868598,33136,5,1
868598,49030,6,1
868598,40316,7,1
868598,31486,8,1
868598,41290,9,1
868598,47931,10,1
868598,24604,11,1
868598,31022,12,1
868598,15780,13,1
868598,36076,14,1
868598,46332,15,1
868598,1934,16,1
868598,12564,17,1
871891,34208,1,1
871891,45806,2,1
871891,31222,3,1
871891,32455,4,1
872272,8053,1,1
872272,29009,2,1
872272,7753,3,1
872272,13176,4,1
872272,9703,5,1
872272,47766,6,1
872272,41950,7,1
872272,3800,8,1
872272,34217,9,1
872272,3717,10,1
874647,39275,1,1
874647,21137,2,1
874647,46812,3,1
874647,18465,4,1
878157,10132,1,1
878157,30850,2,1
878157,16254,3,1
878157,43961,4,1
878157,34310,5,0
878157,17830,6,0
878157,18901,7,0
878157,42828,8,1
878157,8693,9,0
878157,47156,10,0
878157,22123,11,1
878157,35628,12,1
878157,20995,13,1
878157,3765,14,0
878157,12036,15,0
878539,13176,1,1
878539,7559,2,0
878539,27307,3,1
878539,27655,4,1
878539,32267,5,1
878539,25666,6,1
878539,15566,7,1
878539,7806,8,1
878770,27274,1,1
878770,18140,2,1
878770,6129,3,1
878770,7164,4,1
878770,33290,5,1
878770,8859,6,0
878770,45835,7,0
878770,9092,8,0
878770,2537,9,0
878770,27336,10,0
878770,8006,11,0
880204,40925,1,0
880204,29701,2,1
880204,36534,3,0
880204,31672,4,0
880351,24852,1,1
880351,18090,2,1
880351,27845,3,1
880351,47209,4,1
880351,7781,5,1
880351,3481,6,1
880564,12419,1,0
880564,36011,2,1
880564,4562,3,1
880564,47626,4,1
882511,1103,1,1
882511,14084,2,1
882511,5212,3,0
882511,31404,4,0
882511,17758,5,0
882511,34993,6,0
882511,4793,7,0
882511,49478,8,1
882511,28058,9,0
882511,8654,10,0
882511,40199,11,0
882511,24830,12,0
882511,30391,13,1
882511,11440,14,1
882511,21903,15,1
882511,31041,16,0
882511,10082,17,0
882511,41716,18,0
882511,6297,19,1
882511,45356,20,0
882830,14309,1,0
882830,4793,2,1
882830,19057,3,1
882830,5479,4,1
882830,21174,5,1
882830,30391,6,1
882830,36097,7,1
882830,37687,8,1
882830,48620,9,1
882830,22825,10,1
882830,19093,11,1
882830,21931,12,1
882830,46584,13,1
882830,13310,14,1
882830,49135,15,1
882830,10749,16,1
882830,35535,17,1
882830,22713,18,1
882830,30639,19,1
882830,26897,20,1
882830,39303,21,1
882830,13802,22,1
882830,26488,23,1
882830,38531,24,1
882830,33642,25,1
882830,8594,26,1
882830,13838,27,1
882830,45633,28,1
882830,33741,29,1
882830,11941,30,1
882830,47005,31,1
882830,24372,32,1
882830,11437,33,1
882830,12440,34,1
882830,44359,35,1
882830,28277,36,1
882830,36724,37,1
882830,19613,38,1
882830,19272,39,1
882830,9038,40,1
882830,44354,41,1
882830,26098,42,1
882830,28309,43,1
882830,13338,44,1
882830,15017,45,1
882830,11945,46,1
882830,11831,47,1
882830,28797,48,1
882830,19244,49,1
882830,48926,50,1
882830,34126,51,0
882830,24830,52,0
882830,8866,53,0
882830,7299,54,0
882830,41606,55,0
882830,43432,56,0
882830,8467,57,0
882830,45948,58,1
882830,42508,59,1
883324,10243,1,0
883324,9725,2,0
883324,4288,3,0
883324,7963,4,0
883324,9337,5,0
883324,4783,6,1
883324,5479,7,1
883324,23716,8,0
883324,16823,9,0
883324,7021,10,0
883324,19678,11,1
883324,38383,12,0
883324,25634,13,0
883324,44056,14,0
883324,28601,15,0
883324,47766,16,1
885311,24852,1,1
885311,14084,2,1
885311,47209,3,1
885311,11182,4,0
885311,47626,5,1
885311,20734,6,0
885311,46047,7,0
885311,34551,8,0
885311,2228,9,0
885311,38073,10,0
885311,48679,11,0
885311,19706,12,1
885311,21137,13,1
885311,18811,14,0
885311,5384,15,0
885311,18479,16,0
891462,3696,1,0
891462,27086,2,1
891462,19348,3,1
891462,21497,4,1
891462,21572,5,1
891462,43631,6,1
891462,12103,7,1
891462,28748,8,1
891462,16696,9,1
891462,19734,10,1
891462,21158,11,1
891462,22166,12,1
891462,17836,13,1
891462,32921,14,1
891462,45832,15,1
891462,14634,16,1
891462,7170,17,1
891462,3285,18,1
891462,25043,19,1
891462,43049,20,1
891462,9175,21,1
891462,34222,22,1
891462,32299,23,1
891462,43743,24,1
891462,49441,25,1
891462,6066,26,1
891462,28449,27,0
892362,47626,1,1
892362,19057,2,1
892362,3957,3,1
892362,27521,4,1
892362,1890,5,0
892362,21903,6,1
892362,30391,7,0
892362,37646,8,0
892362,35935,9,1
892362,44142,10,0
892362,20887,11,0
892362,24184,12,0
892362,32864,13,0
892362,47852,14,0
892362,21137,15,1
892362,2825,16,1
893519,22825,1,1
893519,8277,2,1
893519,20842,3,1
893519,5640,4,1
893519,15604,5,1
893519,45123,6,1
893519,13249,7,1
893519,1356,8,0
893519,1387,9,0
893519,44672,10,0
893519,12034,11,0
893519,36340,12,0
893519,8830,13,0
893519,3245,14,0
893519,30542,15,0
893519,30290,16,0
896716,27156,1,1
896716,43295,2,1
896716,8555,3,1
896716,21137,4,1
896716,13176,5,1
896716,37288,6,1
896716,26209,7,1
896716,23094,8,1
896716,29370,9,1
896716,32585,10,1
896716,42637,11,1
896716,38159,12,1
896716,38563,13,1
896716,4932,14,1
896716,39794,15,1
896716,46969,16,1
896716,43122,17,1
896716,260,18,1
896716,3952,19,1
896716,12953,20,1
896716,2480,21,1
896716,33636,22,1
896716,44765,23,1
896716,19057,24,1
896716,2855,25,1
896716,13984,26,1
896716,8277,27,1
896716,9561,28,0
896716,37029,29,0
896716,7673,30,0
896716,29398,31,0
896716,47209,32,0
897004,34126,1,1
897004,29662,2,0
897004,7010,3,0
897004,41556,4,0
897004,19049,5,1
897004,24964,6,0
897004,39812,7,1
897004,44987,8,1
897004,43712,9,0
897004,47526,10,0
897004,24852,11,1
897004,27845,12,1
897004,30949,13,1
897004,17949,14,1
897004,11130,15,1
897004,21903,16,0
897004,1025,17,0
897004,781,18,1
897004,39475,19,1
897004,19706,20,1
902574,36086,1,0
902574,30721,2,0
902574,9463,3,0
902574,17341,4,0
902574,29545,5,0
902574,24852,6,0
902574,19220,7,0
902574,2707,8,0
903033,47317,1,1
903033,8859,2,1
903033,19677,3,1
903033,16757,4,1
903033,46654,5,1
903033,2855,6,1
903033,30338,7,1
903033,46881,8,1
903033,40709,9,0
903033,13423,10,0
905481,45613,1,1
905481,5258,2,1
915749,6474,1,1
915749,4374,2,0
915749,1217,3,0
915749,33390,4,0
915749,35473,5,0
915749,36076,6,1
925299,41131,1,0
925299,46088,2,0
926752,6348,1,1
926752,5785,2,1
926752,28204,3,1
926752,13176,4,1
926752,30233,5,1
926752,17706,6,1
926752,34262,7,1
926752,28021,8,1
926752,5876,9,1
926752,36865,10,1
926752,25146,11,1
926752,29826,12,1
926752,47672,13,1
926752,16965,14,1
926752,7503,15,0
926752,43165,16,0
926752,43192,17,0
926752,8873,18,1
926752,46868,19,0
926752,40660,20,1
926752,26209,21,1
926752,16617,22,0
926752,19019,23,0
926752,22963,24,0
927430,30945,1,1
927430,30353,2,1
927430,47565,3,1
927430,16429,4,1
927430,19044,5,1
927430,13083,6,1
927430,3845,7,0
927430,15902,8,0
927430,16737,9,0
927430,43076,10,0
927430,23026,11,0
927430,16414,12,0
927631,35594,1,1
927631,11090,2,1
927631,47766,3,1
927631,13083,4,1
927631,33071,5,1
927631,21903,6,1
927631,27030,7,1
927631,6902,8,1
927631,46257,9,1
927631,44359,10,0
927631,13877,11,1
927631,28008,12,1
927631,31454,13,0
927631,7164,14,0
927640,7521,1,1
927640,40826,2,1
927640,25890,3,1
927640,20842,4,1
931741,36339,1,1
931741,40332,2,1
931741,41570,3,1
931741,29405,4,1
931741,389,5,0
931741,24184,6,1
931741,15290,7,1
931741,16797,8,0
931741,21408,9,1
931741,22890,10,0
931741,43465,11,0
931741,45815,12,1
935437,13176,1,1
935437,1940,2,1
935437,5450,3,1
952350,6184,1,1
954664,6618,1,1
954664,3334,2,0
954664,4595,3,0
954664,44799,4,1
961834,18761,1,0
961834,32299,2,0
961834,19068,3,1
961834,41593,4,0
961834,29487,5,0
961834,47145,6,0
961834,43772,7,0
961834,1213,8,0
961834,11456,9,1
961834,38395,10,0
964081,6184,1,1
964593,48437,1,1
964593,15539,2,1
964593,26620,3,1
964593,48192,4,1
966568,31338,1,0
966568,46616,2,1
966568,8997,3,1
966568,49416,4,0
966568,43248,5,1
966568,22113,6,0
966568,5646,7,1
966568,41290,8,1
966568,23375,9,1
966568,48720,10,0
967985,41007,1,0
967985,13829,2,0
967985,26634,3,0
967985,47209,4,0
967985,34969,5,0
967985,47141,6,0
967985,4799,7,0
967985,5697,8,0
973900,42736,1,1
973900,46979,2,1
973900,44987,3,1
973900,8174,4,0
973900,23537,5,0
973900,5876,6,0
973900,13780,7,0
973900,16462,8,1
973900,21938,9,1
973900,10749,10,1
973900,20632,11,1
981943,28476,1,1
981943,6402,2,1
981943,43713,3,1
981943,8277,4,0
981943,6615,5,1
981943,10312,6,0
994609,31477,1,1
994609,23190,2,1
994609,39409,3,1
994609,11193,4,1
994609,14084,5,1
995921,13166,1,0
995921,21903,2,0
995921,5805,3,1
995921,1356,4,0
995921,39468,5,0
995921,44426,6,0
995921,42345,7,0
995921,47049,8,0
995921,43713,9,0
995921,3269,10,0
995921,2855,11,0
995921,16437,12,0
995921,4540,13,0
995921,4137,14,0
995921,6383,15,1
995921,5456,16,0
998669,49478,1,1
998669,6767,2,1
998669,27510,3,1
998669,35921,4,1
998669,41844,5,0
998669,9755,6,0
998669,26980,7,0
998669,14298,8,0
998669,35169,9,1
998669,39190,10,0
998669,42834,11,1
998669,1813,12,0
1000737,4799,1,1
1000737,27156,2,1
1000737,2326,3,1
1000737,45007,4,1
1000737,43324,5,1
1000737,33125,6,1
1000737,47209,7,1
1000737,39121,8,1
1005382,21137,1,1
1005382,39928,2,0
1005382,21938,3,0
1005382,9839,4,0
1005382,10749,5,0
1005382,8518,6,0
1005382,31717,7,0
1005382,22856,8,1
1005382,11182,9,0
1005382,35939,10,0
1005382,3852,11,0
1005382,31343,12,0
1005382,44683,13,0
1005382,28199,14,0
1006852,42105,1,0
1006852,30204,2,0
1006852,8436,3,0
1006852,35221,4,0
1011257,47169,1,0
1011257,5445,2,0
1011257,15389,3,0
1011257,18465,4,1
1011257,24852,5,1
1011257,39097,6,1
1011257,43740,7,1
1011257,27554,8,1
1011257,14126,9,1
1011257,49273,10,1
1011257,46393,11,1
1011257,20632,12,0
1012034,27086,1,1
1012034,41658,2,0
1012034,10248,3,0
1012034,35939,4,0
1012034,18594,5,0
1012034,49533,6,0
1012034,35951,7,0
1012034,31506,8,1
1012034,18117,9,1
1012034,15727,10,0
1012034,23622,11,1
1012034,29405,12,1
1012034,1560,13,0
1012034,12589,14,0
1012034,27845,15,1
1012034,44008,16,0
1017596,28204,1,1
1017596,42445,2,1
1017596,25767,3,1
1017596,13702,4,1
1017596,43086,5,1
1017596,1463,6,1
1017596,16759,7,1
1017596,13176,8,1
1017596,29307,9,1
1017596,3057,10,1
1017596,9885,11,0
1017596,8021,12,0
1017596,49329,13,0
1017852,7673,1,1
1017852,40545,2,1
1017852,12845,3,1
1017852,33731,4,1
1017852,2846,5,1
1017852,28849,6,1
1017852,44422,7,1
1017852,32433,8,0
1017852,6649,9,1
1017852,42736,10,1
1017852,44372,11,1
1017852,22504,12,1
1017852,19906,13,1
1017852,5337,14,1
1017852,47875,15,1
1017852,39619,16,1
1017852,30720,17,0
1017852,49075,18,0
1029695,25659,1,1
1029695,47734,2,1
1029695,48775,3,0
1029695,44359,4,1
1029695,39121,5,0
1031105,27596,1,1
1031105,17355,2,1
1031105,46847,3,1
1031105,31915,4,1
1031105,4476,5,1
1031105,35140,6,1
1031105,40268,7,1
1031105,1402,8,1
1031105,47626,9,1
1031392,21903,1,1
1031392,22260,2,1
1034616,33079,1,0
1034616,8460,2,1
1043559,47209,1,1
1043559,46969,2,1
1043559,13535,3,1
1043559,16490,4,1
1043559,4294,5,1
1045566,36011,1,1
1045566,41213,2,1
1045566,11140,3,1
1045566,44548,4,1
1045566,30440,5,1
1045566,38277,6,1
1045566,26315,7,1
1045566,27966,8,1
1045566,17828,9,1
1045566,18070,10,1
1045566,31766,11,1
1045566,22963,12,1
1045566,12211,13,1
1045566,46720,14,1
1045566,7948,15,1
1045566,18739,16,1
1045566,10132,17,1
1045566,22035,18,1
1045566,6101,19,1
1045566,4037,20,1
1045566,46906,21,1
1048724,35121,1,1
1048724,40604,2,1
1048724,41665,3,0
1048724,23216,4,0
1048724,41774,5,0
1048724,37208,6,0
1048724,12674,7,0
1048724,20314,8,0
1048724,48157,9,0
1048724,38656,10,0
1052650,18382,1,0
1052650,28999,2,1
1052650,22000,3,0
1052650,35108,4,1
1052650,23579,5,1
1052650,23288,6,1
1052650,13338,7,1
1054035,47209,1,1
1054035,8277,2,1
1054035,13176,3,1
1054035,27750,4,0
1054035,5206,5,1
1054035,14904,6,1
1057429,42611,1,0
1057429,3829,2,0
1057429,18599,3,0
1057429,41238,4,0
1057429,13176,5,0
1057429,46906,6,0
1057429,28199,7,0
1057429,9387,8,0
1057429,34358,9,0
1057429,4605,10,0
1057429,35939,11,0
1057429,29662,12,0
1057429,30391,13,0
1057429,42789,14,0
1057429,3661,15,0
1057429,40174,16,0
1057429,24891,17,0
1057429,18465,18,0
1057429,42736,19,0
1057429,19625,20,0
1057429,30668,21,0
1057429,4193,22,0
1057429,47439,23,0
1057429,32691,24,1
1057429,3860,25,1
1057429,19660,26,0
1057429,18564,27,0
1057429,24363,28,0
1057429,24759,29,1
1057429,44014,30,0
1057429,15528,31,0
1057429,47591,32,0
1057429,19503,33,0
1057429,46965,34,0
1057429,33290,35,0
1057429,33438,36,0
1057429,37103,37,0
1058520,7916,1,1
1058520,18224,2,1
1058520,20876,3,1
1058520,17730,4,1
1058862,8048,1,1
1058862,10441,2,1
1058862,44371,3,0
1058862,7131,4,0
1058862,33783,5,0
1062466,44632,1,1
1062466,21709,2,1
1062466,20119,3,1
1062466,24852,4,1
1062466,9387,5,1
1062466,6740,6,0
1068991,18531,1,1
1068991,42443,2,1
1068991,2210,3,0
1068991,28849,4,0
1068991,24852,5,1
1068991,24964,6,0
1070008,24489,1,1
1070008,4960,2,0
1070008,25256,3,1
1070008,19348,4,1
1070008,22035,5,1
1070008,15081,6,1
1070536,5337,1,0
1070536,11068,2,0
1070536,30967,3,0
1070536,43295,4,0
1070536,41793,5,0
1070536,48109,6,0
1070536,19508,7,0
1074893,14780,1,1
1074893,23594,2,1
1074893,2295,3,1
1074893,15290,4,1
1074893,47766,5,0
1074893,40516,6,0
1074893,26209,7,0
1074893,31717,8,0
1074893,8424,9,1
1074893,5991,10,0
1074893,45007,11,1
1074893,40706,12,1
1078281,14335,1,1
1078281,35752,2,1
1078281,44819,3,1
1078281,17341,4,1
1078281,25985,5,1
1081075,18610,1,1
1081075,37110,2,1
1081075,33741,3,1
1081075,26717,4,0
1081075,47209,5,1
1083203,10227,1,0
1083203,16869,2,0
1083203,881,3,0
1083203,11819,4,0
1087911,35221,1,1
1087911,10292,2,1
1087911,18176,3,0
1087911,38890,4,1
1087911,45374,5,1
1087911,7781,6,1
1087911,7649,7,1
1087911,11782,8,1
1087911,24852,9,1
1087911,32030,10,1
1087911,23909,11,1
1087911,38739,12,1
1087911,41678,13,1
1087911,27715,14,1
1087911,40763,15,1
1087911,4920,16,1
1087911,46886,17,1
1087911,4799,18,1
1087911,343,19,1
1087911,42768,20,1
1087911,23622,21,1
1087911,31717,22,1
1087911,48179,23,1
1087911,31035,24,1
1087911,23375,25,1
1087911,44514,26,1
1087911,37220,27,1
1087911,38400,28,1
1091248,20591,1,1
1091248,28848,2,1
1091248,8277,3,1
1091248,26221,4,1
1091248,46402,5,1
1092243,33812,1,0
1092243,47977,2,1
1092243,25985,3,0
1094816,19360,1,0
1094816,21019,2,1
1094816,31445,3,1
1094816,11807,4,0
1094816,31066,5,1
1094816,29474,6,0
1099551,11885,1,1
1099551,31651,2,1
1099551,30450,3,1
1101671,43961,1,1
1101671,6631,2,0
1101671,21240,3,0
1101671,42719,4,0
1101671,26586,5,0
1101671,2078,6,0
1101671,12315,7,1
1101671,389,8,0
1101671,22367,9,1
1101671,29047,10,0
1101671,7419,11,0
1101671,45763,12,0
1101671,26648,13,0
1101671,37646,14,0
1103328,13176,1,0
1103328,17948,2,0
1103328,24489,3,0
1103328,13730,4,0
1103328,19048,5,0
1103328,47209,6,0
1103328,46979,7,1
1103328,45143,8,0
1103328,19895,9,0
1103328,17461,10,0
1103328,43789,11,0
1103328,24964,12,1
1103328,38383,13,0
1103328,23375,14,1
1103328,27086,15,0
1103328,21863,16,0
1103328,48845,17,0
1103328,37524,18,0
1103328,6377,19,0
1106850,5134,1,0
1106850,31717,2,1
1106850,1999,3,1
1106850,25659,4,1
1106850,311,5,1
1106850,27966,6,1
1106850,16349,7,1
1106850,38293,8,0
1106850,28590,9,0
1106850,9839,10,1
1106850,19678,11,0
1106850,13988,12,0
1106850,9337,13,0
1107698,7500,1,0
1107698,17735,2,0
1107698,30305,3,1
1107698,4562,4,0
1107698,49585,5,0
1107698,43891,6,0
1107698,49533,7,0
1107698,21137,8,0
1107698,14704,9,0
1117146,31557,1,1
1117146,14971,2,1
1117146,24852,3,1
1117146,35951,4,1
1117146,39560,5,1
1117146,7156,6,1
1117146,14573,7,1
1117146,41427,8,1
1117146,22915,9,1
1117146,18471,10,1
1117146,8012,11,1
1117146,21267,12,1
1117146,16290,13,0
1117146,40749,14,0
1117146,4601,15,0
1117146,10132,16,1
1117146,42404,17,0
1117146,3599,18,0
1117146,14651,19,0
1117146,45066,20,0
1117146,26604,21,0
1117146,16797,22,0
1117146,12254,23,0
1124128,27086,1,0
1124128,32747,2,0
1124128,13174,3,0
1124128,18784,4,0
1124128,6715,5,0
1124128,5405,6,0
1124128,18362,7,0
1124128,21955,8,0
1124128,5876,9,0
1130853,42972,1,1
1130853,27548,2,1
1130853,33909,3,1
1130853,46175,4,1
1130853,217,5,1
1130853,15269,6,1
1130853,44487,7,1
1130853,35752,8,0
1130853,14159,9,0
1133228,31292,1,1
1133228,47626,2,1
1133228,10305,3,1
1133228,13198,4,1
1133228,5479,5,1
1133228,33787,6,1
1133228,24852,7,1
1133228,33754,8,1
1133228,40571,9,1
1133228,20995,10,1
1133228,4920,11,1
1133228,5322,12,1
1133228,18394,13,1
1133228,37646,14,1
1133228,16185,15,1
1133228,48395,16,1
1133228,34126,17,1
1133228,26209,18,0
1133228,48094,19,1
1133228,44422,20,1
1133228,21334,21,1
1133228,8955,22,0
1133228,44142,23,1
1133228,47630,24,0
1133228,18786,25,0
1137127,45007,1,0
1137127,21903,2,1
1149283,27966,1,1
1149283,47209,2,1
1149283,18078,3,1
1149283,21938,4,1
1149283,37642,5,1
1149283,48745,6,1
1149283,33195,7,1
1149283,46932,8,1
1149283,27142,9,1
1149283,46667,10,1
1149283,20127,11,1
1149283,48679,12,1
1149283,26638,13,1
1151851,9366,1,0
1151851,41273,2,1
1151851,28218,3,0
1151851,46572,4,1
1151851,49481,5,1
1151851,6141,6,0
1151851,38293,7,0
1151851,41483,8,0
1151851,6232,9,0
1151851,20920,10,0
1151851,11408,11,0
1151851,38797,12,0
1151851,23734,13,1
1151851,25500,14,0
1151851,40516,15,1
1151851,45,16,0
1151851,30021,17,0
1151851,44570,18,0
1151851,10463,19,1
1151851,22987,20,0
1154763,10831,1,1
1154763,29447,2,1
1154763,47209,3,0
1154763,20899,4,1
1154763,42579,5,0
1161493,18201,1,0
1161493,36086,2,0
1161493,22414,3,0
1161493,12381,4,1
1161493,9124,5,1
1161493,9065,6,1
1161493,34287,7,0
1161493,34650,8,0
1161493,20119,9,1
1165171,8859,1,0
1165171,19057,2,0
1165171,47626,3,0
1165171,18394,4,1
1165171,21616,5,0
1165171,15200,6,0
1165171,5025,7,0
1165171,36639,8,0
1165171,34622,9,0
1166316,38928,1,1
1166316,46061,2,1
1166316,12427,3,1
1166316,13575,4,1
1166316,37710,5,1
1172053,27086,1,1
1172053,32478,2,1
1172053,24852,3,1
1172245,481,1,0
1172245,49621,2,1
1172245,23054,3,0
1172245,21417,4,0
1172245,27344,5,1
1172245,16387,6,1
1172245,11512,7,1
1172245,49247,8,1
1172245,24852,9,1
1172245,31371,10,1
1172245,40826,11,0
1172998,1463,1,1
1172998,21137,2,1
1172998,42265,3,0
1172998,35951,4,0
1172998,33037,5,1
1172998,16185,6,1
1172998,19057,7,0
1172998,16521,8,0
1172998,22035,9,1
1172998,25122,10,0
1180023,13176,1,1
1180023,21903,2,0
1180023,20015,3,1
1180023,47900,4,0
1180023,35951,5,1
1180023,45123,6,0
1180023,14332,7,0
1180023,13874,8,0
1180023,44560,9,1
1180023,15040,10,1
1180023,19048,11,0
1180023,45066,12,1
1180023,7705,13,0
1180023,13107,14,0
1180023,162,15,1
1180023,22035,16,0
1180023,14858,17,0
1180023,23579,18,0
1180023,25199,19,1
1182695,19057,1,1
1182695,10749,2,1
1182695,38051,3,1
1182695,36695,4,1
1182695,16249,5,1
1182695,46782,6,1
1182695,21955,7,1
1184732,27966,1,1
1184732,13575,2,1
1184732,13176,3,1
1184732,39275,4,0
1186778,33129,1,0
1186778,4605,2,0
1186778,13733,3,0
1186778,29675,4,0
1186778,7042,5,0
1186778,8424,6,0
1190652,33198,1,1
1190652,20878,2,0
1190652,44787,3,1
1190652,41950,4,0
1190652,42450,5,1
1190652,46226,6,1
1190652,32689,7,1
1190652,24852,8,1
1190652,41787,9,1
1190652,37646,10,1
1190652,30020,11,1
1190652,26604,12,0
1190652,47766,13,1
1190652,7628,14,0
1190652,45007,15,0
1190652,24184,16,0
1190652,26717,17,1
1190652,21903,18,1
1190652,8193,19,0
1190652,32839,20,0
1190652,16797,21,0
1190652,1244,22,0
1190652,46906,23,1
1190652,31717,24,0
1190652,47740,25,0
1190652,14462,26,0
1190652,6586,27,0
1190652,26695,28,0
1190652,16525,29,0
1196173,5876,1,1
1196173,19702,2,1
1196173,29650,3,1
1196173,3523,4,1
1196173,39621,5,1
1196173,45955,6,1
1196173,35004,7,0
1196173,19048,8,0
1196173,12935,9,0
1196173,20583,10,1
1196173,10518,11,0
1196173,36696,12,0
1196173,47209,13,1
1196173,13984,14,1
1206397,30759,1,0
1206397,2040,2,0
1206397,1940,3,0
1206397,15872,4,0
1206397,36011,5,0
1210973,24535,1,0
1210973,22089,2,0
1210973,28842,3,0
1210973,5025,4,0
1210973,23341,5,0
1210973,19086,6,0
1210973,47788,7,0
1216502,11008,1,0
1216502,41581,2,0
1216502,13138,3,0
1216502,42222,4,0
1216502,24362,5,1
1216502,11292,6,0
1216502,25146,7,0
1216502,33065,8,1
1216502,6105,9,1
1216502,22849,10,0
1216502,3885,11,0
1216502,19003,12,0
1216502,10957,13,1
1216502,27652,14,1
1216502,41372,15,1
1218089,1511,1,0
1218089,26831,2,0
1218089,19840,3,0
1218089,28204,4,0
1218089,24852,5,0
1218089,47766,6,0
1218089,21376,7,0
1218089,20877,8,0
1218089,38533,9,0
1218089,21019,10,0
1218089,46979,11,0
1218089,26201,12,0
1218089,32338,13,0
1218089,16158,14,0
1218089,9216,15,0
1218089,29921,16,0
1218089,41674,17,0
1218089,1522,18,0
1218089,45200,19,0
1218089,16081,20,0
1218089,47435,21,0
1218089,23734,22,0
1218089,24382,23,0
1221211,20178,1,1
1221211,24852,2,1
1221211,44422,3,0
1221211,35168,4,0
1221211,28849,5,1
1221211,15349,6,0
1221211,47209,7,1
1221211,31717,8,1
1225122,24852,1,1
1225122,40706,2,1
1225122,30776,3,0
1225122,20794,4,0
1225122,45603,5,1
1225122,8736,6,0
1225122,5878,7,0
1225122,13249,8,1
1225122,21267,9,1
1225122,47209,10,1
1225122,35951,11,0
1225122,15727,12,0
1227118,24373,1,1
1227118,21137,2,1
1227118,34128,3,1
1227118,35968,4,1
1227118,43928,5,1
1227118,12745,6,0
1227118,41290,7,1
1227118,28842,8,1
1227118,28156,9,0
1227118,21903,10,0
1227118,24680,11,0
1227118,19384,12,0
1227118,20114,13,0
1227118,11686,14,1
1227118,11447,15,0
1227118,41999,16,0
1231416,49273,1,0
1231416,40001,2,0
1231416,14947,3,0
1231416,32740,4,0
1231416,18993,5,0
1231416,45448,6,0
1231416,20240,7,0
1231416,11707,8,0
1231416,46331,9,0
1231416,28289,10,0
1231416,21019,11,0
1231416,21903,12,0
1231416,24131,13,0
1231634,42828,1,0
1231634,5077,2,1
1231634,27086,3,1
1231634,5785,4,1
1231634,27966,5,1
1231634,24852,6,1
1231634,44910,7,1
1231634,38694,8,1
1231634,25965,9,1
1231634,29180,10,1
1233818,18465,1,1
1233818,4605,2,1
1233818,38650,3,0
1233818,36736,4,0
1233818,48697,5,0
1233818,27086,6,1
1233818,21497,7,0
1233818,29487,8,0
1233818,49683,9,0
1233818,32429,10,0
1240795,27104,1,0
1240795,12572,2,0
1240795,33768,3,0
1240795,10132,4,0
1240795,40706,5,1
1240795,31506,6,0
1240795,11140,7,1
1240795,38827,8,1
1240795,33509,9,0
1240795,27509,10,0
1240795,28824,11,0
1240795,46346,12,0
1240795,22594,13,0
1240795,26648,14,1
1240795,10292,15,0
1240795,38533,16,0
1240795,4163,17,0
1246848,16797,1,0
1246848,26131,2,1
1246848,8277,3,1
1246848,13870,4,1
1246848,39928,5,1
1246848,32959,6,1
1246848,9839,7,1
1246848,48136,8,0
1246848,47912,9,1
1246848,13995,10,1
1246848,35503,11,0
1246848,49655,12,1
1246848,45866,13,0
1246848,48679,14,1
1246848,37193,15,0
1246848,22947,16,0
1246848,8105,17,0
1246848,34029,18,0
1246848,18801,19,0
1246848,25308,20,0
1246848,19250,21,1
1246848,11104,22,0
1246848,43048,23,0
1246848,21847,24,0
1246956,4770,1,1
1246956,9175,2,0
1246956,14086,3,1
1248341,46226,1,1
1248341,33401,2,1
1248341,21137,3,1
1248341,24852,4,1
1248341,33754,5,1
1248341,17794,6,0
1248341,40706,7,0
1248341,26209,8,0
1248341,39275,9,0
1248341,21777,10,0
1248341,43294,11,0
1250640,13176,1,1
1250640,47209,2,1
1250640,21903,3,1
1250640,32655,4,0
1250640,6104,5,1
1250640,16589,6,1
1250640,11512,7,1
1250640,40198,8,1
1250640,4518,9,1
1250640,11777,10,1
1250640,9076,11,0
1250640,11782,12,1
1250640,26604,13,0
1252820,36854,1,0
1252820,35898,2,0
1252820,20877,3,1
1252820,27985,4,1
1252820,45190,5,1
1252820,26172,6,1
1252820,9192,7,0
1252820,28993,8,0
1252820,40781,9,1
1252820,14114,10,0
1252820,21243,11,0
1252820,19348,12,0
1252820,13542,13,1
1252820,22767,14,0
1252820,21553,15,0
1253100,32403,1,1
1253100,10473,2,1
1253100,6184,3,1
1253100,13575,4,1
1255939,19218,1,1
1255939,14093,2,0
1255939,31263,3,0
1255939,20937,4,0
1255939,27245,5,0
1269265,14947,1,1
1269265,42440,2,0
1269265,46979,3,1
1269265,37201,4,1
1269265,31040,5,1
1269265,12290,6,0
1269265,48464,7,0
1269265,46667,8,0
1269265,18902,9,1
1269265,27086,10,1
1274283,14992,1,1
1274283,10106,2,0
1274283,32578,3,1
1283951,15134,1,1
1283951,9547,2,1
1283951,30057,3,1
1283951,24713,4,1
1293154,35951,1,1
1293154,13176,2,1
1293154,40731,3,1
1293154,45066,4,1
1293154,36070,5,0
1293154,42265,6,1
1293154,46979,7,0
1293154,20842,8,0
1293894,20588,1,0
1293894,48697,2,1
1293894,25890,3,1
1295865,13176,1,0
1295865,35803,2,0
1295865,19048,3,0
1295865,47209,4,0
1295865,27845,5,0
1295865,17708,6,0
1295865,35887,7,0
1295865,46847,8,0
1295865,24838,9,0
1295865,18362,10,0
1295865,29142,11,0
1295865,38419,12,0
1295865,20392,13,0
1295865,19678,14,0
1295865,23944,15,0
1295865,12207,16,0
1295865,22035,17,0
1295865,3466,18,0
1295865,45578,19,0
1299068,9866,1,1
1299068,18818,2,1
1299068,4363,3,1
1306653,22063,1,0
1306653,39236,2,0
1306653,19660,3,1
1306653,26410,4,1
1306653,1240,5,0
1306653,35168,6,0
1306653,23765,7,0
1308251,23165,1,0
1308251,27744,2,1
1308251,36389,3,0
1308251,17794,4,0
1308251,44359,5,1
1308251,49401,6,0
1308251,31720,7,0
1308251,34126,8,1
1310165,32151,1,1
1310165,40156,2,1
1310165,46069,3,1
1310165,1862,4,1
1310165,37410,5,1
1310165,32655,6,0
1310165,40965,7,0
1310165,4421,8,0
1310165,48197,9,0
1310165,23334,10,0
1310165,46565,11,0
1315285,19660,1,1
1315285,7598,2,1
1315285,39643,3,0
1315285,12900,4,1
1315285,45795,5,0
1315285,36709,6,1
1319062,13176,1,1
1319062,41276,2,1
1319062,32211,3,1
1319062,8048,4,1
1319062,6369,5,0
1332873,40287,1,0
1332873,42240,2,1
1332873,13619,3,0
1332873,32453,4,0
1332873,36316,5,1
1332873,41682,6,1
1332873,42972,7,1
1332873,10043,8,0
1332873,17900,9,0
1332873,41716,10,0
1332873,31564,11,0
1332873,6265,12,1
1332873,6423,13,1
1332873,47728,14,0
1332873,22720,15,0
1332873,3512,16,0
1332873,22999,17,0
1332873,25686,18,0
1332873,23734,19,1
1332873,20468,20,1
1332873,325,21,1
1332873,15950,22,1
1338457,34720,1,1
1338457,48745,2,1
1338457,12508,3,1
1338457,12638,4,1
1338457,48364,5,1
1338457,20114,6,1
1338457,31717,7,1
1338457,16083,8,1
1338457,47766,9,1
1338457,40706,10,1
1338457,30391,11,1
1344622,4945,1,1
1351590,17122,1,0
1351590,42265,2,0
1352911,10243,1,0
1352911,40516,2,0
1352911,21903,3,1
1352911,28985,4,0
1352911,39871,5,0
1352911,43369,6,1
1352911,39475,7,1
1352911,37646,8,1
1352911,32017,9,0
1352911,43129,10,0
1356601,35594,1,1
1356601,29574,2,1
1356601,35561,3,1
1356725,21195,1,1
1356725,47099,2,1
1356725,31553,3,1
1360436,34050,1,1
1360436,29244,2,1
1360436,10504,3,1
1360436,48857,4,1
1365093,25406,1,1
1365093,1743,2,1
1365093,30464,3,1
1365093,28582,4,1
1365093,1144,5,1
1365093,31501,6,1
1365093,44827,7,1
1365093,11149,8,1
1365093,13679,9,1
1365093,6448,10,1
1365093,31683,11,1
1365724,37646,1,0
1365724,35951,2,0
1366605,287,1,1
1366605,48183,2,1
1366605,22866,3,1
1366605,10573,4,0
1366605,46842,5,1
1366605,15902,6,1
1366605,12206,7,0
1366605,18346,8,0
1366605,11281,9,1
1366605,38400,10,1
1366605,8843,11,1
1366605,34160,12,1
1366605,28600,13,1
1366605,18104,14,1
1366605,41517,15,1
1366605,41545,16,0
1366605,7786,17,0
1366605,10054,18,0
1366605,37766,19,1
1366605,9076,20,0
1366605,22309,21,1
1370836,20995,1,1
1370836,2611,2,0
1370836,49215,3,1
1370836,30016,4,0
1370836,13176,5,1
1370836,35951,6,1
1370836,47209,7,1
1370836,32665,8,1
1370836,32398,9,1
1370836,39561,10,1
1378201,39275,1,0
1378201,31869,2,0
1378201,23484,3,1
1378201,44517,4,0
1384275,44799,1,0
1384275,19653,2,1
1384275,1322,3,1
1384275,6758,4,1
1384275,44359,5,1
1384275,42625,6,1
1384275,49217,7,1
1384275,40208,8,1
1384275,28842,9,1
1385304,8859,1,1
1385304,33198,2,1
1385304,162,3,1
1387876,48255,1,0
1387876,47485,2,0
1387876,24010,3,0
1387876,13176,4,0
1387876,35221,5,0
1387876,21709,6,0
1387876,44632,7,0
1387876,35819,8,0
1387876,23537,9,0
1387876,31506,10,0
1387876,13212,11,0
1387876,7746,12,0
1387876,46294,13,0
1387876,1640,14,1
1387876,22671,15,0
1387876,24964,16,0
1387876,37458,17,0
1387876,21903,18,0
1387876,4799,19,0
1387876,5818,20,0
1387876,36149,21,0
1387876,27642,22,0
1387876,34969,23,0
1393786,40672,1,1
1393786,1774,2,1
1400745,5077,1,1
1400745,13176,2,1
1400745,26443,3,1
1400745,20392,4,1
1400745,25256,5,1
1400745,44632,6,1
1400745,3957,7,1
1400745,5646,8,1
1400745,35221,9,1
1400745,21057,10,0
1400745,5240,11,0
1400745,23375,12,1
1400745,12206,13,0
1400745,4428,14,1
1400745,35951,15,1
1406085,33000,1,1
1406085,239,2,0
1406085,36431,3,1
1406085,22699,4,1
1406085,6155,5,0
1406085,4595,6,1
1406085,36147,7,0
1406376,46984,1,0
1406376,3583,2,0
1406376,22025,3,1
1406376,5550,4,1
1406376,45007,5,1
1406376,13629,6,1
1406376,1749,7,1
1406376,25931,8,1
1406376,47209,9,0
1406376,13176,10,0
1406376,32578,11,0
1406376,12039,12,1
1406376,19048,13,1
1406376,22825,14,1
1406376,9839,15,0
1406376,46979,16,0
1406376,41658,17,1
1406376,16617,18,1
1406376,36695,19,0
1406376,43635,20,1
1406376,24535,21,1
1406376,41220,22,1
1406376,10132,23,1
1406376,11005,24,1
1406376,7649,25,0
1406376,18027,26,0
1406376,28377,27,1
1406376,20016,28,0
1406376,4799,29,0
1406376,21543,30,0
1406376,45633,31,0
1406376,45646,32,0
1406376,43662,33,0
1406376,29307,34,0
1406376,48775,35,0
1406376,27104,36,1
1406376,27966,37,1
1406376,260,38,0
1406376,21555,39,1
1406376,35503,40,1
1406376,37141,41,0
1406376,11610,42,0
1406376,33294,43,0
1406376,49451,44,0
1406509,40002,1,1
1406509,2596,2,1
1406509,16965,3,1
1407772,28748,1,1
1407772,39461,2,0
1407772,35450,3,0
1407772,20985,4,0
1407772,43263,5,0
1407772,34024,6,1
1407772,19189,7,1
1407772,15424,8,0
1419053,23204,1,1
1419053,43961,2,0
1419053,18148,3,0
1419053,47626,4,0
1419053,39928,5,0
1419053,20697,6,0
1419053,28465,7,1
1419053,16797,8,1
1419053,47141,9,1
1419053,42495,10,1
1419053,43928,11,1
1419053,49151,12,1
1419053,9076,13,1
1419053,22242,14,1
1419053,19763,15,1
1419053,18960,16,0
1419053,18372,17,1
1419053,39491,18,0
1419053,6845,19,0
1419053,7736,20,0
1419053,5460,21,0
1419053,31981,22,1
1419053,30551,23,0
1419053,30720,24,0
1419053,4163,25,0
1419053,7400,26,0
1419053,26314,27,0
1419581,40670,1,1
1419581,4635,2,1
1419581,1581,3,1
1419581,12817,4,1
1419581,42252,5,1
1419581,7837,6,1
1419581,24852,7,1
1419581,3990,8,1
1419581,33178,9,1
1419581,21133,10,1
1419581,4648,11,1
1419581,34431,12,1
1419581,23909,13,1
1419581,1852,14,1
1419581,8954,15,1
1419581,23734,16,1
1419581,42093,17,1
1419581,37215,18,1
1419581,22454,19,1
1419581,7255,20,1
1419581,1006,21,1
1419581,8260,22,1
1419581,32211,23,1
1419581,16953,24,1
1419581,30696,25,0
1419581,18201,26,0
1419581,12564,27,1
1419581,5038,28,1
1419581,42356,29,1
1419581,5248,30,0
1419581,35289,31,1
1419581,16464,32,0
1419581,15650,33,0
1420294,34234,1,1
1420294,28581,2,1
1420294,7483,3,0
1420294,31562,4,0
1420294,15290,5,0
1420294,43768,6,0
1424396,33151,1,1
1424396,19536,2,1
1424396,28715,3,1
1424396,30518,4,1
1424396,24253,5,1
1426098,28599,1,0
1426098,49635,2,0
1426098,38890,3,1
1426098,39599,4,1
1426098,22124,5,1
1426098,40571,6,1
1426098,45443,7,1
1426098,18352,8,1
1426098,4210,9,1
1426098,31981,10,1
1426098,5077,11,1
1426098,48527,12,1
1426098,24852,13,1
1429571,47329,1,0
1429571,13225,2,0
1429571,13176,3,0
1429571,42460,4,0
1429571,21116,5,0
1429571,23339,6,0
1430372,24764,1,1
1442242,2002,1,0
1442242,23695,2,0
1442242,2748,3,1
1442242,31727,4,1
1442242,41665,5,1
1442242,35628,6,1
1442242,26915,7,1
1442242,10912,8,1
1442242,9531,9,1
1442242,13512,10,1
1442242,27451,11,0
1442242,40749,12,0
1442242,16759,13,0
1442242,27241,14,0
1442242,7308,15,1
1442242,42828,16,0
1442242,34448,17,1
1442242,48707,18,0
1442242,22240,19,1
1442242,17964,20,0
1442242,34012,21,0
1442242,14177,22,1
1443104,6375,1,1
1443104,18926,2,1
1443104,40571,3,1
1457233,45633,1,1
1457233,47388,2,0
1457233,19057,3,1
1457233,38676,4,0
1457233,19660,5,1
1466562,12581,1,0
1466562,42122,2,1
1466562,21724,3,0
1468237,9130,1,0
1468237,28987,2,0
1468237,34909,3,0
1468237,27463,4,0
1468237,40592,5,1
1468237,24649,6,1
1468237,46287,7,1
1468237,27107,8,1
1468237,16519,9,1
1468237,5385,10,1
1468237,48898,11,1
1468237,16953,12,1
1468237,17781,13,1
1468237,24852,14,1
1468237,46489,15,1
1468237,40807,16,1
1468237,39491,17,1
1468237,35507,18,0
1468237,23288,19,0
1468237,4390,20,0
1468237,27845,21,0
1468237,877,22,0
1468237,28016,23,0
1468237,39132,24,0
1468237,46332,25,1
1468237,21314,26,1
1468237,31803,27,0
1468237,36005,28,0
1470324,34199,1,0
1470324,15290,2,1
1470324,21938,3,1
1470324,12845,4,0
1470324,42183,5,1
1470324,10342,6,1
1470324,36606,7,0
1470324,21903,8,0
1470324,30391,9,1
1470324,44359,10,0
1476149,23165,1,0
1476149,46979,2,1
1476149,23537,3,1
1476149,13431,4,0
1476149,7559,5,0
1476149,6046,6,1
1476149,2295,7,1
1476149,26369,8,0
1476149,3689,9,0
1476149,1025,10,0
1476149,13198,11,1
1476149,5240,12,1
1476149,6101,13,1
1476149,19348,14,1
1476149,13885,15,1
1476149,9146,16,0
1476149,6489,17,1
1485087,24852,1,1
1485087,48845,2,1
1485087,46069,3,0
1485087,18963,4,0
1485087,2452,5,0
1485087,7916,6,0
1485087,21903,7,0
1485087,43735,8,0
1487154,17419,1,0
1487154,14127,2,1
1487154,16908,3,1
1487154,4232,4,1
1487154,7139,5,1
1487154,41968,6,1
1487154,44820,7,1
1487540,4605,1,0
1487540,2225,2,0
1487540,42872,3,1
1487540,15359,4,0
1487540,10568,5,0
1487540,28080,6,1
1487540,19368,7,0
1487540,16020,8,0
1487540,10549,9,0
1487540,19076,10,0
1487540,12320,11,0
1487540,46776,12,0
1487540,31676,13,0
1487540,10957,14,1
1490179,33572,1,1
1490179,33104,2,0
1490179,27966,3,1
1490179,18873,4,0
1490179,36070,5,0
1490179,28289,6,1
1490179,7622,7,0
1490179,46900,8,0
1490179,46720,9,0
1492206,19660,1,1
1492206,29139,2,1
1492206,39462,3,1
1492206,32734,4,1
1492206,31562,5,1
1492206,2846,6,0
1492206,5769,7,0
1492206,16759,8,0
1492206,25272,9,0
1495337,26209,1,1
1495337,13166,2,1
1495337,42736,3,1
1495337,31506,4,1
1495337,49385,5,0
1495337,48037,6,0
1495337,17794,7,1
1495337,18434,8,0
1495337,18531,9,0
1495337,33731,10,1
1495337,32839,11,1
1495337,24964,12,1
1495337,47626,13,0
1495337,25230,14,1
1495337,32655,15,1
1495337,20022,16,0
1495337,28985,17,1
1495337,33401,18,0
1500329,20995,1,1
1500329,30830,2,0
1500329,39877,3,0
1500329,6008,4,0
1500329,16641,5,0
1500329,21783,6,0
1500329,39561,7,1
1500329,11520,8,1
1500329,18105,9,1
1500329,45200,10,1
1500329,19944,11,0
1500329,45774,12,0
1500329,21903,13,1
1500329,21616,14,1
1500329,45063,15,0
1500329,47734,16,1
1500329,28199,17,0
1500329,46667,18,1
1500329,46932,19,1
1500329,38766,20,0
1503289,47877,1,1
1503289,9076,2,1
1503289,11777,3,0
1503289,26604,4,1
1503289,24852,5,1
1503289,34487,6,1
1503289,42888,7,1
1503289,16185,8,1
1503289,11869,9,0
1503289,12672,10,1
1503289,35315,11,1
1503289,43154,12,1
1503289,24186,13,1
1503289,48015,14,1
1503289,9623,15,1
1503289,11463,16,0
1503289,21106,17,0
1503289,44980,18,1
1503289,45064,19,0
1503289,21158,20,1
1503289,42403,21,0
1503289,39107,22,1
1503289,24053,23,1
1505122,24852,1,1
1505122,32566,2,1
1505122,22035,3,1
1505122,47630,4,1
1505122,42828,5,1
1505122,44987,6,1
1505122,47209,7,1
1505122,34429,8,1
1505122,13083,9,1
1505122,39275,10,1
1505122,46194,11,1
1505122,12872,12,1
1505122,30450,13,1
1505122,27966,14,1
1505122,16479,15,0
1505427,30233,1,1
1505427,47209,2,1
1505427,24852,3,1
1505427,18362,4,1
1505427,10545,5,1
1505427,39747,6,1
1505427,42265,7,1
1505427,17284,8,1
1505427,4920,9,1
1505427,21137,10,1
1505427,38159,11,1
1505427,39794,12,1
1505427,27966,13,0
1505427,49235,14,1
1511379,24010,1,1
1511671,49683,1,1
1511671,27890,2,0
1511671,5876,3,0
1511671,48023,4,0
1511671,21982,5,1
1511671,12331,6,0
1511671,44144,7,0
1511671,25890,8,0
1511671,27104,9,0
1511671,22935,10,0
1511671,17794,11,0
1511671,742,12,0
1511671,22247,13,0
1511671,43789,14,1
1511671,28842,15,1
1511671,12419,16,1
1511671,9955,17,0
1511671,49659,18,0
1511671,47900,19,0
1511671,26209,20,1
1511671,38537,21,0
1511671,28432,22,0
1511671,40712,23,0
1511671,33535,24,0
1511671,7760,25,0
1511671,5450,26,1
1511671,20638,27,0
1511671,30776,28,0
1511744,7806,1,0
1511744,35090,2,0
1511744,16710,3,0
1511744,7515,4,0
1515659,22198,1,1
1515659,27172,2,1
1515659,36177,3,1
1515659,24838,4,1
1515659,47465,5,1
1515659,39276,6,1
1516146,10603,1,0
1516146,39495,2,0
1516146,22395,3,1
1516146,34969,4,1
1516146,47209,5,0
1516146,14462,6,0
1516146,23594,7,0
1516146,28934,8,1
1516146,11520,9,1
1516146,6347,10,1
1516146,42265,11,1
1516146,5764,12,0
1516146,8792,13,1
1518497,47766,1,1
1518497,9346,2,1
1518497,24221,3,1
1518497,27845,4,1
1518497,5479,5,1
1518497,16083,6,1
1521473,28928,1,1
1521473,45437,2,1
1521473,48364,3,1
1521473,46087,4,0
1521473,31634,5,0
1521473,13079,6,0
1521473,29622,7,1
1521473,6400,8,0
1521473,23783,9,0
1521473,43182,10,0
1521473,20115,11,0
1521473,35951,12,1
1521473,38312,13,0
1521473,15984,14,0
1522950,31997,1,0
1522950,21903,2,1
1522950,14833,3,0
1522950,22760,4,0
1522950,14240,5,0
1522950,31373,6,0
1522950,45448,7,0
1522950,18993,8,0
1522950,9095,9,0
1522950,24852,10,1
1522950,47766,11,1
1522950,32403,12,0
1522950,28553,13,0
1522950,43352,14,0
1522950,16797,15,0
1522950,39928,16,0
1522950,25630,17,0
1522950,20842,18,0
1522950,30489,19,0
1522950,24184,20,0
1522950,15290,21,1
1524072,22720,1,1
1524072,27966,2,1
1524072,7026,3,1
1524072,17794,4,1
1524072,47209,5,1
1524072,12385,6,1
1524072,21137,7,1
1524072,33754,8,1
1524072,10749,9,1
1524072,37646,10,1
1524072,13176,11,1
1524072,10070,12,1
1524072,36550,13,1
1524072,27156,14,1
1524072,22491,15,1
1524072,33731,16,1
1524072,3952,17,0
1524072,22935,18,0
1524072,48395,19,0
1530208,24852,1,1
1530208,7503,2,1
1530208,27845,3,1
1530208,9020,4,1
1530208,39275,5,1
1530208,27966,6,0
1530208,16019,7,1
1530208,7976,8,0
1530208,44138,9,0
1530208,8277,10,1
1538493,47672,1,0
1551038,7868,1,1
1551038,11199,2,0
1553817,17828,1,1
1553817,38141,2,1
1553817,3457,3,1
1553817,13176,4,1
1553817,40145,5,1
1553817,19057,6,1
1553817,4410,7,1
1553817,45580,8,1
1553817,6188,9,1
1558009,6287,1,1
1558009,45504,2,1
1558009,13176,3,1
1558009,6948,4,1
1558009,3835,5,1
1558009,30252,6,1
1558009,30450,7,1
1558009,47209,8,1
1558009,12955,9,1
1558009,39275,10,1
1558009,10724,11,1
1558009,7051,12,1
1558009,22227,13,1
1558009,42242,14,1
1558009,5322,15,1
1558009,46979,16,1
1558009,37646,17,1
1565016,13176,1,1
1565228,1157,1,1
1565228,24852,2,1
1565228,23909,3,1
1565228,15424,4,1
1565228,44799,5,1
1565228,48907,6,1
1565228,4377,7,1
1565228,26477,8,1
1565228,5884,9,1
1565228,18987,10,1
1565228,33645,11,1
1565228,45622,12,1
1565228,18201,13,1
1565228,40616,14,1
1565228,32538,15,1
1565228,19424,16,1
1565228,47931,17,1
1565228,9327,18,1
1565228,48171,19,1
1565228,35257,20,0
1565228,10500,21,0
1565228,30435,22,1
1566814,25005,1,1
1566814,30063,2,1
1566814,6104,3,1
1566814,48364,4,1
1566814,31717,5,1
1566814,30489,6,1
1566814,15290,7,1
1566814,35951,8,1
1566814,27156,9,1
1566814,35547,10,1
1566814,44683,11,1
1566814,26209,12,1
1568165,37952,1,1
1568165,18027,2,0
1568165,27845,3,1
1568165,13560,4,1
1568165,21137,5,1
1568165,13176,6,1
1568165,4809,7,1
1568165,41806,8,1
1568165,46979,9,1
1568165,22825,10,1
1568165,39928,11,0
1568165,32905,12,0
1568165,34005,13,0
1568165,39475,14,1
1571286,13914,1,1
1581277,19019,1,0
1581277,13113,2,1
1581277,45013,3,1
1581277,10369,4,1
1581277,23383,5,1
1581277,24841,6,1
1581277,47209,7,1
1581277,17949,8,1
1581277,21137,9,1
1581277,44910,10,1
1581277,45066,11,1
1581277,9366,12,1
1581652,32030,1,1
1581652,27392,2,1
1581827,28985,1,0
1581827,10129,2,1
1581827,21614,3,1
1581827,11576,4,1
1581827,40691,5,1
1581827,27744,6,1
1587183,29874,1,1
1587183,35898,2,0
1587183,19821,3,0
1587183,20876,4,0
1587183,10840,5,0
1587183,20367,6,1
1587183,31040,7,1
1587183,30489,8,1
1587183,10514,9,0
1590243,29405,1,0
1590243,21195,2,0
1597062,33394,1,1
1597062,49339,2,1
1597062,43889,3,1
1597062,21070,4,1
1597062,3847,5,1
1597062,5876,6,1
1597062,49683,7,1
1597062,9387,8,1
1597062,22069,9,1
1597062,17294,10,1
1597062,432,11,0
1597062,4029,12,0
1597062,20906,13,0
1597062,43961,14,0
1599066,14809,1,0
1599066,12186,2,0
1599066,25522,3,1
1599066,10070,4,1
1599066,27086,5,0
1599066,27104,6,1
1599066,42768,7,1
1599066,40604,8,1
1599066,5450,9,0
1599066,27521,10,0
1599066,17400,11,1
1599066,49683,12,1
1599066,31506,13,1
1599066,28204,14,1
1599066,28199,15,0
1599066,47672,16,0
1599066,5337,17,0
1599066,11422,18,1
1599066,28476,19,0
1599066,15904,20,0
1599066,11781,21,0
1599066,29116,22,0
1599066,206,23,0
1599066,21150,24,0
1599066,3682,25,0
1599066,46720,26,0
1599066,23008,27,0
1599066,39182,28,0
1599066,18531,29,0
1599709,4942,1,0
1599709,16920,2,0
1599709,32303,3,0
1599709,38185,4,0
1599709,34619,5,0
1599709,4889,6,0
1599709,12986,7,0
1599709,46844,8,0
1599709,49683,9,0
1599709,29487,10,0
1599709,1752,11,0
1599709,15100,12,0
1599709,18379,13,0
1599709,21019,14,0
1599709,43183,15,0
1599709,47141,16,0
1599709,45835,17,0
1606431,33000,1,0
1606431,19272,2,1
1606431,4872,3,1
1606431,28934,4,1
1606431,8277,5,1
1606431,10763,6,1
1606844,23052,1,1
1606844,43948,2,1
1606844,24852,3,1
1606844,12508,4,0
1606844,12128,5,1
1606844,25093,6,1
1606844,27344,7,1
1607621,19019,1,1
1607621,18594,2,1
1607621,11140,3,1
1607621,6292,4,1
1607984,30489,1,1
1607984,10407,2,1
1607984,24852,3,1
1607984,7156,4,1
1607984,28849,5,1
1607984,12033,6,1
1607984,27744,7,1
1607984,25340,8,1
1607984,19678,9,1
1607984,38159,10,1
1607984,11447,11,1
1607984,47209,12,0
1607984,2272,13,0
1607984,4605,14,1
1607984,29987,15,0
1607984,7461,16,0
1607984,6489,17,1
1607984,24184,18,1
1607984,32523,19,1
1610209,49683,1,1
1610209,16797,2,1
1610209,24852,3,1
1610209,4945,4,0
1610209,43352,5,1
1610209,17600,6,1
1610209,8424,7,1
1610209,26317,8,1
1610833,25718,1,1
1610833,32740,2,1
1610833,45599,3,1
1610833,22533,4,0
1610833,2676,5,0
1610833,17600,6,1
1614578,5390,1,0
1614578,2078,2,1
1614578,39877,3,0
1614578,45535,4,1
1614578,23165,5,1
1614578,21903,6,1
1614578,16349,7,1
1614578,41610,8,0
1614578,16396,9,0
1620383,11399,1,1
1620383,22832,2,1
1620383,5487,3,1
1620383,4952,4,1
1620383,13596,5,0
1620383,14233,6,0
1620383,48453,7,0
1620383,21614,8,1
1620383,12703,9,1
1620383,48364,10,0
1620383,24531,11,1
1621659,47766,1,0
1621659,19370,2,0
1621659,46979,3,0
1621659,11538,4,0
1621659,35425,5,0
1621659,24838,6,0
1621659,5262,7,0
1621659,42536,8,0
1621659,27086,9,0
1621659,24852,10,0
1621659,19893,11,0
1621659,17181,12,0
1621659,24964,13,0
1621659,13380,14,0
1627126,42585,1,0
1627126,10163,2,0
1627126,17459,3,0
1627126,9387,4,0
1627126,19934,5,0
1627471,28299,1,1
1627471,47940,2,1
1627471,17011,3,0
1627471,19808,4,1
1627471,41508,5,0
1627471,42240,6,1
1627471,15490,7,0
1627471,2616,8,0
1627471,9756,9,1
1627471,31981,10,1
1627471,1327,11,1
1627471,14252,12,1
1627471,24852,13,1
1633929,24489,1,0
1633929,34584,2,0
1633929,35951,3,0
1633929,5077,4,1
1633929,39275,5,1
1633929,45633,6,0
1633929,47766,7,1
1633929,21137,8,1
1633929,48255,9,1
1633929,42768,10,1
1633929,4605,11,1
1633929,46505,12,0
1633929,44098,13,1
1639087,14897,1,1
1639087,28248,2,1
1639087,28547,3,1
1639087,5876,4,1
1639087,1516,5,1
1639087,34565,6,1
1639087,42495,7,1
1639087,37213,8,1
1639087,10995,9,1
1639087,39190,10,1
1639087,31066,11,0
1639087,47612,12,1
1639087,8639,13,0
1639087,26104,14,0
1639087,15872,15,1
1639087,25544,16,0
1639264,29127,1,0
1639264,29694,2,0
1639264,39046,3,1
1639264,21903,4,1
1639264,9020,5,1
1639264,12845,6,1
1639264,38861,7,1
1639264,23687,8,1
1639264,11773,9,1
1639264,46537,10,1
1639264,28217,11,0
1640584,12075,1,0
1640584,43776,2,0
1640584,24363,3,0
1640584,38311,4,0
1640584,21616,5,0
1640584,4799,6,0
1641964,23671,1,0
1641964,34590,2,0
1641964,41198,3,0
1644809,3274,1,0
1644809,28386,2,0
1644809,45442,3,0
1644809,5181,4,0
1644809,9656,5,0
1644809,25804,6,0
1644809,29734,7,0
1644809,43409,8,0
1649980,24838,1,1
1649980,14917,2,1
1649980,47209,3,1
1649980,40571,4,1
1649980,19156,5,1
1649980,25199,6,1
1649980,43713,7,0
1649980,35594,8,0
1649980,21526,9,1
1649980,38684,10,0
1649980,13702,11,1
1650049,4461,1,1
1650049,46667,2,1
1650049,9955,3,0
1650049,13176,4,0
1650049,31717,5,1
1650049,10621,6,1
1650049,23288,7,1
1650049,28985,8,1
1650049,35140,9,0
1650049,38847,10,0
1650049,36149,11,0
1650049,5876,12,0
1650049,47209,13,1
1658240,34658,1,1
1658240,2581,2,1
1658240,43933,3,1
1658240,5785,4,1
1658240,4097,5,1
1658240,329,6,1
1658240,13176,7,1
1658240,21137,8,1
1664772,38896,1,0
1664772,44912,2,0
1664772,37119,3,0
1664772,35951,4,0
1664772,13176,5,1
1664772,20734,6,0
1664772,31880,7,0
1670613,9076,1,0
1670613,30720,2,0
1674153,28601,1,0
1674153,45217,2,0
1674153,30509,3,0
1674153,1674,4,0
1674153,44683,5,0
1674153,196,6,0
1674153,7837,7,0
1674153,42806,8,0
1680929,7539,1,1
1680929,33320,2,1
1680929,20564,3,1
1680929,30494,4,1
1680929,30978,5,0
1680929,44349,6,0
1682597,40910,1,1
1682597,19229,2,0
1682597,16939,3,0
1682597,41290,4,0
1682597,19192,5,1
1682597,276,6,0
1709650,15663,1,0
1709650,13966,2,1
1709650,47119,3,1
1709650,44042,4,1
1711351,28842,1,1
1711351,4799,2,0
1711351,27336,3,1
1711351,13646,4,1
1718468,21903,1,1
1718468,38768,2,1
1721499,3442,1,0
1721499,4942,2,1
1721499,23516,3,1
1721499,43920,4,1
1721499,16083,5,1
1721499,35065,6,0
1721499,18531,7,1
1721499,20082,8,0
1733967,44670,1,1
1733967,45437,2,1
1733967,38944,3,1
1733967,19006,4,1
1733967,30142,5,1
1733967,39947,6,1
1733967,30489,7,1
1733967,31040,8,0
1733967,24952,9,0
1740561,46802,1,1
1740561,25931,2,1
1740561,34358,3,1
1740561,24852,4,1
1740561,40759,5,1
1740561,45104,6,1
1740561,4605,7,1
1740561,8670,8,1
1740561,10749,9,1
1740561,29837,10,1
1740561,46979,11,1
1740561,8518,12,0
1740561,4428,13,0
1746434,37489,1,0
1746434,38817,2,1
1746434,34821,3,1
1746434,10492,4,1
1746434,47141,5,0
1746434,2513,6,0
1746434,25544,7,0
1746434,26216,8,0
1746434,37773,9,0
1746434,29178,10,0
1746434,36527,11,0
1746434,34160,12,0
1746434,46877,13,0
1746434,47656,14,0
1746434,48000,15,0
1746434,9837,16,0
1746434,40310,17,0
1746434,34077,18,0
1749856,14715,1,1
1749856,12341,2,1
1749856,6184,3,1
1749856,46562,4,1
1750944,20876,1,0
1750944,24852,2,1
1750944,41787,3,1
1750944,4957,4,1
1750944,43352,5,1
1750944,14917,6,1
1750944,44517,7,1
1751332,21386,1,1
1751332,3868,2,1
1751332,42887,3,1
1751332,22565,4,1
1751332,12212,5,0
1755058,40120,1,1
1755058,21292,2,1
1755058,22802,3,1
1755058,3798,4,1
1755058,30827,5,0
1755058,12341,6,0
1755058,4557,7,0
1755058,26759,8,0
1758717,30849,1,1
1758717,26604,2,1
1759449,39561,1,1
1759449,43087,2,1
1759449,38730,3,0
1759449,6902,4,0
1759449,35633,5,1
1759449,43352,6,1
1759449,16797,7,1
1759449,13176,8,0
1759449,45747,9,1
1759449,10933,10,0
1759449,47616,11,0
1761016,17699,1,0
1761016,41539,2,1
1761016,40411,3,0
1761016,17287,4,0
1768253,3007,1,0
1768253,34243,2,0
1768253,15613,3,1
1768253,40676,4,0
1768253,23535,5,0
1770301,48697,1,0
1770301,20247,2,1
1770301,31683,3,1
1770301,37103,4,0
1770301,16290,5,0
1770301,46667,6,0
1770301,11989,7,1
1770301,29941,8,0
1770301,24852,9,0
1770301,12980,10,0
1770301,11224,11,0
1770301,26293,12,0
1770301,27845,13,1
1770301,6182,14,1
1770301,6361,15,1
1770301,30391,16,0
1770301,2295,17,0
1770301,45840,18,0
1770611,43352,1,1
1770611,23291,2,1
1770611,48341,3,1
1770611,45948,4,1
1770611,25272,5,0
1770611,40723,6,0
1770611,41361,7,0
1770611,14705,8,0
1770611,39877,9,0
1774881,19171,1,1
1774881,4605,2,0
1774881,15528,3,0
1774881,1830,4,0
1774881,21137,5,1
1774881,37065,6,0
1774881,21927,7,0
1774881,13176,8,1
1774881,31717,9,1
1774881,34126,10,1
1774881,30027,11,0
1774881,35510,12,1
1774881,17956,13,0
1781590,21195,1,1
1784134,21137,1,1
1791621,45603,1,1
1791621,24852,2,0
1791621,18232,3,1
1791621,35939,4,1
1791621,48679,5,1
1791621,16797,6,0
1794434,26010,1,0
1794434,13176,2,1
1794434,28204,3,1
1794434,932,4,0
1794434,8022,5,0
1794434,26298,6,0
1794434,39099,7,0
1794434,13646,8,0
1802267,9358,1,1
1802267,48532,2,1
1802267,35894,3,1
1802267,36051,4,0
1803794,8464,1,0
1803794,1154,2,0
1803794,4895,3,0
1803794,41805,4,0
1803794,33852,5,0
1803794,31102,6,1
1803794,28080,7,1
1803794,24398,8,0
1803794,20791,9,0
1803794,43703,10,0
1807270,34126,1,1
1807270,19057,2,1
1807270,40691,3,0
1807270,25588,4,0
1807270,43789,5,1
1807270,41570,6,0
1807270,47376,7,1
1808594,26604,1,1
1808594,36070,2,1
1808594,39877,3,0
1808594,46313,4,1
1808594,19208,5,1
1808601,38689,1,1
1808601,23765,2,1
1808601,18465,3,1
1808601,29662,4,1
1808601,34969,5,1
1808601,260,6,1
1808601,47209,7,1
1808601,781,8,1
1808601,18090,9,1
1808601,5876,10,1
1808601,26209,11,1
1808601,47601,12,1
1808601,28476,13,1
1808601,14462,14,0
1808601,21137,15,1
1808601,7781,16,0
1808601,44359,17,1
1808601,28985,18,1
1808601,10305,19,1
1808601,43122,20,1
1808601,9387,21,1
1808601,48795,22,1
1808601,31553,23,0
1808601,21903,24,0
1808601,34861,25,0
1808601,2314,26,0
1808601,27695,27,0
1810402,5077,1,1
1810402,36717,2,1
1810402,12324,3,0
1810402,49273,4,0
1810402,24852,5,1
1810402,40969,6,0
1810402,25890,7,1
1810402,38777,8,1
1810402,11782,9,0
1810402,1215,10,0
1810402,16525,11,0
1810402,41544,12,0
1810402,42736,13,0
1810402,25256,14,0
1810402,9076,15,1
1810402,47626,16,0
1810402,37825,17,1
1810402,4605,18,1
1810402,23165,19,0
1810402,19048,20,0
1810402,21903,21,1
1810402,7156,22,1
1810402,39275,23,1
1810402,1158,24,1
1812815,33929,1,1
1812815,8174,2,1
1812815,5876,3,1
1812815,45066,4,1
1812815,4541,5,1
1812815,35547,6,1
1812815,14356,7,1
1812815,7079,8,1
1812815,26604,9,1
1812815,27966,10,1
1812815,47766,11,1
1812815,40396,12,1
1812815,7916,13,1
1812815,25199,14,1
1812815,45437,15,1
1812815,24373,16,1
1812815,18288,17,1
1812815,42265,18,1
1812815,22035,19,1
1812815,39275,20,1
1812815,34243,21,0
1812815,8309,22,1
1812815,8710,23,1
1812815,31663,24,0
1812815,25630,25,0
1812815,15290,26,0
1815759,1398,1,1
1815759,10851,2,1
1815759,42333,3,1
1815759,29926,4,1
1815759,5322,5,1
1815759,35199,6,1
1815759,40063,7,1
1815759,39408,8,1
1815759,33129,9,1
1815759,39041,10,1
1815759,148,11,1
1816251,7781,1,1
1816251,21614,2,1
1816251,13712,3,1
1816251,9550,4,1
1816251,16589,5,1
1816251,27086,6,1
1816251,19677,7,1
1816251,35221,8,1
1816251,27548,9,1
1816251,5015,10,1
1816251,26620,11,1
1816251,7563,12,1
1816251,39475,13,1
1816251,24954,14,0
1816251,28204,15,1
1816251,39877,16,0
1832853,3561,1,0
1832853,43129,2,0
1832853,34126,3,0
1832853,42736,4,1
1832853,45999,5,1
1832853,46979,6,1
1832853,18479,7,0
1832853,27744,8,1
1832853,21334,9,0
1832853,3843,10,0
1832853,30994,11,0
1832853,28682,12,1
1837020,47626,1,0
1837020,41874,2,1
1838102,49517,1,1
1838102,45210,2,0
1838102,47029,3,0
1840503,32141,1,1
1840503,13015,2,0
1840503,20944,3,0
1840503,14390,4,0
1840503,18539,5,0
1840503,29943,6,1
1840503,36138,7,0
1840503,46842,8,0
1840503,21333,9,1
1840503,36975,10,0
1840503,36696,11,0
1840503,1736,12,0
1840811,26348,1,1
1842939,8045,1,1
1842939,9409,2,0
1848523,27845,1,0
1848523,13329,2,0
1848523,27966,3,0
1848523,36082,4,0
1848523,30233,5,0
1848523,42557,6,0
1848523,42710,7,0
1848523,18441,8,0
1848523,5876,9,0
1848523,27156,10,0
1848523,13176,11,0
1848523,32402,12,0
1848523,7955,13,0
1848523,21511,14,0
1848523,2322,15,0
1848523,45671,16,0
1848523,18385,17,0
1848523,39877,18,0
1848523,12320,19,0
1849152,5535,1,1
1849152,3473,2,0
1849152,31694,3,1
1849152,3605,4,0
1849152,13064,5,0
1853866,30024,1,1
1853866,14084,2,1
1853866,13968,3,1
1853866,42828,4,1
1853866,35108,5,1
1853866,12899,6,1
1853866,10243,7,0
1853866,13249,8,1
1853866,31066,9,0
1853866,47209,10,1
1853866,24039,11,0
1853866,17360,12,0
1853866,40634,13,0
1853866,47155,14,0
1853866,33438,15,0
1853866,45007,16,1
1853866,17794,17,0
1853866,18656,18,1
1853866,46979,19,0
1855789,42265,1,0
1855789,44683,2,0
1855789,33147,3,1
1855789,9839,4,0
1855789,9076,5,0
1855789,25133,6,0
1855789,8048,7,1
1855789,31506,8,0
1855789,21903,9,0
1855789,20955,10,0
1855789,7862,11,1
1857677,6184,1,1
1857677,8843,2,1
1857677,19887,3,1
1857677,196,4,1
1857677,3298,5,1
1859175,21267,1,1
1859175,21405,2,1
1859175,32717,3,0
1859175,1468,4,1
1859175,35948,5,0
1859175,33438,6,1
1859175,3855,7,0
1859175,12254,8,0
1859175,535,9,0
1859175,35817,10,0
1859175,44775,11,0
1859175,9989,12,0
1859175,20580,13,0
1859175,23679,14,1
1859175,756,15,0
1865875,19057,1,0
1865875,40310,2,0
1865875,4920,3,0
1865875,16797,4,0
1865875,40174,5,0
1865875,18176,6,0
1865875,21872,7,0
1865875,7014,8,0
1865875,46969,9,0
1865875,15290,10,0
1865875,611,11,0
1865875,4799,12,0
1865875,37119,13,0
1865875,2086,14,0
1865875,10006,15,0
1865875,5212,16,0
1868044,11950,1,0
1868044,24968,2,0
1868044,13176,3,1
1869961,43338,1,1
1869961,18806,2,1
1869961,32030,3,1
1869961,42193,4,1
1869961,27845,5,1
1869961,37718,6,1
1869961,29189,7,1
1869961,22122,8,1
1869961,24852,9,1
1869961,32828,10,1
1869961,46979,11,1
1869961,15143,12,1
1869961,26882,13,0
1869961,5355,14,1
1869961,21137,15,0
1876701,28849,1,1
1876701,18656,2,1
1876701,48679,3,1
1876701,46979,4,1
1876701,26317,5,1
1876701,2693,6,1
1876701,40377,7,1
1876701,44142,8,1
1876701,47209,9,1
1876701,45594,10,1
1876701,27355,11,0
1876701,8424,12,0
1876701,25340,13,1
1876701,5876,14,0
1882828,9292,1,1
1882828,4656,2,0
1883687,33569,1,1
1883687,34489,2,1
1883687,25980,3,0
1883687,35951,4,1
1883687,47209,5,1
1883687,21903,6,1
1883687,26769,7,1
1883687,41750,8,1
1883687,12206,9,1
1883687,41433,10,1
1883687,13380,11,1
1884218,19660,1,1
1891707,4937,1,0
1896447,25472,1,1
1896447,329,2,1
1896447,43789,3,1
1896447,46194,4,1
1896447,30567,5,1
1896447,23622,6,1
1896447,49128,7,0
1896447,6760,8,1
1896447,28535,9,1
1896447,33303,10,1
1896447,36315,11,1
1896447,32857,12,1
1896447,14979,13,0
1907383,25513,1,1
1907383,42093,2,1
1907383,49235,3,1
1907383,23405,4,0
1907383,44811,5,1
1907383,5161,6,1
1907383,20600,7,1
1907383,39877,8,1
1907383,13380,9,0
1907383,7781,10,0
1907383,43961,11,0
1907383,5876,12,0
1907814,30411,1,1
1907814,36247,2,1
1907814,42758,3,1
1907814,8859,4,1
1917117,33205,1,1
1917117,24852,2,1
1917117,459,3,1
1917117,16241,4,1
1917117,5612,5,0
1917117,43961,6,0
1917378,13176,1,1
1917378,47788,2,0
1917378,12980,3,1
1917378,34969,4,0
1917378,204,5,0
1918423,47766,1,1
1918423,47626,2,1
1918423,46979,3,0
1918423,12732,4,1
1918423,20842,5,1
1918423,17862,6,1
1918423,8297,7,1
1918423,37158,8,1
1918423,25890,9,1
1918423,33468,10,0
1918423,10504,11,0
1918423,27156,12,1
1918423,38012,13,0
1918423,46720,14,1
1918423,44359,15,1
1918423,18370,16,1
1918423,33731,17,1
1918423,26369,18,1
1918423,31717,19,1
1918423,40706,20,0
1918423,29311,21,1
1918423,18599,22,0
1918423,34067,23,1
1918423,7175,24,1
1918423,33000,25,1
1918423,13510,26,1
1918423,11182,27,0
1918423,28601,28,0
1918423,31562,29,0
1918423,8518,30,0
1918423,21938,31,1
1918423,10749,32,1
1918423,43768,33,1
1918423,24489,34,0
1918423,40545,35,0
1918423,17948,36,0
1918423,20995,37,0
1918423,37646,38,0
1918423,37067,39,1
1922383,49131,1,1
1922383,41658,2,1
1922383,19660,3,1
1922383,4562,4,1
1922383,24622,5,1
1922383,39013,6,1
1922383,38510,7,0
1922383,19057,8,1
1922383,47626,9,1
1922383,38312,10,0
1922383,16589,11,1
1922383,21903,12,1
1925449,38650,1,0
1925449,7156,2,0
1928176,49683,1,1
1928176,24852,2,1
1928176,17316,3,1
1928176,34660,4,0
1928176,47626,5,1
1928176,29418,6,0
1928176,20114,7,0
1937693,31915,1,0
1937693,4097,2,0
1937693,13176,3,0
1937693,34448,4,0
1937693,44120,5,0
1937693,36550,6,0
1937693,43192,7,0
1937693,45537,8,0
1937693,34067,9,0
1937693,23622,10,0
1937693,47209,11,0
1943989,21137,1,1
1943989,29487,2,1
1943989,8277,3,1
1943989,7054,4,1
1943989,40229,5,1
1943989,27104,6,1
1943989,20410,7,0
1943989,7175,8,0
1943989,16965,9,0
1945464,42615,1,1
1945464,26369,2,0
1945464,972,3,0
1945464,29740,4,0
1945464,24320,5,0
1945464,45856,6,0
1945464,24852,7,1
1945464,18656,8,0
1945464,5212,9,0
1945464,46738,10,0
1945464,23909,11,0
1945464,11737,12,0
1945464,18923,13,1
1945464,20276,14,0
1945464,28387,15,0
1945464,2326,16,0
1949123,29084,1,1
1949123,46188,2,1
1958716,16262,1,1
1958716,10312,2,1
1958716,39618,3,1
1993598,42580,1,0
1993598,12455,2,0
1993598,21137,3,1
1993598,29204,4,0
1993598,41290,5,1
1993598,28836,6,0
1993598,14882,7,1
1993598,40997,8,1
1993598,37606,9,1
1994458,34459,1,0
1994458,39993,2,1
1994458,23322,3,1
1994458,13176,4,1
1994458,25344,5,1
1994458,38511,6,1
1996455,7041,1,0
1996455,45535,2,1
1996455,20114,3,1
1996455,31717,4,1
1996455,13176,5,1
1996455,21903,6,1
1996455,26209,7,1
1996455,22935,8,1
1996455,37646,9,1
1996455,17526,10,1
1996455,25659,11,1
1996455,18883,12,0
2011785,49235,1,1
2011785,35221,2,1
2011785,44632,3,1
2011785,42665,4,1
2011785,20790,5,1
2011785,7177,6,1
2020817,19660,1,1
2020817,5085,2,0
2020817,3874,3,1
2020817,13113,4,1
2020817,4102,5,0
2020817,1285,6,0
2024419,24368,1,1
2024419,38228,2,1
2024419,17122,3,1
2024419,5322,4,1
2024419,5296,5,1
2024419,19006,6,1
2024419,36316,7,0
2025714,43721,1,1
2026006,31720,1,1
2026006,37646,2,1
2026006,49609,3,1
2026006,25926,4,1
2026006,38159,5,1
2026006,22025,6,1
2026006,7695,7,1
2026006,19706,8,1
2026006,38141,9,1
2026006,42533,10,1
2026006,49201,11,1
2026006,19046,12,1
2026006,32018,13,1
2026006,22969,14,1
2026006,21903,15,1
2026006,24082,16,0
2026006,23025,17,0
2026006,5194,18,0
2026006,18389,19,0
2026006,49235,20,0
2026006,28535,21,0
2026006,34497,22,0
2026006,8580,23,0
2026006,29103,24,0
2026006,31231,25,0
2026006,11123,26,0
2026006,12700,27,0
2026006,10814,28,0
2026006,28985,29,0
2027269,21653,1,0
2027269,2740,2,0
2027269,40793,3,0
2033298,40939,1,1
2033298,31651,2,1
2033298,16953,3,0
2033298,6184,4,0
2037236,17313,1,1
2037236,3798,2,0
2037236,16281,3,0
2038668,13575,1,1
2038668,37710,2,1
2038668,11266,3,1
2038668,17207,4,1
2038668,8048,5,1
2038668,14032,6,1
2038668,21573,7,1
2038668,6184,8,1
2038668,19691,9,1
2038668,12341,10,1
2038668,35951,11,1
2038668,30450,12,1
2038668,16953,13,1
2038668,13535,14,1
2038668,3798,15,1
2042281,47029,1,1
2042281,2716,2,1
2042281,3599,3,1
2042281,24184,4,1
2042281,35004,5,1
2042281,31640,6,0
2042281,42710,7,1
2042281,48726,8,1
2042281,28928,9,0
2045637,37029,1,0
2045637,35223,2,0
2047288,35921,1,1
2047288,32734,2,1
2047288,7835,3,1
2047288,27966,4,1
2047288,29785,5,1
2047288,28928,6,1
2047288,13176,7,1
2047288,47900,8,1
2048361,35151,1,0
2048361,1940,2,1
2048361,6182,3,0
2048361,21372,4,0
2048361,1702,5,0
2048361,33493,6,0
2048361,19173,7,0
2048361,5535,8,0
2048361,28473,9,0
2048361,12782,10,0
2048361,18987,11,0
2048361,39408,12,0
2048361,36214,13,0
2048361,26939,14,0
2048361,31467,15,0
2048361,25919,16,0
2048361,44533,17,0
2048361,15100,18,0
2048361,41950,19,0
2048361,47020,20,0
2048361,20254,21,0
2053826,20659,1,1
2053826,20479,2,1
2053826,40214,3,1
2053826,31981,4,1
2059606,8571,1,0
2059606,43352,2,1
2059606,31805,3,0
2059606,8803,4,1
2062573,21903,1,0
2062573,33401,2,0
2062573,21137,3,0
2062573,39993,4,0
2062573,36316,5,0
2062573,11777,6,0
2062573,49683,7,0
2062573,7206,8,0
2068831,36462,1,0
2068831,26837,2,0
2068831,7076,3,0
2068831,42445,4,0
2068831,40486,5,0
2068831,40516,6,0
2068831,9421,7,1
2068831,30776,8,0
2068831,35121,9,1
2068831,31553,10,0
2068831,18234,11,0
2068831,10342,12,1
2068831,14715,13,0
2068831,6760,14,0
2080221,939,1,1
2080221,19034,2,0
2080221,18200,3,1
2080221,27548,4,1
2080221,4781,5,1
2080221,28204,6,1
2080221,46906,7,1
2080221,188,8,1
2080221,30489,9,1
2080221,17429,10,1
2080221,25020,11,1
2080221,16625,12,0
2080221,25072,13,1
2080221,45537,14,0
2082310,16083,1,1
2082310,13176,2,1
2082310,5578,3,1
2082310,47209,4,1
2082310,22935,5,1
2082310,27104,6,1
2082310,31717,7,1
2082310,17862,8,1
2082310,21616,9,1
2082310,7401,10,1
2082310,22504,11,1
2082310,13212,12,1
2082310,38383,13,0
2082310,4562,14,0
2082310,38400,15,0
2082310,44580,16,0
2082310,27966,17,0
2084540,38164,1,1
2084540,38889,2,1
2084540,20243,3,0
2089983,43693,1,1
2092043,20940,1,1
2092043,130,2,1
2092043,19265,3,1
2092043,2457,4,1
2092043,15541,5,0
2092043,38928,6,1
2092043,6184,7,1
2092043,14161,8,0
2092043,29015,9,0
2092043,6901,10,0
2092043,26348,11,0
2099476,12761,1,0
2099476,22124,2,0
2099476,13351,3,1
2099476,19156,4,1
2099476,6177,5,0
2099476,7041,6,0
2099476,9159,7,0
2099476,31717,8,1
2099476,34126,9,0
2099476,25453,10,0
2099476,24830,11,0
2099476,9361,12,0
2099476,10863,13,0
2099476,44632,14,0
2100338,2748,1,1
2100338,35951,2,1
2100338,10831,3,1
2100338,28849,4,1
2100338,47209,5,1
2103760,24830,1,0
2103760,9124,2,0
2103760,42768,3,0
2103760,37935,4,1
2103760,24561,5,1
2105913,15412,1,1
2105913,17316,2,1
2105913,24852,3,1
2105913,41844,4,1
2105913,47626,5,0
2105913,4605,6,1
2105913,28842,7,0
2105913,29487,8,0
2105913,41362,9,0
2118033,5652,1,1
2118033,27845,2,1
2118033,42445,3,1
2118033,24852,4,1
2118033,22935,5,1
2124176,17747,1,1
2124176,27845,2,1
2124176,46584,3,1
2124176,24852,4,1
2124176,24024,5,1
2124176,29594,6,1
2124338,45064,1,1
2124338,29094,2,0
2124338,31608,3,0
2124338,16797,4,1
2124338,32249,5,1
2124338,35823,6,1
2124338,17515,7,0
2124338,35348,8,0
2124338,1448,9,0
2124338,8638,10,0
2124338,35518,11,1
2124338,24713,12,0
2124338,49328,13,0
2124526,45633,1,1
2124526,21137,2,1
2124526,36011,3,1
2124526,39275,4,1
2124526,23952,5,0
2124526,24253,6,0
2124526,32734,7,0
2124526,3464,8,1
2124526,44142,9,0
2124526,24852,10,1
2124526,5438,11,1
2124526,14332,12,0
2135823,44479,1,0
2135823,15392,2,1
2135823,21037,3,0
2135823,16823,4,0
2135823,24964,5,1
2135823,42701,6,0
2135823,34126,7,1
2135823,30489,8,1
2135823,27705,9,0
2135823,46603,10,0
2135823,47626,11,1
2135823,33352,12,1
2135823,29987,13,1
2135823,2314,14,0
2135823,24852,15,1
2135823,8424,16,1
2135823,8490,17,1
2135823,47766,18,1
2135823,37646,19,1
2135823,28682,20,1
2135823,43221,21,1
2135823,27845,22,1
2135823,14573,23,0
2135823,13431,24,0
2135823,41544,25,1
2135823,6664,26,0
2135823,9171,27,0
2135823,18441,28,1
2135823,29675,29,0
2135823,26369,30,1
2135823,17795,31,1
2135823,13629,32,1
2135823,8518,33,1
2135823,44910,34,1
2135823,13535,35,0
2135823,20703,36,0
2135823,18656,37,1
2135823,27156,38,0
2135823,13829,39,0
2135823,5456,40,0
2135823,9955,41,0
2135823,9499,42,0
2135823,19006,43,0
2135823,13765,44,1
2135823,35633,45,1
2135823,38656,46,1
2135823,25542,47,0
2135823,39693,48,0
2135823,8277,49,0
2135823,14161,50,1
2135823,21872,51,1
2135823,15649,52,0
2135823,28380,53,0
2137210,7076,1,1
2137210,16408,2,1
2137210,28199,3,0
2137210,41757,4,1
2137210,25931,5,1
2137210,24964,6,1
2137210,30776,7,1
2137210,44683,8,1
2137210,41319,9,1
2137210,10749,10,1
2137210,34243,11,0
2137210,48745,12,1
2137210,31553,13,1
2137210,49095,14,1
2137210,23029,15,1
2137210,32177,16,1
2137210,16185,17,0
2137210,3957,18,1
2143582,7835,1,0
2143582,31041,2,0
2143582,22963,3,1
2143582,23029,4,1
2143582,46667,5,1
2143582,9373,6,1
2143582,13176,7,1
2143582,33731,8,1
2143582,21137,9,1
2153651,33788,1,1
2153651,8277,2,1
2153651,46906,3,1
2153651,22035,4,1
2153651,25095,5,1
2153651,9058,6,1
2153651,35168,7,1
2153651,33294,8,0
2153651,29987,9,1
2153651,39275,10,1
2153651,41819,11,1
2153651,25256,12,0
2153651,41787,13,0
2153651,15649,14,0
2153651,15290,15,1
2153651,6795,16,0
2153651,46526,17,0
2153651,21009,18,0
2153651,11130,19,0
2153651,38896,20,0
2153651,12456,21,1
2153651,27695,22,1
2153651,28123,23,1
2153651,24830,24,1
2153651,2295,25,0
2153651,37646,26,1
2153651,39180,27,1
2153651,15995,28,1
2157191,33636,1,0
2157191,46616,2,0
2157191,47209,3,0
2157191,5240,4,0
2157191,10504,5,0
2157191,35321,6,0
2157191,26634,7,0
2160271,14347,1,1
2160271,47591,2,1
2160271,19794,3,1
2160271,42697,4,0
2160271,15335,5,0
2160271,34786,6,1
2160271,44292,7,0
2160271,4983,8,0
2160271,44146,9,1
2160271,2966,10,0
2160271,10749,11,1
2160271,19678,12,1
2160271,48364,13,1
2160271,39928,14,0
2160271,11182,15,1
2160271,21137,16,0
2162249,16665,1,1
2162249,32078,2,1
2162249,4871,3,1
2162249,25533,4,0
2162249,46913,5,0
2162249,35951,6,0
2162249,21137,7,1
2165147,19678,1,1
2165147,41658,2,1
2165147,17830,3,1
2165147,37646,4,1
2165147,26298,5,1
2165147,7948,6,1
2165147,47893,7,1
2165147,43692,8,1
2165147,43961,9,1
2165147,20512,10,1
2165147,34335,11,0
2165147,9444,12,0
2165147,19019,13,0
2165532,18531,1,0
2165532,9358,2,0
2165532,15541,3,0
2165532,31066,4,0
2171341,21903,1,1
2171341,48186,2,0
2171341,26131,3,0
2171341,6933,4,0
2171341,47912,5,0
2171341,42828,6,1
2171341,38689,7,1
2171341,46969,8,1
2171341,13176,9,1
2171341,38456,10,1
2171341,39877,11,0
2171341,29987,12,1
2171341,28204,13,1
2171341,46346,14,1
2171341,48679,15,0
2171341,40604,16,1
2171341,45007,17,1
2171341,34243,18,1
2171341,38827,19,0
2171341,38273,20,0
2171341,24382,21,0
2171341,2426,22,1
2171341,25087,23,0
2171341,12341,24,0
2171341,49683,25,0
2171341,28535,26,0
2171341,40706,27,1
2171341,6000,28,0
2171341,9786,29,0
2171341,8518,30,1
2171341,30489,31,1
2181592,26743,1,1
2181592,20591,2,1
2181592,24279,3,0
2181592,9714,4,0
2181592,26070,5,0
2181592,2078,6,1
2181592,47129,7,0
2184940,31433,1,0
2184940,31066,2,0
2184940,9177,3,0
2184940,44204,4,0
2184940,10761,5,1
2184940,17789,6,1
2184940,34050,7,0
2184940,42265,8,1
2184940,25890,9,1
2184940,18465,10,1
2184940,16185,11,0
2184940,18171,12,1
2184940,49236,13,1
2184940,40396,14,1
2184940,33120,15,1
2184940,12597,16,1
2185219,6758,1,1
2185219,31651,2,1
2185219,19660,3,1
2185219,30591,4,1
2185219,40214,5,1
2191449,39180,1,1
2191449,8277,2,1
2191449,45535,3,1
2191449,27548,4,1
2191449,38400,5,1
2191449,38273,6,1
2191449,14211,7,1
2191449,13198,8,1
2191449,34448,9,1
2191449,42110,10,1
2191449,7806,11,1
2191449,44375,12,1
2191449,15290,13,1
2191449,15937,14,1
2191449,10467,15,1
2191449,12980,16,1
2191449,39013,17,1
2191449,2002,18,1
2191449,2450,19,1
2191449,14992,20,1
2191449,12745,21,1
2191449,9934,22,0
2191449,18465,23,0
2191449,36865,24,0
2192678,3376,1,1
2192678,27156,2,0
2192678,8193,3,1
2192678,21903,4,1
2192678,15290,5,0
2192678,2295,6,0
2192678,20887,7,0
2192678,30391,8,0
2192678,43772,9,1
2192678,27881,10,0
2192678,39024,11,0
2192678,12845,12,0
2192678,44142,13,0
2192678,17622,14,1
2192678,23025,15,1
2192678,14084,16,1
2192678,25387,17,0
2192678,16241,18,0
2192678,8903,19,1
2192678,34717,20,0
2192678,26282,21,0
2193253,5479,1,1
2193253,26410,2,1
2193253,20583,3,1
2193253,11182,4,1
2193253,1025,5,1
2202876,23233,1,1
2202876,12644,2,1
2202876,8239,3,0
2202876,8021,4,1
2203338,31461,1,1
2203338,3717,2,1
2203338,42450,3,1
2203338,15866,4,0
2203338,43119,5,0
2203338,12544,6,1
2203338,11075,7,0
2203338,40332,8,0
2203338,5750,9,1
2203338,11353,10,1
2203338,21938,11,1
2203338,44570,12,1
2203338,7969,13,1
2203338,34969,14,1
2203338,34496,15,1
2210853,35865,1,1
2210853,15290,2,1
2210853,4942,3,1
2210853,35628,4,1
2210853,49383,5,1
2210853,41665,6,1
2210853,47626,7,1
2210853,43612,8,1
2210853,25890,9,1
2210853,40706,10,1
2210853,33956,11,0
2211284,28993,1,1
2211284,32465,2,1
2211284,11030,3,1
2211284,41593,4,1
2211284,21903,5,1
2211284,21616,6,1
2211284,35530,7,1
2211284,47766,8,1
2211284,2846,9,1
2211284,12980,10,1
2211284,33245,11,1
2211284,38596,12,0
2211284,2360,13,0
2211284,1293,14,0
2211284,23909,15,0
2211284,34295,16,1
2211284,22620,17,1
2218142,43452,1,0
2218142,17370,2,0
2218142,44164,3,0
2218142,40332,4,0
2218142,28476,5,0
2218142,27845,6,0
2218142,33000,7,0
2218142,14645,8,0
2218142,35458,9,0
2218142,16797,10,0
2218142,33055,11,0
2218142,34640,12,0
2218142,38456,13,0
2218142,14554,14,0
2233482,13712,1,1
2233482,48171,2,0
2233482,33120,3,0
2233482,37933,4,1
2233482,23288,5,1
2233482,44596,6,0
2233482,2314,7,0
2233482,44521,8,1
2233482,21872,9,0
2233482,12206,10,0
2233482,29246,11,0
2233482,9614,12,0
2233482,4605,13,0
2233482,37524,14,1
2233482,40706,15,0
2233482,26633,16,0
2233482,4659,17,0
2233482,3855,18,0
2233482,21227,19,0
2233482,32717,20,0
2233973,13176,1,1
2233973,35951,2,1
2233973,5922,3,0
2233973,29694,4,0
2233973,44422,5,1
2233973,21903,6,1
2233973,1997,7,0
2233973,22935,8,1
2233973,44830,9,1
2234576,29898,1,0
2234576,4605,2,0
2234576,21938,3,0
2234576,24964,4,0
2234576,44359,5,0
2234576,18696,6,0
2234576,31717,7,0
2234576,14462,8,0
2234576,26172,9,0
2234576,17708,10,0
2234576,33754,11,0
2234576,32263,12,0
2234576,13808,13,0
2234576,45446,14,0
2234576,36011,15,0
2234576,13176,16,0
2234576,33037,17,0
2234576,13517,18,0
2236809,4942,1,1
2236809,48186,2,1
2236809,48857,3,1
2260963,47966,1,1
2260963,28156,2,1
2260963,5621,3,1
2260963,37011,4,1
2260963,24830,5,1
2260963,38420,6,0
2260963,18879,7,0
2266714,13176,1,0
2266714,10360,2,0
2272193,26723,1,0
2272193,18441,2,0
2272193,34243,3,1
2272193,21137,4,1
2272193,5450,5,1
2272193,27966,6,1
2272193,30720,7,1
2272193,49383,8,1
2272193,31257,9,1
2272193,44359,10,1
2272193,21174,11,0
2272193,21903,12,1
2272193,24852,13,1
2273345,13284,1,0
2273345,14886,2,0
2273345,44042,3,1
2273345,4920,4,0
2273345,30352,5,1
2273345,28577,6,0
2275660,14852,1,1
2275660,14462,2,1
2275660,21137,3,1
2275660,20460,4,0
2275660,10798,5,1
2275892,2458,1,0
2275892,25017,2,1
2277405,24221,1,0
2277405,46906,2,0
2277405,38988,3,1
2277405,16185,4,1
2277405,28553,5,1
2277405,48747,6,1
2277405,44786,7,1
2277405,5612,8,1
2283237,14129,1,0
2283237,14355,2,0
2283237,39275,3,1
2283237,48477,4,1
2283237,40136,5,1
2283237,22594,6,0
2283237,13176,7,1
2283237,42511,8,1
2283237,35742,9,0
2283237,1379,10,0
2283237,46138,11,0
2283237,11137,12,0
2285921,23909,1,1
2285921,4210,2,1
2285921,34234,3,1
2285921,48762,4,1
2285921,29615,5,0
2285921,4347,6,0
2285921,48429,7,1
2285921,40310,8,1
2285921,4595,9,1
2285921,31355,10,0
2285921,17318,11,1
2285921,34077,12,0
2285921,44031,13,0
2285921,29315,14,1
2285921,14379,15,1
2285921,48812,16,0
2285921,1,17,1
2285921,40199,18,1
2285921,13866,19,1
2285921,42403,20,1
2285921,10613,21,1
2285921,41950,22,1
2285921,38996,23,1
2285921,39877,24,1
2285921,28204,25,1
2285921,24852,26,0
2285921,11379,27,0
2285921,10108,28,0
2285921,5450,29,1
2285921,27020,30,0
2285921,148,31,0
2285921,15976,32,1
2285921,39332,33,0
2285921,48205,34,0
2285921,38768,35,1
2285921,40897,36,0
2285921,48894,37,0
2285921,39646,38,0
2285921,31573,39,0
2285921,12087,40,1
2285921,7571,41,0
2285921,25476,42,0
2285921,5259,43,0
2285921,22656,44,0
2285921,30532,45,0
2285921,24400,46,0
2285921,16245,47,0
2285921,1498,48,0
2285921,18779,49,0
2285921,32538,50,1
2285921,16797,51,0
2285921,9076,52,0
2285921,43352,53,0
2285921,21288,54,0
2285921,9360,55,1
2285921,34492,56,1
2285921,8958,57,0
2285921,3676,58,0
2285921,10673,59,1
2285921,43199,60,1
2285921,47962,61,1
2285921,15258,62,1
2285921,4731,63,1
2285921,39461,64,1
2285921,11869,65,0
2285921,13032,66,0
2285921,25043,67,0
2285921,25562,68,0
2285921,8993,69,0
2285921,12397,70,0
2285921,45862,71,0
2285921,37250,72,0
2285921,31087,73,0
2285921,42633,74,0
2285921,13951,75,0
2285921,1181,76,0
2285921,37766,77,0
2285921,39928,78,0
2285921,15100,79,0
2285921,1200,80,0
2285921,13966,81,0
2287290,18362,1,1
2287290,10851,2,1
2287290,27086,3,1
2289372,47209,1,0
2291247,40545,1,1
2291247,28156,2,1
2291247,24852,3,1
2291247,27521,4,1
2291247,27104,5,1
2291247,30133,6,1
2291247,36389,7,1
2295576,21137,1,1
2295576,8193,2,0
2295576,10644,3,1
2295576,47626,4,1
2295576,46667,5,1
2295576,8277,6,1
2295576,18465,7,0
2298878,12341,1,1
2298878,15200,2,0
2298878,35886,3,0
2305934,1408,1,1
2305934,23801,2,0
2305934,25203,3,1
2305934,3619,4,0
2305934,30391,5,0
2305934,22890,6,0
2305934,40706,7,1
2305934,32864,8,0
2305934,37033,9,0
2305934,9743,10,0
2305934,40004,11,0
2305934,38544,12,1
2305934,36956,13,0
2309543,46979,1,0
2309543,38777,2,0
2309543,28842,3,0
2309543,36144,4,0
2309543,43192,5,0
2309543,26522,6,0
2309543,47766,7,0
2309543,21927,8,0
2309543,3382,9,0
2309543,18370,10,0
2309543,41950,11,0
2333025,28435,1,0
2333025,35939,2,1
2333025,21903,3,0
2333025,24964,4,0
2333025,27683,5,0
2333025,29118,6,1
2333025,11576,7,1
2333025,40632,8,1
2333025,42307,9,1
2333025,4145,10,1
2336672,1706,1,0
2336672,14197,2,0
2336672,15664,3,0
2336672,22795,4,0
2336672,42585,5,0
2336672,29044,6,0
2336672,47209,7,0
2336672,24184,8,1
2336672,21938,9,0
2336672,40136,10,0
2336672,36591,11,0
2336672,46676,12,0
2336672,35042,13,0
2336672,4920,14,0
2336672,30233,15,1
2336672,47672,16,0
2336672,22882,17,1
2336672,41023,18,0
2336672,17419,19,0
2336672,45066,20,1
2344322,16560,1,1
2344322,22539,2,1
2344322,22963,3,1
2344322,46906,4,1
2344322,43122,5,1
2344322,18883,6,1
2344322,46802,7,1
2344322,21376,8,1
2344322,20906,9,1
2344322,43504,10,1
2344322,39121,11,1
2344322,42768,12,1
2344322,36695,13,1
2344322,38067,14,1
2344322,42342,15,1
2344322,37462,16,1
2344322,48795,17,1
2344322,20536,18,1
2344334,24518,1,1
2344334,22474,2,1
2344334,31343,3,0
2344334,7213,4,0
2344334,40706,5,0
2344334,16289,6,0
2344334,21614,7,1
2344334,14652,8,0
2344334,8021,9,0
2344334,8710,10,1
2344334,13176,11,1
2344334,5479,12,1
2344334,19057,13,1
2344334,48246,14,1
2344334,40910,15,1
2344334,16290,16,0
2344334,13870,17,1
2344334,5077,18,1
2344334,21009,19,1
2344334,37552,20,1
2344334,34578,21,0
2344334,21513,22,1
2344334,17454,23,1
2344334,6873,24,0
2344334,34371,25,0
2344334,33750,26,1
2344334,28038,27,1
2345175,44579,1,0
2345175,9589,2,1
2347009,48808,1,1
2347009,34050,2,1
2347009,47087,3,1
2347009,12537,4,0
2347009,29373,5,1
2347009,36118,6,1
2347009,1360,7,1
2349521,27853,1,0
2349521,26083,2,0
2349521,29334,3,0
2349521,19348,4,0
2349521,22387,5,0
2349521,44799,6,0
2349521,24361,7,0
2349521,36849,8,0
2349521,29487,9,0
2349521,581,10,0
2349521,45204,11,0
2349521,16385,12,0
2349521,12113,13,0
2349521,213,14,0
2349521,26254,15,0
2349521,47626,16,0
2349521,46213,17,0
2349521,44523,18,0
2349521,23537,19,0
2349521,8670,20,0
2349521,5450,21,0
2349521,43879,22,0
2349521,44082,23,0
2349521,19953,24,0
2349521,13573,25,0
2352514,42342,1,0
2352514,31528,2,1
2352514,47792,3,1
2352514,30795,4,1
2352514,11941,5,1
2352514,47209,6,1
2352514,32689,7,1
2352514,9839,8,1
2352514,29447,9,1
2352514,11576,10,1
2352514,20899,11,1
2352514,48679,12,1
2352514,47403,13,1
2352514,11352,14,1
2352514,35886,15,1
2352914,13646,1,0
2352914,7485,2,0
2352914,17429,3,0
2352914,31404,4,0
2352914,49628,5,0
2352914,22151,6,0
2352914,9736,7,0
2352914,12807,8,0
2352914,17224,9,0
2356319,47766,1,0
2356319,41950,2,1
2356319,9472,3,0
2358031,27325,1,0
2358031,2078,2,0
2358031,12545,3,0
2358031,26403,4,0
2358031,47862,5,1
2364605,43676,1,0
2364605,8707,2,0
2364605,10957,3,0
2364605,26165,4,0
2364605,24763,5,0
2364605,34886,6,1
2364605,24053,7,1
2364605,24544,8,0
2368123,1940,1,1
2368123,49235,2,1
2368123,44632,3,1
2368123,24561,4,1
2368123,37158,5,1
2368123,42460,6,1
2368123,37029,7,1
2368123,44479,8,1
2368123,33950,9,1
2368123,46313,10,0
2368123,24841,11,0
2368123,49156,12,1
2368123,117,13,1
2368123,24850,14,1
2372276,4920,1,1
2372276,13176,2,1
2372276,41787,3,1
2372276,1940,4,1
2372276,28204,5,1
2372276,22959,6,1
2373742,21137,1,0
2374593,44987,1,1
2374593,40174,2,1
2374593,31662,3,0
2374593,3280,4,1
2375887,23517,1,0
2375887,38400,2,1
2375887,13733,3,1
2375887,28432,4,1
2375887,42736,5,1
2375887,36180,6,1
2375887,29675,7,1
2375887,9210,8,1
2375887,34126,9,1
2375887,2295,10,1
2375887,21938,11,1
2375887,26209,12,1
2375887,15649,13,1
2375887,35547,14,1
2375887,19048,15,1
2375887,49683,16,1
2375887,6873,17,1
2375887,4605,18,1
2375887,15937,19,1
2375887,24964,20,1
2375887,49686,21,1
2375887,1511,22,1
2375887,41757,23,1
2378224,47873,1,1
2378224,8138,2,1
2378224,25472,3,1
2378224,19250,4,1
2378224,21872,5,1
2378224,18564,6,1
2378224,21137,7,1
2378224,47168,8,1
2384971,626,1,1
2384971,30855,2,1
2384971,15457,3,0
2384971,18570,4,0
2384971,2611,5,1
2384971,49215,6,1
2384998,27086,1,1
2384998,19348,2,1
2384998,27730,3,1
2384998,43858,4,1
2384998,41290,5,1
2384998,4210,6,1
2395660,9432,1,1
2395660,44502,2,1
2395660,48697,3,1
2395660,20828,4,1
2395660,17617,5,1
2395660,49198,6,1
2395660,16797,7,1
2395660,21936,8,1
2395660,7538,9,0
2395660,36533,10,1
2395660,31865,11,0
2395660,48205,12,1
2395660,8242,13,0
2395660,26456,14,1
2395660,31102,15,0
2407073,2272,1,1
2407073,3481,2,1
2407073,32734,3,0
2407073,48364,4,0
2411349,42193,1,1
2411349,4658,2,1
2429131,4924,1,0
2429131,39993,2,0
2429131,32942,3,1
2429131,46673,4,1
2429131,10957,5,1
2429131,9409,6,1
2429131,42615,7,1
2429131,38164,8,1
2429131,9076,9,1
2429131,36434,10,1
2429131,35921,11,1
2429131,4920,12,1
2429131,22017,13,1
2429131,32211,14,1
2429131,17623,15,0
2434133,31231,1,1
2434133,13375,2,1
2434133,41544,3,1
2434133,40674,4,1
2434133,28581,5,1
2434133,4663,6,1
2434133,12253,7,1
2434133,10403,8,0
2434133,39032,9,1
2434133,43183,10,1
2434133,25274,11,1
2437204,28985,1,1
2437204,15503,2,1
2437204,26209,3,1
2437204,11182,4,1
2437204,27845,5,1
2437204,44359,6,1
2437204,31717,7,1
2437204,34969,8,1
2437204,10749,9,1
2437582,46225,1,0
2437582,7774,2,0
2437582,36074,3,0
2437582,16709,4,0
2437582,519,5,1
2437582,184,6,1
2440373,14045,1,0
2440373,6552,2,0
2440373,4493,3,0
2446703,44987,1,1
2446703,13517,2,1
2446703,27695,3,1
2446703,32201,4,1
2446703,17400,5,1
2446703,44781,6,1
2446703,13629,7,1
2446703,605,8,1
2446703,13176,9,1
2446703,311,10,1
2446703,37158,11,1
2446703,34049,12,1
2446703,32030,13,1
2446703,8518,14,1
2446703,40706,15,1
2446703,49524,16,0
2446703,41694,17,1
2449949,12606,1,0
2449949,11980,2,1
2449949,42719,3,0
2449949,13565,4,0
2449949,41319,5,0
2451381,32299,1,0
2451381,20682,2,1
2451381,24852,3,1
2451381,28204,4,1
2451381,30340,5,1
2451381,25146,6,1
2451381,19348,7,1
2451381,8214,8,1
2451381,5112,9,1
2451381,41787,10,1
2451381,20244,11,1
2451381,46107,12,1
2451381,30849,13,1
2451381,37940,14,1
2451381,2707,15,0
2451381,8022,16,1
2457006,47626,1,1
2457006,47766,2,1
2457006,30391,3,1
2457006,21903,4,1
2457006,13176,5,1
2457006,26209,6,1
2457006,33216,7,1
2457006,42768,8,1
2457006,4302,9,1
2457006,29127,10,1
2457006,34584,11,1
2457006,12581,12,1
2457006,8138,13,1
2457006,40031,14,1
2457006,10960,15,1
2457006,8174,16,0
2457006,16797,17,0
2457006,7500,18,1
2457006,26768,19,0
2457006,46709,20,0
2457006,4086,21,0
2457006,41065,22,1
2457006,24507,23,0
2457006,48745,24,0
2457006,31717,25,0
2457006,29675,26,0
2457006,45073,27,1
2457006,22627,28,0
2457006,30291,29,0
2457006,30928,30,0
2457006,19678,31,1
2457006,37642,32,0
2457006,41527,33,0
2457006,34050,34,0
2457006,6860,35,0
2457006,8277,36,0
2457006,9421,37,0
2457006,49416,38,0
2457006,31727,39,0
2457006,35425,40,0
2459246,11827,1,1
2459246,27985,2,1
2459246,27196,3,1
2459246,46676,4,1
2459246,5586,5,0
2459246,27696,6,0
2465930,30827,1,1
2465930,22507,2,1
2465930,20940,3,1
2465930,43352,4,1
2465930,6184,5,1
2465930,47788,6,1
2465930,8803,7,1
2465930,3265,8,1
2465930,13097,9,1
2465930,21288,10,1
2465930,5258,11,0
2465930,13176,12,1
2465930,10326,13,0
2465930,21137,14,0
2468967,21137,1,1
2468967,13176,2,1
2468967,43352,3,0
2468967,15772,4,1
2470882,6878,1,0
2470882,37923,2,0
2472237,37317,1,0
2472237,35053,2,1
2472237,7563,3,1
2472237,10473,4,1
2472237,26900,5,1
2472237,22028,6,1
2472237,13176,7,0
2484246,13819,1,1
2484246,49585,2,0
2484246,35819,3,0
2484246,27451,4,0
2484246,11688,5,1
2484246,9687,6,1
2484246,47766,7,1
2484246,2661,8,1
2484246,13256,9,0
2484246,23579,10,0
2484246,432,11,0
2484246,31523,12,0
2484246,21663,13,1
2484246,6390,14,1
2484246,14461,15,1
2484246,23265,16,0
2484246,28851,17,0
2484246,14309,18,0
2489206,13176,1,0
2489206,38739,2,0
2489206,47492,3,0
2489206,260,4,1
2489206,13212,5,0
2489206,35769,6,0
2489206,47626,7,0
2489206,37646,8,0
2489206,36082,9,0
2489206,21903,10,0
2489206,39676,11,0
2489206,32163,12,1
2489206,10060,13,0
2491518,25706,1,1
2491518,39953,2,0
2491518,35310,3,0
2491518,16797,4,0
2491518,3868,5,0
2491518,35244,6,0
2491518,23506,7,0
2491518,32650,8,0
2491518,23102,9,0
2491518,1511,10,0
2492015,19677,1,0
2492015,16525,2,0
2492015,47626,3,0
2492015,33198,4,1
2492015,7381,5,1
2492015,47209,6,1
2492015,28156,7,1
2492015,19678,8,1
2492015,21872,9,0
2495112,25890,1,1
2495112,26209,2,1
2495112,4163,3,1
2495112,49383,4,0
2495112,16759,5,0
2495112,28204,6,0
2495112,47626,7,1
2495112,47766,8,1
2495112,37458,9,0
2495112,41950,10,1
2495112,8518,11,0
2495112,1999,12,1
2495112,13176,13,0
2495112,31717,14,0
2495112,23198,15,0
2495112,44580,16,1
2495112,25666,17,0
2499636,21781,1,0
2499636,30287,2,0
2499636,22156,3,0
2499636,43202,4,0
2499636,45664,5,0
2499636,33897,6,0
2499636,41276,7,0
2499636,47626,8,0
2499636,5818,9,0
2499636,26764,10,0
2499636,25890,11,0
2499636,3616,12,0
2499636,16696,13,0
2499636,46222,14,0
2501168,42450,1,1
2501168,41716,2,1
2501168,22035,3,1
2501168,25171,4,1
2501168,32175,5,1
2501168,21108,6,1
2501168,47993,7,1
2501168,18362,8,0
2501168,18696,9,0
2501168,14462,10,0
2501168,20520,11,0
2501168,22276,12,0
2501168,13500,13,0
2501168,47193,14,0
2501168,23405,15,0
2501671,2295,1,0
2501671,27845,2,1
2501671,26209,3,1
2501671,25890,4,0
2501671,5025,5,1
2501671,34126,6,1
2501671,20691,7,0
2501671,21903,8,1
2501671,38383,9,0
2501671,38734,10,1
2501671,5646,11,0
2503795,29474,1,1
2503795,13113,2,0
2503795,48595,3,0
2513785,47672,1,1
2513785,19677,2,1
2513785,27344,3,1
2513785,35633,4,0
2513785,23291,5,0
2513785,11619,6,0
2513785,21174,7,1
2513785,37119,8,0
2513785,9058,9,1
2513785,11497,10,0
2513785,37065,11,1
2513785,11520,12,0
2513785,5450,13,1
2513785,42508,14,0
2513785,46383,15,0
2513785,9554,16,0
2513785,24415,17,0
2513785,9034,18,0
2513785,44328,19,0
2514707,27325,1,0
2514707,41950,2,0
2514707,11182,3,0
2514707,9387,4,0
2514707,43715,5,0
2517449,26312,1,0
2517449,43631,2,1
2517449,7533,3,1
2517449,4920,4,1
2517449,38448,5,1
2517449,38012,6,1
2517449,42372,7,1
2517449,42460,8,0
2517449,27801,9,0
2517449,6193,10,0
2517449,26751,11,0
2520758,24852,1,1
2520758,14992,2,1
2520758,10193,3,1
2520758,36511,4,0
2520758,10108,5,0
2520758,9076,6,1
2520758,9996,7,0
2520758,28842,8,1
2520758,1181,9,1
2524529,35951,1,1
2524529,45603,2,1
2526634,21405,1,1
2526634,41950,2,1
2526634,48806,3,1
2526634,30391,4,1
2526634,10749,5,1
2526634,48423,6,1
2526634,19057,7,1
2526634,16349,8,0
2526634,7600,9,1
2526634,38185,10,1
2526634,16882,11,1
2529209,28842,1,1
2529209,5876,2,1
2529209,14917,3,1
2529209,37687,4,1
2529209,47766,5,1
2529209,11925,6,1
2529209,19057,7,1
2529209,28289,8,1
2529209,49683,9,1
2531966,16759,1,0
2531966,48679,2,0
2531966,1408,3,0
2531966,31993,4,0
2546078,28985,1,1
2546078,21903,2,1
2546078,40545,3,1
2552410,25890,1,1
2552410,40706,2,0
2552410,780,3,1
2553883,8736,1,1
2553883,20947,2,1
2553883,6287,3,1
2553883,17333,4,1
2553883,30252,5,1
2553883,23219,6,1
2553883,46569,7,1
2553883,18661,8,1
2553883,47766,9,0
2553883,32864,10,1
2553883,19204,11,1
2553883,26021,12,1
2553883,41437,13,1
2553883,9104,14,1
2553883,20995,15,1
2553883,13646,16,1
2553883,34284,17,1
2553883,47734,18,0
2553883,22498,19,1
2553883,34210,20,0
2553883,21117,21,0
2553883,19421,22,0
2553883,12000,23,1
2553883,1468,24,0
2555730,36149,1,0
2555730,11819,2,0
2555730,45156,3,0
2555730,42719,4,0
2555730,11538,5,0
2555730,19902,6,0
2555730,33741,7,0
2555730,12974,8,0
2555730,18441,9,0
2558303,21137,1,1
2558303,45066,2,1
2558303,37220,3,1
2558303,39108,4,1
2558303,30450,5,1
2558303,14183,6,1
2572640,8571,1,1
2572640,17313,2,1
2575450,44643,1,0
2575450,1511,2,1
2575450,45535,3,1
2575450,35195,4,1
2575450,39216,5,1
2575450,40852,6,1
2575450,15872,7,1
2575450,26209,8,1
2575450,22247,9,0
2575450,22935,10,0
2575450,12797,11,0
2575450,23400,12,0
2575450,24964,13,1
2575450,29987,14,0
2575450,30489,15,0
2576120,35168,1,1
2576120,46654,2,0
2576120,27966,3,0
2576120,13176,4,1
2576120,32578,5,0
2576120,5479,6,1
2576120,8174,7,0
2576120,18352,8,1
2576120,39216,9,1
2576120,1364,10,0
2576120,35121,11,1
2577450,22802,1,1
2577450,196,2,1
2577450,19660,3,1
2583126,36771,1,1
2583126,2361,2,1
2583126,26949,3,1
2583126,24058,4,1
2583126,9382,5,1
2583126,17948,6,1
2583126,3094,7,1
2583126,43515,8,0
2583126,32177,9,0
2584196,6484,1,0
2584196,19488,2,0
2584196,8924,3,0
2584196,10409,4,0
2584196,45123,5,0
2584196,15399,6,0
2588570,24489,1,0
2588570,26604,2,0
2588570,49192,3,1
2588570,8988,4,0
2588570,34358,5,0
2588570,26242,6,0
2588570,13176,7,1
2588570,21903,8,0
2588570,35163,9,0
2588570,21616,10,0
2588570,22825,11,0
2588570,39928,12,0
2588570,13646,13,0
2588570,38077,14,0
2588570,12456,15,0
2588570,47209,16,0
2588570,21614,17,0
2588570,10369,18,0
2588570,16521,19,0
2588570,31506,20,0
2594094,4210,1,0
2594094,44799,2,1
2594094,10957,3,1
2594094,3967,4,0
2594094,35740,5,1
2594094,873,6,1
2594094,29302,7,1
2594094,7970,8,1
2594094,4971,9,0
2594094,33050,10,0
2594094,46844,11,0
2594094,47058,12,1
2594094,23915,13,0
2594094,41372,14,0
2597842,44632,1,1
2597842,47541,2,0
2597842,3957,3,1
2597842,10108,4,0
2597842,4945,5,1
2597842,46802,6,0
2597842,25890,7,1
2597842,18689,8,0
2597842,45393,9,0
2597842,25059,10,0
2597842,49026,11,0
2597842,31635,12,0
2597842,24852,13,1
2597842,43889,14,0
2597842,28576,15,0
2597842,43255,16,0
2597965,5785,1,1
2597965,36036,2,1
2597965,40910,3,1
2597965,8277,4,1
2597965,27325,5,1
2597965,32857,6,1
2597965,19678,7,1
2597965,25630,8,0
2605390,19678,1,0
2605390,25005,2,0
2605390,890,3,0
2605390,34126,4,0
2605390,19048,5,0
2605390,34243,6,1
2605390,7041,7,1
2605390,31506,8,0
2605390,1585,9,0
2605390,8203,10,0
2605390,5621,11,0
2605390,22627,12,0
2605390,18531,13,0
2605390,13176,14,1
2605390,13874,15,0
2605390,8412,16,0
2605390,39812,17,0
2616576,18626,1,1
2616576,3999,2,0
2623697,31654,1,0
2623697,14999,2,0
2623697,47626,3,1
2623697,21137,4,0
2623697,9837,5,0
2624149,14233,1,1
2624149,12392,2,0
2624149,13176,3,1
2624149,43961,4,0
2624149,16589,5,0
2624149,13380,6,0
2624149,33846,7,0
2624437,1503,1,1
2624437,1940,2,1
2624437,21903,3,1
2624437,42719,4,1
2624437,29007,5,1
2624437,13176,6,1
2624437,30489,7,1
2624437,42244,8,1
2624437,34262,9,1
2624437,10017,10,1
2624437,14364,11,1
2624437,31562,12,0
2624437,40604,13,1
2624437,16797,14,1
2624437,38159,15,1
2624437,39408,16,0
2624437,30305,17,0
2624437,49683,18,1
2624437,27104,19,1
2624437,45007,20,0
2624437,8467,21,1
2624437,2092,22,1
2624437,33489,23,0
2624437,5334,24,0
2624437,9186,25,0
2629225,42244,1,1
2629225,7035,2,1
2629225,11520,3,1
2629225,18362,4,1
2629225,47766,5,1
2629225,28985,6,1
2629225,37067,7,1
2629225,45535,8,1
2629225,17304,9,0
2629225,21137,10,0
2629225,21295,11,0
2629225,9000,12,0
2629225,34497,13,1
2629225,46654,14,1
2629225,42342,15,1
2629225,27336,16,0
2629225,8518,17,0
2629225,31506,18,0
2629225,45007,19,0
2629225,14814,20,1
2629225,28769,21,1
2629225,33716,22,0
2629225,26629,23,0
2629225,11688,24,0
2629225,40377,25,0
2633080,13176,1,1
2633080,15984,2,1
2633080,36397,3,1
2633080,21137,4,0
2633080,3740,5,1
2633080,21938,6,1
2633080,26032,7,0
2633080,26134,8,1
2633080,12000,9,1
2633080,41665,10,0
2633080,5646,11,1
2633080,9554,12,0
2633080,42693,13,0
2633080,19036,14,0
2633080,35692,15,0
2633080,1476,16,0
2633080,21230,17,0
2633520,35898,1,0
2633520,22559,2,1
2633520,30338,3,1
2633520,41774,4,1
2633520,4947,5,1
2633520,7781,6,1
2633520,24097,7,1
2633520,9405,8,1
2633520,2974,9,1
2633520,13712,10,1
2633520,42026,11,1
2633520,3155,12,1
2633520,3318,13,1
2638152,7035,1,1
2638152,48523,2,0
2638152,6081,3,0
2638152,36758,4,0
2638152,48742,5,0
2638152,19057,6,0
2638152,1360,7,0
2639929,3952,1,1
2639929,42585,2,0
2639929,35670,3,1
2639929,5764,4,0
2639929,32828,5,0
2639929,38456,6,0
2639929,10305,7,0
2642186,44632,1,1
2642186,26620,2,1
2642186,16676,3,1
2642186,42450,4,1
2642186,432,5,1
2642186,19261,6,1
2642186,11520,7,1
2642186,10060,8,1
2642186,43713,9,1
2642186,29926,10,1
2642186,45633,11,0
2642186,3855,12,0
2642186,16965,13,1
2644747,24852,1,1
2644747,21903,2,1
2644747,5450,3,0
2644747,16797,4,0
2644747,9681,5,0
2644747,42828,6,1
2644747,25890,7,0
2644747,34466,8,0
2645563,8903,1,1
2645563,2846,2,1
2645563,21775,3,1
2645563,18465,4,1
2645563,19208,5,1
2645563,28785,6,0
2645563,17747,7,1
2645563,44643,8,1
2645563,21137,9,1
2645563,17604,10,0
2645563,40427,11,0
2645563,8193,12,1
2645563,16349,13,1
2645563,34126,14,1
2645563,30406,15,1
2645563,48364,16,1
2645563,12419,17,0
2645563,25087,18,0
2645563,17568,19,0
2645563,37749,20,0
2645563,21903,21,1
2645563,26266,22,0
2645563,29842,23,0
2645563,4642,24,1
2651138,25199,1,1
2651138,26047,2,0
2651138,47672,3,0
2651914,30776,1,1
2651914,47672,2,1
2651914,32655,3,1
2651914,49628,4,0
2651914,34608,5,1
2651914,24940,6,0
2651914,11005,7,0
2651914,23516,8,0
2651914,16349,9,0
2653943,39180,1,1
2653943,28387,2,0
2653943,33722,3,0
2653943,14881,4,0
2653943,28824,5,0
2653943,32691,6,0
2653943,25890,7,0
2653943,5933,8,0
2654838,13176,1,1
2657210,40396,1,1
2657210,5818,2,0
2657210,13733,3,0
2657210,21037,4,0
2657210,45249,5,0
2657210,44786,6,0
2657210,10709,7,0
2662486,34262,1,1
2662486,24954,2,1
2662486,11815,3,0
2662486,43985,4,1
2662486,47322,5,0
2662486,11432,6,1
2662781,45066,1,1
2662781,29941,2,1
2663160,48762,1,1
2663160,2449,2,0
2668939,13176,1,1
2668939,34134,2,1
2668939,32952,3,1
2668939,117,4,1
2668939,36724,5,1
2668939,27966,6,1
2668939,39877,7,1
2668939,4920,8,1
2668939,13198,9,1
2668939,10527,10,1
2668939,21709,11,1
2668939,39578,12,1
2668939,27690,13,1
2668939,10831,14,0
2668939,329,15,1
2668939,44479,16,0
2668939,19046,17,1
2668939,46377,18,0
2668939,4189,19,0
2668939,2243,20,0
2668939,36522,21,0
2668939,4605,22,0
2668939,43768,23,0
2668939,17600,24,0
2669058,13176,1,1
2669058,5785,2,1
2669058,44414,3,1
2669058,40676,4,1
2669058,13535,5,1
2669058,27470,6,1
2669058,49533,7,0
2672225,11520,1,1
2672225,40852,2,0
2672225,46584,3,1
2672225,17083,4,1
2672225,26131,5,1
2672225,8490,6,0
2672225,27104,7,1
2672225,6873,8,1
2672225,48775,9,1
2672345,37642,1,1
2672345,18811,2,1
2672345,12931,3,0
2673622,2353,1,0
2673622,21683,2,1
2682064,18564,1,1
2682064,23178,2,1
2682064,37410,3,0
2682064,48197,4,1
2682064,375,5,0
2688342,17758,1,1
2688342,26706,2,1
2688342,42356,3,1
2688342,24852,4,1
2688342,31040,5,1
2688342,42585,6,1
2688342,4920,7,1
2688342,47626,8,1
2688342,13870,9,1
2688342,40545,10,1
2688342,47652,11,1
2688342,35887,12,1
2688342,23032,13,0
2716197,5769,1,0
2720180,47209,1,1
2720180,45948,2,0
2720180,47626,3,0
2720180,24838,4,0
2720180,7175,5,0
2720180,34590,6,0
2720180,34137,7,0
2720180,24035,8,0
2720180,36205,9,0
2720180,48900,10,0
2720180,48679,11,1
2720180,3142,12,0
2720180,34243,13,0
2720180,27470,14,0
2729685,5612,1,1
2729685,13176,2,1
2729685,3584,3,1
2729685,9593,4,1
2729685,16436,5,1
2729685,24508,6,0
2729685,35956,7,0
2729685,31676,8,1
2729685,32005,9,1
2730803,19660,1,1
2730803,31422,2,1
2730803,26317,3,1
2730803,44853,4,1
2730803,48532,5,0
2743881,35921,1,1
2743881,13176,2,1
2743881,42342,3,0
2743881,19261,4,0
2743881,47626,5,1
2743881,35242,6,0
2743881,8012,7,0
2743881,2452,8,0
2743881,39947,9,1
2743881,22474,10,0
2743881,3345,11,0
2744842,38490,1,1
2744842,19057,2,1
2744842,21903,3,1
2744842,38503,4,1
2744842,11512,5,1
2744842,33401,6,1
2744842,7963,7,1
2744842,13176,8,1
2744842,33572,9,1
2744842,44479,10,1
2744842,2825,11,0
2744842,39275,12,1
2744842,19811,13,0
2744842,42265,14,0
2744842,44201,15,0
2744842,16965,16,0
2746567,24852,1,1
2746567,2846,2,1
2746567,2344,3,1
2746567,21137,4,1
2746567,12975,5,1
2746567,21405,6,1
2746567,32030,7,1
2746567,23005,8,1
2746567,15803,9,1
2746567,33129,10,1
2746567,11686,11,0
2746567,27086,12,1
2746567,5902,13,0
2746567,21183,14,0
2746567,25647,15,0
2746567,22312,16,0
2746567,24184,17,0
2746567,43768,18,0
2746567,29307,19,0
2748190,24489,1,1
2748190,27845,2,1
2748190,17948,3,1
2748190,117,4,1
2748190,36695,5,1
2748190,6948,6,1
2748190,40377,7,1
2748190,31066,8,1
2750149,21573,1,0
2750149,5258,2,1
2750149,8048,3,1
2750149,43352,4,1
2750149,8571,5,1
2750149,4724,6,1
2750149,21292,7,1
2750149,8803,8,1
2750149,39922,9,1
2750149,12341,10,1
2750149,21903,11,1
2750149,15831,12,1
2750149,3798,13,0
2753774,38383,1,1
2753774,17794,2,1
2753774,24964,3,1
2753774,9092,4,0
2753774,28985,5,0
2753774,42768,6,0
2753774,44424,7,0
2753774,28785,8,0
2753774,44628,9,0
2753774,10096,10,0
2753774,12206,11,1
2753774,40706,12,1
2753774,6615,13,0
2753774,34126,14,0
2753774,29898,15,0
2753774,5328,16,1
2753774,5973,17,0
2753774,41570,18,1
2753774,23516,19,1
2753774,2447,20,0
2757977,21137,1,0
2757977,5479,2,1
2757977,35628,3,1
2757977,14947,4,1
2757977,26369,5,1
2757977,4920,6,1
2757977,8277,7,1
2757977,43087,8,0
2757977,6046,9,0
2762843,42828,1,1
2762843,13176,2,1
2762843,11520,3,1
2762843,47209,4,1
2762843,22260,5,0
2762843,3896,6,1
2762843,15700,7,1
2762843,8277,8,1
2762843,37158,9,1
2762843,25718,10,1
2762843,23644,11,1
2762843,45633,12,1
2762843,17691,13,1
2762843,13802,14,1
2762843,32950,15,1
2762843,37220,16,1
2762843,43713,17,1
2762843,25197,18,0
2762843,4792,19,0
2762843,32360,20,1
2762843,42265,21,1
2762843,36725,22,0
2762843,21417,23,0
2762843,33198,24,0
2763365,43852,1,1
2763365,8460,2,0
2763365,38028,3,0
2763365,40815,4,0
2763960,42508,1,0
2763960,18095,2,0
2763960,25138,3,1
2763960,17789,4,0
2763960,31915,5,1
2763960,27966,6,1
2763960,13176,7,1
2763960,26165,8,1
2763960,45946,9,1
2763960,20327,10,1
2763960,47547,11,0
2763960,20571,12,1
2763960,11891,13,0
2776103,39190,1,1
2776103,32642,2,1
2776103,4781,3,1
2778267,38456,1,0
2778267,47626,2,1
2778267,47766,3,1
2783876,44799,1,1
2783876,42736,2,1
2783876,42578,3,0
2783876,17008,4,0
2783876,33672,5,0
2783876,26373,6,1
2783876,424,7,1
2783876,44286,8,0
2783876,16276,9,1
2785134,37570,1,0
2785134,6342,2,0
2785134,26209,3,1
2785134,24852,4,1
2785134,21174,5,1
2785134,44097,6,1
2785134,14486,7,1
2785134,13166,8,1
2785134,16290,9,1
2785134,45946,10,1
2785134,5876,11,1
2785134,12756,12,1
2785134,23029,13,1
2785134,37646,14,1
2785134,21137,15,1
2785134,1025,16,0
2785134,22935,17,1
2785798,43772,1,1
2785798,11422,2,1
2785798,30795,3,1
2785798,46979,4,1
2785798,7963,5,1
2785798,5808,6,1
2785798,32757,7,1
2785798,37687,8,1
2785798,13176,9,1
2785798,21137,10,1
2785798,43789,11,1
2785798,5212,12,1
2785798,15649,13,1
2785798,27845,14,1
2785798,6472,15,1
2785798,13984,16,1
2787293,18531,1,0
2787293,14182,2,0
2787293,4445,3,0
2787293,15409,4,0
2787293,47682,5,0
2787293,17526,6,0
2788755,13223,1,1
2788755,8053,2,1
2788755,26668,3,0
2788755,34427,4,0
2788755,3638,5,0
2801159,24852,1,1
2801159,46969,2,1
2801159,19057,3,1
2801159,37646,4,1
2801159,28199,5,1
2801159,21137,6,1
2809059,329,1,1
2809059,30776,2,1
2810017,29447,1,1
2810017,17183,2,1
2810017,35628,3,1
2810017,17044,4,1
2810017,34551,5,1
2810017,38558,6,1
2818869,24852,1,1
2818869,4605,2,1
2818869,28398,3,1
2818869,43961,4,1
2818869,44359,5,0
2818869,40571,6,1
2818869,21137,7,1
2818869,6873,8,1
2818869,13517,9,1
2818869,41665,10,1
2818869,7781,11,1
2818869,48720,12,1
2818869,42701,13,1
2818869,8174,14,1
2818869,24534,15,1
2818869,32717,16,1
2818869,248,17,1
2818869,31915,18,1
2818869,44422,19,1
2818869,18385,20,1
2818869,41950,21,1
2818869,26209,22,0
2818869,23545,23,1
2818869,25588,24,0
2818869,3957,25,0
2818869,26283,26,0
2818869,3376,27,0
2822562,40055,1,1
2822562,20021,2,0
2822562,12250,3,0
2822562,32403,4,1
2822562,5618,5,1
2822562,4920,6,1
2822562,29223,7,1
2822562,47788,8,1
2822562,36443,9,0
2822562,277,10,0
2822562,1327,11,0
2822562,35900,12,1
2822562,4081,13,0
2822562,4681,14,0
2822562,34600,15,0
2822562,11755,16,0
2830990,42342,1,1
2830990,27521,2,1
2830990,31338,3,0
2830990,33055,4,1
2830990,13176,5,1
2830990,27966,6,1
2830990,21137,7,1
2830990,13629,8,1
2830990,36082,9,1
2830990,34126,10,1
2830990,47209,11,1
2833755,47977,1,1
2833755,33682,2,1
2833755,13351,3,1
2833755,4957,4,1
2833755,33754,5,1
2833755,13176,6,1
2833755,36316,7,1
2833755,24838,8,1
2833755,42972,9,1
2833755,17706,10,1
2833755,35221,11,1
2833755,42356,12,1
2833755,8021,13,1
2833755,47626,14,1
2833755,31915,15,1
2833755,22035,16,1
2833755,9387,17,1
2833755,42987,18,1
2833755,22825,19,1
2833755,27344,20,1
2833755,27086,21,1
2833755,27845,22,1
2833755,19348,23,1
2833755,5612,24,1
2833755,18523,25,1
2833755,49131,26,0
2833755,5077,27,1
2833755,26209,28,0
2834330,22627,1,0
2834330,11520,2,1
2834330,24964,3,0
2834330,22935,4,1
2834330,44359,5,0
2834330,8518,6,0
2834330,12703,7,0
2834330,19208,8,0
2834330,37220,9,0
2834330,44201,10,1
2834330,32839,11,0
2834330,6873,12,0
2834330,35391,13,0
2834330,22963,14,1
2834330,14573,15,0
2834330,37890,16,0
2834330,21096,17,1
2834330,33399,18,0
2834330,47734,19,0
2834330,22395,20,1
2834330,49236,21,0
2834330,6975,22,1
2834330,21903,23,1
2838753,19368,1,0
2838753,14844,2,0
2838753,25615,3,0
2838753,18144,4,0
2838753,41488,5,0
2859278,34126,1,1
2859278,21527,2,1
2859278,5479,3,1
2859278,29447,4,1
2859278,35050,5,1
2859278,1577,6,1
2860782,27247,1,1
2860782,11030,2,1
2860782,32331,3,1
2860782,25495,4,1
2860782,5013,5,1
2860782,40853,6,1
2860782,14006,7,0
2860782,21720,8,0
2865103,45588,1,1
2865103,12218,2,1
2865103,8204,3,1
2865103,47792,4,0
2865103,48199,5,1
2865103,39719,6,1
2865103,24598,7,0
2865103,19761,8,0
2865103,47226,9,0
2865103,8536,10,0
2865103,22750,11,0
2865103,27360,12,0
2865103,9852,13,0
2865103,4210,14,0
2865103,29646,15,0
2865103,40373,16,0
2865103,34222,17,0
2865103,9932,18,0
2865103,7116,19,0
2865103,46923,20,0
2867959,17008,1,1
2867959,15868,2,1
2867959,7533,3,1
2867959,44325,4,0
2867959,31343,5,1
2867959,39000,6,0
2867959,32545,7,0
2867959,21137,8,0
2867959,19643,9,0
2867959,343,10,1
2867959,26317,11,0
2867959,36085,12,1
2869841,48595,1,1
2869841,20178,2,1
2869841,38944,3,1
2869841,27299,4,1
2869841,48220,5,1
2869841,30884,6,1
2869841,37646,7,1
2869841,12157,8,1
2869841,24730,9,0
2869841,48328,10,0
2869841,4597,11,0
2869841,5077,12,1
2869841,25753,13,1
2877075,44629,1,1
2877075,46969,2,1
2877075,30391,3,1
2877075,21616,4,1
2877075,41950,5,1
2878526,24891,1,1
2878526,29370,2,1
2878526,22114,3,1
2878526,22947,4,1
2878526,35503,5,1
2879453,9411,1,1
2879453,26232,2,1
2879453,26790,3,1
2879453,19348,4,1
2879453,16882,5,1
2879453,42533,6,1
2879453,30252,7,0
2879453,9166,8,1
2879453,3808,9,1
2879453,30949,10,0
2879453,38985,11,1
2879453,19173,12,0
2879620,46069,1,1
2879620,27845,2,1
2879620,43961,3,1
2879620,37840,4,1
2879620,41950,5,1
2879620,3599,6,1
2880864,4210,1,1
2880864,4605,2,1
2882234,39055,1,1
2882234,31257,2,1
2882234,7559,3,0
2882234,6873,4,1
2882234,38827,5,1
2882234,31343,6,0
2882234,47209,7,0
2882234,38293,8,0
2882234,37158,9,0
2882234,20843,10,0
2882234,11247,11,0
2882234,28915,12,0
2882234,38273,13,0
2882234,44560,14,0
2882276,17638,1,1
2882276,5622,2,1
2882276,43961,3,1
2882276,5535,4,1
2882276,33198,5,1
2882276,26694,6,1
2882276,11136,7,1
2882276,10957,8,1
2882276,36664,9,1
2882276,45961,10,1
2882276,11574,11,1
2882276,23957,12,1
2882276,34407,13,1
2882276,45,14,1
2882276,24115,15,1
2882276,9092,16,1
2882276,43945,17,1
2882276,36956,18,1
2882276,8006,19,0
2882276,14795,20,0
2884806,25653,1,0
2884806,32478,2,1
2884806,12341,3,1
2884806,21903,4,1
2888669,34343,1,0
2888669,39858,2,0
2888669,38928,3,0
2891186,47966,1,1
2891186,29373,2,1
2891186,44980,3,1
2891186,28299,4,1
2891186,6473,5,1
2891186,12875,6,1
2891186,1158,7,0
2891186,28204,8,1
2891186,24852,9,1
2891186,20463,10,1
2891186,4081,11,1
2891186,1695,12,1
2891186,18987,13,0
2891186,23888,14,1
2891186,28849,15,0
2891186,30588,16,1
2891186,21936,17,1
2891186,25985,18,1
2891186,8512,19,1
2891186,9366,20,1
2891186,46041,21,1
2891186,31506,22,0
2891186,21795,23,0
2895391,46667,1,1
2895447,5959,1,1
2895447,18618,2,1
2895447,16290,3,1
2895447,33043,4,1
2895447,26283,5,1
2895447,39275,6,1
2895447,22276,7,1
2895447,16797,8,0
2895447,36426,9,0
2899962,36543,1,1
2899962,12140,2,1
2899962,5532,3,1
2909363,20339,1,1
2909363,47209,2,1
2909363,13176,3,1
2909363,20345,4,1
2909363,43967,5,1
2909363,46969,6,1
2909363,33754,7,1
2909363,29594,8,1
2909363,41950,9,1
2909363,20082,10,0
2909363,22292,11,0
2909363,19571,12,0
2909363,38503,13,1
2909363,18362,14,1
2909363,29941,15,0
2909363,1215,16,0
2910511,14218,1,0
2910511,34969,2,1
2910511,42244,3,0
2910511,47766,4,1
2910511,1408,5,1
2910511,37687,6,0
2910511,21903,7,1
2910511,8174,8,0
2910511,46106,9,0
2910511,42265,10,0
2910511,31040,11,0
2910511,9839,12,0
2913150,7503,1,0
2913150,248,2,1
2913150,34126,3,0
2913150,46676,4,0
2913150,19625,5,0
2913150,13996,6,1
2913150,45007,7,0
2913150,49488,8,0
2913150,11574,9,0
2913150,6300,10,0
2913150,18434,11,0
2918240,43861,1,1
2918240,32466,2,1
2918240,42265,3,1
2918240,45953,4,1
2918240,23543,5,1
2918240,46252,6,0
2918240,22935,7,1
2918240,5646,8,0
2918240,28985,9,1
2918240,40604,10,1
2918240,9424,11,0
2918240,21800,12,1
2922134,28204,1,1
2922134,39408,2,1
2922134,9387,3,1
2922134,45066,4,1
2922134,23763,5,1
2922134,43960,6,0
2922134,8714,7,0
2922134,40151,8,0
2922134,16394,9,0
2923535,44172,1,1
2932476,24852,1,1
2932476,47209,2,1
2932476,12015,3,1
2932476,16560,4,1
2932476,33636,5,0
2932476,42317,6,0
2932476,9807,7,0
2932476,8955,8,1
2932476,27521,9,1
2932476,4086,10,1
2932476,21162,11,1
2932476,46807,12,1
2932476,39561,13,0
2932476,34466,14,0
2932476,48679,15,1
2932476,40310,16,0
2932476,24838,17,0
2932476,39922,18,0
2932476,18479,19,0
2932476,42265,20,0
2933088,29387,1,1
2933088,30489,2,1
2933088,8239,3,1
2933088,21137,4,1
2933088,22035,5,1
2933088,24852,6,1
2933088,35547,7,1
2933088,28199,8,1
2933088,22935,9,1
2933088,8424,10,1
2933088,28842,11,1
2933088,45322,12,1
2933088,10831,13,1
2933095,24852,1,0
2933095,30406,2,0
2933095,4605,3,0
2933095,16797,4,0
2933095,5603,5,0
2933095,18498,6,0
2933095,12232,7,0
2933095,25764,8,0
2933095,3512,9,0
2933095,21601,10,0
2933095,22206,11,0
2933095,33709,12,0
2933095,2663,13,0
2933095,35921,14,0
2933095,35761,15,0
2933095,32727,16,0
2933095,121,17,0
2933095,41915,18,0
2933095,24427,19,0
2933095,29387,20,0
2933095,38544,21,0
2933095,38465,22,0
2933095,27239,23,0
2933095,47248,24,0
2933095,14726,25,0
2933095,1465,26,0
2933095,18792,27,0
2933095,5385,28,0
2933095,22474,29,0
2933095,9130,30,0
2933095,29193,31,0
2933095,30340,32,0
2933095,30235,33,0
2933095,10692,34,0
2936924,5456,1,1
2936924,10070,2,1
2936924,13176,3,1
2936924,37754,4,1
2936924,41806,5,1
2936924,46906,6,1
2936924,30233,7,1
2936924,5450,8,1
2936924,34969,9,1
2936924,11777,10,1
2936924,43713,11,0
2938503,769,1,1
2938503,31759,2,1
2938503,11540,3,1
2938503,43692,4,1
2938503,16732,5,1
2939983,33185,1,0
2939983,11009,2,0
2939983,22406,3,0
2939983,16607,4,1
2939983,24852,5,1
2939983,5782,6,1
2940916,18340,1,0
2940916,44008,2,1
2940916,14267,3,0
2940916,48697,4,0
2940916,27323,5,1
2940916,35221,6,1
2940916,37524,7,1
2940916,34969,8,1
2940916,43789,9,0
2942645,42106,1,1
2942645,34197,2,1
2942645,27750,3,1
2942645,38419,4,1
2942645,34243,5,1
2942645,18224,6,0
2942645,28985,7,1
2942645,44912,8,0
2942645,41570,9,1
2942645,4518,10,0
2942645,13984,11,1
2942645,32537,12,0
2945383,41276,1,1
2945383,196,2,1
2947643,40545,1,0
2947643,43295,2,0
2947643,10613,3,0
2947643,22600,4,0
2947643,3407,5,0
2948422,29650,1,0
2948422,40310,2,0
2948422,38772,3,0
2948422,2275,4,0
2948422,4697,5,0
2948422,5450,6,0
2948422,24852,7,0
2948422,4920,8,0
2948422,43740,9,0
2948422,47873,10,0
2948422,18070,11,0
2948422,28204,12,0
2948422,28199,13,0
2948422,29180,14,0
2949112,38689,1,1
2949112,11821,2,1
2949112,15081,3,1
2949112,18531,4,1
2949112,27695,5,1
2949112,20995,6,1
2949112,35167,7,0
2949112,8200,8,0
2949112,23543,9,0
2954700,40153,1,1
2954700,23211,2,0
2958500,43789,1,1
2958500,27845,2,1
2958500,27966,3,1
2958500,13176,4,1
2958500,34668,5,1
2958500,27086,6,1
2958500,44632,7,1
2958500,22825,8,1
2958500,45007,9,0
2958500,18644,10,0
2958500,27719,11,1
2958500,47734,12,1
2958500,31717,13,1
2958500,26209,14,1
2958500,28745,15,1
2958500,10668,16,1
2958500,16759,17,1
2958500,26315,18,1
2958500,48745,19,1
2958500,8959,20,1
2958500,3066,21,0
2958500,20123,22,1
2958500,34401,23,0
2958500,6046,24,1
2958500,28934,25,1
2958500,34243,26,0
2958500,2326,27,0
2958500,38838,28,0
2959837,17758,1,1
2959837,40198,2,1
2959837,28427,3,0
2959837,35108,4,0
2959837,44987,5,0
2959837,5240,6,0
2959837,38383,7,1
2959837,34126,8,1
2959837,43262,9,0
2961974,44422,1,1
2961974,21616,2,1
2971781,27985,1,1
2971781,35315,2,0
2971781,28884,3,0
2971781,8193,4,0
2971781,36431,5,0
2971781,22989,6,0
2971781,19003,7,0
2971781,24622,8,0
2971781,6046,9,1
2971781,44799,10,0
2971781,45862,11,0
2971781,4605,12,0
2971781,41588,13,0
2971781,23819,14,0
2971781,48205,15,1
2971781,26530,16,1
2971781,37238,17,1
2971781,4897,18,0
2972532,30489,1,1
2972532,25767,2,0
2972532,28928,3,0
2972532,23765,4,0
2972532,26317,5,0
2972532,39108,6,0
2972532,21137,7,0
2972532,31612,8,0
2972532,31766,9,0
2972532,33674,10,0
2972532,16885,11,0
2972532,40554,12,1
2972532,27845,13,0
2972532,30020,14,0
2972532,7088,15,0
2972532,24184,16,1
2972532,2295,17,0
2972532,5025,18,1
2972532,31717,19,0
2972532,26209,20,0
2972532,6020,21,0
2972532,42702,22,0
2972532,27999,23,0
2974834,45965,1,1
2974834,47144,2,1
2974834,31371,3,1
2974834,12341,4,1
2974834,24830,5,0
2974834,37973,6,0
2974834,42265,7,1
2974834,24852,8,1
2974834,47626,9,1
2974834,21814,10,0
2974834,7781,11,1
2974834,8518,12,0
2974834,16349,13,1
2974834,42585,14,1
2974834,4605,15,1
2974834,16185,16,0
2974834,34358,17,1
2974834,29987,18,1
2974834,43014,19,0
2974834,2295,20,0
2974834,43789,21,0
2974834,44142,22,1
2974834,19003,23,0
2974834,2091,24,1
2974834,25087,25,1
2974834,44570,26,1
2974834,49,27,0
2974834,5025,28,1
2974834,38596,29,1
2974834,12797,30,1
2974834,33731,31,0
2974834,16145,32,0
2979023,49235,1,1
2979023,49326,2,0
2979023,44931,3,0
2979023,28931,4,0
2979023,39560,5,0
2979023,37047,6,0
2979023,12683,7,0
2979023,10957,8,0
2979023,16696,9,0
2979023,40910,10,0
2982004,41909,1,0
2982004,43218,2,0
2982004,30548,3,1
2982004,2994,4,1
2982004,40311,5,0
2984519,9648,1,0
2984519,33731,2,1
2984519,16797,3,1
2984519,14161,4,1
2984519,4920,5,1
2984519,47766,6,1
2984519,42265,7,1
2984519,15200,8,0
2984519,39097,9,1
2984519,7054,10,0
2984519,6104,11,1
2984519,24852,12,1
2984519,33884,13,0
2984519,260,14,0
2984519,26723,15,1
2984519,32033,16,1
2984519,28204,17,1
2985477,32747,1,1
2985477,32175,2,1
2985477,23082,3,1
2985477,4138,4,1
2985477,11857,5,1
2985477,43873,6,1
2985477,1514,7,1
2985477,40299,8,1
2985477,8924,9,0
2985477,44475,10,1
2985477,20119,11,0
2985477,3696,12,0
2985477,35430,13,0
2996694,6789,1,1
2996694,43772,2,1
2996694,49683,3,1
2996694,8193,4,1
2996694,29487,5,1
2996694,14197,6,1
2996694,48071,7,1
2996694,44570,8,1
2996694,27361,9,1
2996694,38770,10,1
2996694,7631,11,1
2996694,33520,12,1
2996694,1368,13,1
2996694,5068,14,1
2996694,13382,15,1
2996694,48444,16,1
2996694,44410,17,1
2996694,37525,18,1
2996694,14239,19,1
2996694,36130,20,0
2996694,32163,21,0
2996694,37191,22,0
2996694,17862,23,1
2996694,790,24,0
2996694,16864,25,0
2996694,37929,26,0
2996796,44987,1,1
2996796,1233,2,0
2996796,42220,3,0
2996796,40332,4,1
2996796,48299,5,0
2996796,41107,6,0
2996796,36086,7,0
2996796,5098,8,0
2996796,18660,9,0
2996796,19220,10,0
2996796,28577,11,0
2996796,34122,12,0
2996796,43712,13,0
2996796,27323,14,0
2996796,46572,15,0
2996796,44112,16,0
2996796,17025,17,0
2996796,27796,18,0
3001260,11520,1,1
3001260,6287,2,1
3001260,48679,3,1
3001260,13176,4,1
3001260,10749,5,1
3001260,8277,6,1
3001260,42768,7,1
3001260,18531,8,1
3001260,47900,9,0
3001260,27241,10,0
3001260,39558,11,1
3001260,19678,12,0
3001260,41220,13,0
3001260,36695,14,1
3001260,32537,15,0
3001260,47626,16,1
3001260,41593,17,0
3001260,16185,18,0
3001544,16797,1,1
3001544,42265,2,1
3001544,20574,3,1
3001544,47626,4,1
3001544,29487,5,1
3001544,1940,6,0
3001544,9171,7,0
3005482,17600,1,1
3005482,40310,2,1
3005482,32403,3,1
3005482,43875,4,1
3005482,46104,5,1
3005482,14862,6,1
3005482,27360,7,1
3005482,10032,8,0
3005482,19604,9,1
3005482,34287,10,0
3005482,22736,11,0
3005482,23892,12,1
3005482,12312,13,0
3005482,26863,14,1
3005482,45566,15,0
3006456,39643,1,1
3006456,15091,2,1
3006456,14732,3,1
3006456,28523,4,1
3006456,18487,5,1
3006456,49583,6,1
3006456,36485,7,1
3006456,3874,8,1
3006456,16560,9,0
3006456,26036,10,0
3006456,11720,11,0
3006456,12395,12,1
3006456,11974,13,0
3006456,39475,14,0
3008208,5479,1,1
3011809,16647,1,1
3011809,38054,2,1
3011809,11842,3,1
3011809,23909,4,1
3011809,22959,5,0
3011809,44799,6,1
3011809,32440,7,1
3011809,4258,8,0
3011809,4354,9,0
3011809,25793,10,1
3011809,16066,11,1
3011809,44245,12,1
3011809,17931,13,1
3011809,18339,14,1
3011809,15777,15,1
3011809,20955,16,1
3011809,44475,17,0
3017447,21463,1,1
3017447,4541,2,1
3017447,1199,3,1
3017447,43643,4,0
3017447,35633,5,1
3017447,8025,6,0
3017447,33929,7,0
3017447,48600,8,0
3017447,10301,9,1
3017447,4001,10,0
3017447,40002,11,0
3017447,49215,12,0
3017447,13249,13,0
3017447,11068,14,0
3017447,4957,15,0
3017447,8061,16,0
3017447,6532,17,0
3017447,38159,18,0
3017447,5618,19,0
3017447,34050,20,0
3017447,2452,21,0
3017447,18880,22,0
3017447,21137,23,1
3017447,17794,24,0
3017447,49683,25,0
3017447,16349,26,0
3019173,10017,1,0
3019173,34530,2,1
3019173,5479,3,0
3019173,44912,4,0
3019173,39275,5,1
3019173,34126,6,1
3019173,24964,7,1
3019173,33731,8,0
3019173,43961,9,0
3019173,34243,10,1
3019173,26604,11,1
3019173,33741,12,1
3019173,10132,13,1
3020173,21927,1,1
3020173,17468,2,1
3020173,43154,3,1
3020173,41625,4,0
3020173,10492,5,1
3020173,26287,6,0
3020173,11461,7,0
3020173,23339,8,1
3020973,47877,1,0
3020973,45054,2,0
3020973,358,3,0
3020973,19010,4,0
3020973,32700,5,0
3020973,30525,6,0
3020973,33630,7,0
3021570,6187,1,1
3021570,45504,2,1
3023849,1158,1,1
3023849,6347,2,1
3023849,46802,3,1
3024054,24852,1,1
3024054,33120,2,1
3024054,35512,3,1
3024054,22058,4,0
3024054,21927,5,1
3024054,21938,6,1
3024054,10749,7,1
3024054,4605,8,0
3024054,24024,9,1
3024054,43713,10,1
3024054,23594,11,1
3037109,36550,1,1
3037109,1463,2,1
3037109,38777,3,1
3037109,25138,4,1
3037109,43289,5,1
3037109,39054,6,0
3038922,35819,1,0
3038922,24852,2,1
3038922,4451,3,1
3038922,46584,4,1
3038922,14218,5,1
3038922,20113,6,1
3038922,11945,7,1
3038922,38248,8,1
3038922,25767,9,1
3038922,29594,10,1
3038922,19627,11,1
3038922,22963,12,1
3038922,19867,13,1
3038922,39468,14,1
3038922,43908,15,1
3038922,5134,16,1
3038922,21709,17,1
3038922,5438,18,1
3038922,23192,19,1
3038922,17878,20,1
3038922,5491,21,1
3038922,32018,22,1
3038922,8912,23,1
3038922,48476,24,0
3038922,25072,25,1
3038922,48802,26,0
3038922,46979,27,1
3041695,13176,1,1
3041695,23594,2,0
3041695,39877,3,1
3041695,35899,4,0
3041695,14692,5,0
3041695,23171,6,0
3041695,19451,7,0
3041695,39275,8,1
3041695,21137,9,1
3043577,1695,1,1
3043577,16647,2,0
3043577,37625,3,1
3043577,23532,4,1
3043577,39275,5,1
3044374,24175,1,1
3044374,27294,2,1
3044374,44085,3,1
3044374,12813,4,1
3044374,1464,5,1
3044374,44729,6,0
3044374,30304,7,1
3044374,27442,8,0
3044374,37820,9,0
3044374,15176,10,0
3044374,47683,11,1
3044374,2039,12,1
3044374,12904,13,0
3044374,47863,14,0
3044397,47626,1,0
3044397,27196,2,0
3044397,41674,3,0
3044397,31721,4,0
3044397,40332,5,0
3044397,29509,6,1
3044397,49480,7,0
3044397,35163,8,0
3047307,47209,1,1
3047307,33198,2,1
3047307,30391,3,1
3047307,21137,4,1
3047307,5876,5,1
3047307,34243,6,1
3047307,24184,7,1
3047307,27744,8,1
3047307,44632,9,1
3047307,49111,10,0
3048630,45619,1,0
3048630,33452,2,0
3048630,16696,3,1
3048630,47141,4,0
3048630,48142,5,1
3048630,43154,6,1
3048630,7026,7,0
3048630,35221,8,0
3053676,38456,1,1
3053676,7381,2,1
3053676,40709,3,1
3053676,47766,4,1
3053676,28156,5,1
3053676,34374,6,0
3053676,29675,7,1
3053676,40377,8,0
3053676,32433,9,0
3053676,28842,10,0
3053736,49505,1,0
3053736,27662,2,1
3053736,581,3,0
3053736,4605,4,1
3053736,28836,5,0
3053736,33452,6,0
3053736,3694,7,0
3054769,30024,1,1
3054769,13249,2,1
3054769,47209,3,1
3054769,37497,4,1
3054769,13176,5,1
3054769,28985,6,1
3054769,48679,7,1
3054769,14778,8,1
3054769,18656,9,1
3054769,38383,10,1
3054769,42028,11,1
3054769,24964,12,1
3054769,19970,13,1
3054769,23545,14,1
3054769,46667,15,1
3054769,14197,16,1
3054769,8518,17,1
3054769,47169,18,1
3054769,878,19,1
3054769,7021,20,1
3054769,12312,21,1
3054769,605,22,0
3054769,31562,23,1
3054769,17794,24,1
3054769,44359,25,0
3060944,42858,1,0
3060944,37951,2,0
3060944,46522,3,1
3060944,40516,4,1
3060944,46572,5,1
3060944,16419,6,0
3060944,7349,7,0
3060944,4006,8,0
3060944,41176,9,1
3060944,41273,10,1
3060944,41213,11,0
3060944,29487,12,0
3060944,6193,13,0
3060944,21927,14,1
3060944,23734,15,1
3060944,34550,16,0
3060944,28993,17,0
3060944,35042,18,0
3060944,26314,19,0
3060944,29438,20,0
3060944,23339,21,1
3060944,1940,22,1
3060944,19057,23,0
3068090,29447,1,1
3068090,27966,2,1
3068090,46584,3,1
3068090,4518,4,1
3068090,24964,5,1
3068090,8277,6,1
3068090,13176,7,1
3068090,35887,8,1
3068090,39928,9,1
3068090,651,10,1
3068090,28985,11,0
3070602,18023,1,1
3080071,3800,1,0
3080071,36763,2,0
3080071,42886,3,0
3080071,3619,4,0
3080071,15235,5,0
3080071,38892,6,0
3080071,26103,7,0
3080071,3611,8,0
3080071,2538,9,0
3080071,45896,10,0
3080071,36446,11,0
3080071,28932,12,0
3080071,45669,13,0
3080071,34389,14,0
3080071,29886,15,0
3080071,19078,16,0
3080071,32573,17,0
3080071,2434,18,0
3080071,28508,19,0
3080071,1458,20,0
3080759,26209,1,1
3080759,8518,2,1
3080759,28849,3,0
3080759,47209,4,0
3080759,41259,5,1
3080759,35939,6,0
3080759,4945,7,1
3080759,24852,8,1
3080759,13984,9,1
3080759,20379,10,1
3080759,34584,11,1
3080759,27966,12,1
3080759,17948,13,1
3080759,47766,14,1
3080759,46979,15,1
3080759,19508,16,1
3091904,18370,1,0
3091904,13176,2,1
3091904,5539,3,1
3091904,32655,4,1
3095439,18555,1,0
3095439,5025,2,0
3095439,20114,3,0
3095439,49683,4,0
3095439,19348,5,0
3096351,27433,1,1
3096351,11352,2,1
3096351,40310,3,1
3096351,14633,4,0
3096351,27966,5,1
3096351,47912,6,0
3096351,41165,7,1
3096351,11140,8,1
3096351,33214,9,1
3096351,27104,10,0
3097283,47601,1,0
3097283,31338,2,0
3097283,33401,3,1
3097283,49235,4,1
3097283,12745,5,1
3097283,44142,6,1
3097283,27509,7,1
3097283,2298,8,1
3097283,1940,9,1
3097283,32689,10,1
3097283,2183,11,1
3097283,21137,12,1
3097423,17872,1,1
3097560,44142,1,0
3097560,5818,2,1
3097560,26283,3,0
3097560,43772,4,1
3097560,47209,5,0
3097560,26209,6,0
3099876,27277,1,0
3099876,3661,2,1
3099876,40706,3,1
3099876,6069,4,1
3099876,28571,5,1
3099876,39748,6,1
3099876,13198,7,1
3099876,2450,8,1
3099876,25890,9,1
3099876,29675,10,1
3099876,11136,11,1
3099876,38960,12,0
3099876,13829,13,1
3099876,21174,14,1
3099876,47766,15,1
3099876,37158,16,1
3099876,23586,17,1
3099876,28038,18,1
3099876,248,19,1
3099876,9076,20,1
3103078,22035,1,1
3103078,13176,2,1
3103078,16185,3,1
3103078,25138,4,1
3103078,24583,5,0
3103078,28785,6,1
3103078,18441,7,1
3103078,10017,8,0
3103078,37803,9,1
3103078,21405,10,1
3116271,30233,1,1
3116271,28204,2,1
3116271,38241,3,1
3116271,23962,4,1
3116271,13176,5,1
3116271,9510,6,1
3119259,10580,1,0
3119259,11408,2,0
3119259,48871,3,0
3119259,4136,4,0
3119259,34358,5,0
3119259,45061,6,0
3123223,25670,1,1
3123223,41950,2,0
3123223,45,3,1
3123223,33043,4,0
3123223,35921,5,0
3123223,38154,6,1
3123223,45493,7,0
3123851,13733,1,1
3123851,6483,2,1
3123851,36627,3,1
3123851,442,4,1
3123851,10863,5,1
3123851,28134,6,0
3123851,44038,7,1
3123851,27086,8,0
3123851,17794,9,1
3123851,25340,10,1
3123851,22825,11,0
3127246,15053,1,1
3127246,19454,2,1
3127246,9387,3,1
3127246,35743,4,1
3127246,21886,5,1
3134500,15471,1,1
3134500,43184,2,0
3134500,46626,3,0
3134500,2597,4,0
3139804,23445,1,0
3139804,30534,2,0
3139804,37634,3,0
3139804,196,4,1
3139804,7116,5,1
3139804,47145,6,0
3139804,37504,7,0
3139804,23231,8,0
3142326,19348,1,1
3142326,4605,2,1
3142326,16215,3,0
3142326,42625,4,1
3142326,41273,5,0
3142326,2120,6,1
3142326,23570,7,1
3142326,47589,8,1
3145330,21769,1,1
3145330,35561,2,1
3145330,4557,3,1
3148713,37176,1,0
3148713,4086,2,1
3148713,45116,3,1
3148713,35342,4,1
3156018,8424,1,0
3156018,47766,2,1
3156018,23165,3,1
3156018,27845,4,1
3156018,13629,5,1
3156018,12614,6,1
3156896,35108,1,1
3156896,47766,2,1
3156896,45856,3,1
3156896,35221,4,1
3156896,7054,5,0
3160580,47792,1,1
3160580,44359,2,1
3160580,30777,3,1
3160580,42585,4,1
3161092,24838,1,1
3161092,13712,2,1
3161092,40310,3,1
3161092,18370,4,1
3161092,26315,5,1
3161092,37646,6,1
3161092,47823,7,1
3161092,6287,8,1
3161092,48559,9,1
3161092,9339,10,1
3161092,27521,11,1
3161092,16387,12,1
3161092,38456,13,1
3161092,13176,14,0
3161092,47766,15,1
3161092,32139,16,1
3161092,4472,17,1
3161092,26369,18,1
3161092,18656,19,0
3161092,48679,20,0
3161092,45007,21,1
3161092,16759,22,1
3161092,43789,23,1
3161092,4605,24,1
3161092,41834,25,0
3161092,39337,26,0
3164503,3957,1,1
3164503,29672,2,1
3164503,28058,3,1
3164503,22872,4,1
3164503,23543,5,1
3164503,24010,6,1
3164503,21450,7,1
3164503,11421,8,1
3164503,43394,9,1
3164503,15182,10,1
3164503,39485,11,1
3164503,41642,12,0
3164503,31273,13,1
3164503,15872,14,1
3164503,47154,15,1
3164503,43849,16,0
3164503,42797,17,0
3164503,45437,18,0
3164503,39303,19,1
3164503,44182,20,0
3164503,4569,21,0
3164503,11707,22,0
3164503,12674,23,0
3164503,41774,24,0
3164503,33387,25,0
3166558,49531,1,0
3166558,23233,2,0
3166558,35391,3,0
3166558,19895,4,0
3166558,31886,5,0
3166558,25843,6,0
3166558,8381,7,0
3166558,37276,8,0
3166558,12658,9,0
3166558,7205,10,0
3167229,48171,1,0
3167229,3999,2,0
3167229,25640,3,1
3167229,13166,4,0
3167229,29127,5,0
3167229,2855,6,1
3167229,32864,7,1
3167229,33787,8,1
3167229,40571,9,1
3167229,4957,10,1
3167229,32757,11,1
3167229,5002,12,1
3167229,35065,13,1
3167229,691,14,0
3167229,21413,15,1
3167229,39411,16,0
3167229,26283,17,1
3167229,24184,18,1
3167229,42768,19,1
3167229,41259,20,1
3167229,27521,21,1
3167229,45007,22,1
3167229,21903,23,1
3167229,24385,24,1
3167229,22594,25,1
3167229,1999,26,1
3167229,13819,27,1
3167229,38293,28,1
3167229,35108,29,1
3167229,11572,30,0
3167229,35633,31,0
3167229,15041,32,0
3167229,5068,33,0
3167229,16613,34,0
3167229,24964,35,1
3167229,13646,36,0
3167229,26620,37,1
3172993,35782,1,0
3172993,31231,2,0
3172993,49318,3,0
3172993,34270,4,0
3172993,26717,5,1
3172993,5390,6,1
3172993,36865,7,0
3172993,9337,8,1
3172993,13176,9,1
3172993,31404,10,1
3172993,1824,11,0
3175717,8555,1,1
3175717,41553,2,1
3175717,21137,3,1
3175717,3583,4,0
3175717,49520,5,0
3175746,47865,1,0
3175746,30759,2,1
3175746,23229,3,0
3175746,13225,4,1
3175746,41429,5,0
3175746,46817,6,1
3175746,480,7,0
3176717,39157,1,0
3176881,30726,1,1
3176881,17526,2,1
3176881,41588,3,1
3176881,4799,4,1
3176881,13249,5,1
3176881,27104,6,1
3176881,17794,7,1
3176881,38383,8,1
3176881,38837,9,1
3176881,34243,10,1
3176881,36149,11,1
3176881,28985,12,1
3176881,48745,13,1
3176881,20842,14,1
3176881,890,15,1
3176881,48925,16,1
3176881,20114,17,1
3176881,32689,18,1
3176881,16570,19,1
3176881,10931,20,1
3176881,9738,21,1
3176881,20740,22,1
3176881,21903,23,1
3176881,4544,24,1
3176881,16797,25,0
3176881,11777,26,0
3176881,21938,27,0
3176881,47862,28,0
3177112,19616,1,1
3177112,43352,2,1
3180167,22825,1,0
3180167,47759,2,0
3180167,27156,3,1
3180167,34144,4,1
3180167,8518,5,1
3180167,31553,6,1
3180167,47209,7,1
3180167,48679,8,1
3180167,24964,9,1
3184328,30123,1,1
3184328,24852,2,1
3184328,2262,3,1
3184328,37250,4,1
3184328,27958,5,1
3184328,22724,6,0
3184328,36431,7,1
3184328,24622,8,1
3184328,33557,9,1
3184328,35264,10,0
3184328,48357,11,0
3184328,25554,12,0
3184328,19658,13,1
3184328,16379,14,0
3184328,7641,15,0
3184328,41416,16,0
3184328,36736,17,0
3184328,9536,18,1
3184328,16518,19,0
3184328,14913,20,0
3184328,32982,21,0
3184328,2289,22,0
3184328,34024,23,0
3184328,18987,24,1
3185536,31553,1,1
3185536,6347,2,1
3185536,13819,3,1
3187249,13176,1,1
3187249,13166,2,1
3187249,21137,3,1
3187249,8022,4,1
3187249,38558,5,1
3187249,26165,6,1
3187249,8722,7,1
3187249,1649,8,1
3187249,25861,9,1
3187249,11631,10,1
3187249,35845,11,1
3187249,3007,12,1
3187249,3396,13,1
3187249,972,14,1
3187249,21116,15,1
3189126,9839,1,1
3189126,5258,2,1
3189126,34208,3,1
3189126,37687,4,1
3189126,44371,5,1
3189126,33493,6,0
3189126,35263,7,0
3189126,44904,8,0
3191757,21616,1,0
3191757,33731,2,0
3191757,47626,3,0
3191757,23484,4,0
3191757,26620,5,1
3191757,28342,6,0
3191757,22556,7,0
3191757,23554,8,0
3191757,13646,9,1
3191757,10749,10,0
3191757,21938,11,0
3191757,43768,12,0
3192731,28842,1,1
3192731,35140,2,1
3192731,27845,3,1
3192731,11422,4,1
3192731,17027,5,1
3192731,27966,6,1
3192731,19057,7,1
3192731,13176,8,1
3192731,26800,9,1
3192731,9339,10,1
3192731,47209,11,1
3192731,43643,12,1
3192731,47491,13,0
3192731,5132,14,0
3192731,44054,15,0
3192731,22935,16,1
3192731,1232,17,0
3199600,21903,1,0
3199600,30827,2,0
3199600,10326,3,0
3199600,28413,4,0
3199600,10246,5,0
3199600,7252,6,0
3199600,4620,7,0
3199600,32689,8,0
3202279,7794,1,1
3202279,6829,2,1
3202279,7607,3,1
3205781,9411,1,1
3205781,7901,2,1
3205781,45938,3,0
3205781,29356,4,0
3205781,20520,5,0
3205781,39475,6,0
3205781,35332,7,0
3205781,2202,8,0
3205781,28842,9,0
3205781,15386,10,0
3205781,27710,11,0
3205781,22882,12,1
3205781,22579,13,1
3205781,39554,14,1
3205781,6750,15,0
3205781,23082,16,1
3211155,14084,1,1
3211155,24852,2,1
3211155,5450,3,1
3211155,4210,4,0
3211155,22298,5,1
3211155,27086,6,1
3211155,49075,7,1
3211155,9076,8,0
3211155,32360,9,1
3211155,48679,10,1
3211155,36070,11,0
3211155,33000,12,0
3211155,49683,13,0
3211155,31506,14,0
3215077,26079,1,1
3215077,30391,2,1
3215077,45066,3,0
3215077,37971,4,1
3215077,33768,5,0
3215077,49327,6,1
3215077,21938,7,1
3215077,2,8,0
3215077,42139,9,0
3215232,48523,1,0
3215232,2361,2,1
3215232,6217,3,1
3215232,22935,4,0
3215232,35510,5,0
3215232,16823,6,0
3215232,21810,7,0
3215232,45007,8,1
3215232,23765,9,1
3215232,6873,10,1
3215232,11140,11,1
3215232,11987,12,0
3216596,37355,1,1
3216596,21903,2,1
3216596,38264,3,1
3216596,39040,4,1
3216596,24852,5,1
3216596,8277,6,1
3216596,17044,7,1
3216596,35364,8,1
3216596,37003,9,1
3216596,13779,10,1
3216596,34134,11,0
3216596,38248,12,0
3216596,6541,13,0
3216596,39468,14,0
3216596,23060,15,0
3216596,16508,16,0
3216596,5805,17,0
3216596,1387,18,0
3216596,46949,19,0
3216596,20153,20,0
3216596,48486,21,1
3216596,27949,22,1
3220866,47402,1,0
3225109,1405,1,1
3225109,18352,2,1
3225109,25232,3,1
3225109,45303,4,1
3225109,17433,5,0
3225109,21100,6,1
3225109,39958,7,0
3233364,44142,1,0
3233364,46686,2,0
3233364,18151,3,0
3233364,2846,4,0
3233364,31717,5,0
3233364,23405,6,0
3233364,44500,7,0
3233364,3330,8,1
3233364,4006,9,0
3233909,31846,1,0
3233909,890,2,0
3233909,17957,3,0
3233909,26932,4,0
3233909,6087,5,0
3233909,43867,6,0
3233909,32689,7,0
3233909,21288,8,0
3233909,36557,9,0
3233909,37059,10,0
3233909,19660,11,0
3233909,43352,12,0
3236662,9595,1,1
3236662,18727,2,1
3236662,11520,3,1
3236662,35914,4,1
3236662,10529,5,1
3236662,2224,6,1
3237191,26165,1,0
3237191,13263,2,1
3237191,17703,3,1
3237191,9411,4,1
3237191,14947,5,1
3237191,104,6,1
3237191,28465,7,1
3237191,43772,8,1
3237191,36685,9,1
3237191,23956,10,1
3237191,49520,11,0
3237191,47626,12,0
3241787,15902,1,0
3241787,32303,2,0
3241787,28934,3,0
3241787,8518,4,1
3241787,26790,5,1
3246965,43891,1,0
3246965,47209,2,1
3246965,13176,3,1
3246965,31720,4,1
3246965,37511,5,1
3246965,43086,6,1
3246965,7539,7,1
3246965,30489,8,1
3246965,457,9,1
3246965,16387,10,1
3246965,36036,11,1
3246965,12312,12,1
3246965,38159,13,1
3246965,44359,14,1
3246965,79,15,1
3246965,28108,16,0
3246965,36311,17,1
3246965,43442,18,0
3246965,39275,19,1
3246965,27966,20,0
3246965,21137,21,1
3246965,40054,22,1
3246965,32616,23,1
3246965,6985,24,0
3246965,21616,25,0
3249705,24852,1,1
3249705,46047,2,1
3249705,26604,3,1
3249705,13772,4,1
3249705,6508,5,1
3249705,27695,6,1
3249705,10912,7,1
3249705,4942,8,1
3249705,4920,9,0
3249705,19019,10,1
3249705,6975,11,1
3251834,9853,1,1
3251834,36186,2,1
3251834,24707,3,1
3251834,45258,4,1
3261931,35561,1,0
3261931,20754,2,1
3261931,47766,3,1
3261931,14462,4,1
3261931,10912,5,1
3261931,14766,6,1
3261931,16290,7,1
3262923,7054,1,1
3262923,47388,2,0
3262923,22142,3,0
3262923,20324,4,0
3262923,27172,5,1
3262923,24964,6,1
3264254,44303,1,0
3264254,46906,2,0
3264254,21903,3,0
3264254,19049,4,0
3264254,29965,5,0
3270026,19348,1,1
3270026,22124,2,1
3270026,1559,3,1
3270026,18926,4,1
3270026,12427,5,1
3270026,13951,6,1
3270026,33827,7,1
3270026,24852,8,1
3270026,9387,9,1
3270026,45066,10,1
3270026,1661,11,1
3270026,40009,12,1
3270026,48299,13,1
3270026,35989,14,1
3270026,44632,15,1
3270026,43631,16,1
3270026,10957,17,1
3271501,14875,1,0
3271501,23909,2,0
3271501,16670,3,0
3271501,47993,4,0
3271501,1891,5,0
3271501,27569,6,0
3271501,36227,7,0
3271501,8928,8,0
3271501,3358,9,0
3271501,18987,10,0
3271501,23085,11,0
3271501,20378,12,0
3271501,43076,13,0
3271501,1485,14,0
3271501,7881,15,0
3271501,46749,16,0
3271501,16334,17,0
3273481,13251,1,1
3273481,24852,2,1
3273481,26604,3,1
3273481,16797,4,1
3273481,21903,5,1
3277352,13176,1,1
3277352,35140,2,1
3277352,26128,3,1
3277352,8518,4,1
3277352,26209,5,1
3277352,7361,6,1
3277352,40268,7,1
3277352,46667,8,1
3277352,35951,9,1
3277352,30391,10,1
3277352,34584,11,1
3282570,27750,1,1
3282570,34969,2,1
3282570,35163,3,1
3282570,11712,4,1
3282570,13176,5,1
3282570,17758,6,1
3282570,45104,7,1
3282570,16797,8,1
3282570,34993,9,0
3282570,32734,10,1
3282570,31635,11,1
3282570,28745,12,1
3282570,47734,13,0
3287551,9582,1,0
3287551,40198,2,1
3287551,17758,3,1
3287551,47209,4,1
3291489,43962,1,1
3291489,48907,2,1
3291489,22395,3,1
3291489,29648,4,1
3291489,36443,5,1
3291489,1,6,1
3291489,18412,7,1
3291489,20126,8,0
3298920,45443,1,1
3298920,49683,2,1
3298920,8193,3,1
3298920,2295,4,1
3298920,24184,5,1
3298920,33129,6,0
3298920,37592,7,1
3298920,18229,8,0
3298920,8479,9,1
3298920,5782,10,0
3302931,8277,1,1
3302931,34243,2,1
3302931,46979,3,1
3302931,36070,4,1
3302931,47209,5,1
3302931,9076,6,1
3302931,27966,7,1
3302931,43352,8,1
3302931,37317,9,0
3302931,45002,10,0
3302931,5605,11,0
3302931,4605,12,1
3302931,7021,13,0
3302931,40992,14,0
3302931,5984,15,0
3302931,34126,16,0
3305242,7188,1,1
3305242,32069,2,1
3305242,31225,3,1
3305242,28769,4,1
3305242,14057,5,1
3305242,8193,6,1
3305242,7821,7,0
3305242,28071,8,1
3305266,26800,1,0
3305266,19057,2,1
3305266,39877,3,0
3305266,45686,4,0
3305266,47209,5,0
3305266,21616,6,0
3305266,3390,7,0
3305266,22825,8,0
3305266,43122,9,0
3305266,46969,10,1
3309353,35628,1,1
3309353,18465,2,1
3309353,48857,3,1
3309353,39391,4,1
3315074,36695,1,1
3315074,21137,2,1
3317468,20842,1,1
3317468,39275,2,0
3317468,46979,3,0
3317468,31073,4,0
3317468,23821,5,0
3317468,28849,6,1
3317468,9864,7,0
3317468,31981,8,0
3319667,8859,1,0
3319667,46676,2,0
3319667,5141,3,0
3319667,45603,4,0
3319667,48559,5,0
3319667,13712,6,0
3319667,27216,7,0
3319667,42356,8,0
3319667,26209,9,0
3319667,4698,10,0
3319667,24129,11,0
3319667,19208,12,0
3333858,41319,1,1
3333858,4945,2,1
3333858,27966,3,1
3333858,14471,4,1
3334244,33572,1,1
3340068,187,1,1
3340068,18583,2,1
3340068,46900,3,1
3340068,25753,4,0
3340068,21290,5,1
3340068,26201,6,1
3340068,38273,7,1
3340068,42318,8,1
3340068,6187,9,1
3340068,40545,10,1
3340068,33120,11,1
3340068,29798,12,1
3340068,48720,13,1
3340068,15995,14,1
3348931,9210,1,1
3348931,21903,2,1
3348931,37264,3,0
3348931,6046,4,1
3356078,16965,1,0
3356078,22890,2,1
3356078,27288,3,1
3356078,22166,4,1
3356078,21333,5,1
3356078,5450,6,1
3356078,8859,7,1
3365205,5876,1,0
3365205,33572,2,1
3365205,36157,3,1
3365205,9230,4,0
3365205,18606,5,1
3369184,6729,1,0
3369184,35184,2,0
3369184,43352,3,0
3369184,26604,4,1
3376594,21386,1,0
3382430,13176,1,0
3382430,8809,2,0
3382430,22935,3,1
3382430,5769,4,0
3382430,10492,5,1
3382430,16726,6,0
3382430,26209,7,1
3382430,31717,8,1
3382430,46979,9,1
3382430,2078,10,1
3382430,47626,11,1
3382430,9286,12,0
3382430,4620,13,0
3382430,24964,14,1
3382430,46969,15,1
3382430,30450,16,0
3382430,40268,17,0
3382430,47766,18,0
3382622,20940,1,1
3382622,33081,2,0
3382622,4920,3,0
3383586,13829,1,1
3383586,40706,2,0
3383586,38293,3,0
3383586,21903,4,1
3383586,32655,5,0
3383586,11009,6,0
3383586,3663,7,0
3383586,25230,8,0
3383586,44097,9,1
3383586,34786,10,0
3383586,16349,11,1
3383586,27966,12,0
3383586,4210,13,0
3384442,5120,1,0
3384442,9825,2,0
3384442,21009,3,0
3384442,39121,4,0
3384442,40824,5,0
3384442,7241,6,0
3384442,1027,7,0
3384442,17706,8,0
3384442,5479,9,0
3384442,29307,10,0
3384442,5322,11,0
3384442,19508,12,0
3384442,14084,13,0
3384442,44661,14,0
3384442,16321,15,0
3384442,28123,16,0
3384442,1240,17,0
3384442,35503,18,0
3384442,45223,19,0
3384442,31040,20,0
3384442,45788,21,0
3384442,36085,22,0
3384442,44116,23,0
3384442,24850,24,0
3388230,5228,1,1
3388230,13176,2,1
3388230,19660,3,1
3388230,40541,4,0
3388230,25025,5,1
3388230,27030,6,1
3388230,9881,7,1
3388230,43789,8,1
3388230,31717,9,1
3388230,26209,10,1
3388230,8986,11,0
3388727,33504,1,1
3388744,33120,1,1
3388744,18656,2,1
3388744,24852,3,1
3388744,8929,4,1
3388744,46847,5,1
3388744,21903,6,1
3388744,28934,7,1
3388744,37646,8,1
3388744,49683,9,1
3388744,16759,10,1
3388744,27104,11,1
3388744,13049,12,0
3389244,41665,1,1
3389244,38293,2,1
3389244,44479,3,1
3389244,7371,4,1
3389244,15613,5,1
3389244,23322,6,1
3389244,17830,7,0
3389244,24852,8,1
3389244,20125,9,0
3389244,48523,10,0
3389244,2361,11,0
3399231,14084,1,1
3399231,25890,2,1
3399231,42803,3,1
3399231,38293,4,1
3399231,30391,5,1
3399231,4920,6,1
3399231,35939,7,1
3399231,4256,8,1
3399231,31717,9,1
3399231,23794,10,1
3399231,22089,11,1
3399231,37158,12,1
3399231,5212,13,1
3399231,4605,14,0
3399231,14633,15,0
3399231,30353,16,1
3399231,6104,17,1
3399231,13829,18,1
3399231,13380,19,1
3399231,8193,20,1
3399231,1158,21,0
3399231,9390,22,0
3399231,27336,23,1
3399231,20995,24,0
3399711,13176,1,1
3399711,19660,2,1
3399711,8518,3,0
3399711,46932,4,0
3399711,33438,5,1
3399711,32732,6,1
3399711,27156,7,0
3399711,43122,8,1
3399711,861,9,0
3400306,30827,1,1
3403656,13176,1,1
3403656,21292,2,1
3403656,8571,3,1
3403656,5068,4,1
3406208,44479,1,0
3406208,20887,2,0
3406208,18599,3,0
3406208,32035,4,0
3406208,1940,5,1
3406208,36127,6,1
3406208,47626,7,1
3415612,33543,1,1
3415612,21376,2,1
3415612,38508,3,1
3415612,7521,4,1
3415612,36735,5,1
3415612,5353,6,1
3415612,37524,7,1
3415612,38772,8,1
3415612,32655,9,0
3415612,12916,10,1
3415612,30774,11,1
3415612,26911,12,1
3415612,18382,13,1
3415612,20600,14,1
3415612,42736,15,0
3415612,5959,16,1
3415612,37158,17,1
3415612,25753,18,1
3415612,24852,19,1
3415612,4066,20,1
3415612,18362,21,1
3415612,47672,22,1
3415612,21903,23,0
3415612,9366,24,0
3415612,45646,25,0
3420560,29487,1,1
3420560,260,2,1
3420560,18471,3,1
3420560,13176,4,1
3420560,47209,5,1
3420560,46676,6,1
3420560,44359,7,1
3420560,42633,8,1
3420560,39877,9,1
3420560,36418,10,1
3420560,21903,11,1
3420560,45842,12,0
3420560,43712,13,0
3420560,40604,14,1
3420560,26209,15,0
3420560,35939,16,1
3420560,46667,17,1
3420560,21938,18,1
3420885,37274,1,1
3420885,21070,2,1
3420885,47144,3,1
3420885,33574,4,0
3420885,35134,5,0
3420885,36534,6,0
3420885,41223,7,0
3420885,3560,8,0
18064,22090,1,1
18064,13681,2,0
18064,39408,3,0
18064,39581,4,1
18064,33000,5,1
18064,12341,6,1
18064,29223,7,1
18064,25588,8,1
18064,22507,9,1
125697,6631,1,1
125697,19660,2,0
125697,41909,3,1
125697,2452,4,1
125697,17789,5,1
125697,48957,6,1
125697,13535,7,0
144837,19660,1,1
187614,24830,1,1
187614,40706,2,1
187614,5876,3,1
187614,13176,4,1
187614,47209,5,1
188789,22935,1,1
445599,13176,1,1
445599,21903,2,0
445599,5449,3,1
445599,41897,4,0
445599,21616,5,0
445599,33290,6,0
445599,9848,7,0
445599,18761,8,0
445599,3999,9,0
445599,37508,10,1
445599,28204,11,1
445599,33401,12,0
445599,25753,13,0
514572,35600,1,1
514572,4006,2,1
514572,31848,3,1
514572,33651,4,1
514572,49340,5,1
514572,37658,6,1
514572,33129,7,1
514572,27548,8,1
514572,11749,9,1
514572,31564,10,1
623413,17630,1,1
623413,895,2,1
623413,24852,3,1
623413,28199,4,1
623413,5785,5,1
623413,24799,6,1
623413,28465,7,1
623413,21137,8,1
623413,27845,9,1
623413,5077,10,0
635900,15466,1,0
635900,30633,2,1
635900,41870,3,0
635900,38032,4,0
635900,14788,5,0
635900,31404,6,0
728553,35635,1,1
728553,6489,2,1
728553,35771,3,0
805603,25653,1,0
805603,13176,2,1
805603,39275,3,1
885853,36117,1,0
885853,16528,2,1
885853,49247,3,0
885853,4462,4,0
885853,1409,5,1
885853,23622,6,1
885853,26209,7,0
885853,39121,8,1
885853,9871,9,0
885853,27999,10,0
976141,21137,1,1
976141,16083,2,1
976141,13500,3,0
976141,7358,4,0
976141,20574,5,0
976141,12276,6,0
976141,6317,7,0
976141,25513,8,0
976141,26177,9,0
976141,36772,10,0
976141,18337,11,0
1017674,48287,1,0
1017674,21037,2,0
1017674,41950,3,1
1017674,35264,4,0
1017674,34590,5,0
1017674,44969,6,0
1017674,47766,7,1
1017674,27142,8,1
1017674,40009,9,0
1017674,38562,10,0
1017674,26429,11,0
1017674,38662,12,0
1017674,21479,13,0
1209313,44683,1,1
1209313,41273,2,1
1209313,40516,3,1
1209313,43772,4,1
1209313,14971,5,1
1209313,10957,6,1
1209313,43961,7,1
1209313,7751,8,1
1209313,20892,9,0
1209313,24852,10,1
1209313,39275,11,1
1209313,9076,12,1
1209313,43263,13,1
1293993,5258,1,1
1503732,13700,1,1
1503732,7631,2,1
1503732,29088,3,1
1503732,20699,4,1
1503732,27104,5,1
1503732,8195,6,0
1503732,34854,7,0
1810533,30664,1,0
1810533,21249,2,1
1810533,13176,3,1
1810533,31215,4,1
1810533,11512,5,1
1810533,46886,6,1
1810533,40198,7,1
1810533,14702,8,1
1810533,45123,9,1
1810533,49247,10,1
1836472,4920,1,0
1836472,23413,2,0
1836472,1940,3,1
1836472,32141,4,1
1836472,26634,5,0
1908768,32566,1,0
1908768,47209,2,1
1908768,18362,3,1
1908768,13237,4,1
1908768,37229,5,1
1908768,44234,6,0
1908768,14872,7,0
1908768,16102,8,0
1908768,35206,9,0
1908768,5750,10,0
1950399,44290,1,1
1990406,40723,1,1
1990406,5428,2,1
1990406,40351,3,1
1990406,16617,4,1
1990406,9839,5,1
1990406,13176,6,1
1990406,35217,7,1
1990406,41665,8,1
1990406,13629,9,1
1990406,10749,10,0
1990406,46979,11,0
1990406,44683,12,0
1990406,46969,13,0
2069718,34126,1,1
2069718,19057,2,1
2069718,15816,3,0
2069718,39984,4,0
2069718,24964,5,1
2069718,43789,6,0
2069718,43129,7,0
2069718,2631,8,1
2069718,19384,9,0
2069718,6341,10,0
2069718,43659,11,0
2069718,8021,12,0
2069718,7175,13,1
2069718,31698,14,1
2069718,34262,15,1
2069718,6651,16,1
2120646,13874,1,1
2120646,11758,2,1
2120646,31827,3,1
2120646,14092,4,0
2120646,37642,5,0
2120646,41294,6,0
2120646,44629,7,0
2120646,11290,8,1
2120646,30805,9,0
2120646,17789,10,1
2120646,46984,11,0
2120646,40724,12,0
2397297,22322,1,1
2397297,3957,2,1
2397297,26165,3,1
2397297,45007,4,1
2397297,35163,5,1
2397297,37646,6,1
2397297,8021,7,1
2397297,19660,8,1
2397297,23081,9,1
2397297,4472,10,0
2397297,22081,11,1
2397297,28601,12,0
2397297,1516,13,0
2440270,1659,1,0
2440270,47966,2,0
2440270,30340,3,0
2440270,16920,4,1
2440270,3801,5,1
2440270,2935,6,0
2440270,48615,7,0
2440270,27323,8,1
2440270,34203,9,0
2460418,40396,1,1
2460418,3631,2,1
2460418,27845,3,1
2514417,10246,1,1
2514417,28204,2,1
2514417,46906,3,1
2514417,2966,4,1
2514417,3481,5,1
2514417,27392,6,0
2583042,5876,1,1
2583042,24964,2,1
2583042,38383,3,1
2583042,45066,4,1
2583042,890,5,1
2583042,46667,6,1
2583042,18441,7,0
2583042,46676,8,1
2583042,47766,9,1
2583042,21903,10,1
2583042,25659,11,0
2583042,45535,12,1
2583042,30290,13,0
2652408,4210,1,1
2652408,26831,2,1
2652408,31395,3,1
2652408,41362,4,1
2652408,20282,5,1
2652408,27413,6,1
2652408,19948,7,1
2652408,47915,8,1
2652408,39719,9,1
2652408,13536,10,0
2652408,15386,11,0
2652408,27629,12,0
2652408,7641,13,1
2652408,45500,14,1
2715049,46979,1,1
2715049,15084,2,1
2715049,1068,3,0
2926844,30170,1,1
2926844,35321,2,0
2926844,45525,3,0
2926844,15912,4,0
2926844,11081,5,1
2926844,1181,6,0
2926844,13029,7,0
2926844,33016,8,0
2926844,24355,9,0
2926844,30391,10,0
2926844,26604,11,1
2926844,21137,12,0
2926844,13176,13,0
2926844,16855,14,0
2926844,32608,15,0
3188012,43352,1,1
3188012,31805,2,1
3188012,36557,3,1
3198525,39812,1,1
3198525,5764,2,0
3198525,28849,3,1
3198525,1999,4,1
3198525,14366,5,1
3198525,45636,6,1
3198525,49113,7,0
3198525,4605,8,1
3294980,40598,1,0
3294980,39832,2,0
3294980,22890,3,0
3294980,21293,4,0
3294980,44457,5,0
3294980,37354,6,1
3294980,40897,7,1
3294980,17983,8,1
3294980,28427,9,1
