order_id,product_id,review_id,add_to_cart_order,reordered,review_id
2384,8277,1,1,1,1
2384,329,1,2,1,1
2384,47766,1,3,1,1
2384,30450,1,4,1,1
2384,37067,1,5,1,1
2384,49621,1,6,1,1
2384,33788,1,7,1,1
2384,27521,1,8,1,1
2384,29675,1,9,1,1
2384,405,1,10,1,1
2384,18889,1,11,0,1
2384,42356,1,12,0,1
2384,45104,1,13,0,1
2384,40516,1,14,0,1
2384,3481,1,15,0,1
2384,7010,1,16,0,1
2384,34243,1,17,0,1
2384,13984,1,18,0,1
2384,26369,1,19,0,1
3910,36103,2,1,0,2
3910,29487,2,2,1,2
3910,34703,2,3,0,2
3910,14992,2,4,1,2
6629,15693,3,1,1,3
6629,6132,3,2,1,3
6629,21469,3,3,1,3
6629,9124,3,4,1,3
6629,24852,3,5,1,3
6629,48845,3,6,1,3
6629,36127,3,7,1,3
6629,9637,3,8,1,3
6629,14633,3,9,1,3
6629,8929,3,10,0,3
6629,46979,3,11,1,3
7332,14715,4,1,0,4
7469,33198,5,1,1,5
7469,41774,5,2,1,5
7469,10753,5,3,1,5
7469,19022,5,4,1,5
7469,5785,5,5,1,5
7469,45603,5,6,1,5
7469,41198,5,7,1,5
7469,43182,5,8,1,5
7469,42659,5,9,1,5
7469,47626,5,10,1,5
7469,8264,5,11,1,5
7469,18765,5,12,1,5
7469,37665,5,13,1,5
7469,32579,5,14,0,5
7469,32052,5,15,0,5
7541,29553,6,1,0,6
7541,16921,6,2,0,6
7541,16759,6,3,0,6
7541,8006,6,4,0,6
7541,30480,6,5,0,6
7541,14197,6,6,0,6
7728,16617,7,1,1,7
7728,38531,7,2,1,7
8437,6069,8,1,1,8
8437,5322,8,2,1,8
8437,17224,8,3,1,8
8437,49519,8,4,1,8
8437,5487,8,5,1,8
8437,18523,8,6,1,8
8437,22286,8,7,1,8
8437,18503,8,8,1,8
8437,10221,8,9,1,8
8437,16609,8,10,1,8
15911,41061,9,1,0,9
15911,31553,9,2,0,9
15911,24852,9,3,1,9
15911,47087,9,4,1,9
15911,33754,9,5,1,9
15911,5750,9,6,1,9
15911,19348,9,7,1,9
15911,22982,9,8,1,9
15911,44980,9,9,1,9
15911,8284,9,10,0,9
15911,6448,9,11,1,9
15911,4210,9,12,1,9
15911,29127,9,13,1,9
23725,24852,10,1,1,10
23725,20842,10,2,1,10
23725,28204,10,3,0,10
23725,49683,10,4,1,10
23725,20114,10,5,1,10
23725,34969,10,6,0,10
23725,21903,10,7,1,10
23725,18479,10,8,0,10
23725,47626,10,9,0,10
23725,21137,10,10,0,10
23725,9076,10,11,0,10
23725,25890,10,12,0,10
23725,41220,10,13,0,10
32006,24184,11,1,0,11
32006,21938,11,2,0,11
32006,22935,11,3,0,11
32006,34887,11,4,0,11
32006,13111,11,5,0,11
32006,6281,11,6,0,11
32006,32476,11,7,0,11
32006,22795,11,8,0,11
32006,47324,11,9,0,11
32006,8193,11,10,0,11
32006,9387,11,11,0,11
32006,45066,11,12,0,11
33979,31506,12,1,0,12
33979,22935,12,2,0,12
33979,24964,12,3,0,12
33979,30480,12,4,0,12
33979,1643,12,5,0,12
33979,44334,12,6,0,12
33979,31717,12,7,0,12
33979,38140,12,8,1,12
33979,47492,12,9,0,12
38022,36695,13,1,1,13
38022,30098,13,2,1,13
38022,11140,13,3,1,13
38022,24964,13,4,1,13
38022,47734,13,5,1,13
38022,3583,13,6,1,13
39167,38777,14,1,1,14
39167,24838,14,2,1,14
39167,17794,14,3,0,14
39167,34590,14,4,0,14
39167,22935,14,5,1,14
39167,8277,14,6,1,14
39167,24852,14,7,1,14
39167,21903,14,8,1,14
39167,39877,14,9,1,14
41118,38226,15,1,0,15
41118,11777,15,2,0,15
43015,47912,16,1,1,16
43015,19660,16,2,1,16
43015,13176,16,3,1,16
43015,26131,16,4,1,16
43015,18465,16,5,1,16
43015,8309,16,6,1,16
43015,28465,16,7,1,16
43015,17468,16,8,0,16
43015,8490,16,9,1,16
43015,27845,16,10,1,16
43015,20400,16,11,0,16
43015,13885,16,12,0,16
43015,5450,16,13,0,16
43015,15462,16,14,1,16
43015,8193,16,15,0,16
43015,23801,16,16,0,16
43015,7411,16,17,0,16
43015,46900,16,18,0,16
43015,10221,16,19,0,16
43015,7628,16,20,0,16
43015,12283,16,21,0,16
43015,31557,16,22,1,16
53797,31506,17,1,1,17
53797,44008,17,2,0,17
53797,6104,17,3,1,17
53797,8424,17,4,1,17
53797,31915,17,5,1,17
53797,47630,17,6,1,17
62737,35143,18,1,0,18
62737,12013,18,2,0,18
62737,46145,18,3,0,18
62737,47759,18,4,0,18
62737,41272,18,5,0,18
70602,5646,19,1,0,19
70602,9339,19,2,0,19
70602,18234,19,3,0,19
70602,31717,19,4,0,19
70602,48023,19,5,0,19
70602,40723,19,6,0,19
70692,8277,20,1,0,20
70692,45007,20,2,1,20
70692,21137,20,3,0,20
70692,47209,20,4,1,20
70692,34230,20,5,1,20
70692,8053,20,6,1,20
70692,27521,20,7,1,20
70864,46979,21,1,0,21
70864,38383,21,2,0,21
70864,28986,21,3,1,21
70864,30391,21,4,1,21
70864,37687,21,5,0,21
70864,38266,21,6,1,21
70864,4799,21,7,1,21
70864,24184,21,8,1,21
70864,12891,21,9,1,21
77811,2707,22,1,0,22
77811,33351,22,2,0,22
77811,19051,22,3,1,22
77811,41844,22,4,1,22
77811,432,22,5,0,22
77811,36170,22,6,0,22
77811,47284,22,7,0,22
83592,41950,23,1,1,23
83592,24852,23,2,1,23
83592,49478,23,3,1,23
83592,47766,23,4,1,23
83592,28985,23,5,1,23
83592,49435,23,6,1,23
83592,11182,23,7,0,23
83592,29127,23,8,1,23
83592,26949,23,9,1,23
83592,26209,23,10,1,23
83592,21527,23,11,1,23
83592,13083,23,12,1,23
83592,37022,23,13,1,23
83592,41065,23,14,1,23
83592,37646,23,15,1,23
83592,21405,23,16,1,23
83592,13629,23,17,1,23
83592,39928,23,18,1,23
83592,47626,23,19,1,23
83592,1577,23,20,1,23
83592,35921,23,21,1,23
83592,581,23,22,0,23
83592,30489,23,23,1,23
83592,1994,23,24,1,23
83592,25919,23,25,1,23
83592,46969,23,26,0,23
83592,28199,23,27,1,23
83592,2228,23,28,0,23
83592,28769,23,29,0,23
83592,11789,23,30,0,23
83592,44628,23,31,0,23
101910,45535,24,1,1,24
101910,44359,24,2,1,24
101910,626,24,3,1,24
101910,17720,24,4,1,24
101910,22935,24,5,1,24
107991,47119,25,1,1,25
107991,33741,25,2,1,25
107991,14126,25,3,1,25
107991,33401,25,4,1,25
107991,329,25,5,1,25
107991,45633,25,6,1,25
107991,4920,25,7,1,25
107991,21137,25,8,1,25
113285,13598,26,1,1,26
113285,24852,26,2,1,26
113285,48679,26,3,0,26
113285,5450,26,4,0,26
113285,21903,26,5,0,26
117875,35715,27,1,0,27
117875,22270,27,2,0,27
117875,29598,27,3,0,27
117875,45537,27,4,0,27
117875,3330,27,5,0,27
117875,36968,27,6,0,27
117875,20906,27,7,0,27
117875,34134,27,8,0,27
117875,31469,27,9,0,27
120723,31717,28,1,1,28
120723,26209,28,2,1,28
120723,8518,28,3,1,28
120723,31562,28,4,0,28
120723,27966,28,5,1,28
120723,13776,28,6,0,28
121521,19702,29,1,1,29
121521,42719,29,2,1,29
121521,26604,29,3,1,29
121521,27744,29,4,1,29
121521,36550,29,5,0,29
121521,46665,29,6,0,29
121521,32622,29,7,0,29
121848,32403,30,1,1,30
121848,23909,30,2,1,30
121848,36978,30,3,1,30
121848,9007,30,4,1,30
121848,14165,30,5,1,30
121848,4137,30,6,1,30
121848,21100,30,7,1,30
121848,29443,30,8,1,30
121848,33331,30,9,1,30
121848,13245,30,10,0,30
132908,24850,31,1,0,31
132908,35782,31,2,1,31
132908,24852,31,3,1,31
132908,49683,31,4,1,31
132908,13383,31,5,1,31
132908,47626,31,6,1,31
132908,9515,31,7,1,31
132908,22963,31,8,0,31
132908,12384,31,9,1,31
132908,16797,31,10,1,31
132908,13629,31,11,0,31
132908,15995,31,12,0,31
132908,42736,31,13,1,31
132908,49610,31,14,1,31
132908,46906,31,15,1,31
132908,14778,31,16,1,31
132908,33825,31,17,0,31
132908,27845,31,18,1,31
132908,17600,31,19,1,31
132908,24830,31,20,0,31
132908,40708,31,21,0,31
132908,44987,31,22,0,31
132908,34126,31,23,0,31
132908,15937,31,24,0,31
132908,42243,31,25,0,31
132908,24622,31,26,0,31
132908,5652,31,27,0,31
132908,34448,31,28,0,31
132908,26620,31,29,0,31
140712,17482,32,1,0,32
141265,42193,33,1,0,33
141265,11777,33,2,0,33
141265,24852,33,3,0,33
141265,25138,33,4,0,33
141265,20082,33,5,0,33
141265,45774,33,6,0,33
141265,11143,33,7,0,33
141265,41999,33,8,0,33
141265,45645,33,9,0,33
141265,5322,33,10,0,33
141265,38656,33,11,0,33
141265,8277,33,12,0,33
141265,42817,33,13,0,33
141265,8671,33,14,0,33
141265,38414,33,15,0,33
141265,23774,33,16,0,33
142909,12745,34,1,1,34
142909,31640,34,2,1,34
142909,21137,34,3,0,34
142909,21961,34,4,0,34
142909,38293,34,5,0,34
142909,41793,34,6,0,34
142909,21903,34,7,1,34
142909,21791,34,8,0,34
142909,37335,34,9,0,34
142909,38689,34,10,0,34
142909,8277,34,11,0,34
142909,13730,34,12,0,34
142909,36735,34,13,1,34
142909,6972,34,14,0,34
142909,21393,34,15,0,34
142909,8088,34,16,0,34
142909,22935,34,17,0,34
142909,47766,34,18,0,34
142909,44418,34,19,0,34
142909,21938,34,20,0,34
142909,10749,34,21,0,34
142909,15290,34,22,0,34
142909,26620,34,23,0,34
142909,7021,34,24,0,34
142909,3957,34,25,1,34
142909,2658,34,26,0,34
144072,22888,35,1,0,35
144072,46906,35,2,1,35
144072,24024,35,3,1,35
145286,39877,36,1,0,36
145286,37646,36,2,0,36
145286,26209,36,3,0,36
145286,18880,36,4,0,36
145286,10537,36,5,1,36
145286,21903,36,6,1,36
145286,27104,36,7,1,36
145286,28842,36,8,0,36
145286,8518,36,9,0,36
145286,20114,36,10,0,36
145286,32537,36,11,0,36
149223,46979,37,1,0,37
149223,16759,37,2,0,37
149223,27966,37,3,0,37
149223,48825,37,4,0,37
149223,5825,37,5,0,37
149223,37886,37,6,0,37
149223,12440,37,7,0,37
149223,46025,37,8,0,37
149223,44923,37,9,0,37
149223,39251,37,10,0,37
151462,24852,38,1,1,38
151462,43352,38,2,1,38
151462,26604,38,3,1,38
151462,33120,38,4,1,38
151462,16083,38,5,1,38
151462,17568,38,6,0,38
151462,28985,38,7,1,38
151462,47626,38,8,1,38
151462,34688,38,9,1,38
151462,14084,38,10,1,38
151462,3896,38,11,1,38
151462,10912,38,12,0,38
151462,26915,38,13,0,38
151462,25527,38,14,0,38
151462,31288,38,15,0,38
151462,12745,38,16,0,38
151462,11737,38,17,0,38
151462,8277,38,18,1,38
151462,20520,38,19,1,38
151462,28842,38,20,1,38
151462,42701,38,21,1,38
154753,16349,39,1,1,39
154753,22935,39,2,1,39
154753,13176,39,3,1,39
154753,40251,39,4,0,39
154753,23400,39,5,0,39
154753,45748,39,6,0,39
154753,40913,39,7,0,39
154753,27966,39,8,0,39
154753,21137,39,9,0,39
154753,28899,39,10,1,39
154753,19886,39,11,1,39
154753,48908,39,12,0,39
154753,14684,39,13,0,39
154753,900,39,14,0,39
154753,24765,39,15,0,39
154753,1322,39,16,0,39
154753,15941,39,17,0,39
154753,47325,39,18,0,39
154753,6873,39,19,1,39
155390,20842,40,1,1,40
155390,3374,40,2,0,40
155390,34487,40,3,1,40
155390,42888,40,4,1,40
155390,4210,40,5,1,40
155390,23909,40,6,1,40
155390,21158,40,7,1,40
155390,47950,40,8,0,40
155390,43690,40,9,1,40
155390,18966,40,10,0,40
155390,100,40,11,1,40
155866,42943,41,1,0,41
155866,44355,41,2,0,41
155866,6416,41,3,0,41
155866,25945,41,4,0,41
155866,33787,41,5,0,41
155866,33698,41,6,0,41
155866,15522,41,7,0,41
155866,6507,41,8,0,41
155866,22782,41,9,0,41
155866,33754,41,10,0,41
155866,9901,41,11,0,41
156189,21137,42,1,1,42
156189,8048,42,2,0,42
156189,14979,42,3,0,42
157485,11005,43,1,0,43
157485,21560,43,2,0,43
157485,13852,43,3,1,43
158860,43920,44,1,0,44
158860,47766,44,2,1,44
158860,42265,44,3,0,44
158860,781,44,4,0,44
158860,26317,44,5,0,44
158860,5883,44,6,0,44
159327,10749,45,1,1,45
159327,43662,45,2,1,45
159327,13263,45,3,1,45
159327,21077,45,4,1,45
159327,22935,45,5,1,45
159327,12614,45,6,1,45
159327,46505,45,7,1,45
159327,25890,45,8,1,45
159327,16759,45,9,1,45
159327,14992,45,10,0,45
159327,5991,45,11,0,45
159341,27845,46,1,1,46
159341,24852,46,2,1,46
159341,16521,46,3,1,46
159341,4421,46,4,1,46
162871,41787,47,1,1,47
162871,40825,47,2,1,47
162871,44614,47,3,1,47
162871,37405,47,4,1,47
162871,13033,47,5,1,47
162871,27356,47,6,1,47
173772,45774,48,1,0,48
173772,11143,48,2,0,48
173772,48186,48,3,0,48
173772,22395,48,4,0,48
173772,7863,48,5,0,48
173772,16083,48,6,0,48
173772,17872,48,7,1,48
173772,5479,48,8,1,48
173772,45356,48,9,1,48
173772,39947,48,10,1,48
173772,20113,48,11,1,48
173772,19677,48,12,1,48
173772,8467,48,13,1,48
173772,13176,48,14,0,48
173772,41787,48,15,1,48
174059,41661,49,1,0,49
174059,22819,49,2,0,49
174059,13772,49,3,0,49
174059,35921,49,4,0,49
174059,36070,49,5,0,49
174059,32429,49,6,0,49
174059,22556,49,7,0,49
174059,1408,49,8,0,49
174059,46147,49,9,0,49
174059,40898,49,10,0,49
174059,35601,49,11,0,49
174059,28609,49,12,0,49
174059,43568,49,13,0,49
174059,26769,49,14,0,49
183308,31778,50,1,1,50
183308,27549,50,2,1,50
183308,7644,50,3,1,50
183308,20654,50,4,1,50
183308,44830,50,5,1,50
183308,28204,50,6,1,50
183308,40190,50,7,1,50
183308,10439,50,8,0,50
184424,34746,51,1,1,51
184424,3765,51,2,1,51
184424,3560,51,3,1,51
184424,2778,51,4,1,51
184424,33050,51,5,1,51
184424,28427,51,6,1,51
184424,23744,51,7,1,51
184424,5818,51,8,1,51
185308,24512,52,1,0,52
185308,44142,52,2,1,52
185308,20691,52,3,0,52
185308,17108,52,4,0,52
185308,4853,52,5,0,52
185308,34358,52,6,0,52
185308,13536,52,7,1,52
185308,22144,52,8,0,52
185308,14617,52,9,0,52
185308,24235,52,10,0,52
185308,28928,52,11,1,52
185308,49395,52,12,1,52
196467,25461,53,1,0,53
196467,20468,53,2,1,53
196467,24391,53,3,1,53
196467,21146,53,4,1,53
196467,23182,53,5,1,53
196467,39959,53,6,1,53
196467,39434,53,7,1,53
196467,6195,53,8,1,53
196467,45429,53,9,1,53
196467,23700,53,10,1,53
196467,49409,53,11,1,53
196467,7785,53,12,1,53
197502,40852,54,1,1,54
197502,22899,54,2,1,54
197729,16797,55,1,1,55
197729,12572,55,2,1,55
197729,49235,55,3,0,55
197729,11046,55,4,0,55
197729,21903,55,5,1,55
197729,5965,55,6,0,55
199461,21137,56,1,0,56
199461,13176,56,2,0,56
199461,36011,56,3,0,56
199461,42265,56,4,0,56
199461,35951,56,5,0,56
199461,44008,56,6,0,56
199461,38293,56,7,0,56
199461,19508,56,8,0,56
199461,43772,56,9,0,56
199461,28851,56,10,0,56
199461,30489,56,11,0,56
199461,10912,56,12,0,56
199461,46906,56,13,0,56
199461,27323,56,14,0,56
199461,5077,56,15,0,56
199461,4138,56,16,0,56
199461,694,56,17,0,56
199461,27966,56,18,0,56
201976,27845,57,1,0,57
201976,27966,57,2,0,57
201976,26604,57,3,0,57
201976,12703,57,4,0,57
201976,20632,57,5,0,57
201976,19049,57,6,0,57
201976,13176,57,7,0,57
201976,45007,57,8,0,57
201976,34126,57,9,0,57
201976,40363,57,10,1,57
201976,38777,57,11,0,57
201976,34584,57,12,0,57
201976,4957,57,13,1,57
201976,33754,57,14,1,57
201976,18523,57,15,1,57
201976,33787,57,16,1,57
201976,24489,57,17,0,57
201976,38159,57,18,0,57
202728,22935,58,1,1,58
202728,22474,58,2,1,58
202728,24184,58,3,1,58
202728,5025,58,4,1,58
202728,18288,58,5,1,58
203040,47766,59,1,1,59
203040,12699,59,2,1,59
203040,28204,59,3,1,59
203040,46654,59,4,1,59
203040,21903,59,5,1,59
203040,46906,59,6,1,59
207957,13176,60,1,1,60
207957,31720,60,2,1,60
207957,23029,60,3,0,60
212427,32239,61,1,1,61
212427,35181,61,2,1,61
212427,20738,61,3,1,61
212427,42403,61,4,1,61
212427,5422,61,5,1,61
212427,27020,61,6,1,61
212427,5884,61,7,1,61
212427,27086,61,8,1,61
212427,40028,61,9,1,61
212427,9387,61,10,1,61
212427,21333,61,11,1,61
218020,24852,62,1,1,62
218020,42803,62,2,1,62
218020,19348,62,3,1,62
218020,38618,62,4,1,62
218020,43662,62,5,1,62
218020,12896,62,6,1,62
218020,22620,62,7,1,62
218020,24985,62,8,1,62
218020,14870,62,9,1,62
218643,13176,63,1,1,63
218643,16083,63,2,1,63
218643,14947,63,3,1,63
218643,21137,63,4,1,63
218643,43352,63,5,1,63
218643,21405,63,6,1,63
218643,4920,63,7,1,63
218643,47209,63,8,1,63
218643,26604,63,9,1,63
218643,6489,63,10,1,63
218643,35939,63,11,1,63
218643,22825,63,12,1,63
218643,45066,63,13,1,63
218643,41874,63,14,1,63
218643,41658,63,15,1,63
221299,48628,64,1,1,64
221299,2091,64,2,1,64
221299,38689,64,3,1,64
221299,33373,64,4,0,64
221299,30561,64,5,1,64
221299,34,64,6,1,64
221299,30489,64,7,1,64
221299,27104,64,8,1,64
221299,10621,64,9,0,64
221299,9839,64,10,0,64
221299,38419,64,11,0,64
221299,12872,64,12,1,64
233299,6194,65,1,0,65
233299,35,65,2,1,65
235389,24852,66,1,1,66
235389,28204,66,2,1,66
235389,43352,66,3,1,66
235389,36186,66,4,1,66
235389,28299,66,5,1,66
235389,26604,66,6,1,66
235389,12875,66,7,1,66
235389,12914,66,8,1,66
235389,46041,66,9,1,66
235389,12456,66,10,0,66
235389,21936,66,11,1,66
235389,35042,66,12,0,66
235389,16997,66,13,0,66
235389,5450,66,14,1,66
235389,10255,66,15,1,66
235389,1148,66,16,1,66
235389,1181,66,17,1,66
235389,48426,66,18,0,66
235389,32538,66,19,0,66
239789,48577,67,1,0,67
239789,44233,67,2,0,67
239789,30480,67,3,1,67
239789,34939,67,4,0,67
239789,44142,67,5,0,67
239789,37687,67,6,1,67
239789,5240,67,7,1,67
239789,39279,67,8,1,67
239789,32691,67,9,1,67
239789,32959,67,10,1,67
239789,34126,67,11,1,67
239789,13984,67,12,1,67
239789,34530,67,13,1,67
239789,41950,67,14,1,67
239789,36550,67,15,1,67
239952,24363,68,1,1,68
239952,20542,68,2,1,68
239952,45007,68,3,0,68
239952,8518,68,4,0,68
239952,42625,68,5,0,68
239952,40604,68,6,0,68
239952,22312,68,7,0,68
240080,6765,69,1,0,69
240080,19393,69,2,0,69
240080,30450,69,3,1,69
240080,29627,69,4,1,69
240080,25010,69,5,1,69
240080,2078,69,6,1,69
247216,23044,70,1,1,70
247216,5101,70,2,1,70
247216,14992,70,3,1,70
247216,17329,70,4,0,70
247216,21278,70,5,1,70
247216,44014,70,6,1,70
247216,10492,70,7,1,70
247216,31471,70,8,1,70
247216,48984,70,9,0,70
247736,22620,71,1,1,71
247736,14464,71,2,1,71
247736,21005,71,3,0,71
247736,17022,71,4,0,71
247736,49363,71,5,1,71
247736,45483,71,6,1,71
247736,20268,71,7,1,71
247736,9340,71,8,1,71
247736,10145,71,9,0,71
247736,9176,71,10,0,71
247736,215,71,11,0,71
247736,7547,71,12,0,71
247736,6142,71,13,1,71
248383,30027,72,1,0,72
248383,27521,72,2,0,72
248383,45741,72,3,1,72
248383,27845,72,4,1,72
248383,30881,72,5,1,72
248383,30233,72,6,1,72
248383,2314,72,7,1,72
248383,46650,72,8,1,72
250605,20842,73,1,1,73
250605,21137,73,2,1,73
250605,43101,73,3,1,73
250605,36869,73,4,0,73
250605,27966,73,5,1,73
250605,36606,73,6,1,73
250605,42342,73,7,1,73
250605,30489,73,8,1,73
250605,2269,73,9,1,73
252562,35221,74,1,0,74
252562,47766,74,2,1,74
252562,43073,74,3,0,74
252562,8138,74,4,0,74
252562,45,74,5,0,74
252562,44142,74,6,0,74
252562,49533,74,7,0,74
252562,14633,74,8,0,74
252562,5764,74,9,1,74
252562,8424,74,10,0,74
252562,34496,74,11,0,74
252562,43908,74,12,0,74
252562,45007,74,13,0,74
257640,24852,75,1,1,75
257640,6015,75,2,1,75
257640,5428,75,3,1,75
257640,23650,75,4,1,75
257640,3957,75,5,1,75
257640,5876,75,6,1,75
269056,2974,76,1,1,76
269056,41290,76,2,1,76
269056,45037,76,3,1,76
285575,19820,77,1,0,77
285575,14877,77,2,0,77
285575,2639,77,3,0,77
285575,34503,77,4,1,77
285575,4614,77,5,1,77
285575,36011,77,6,1,77
285575,9076,77,7,1,77
285575,3919,77,8,1,77
285906,28204,78,1,1,78
285906,39107,78,2,0,78
285906,24852,78,3,1,78
286608,21137,79,1,1,79
286608,14466,79,2,1,79
286608,13176,79,3,1,79
286608,1374,79,4,1,79
286608,9955,79,5,1,79
286608,43858,79,6,1,79
286608,446,79,7,1,79
286608,43086,79,8,1,79
286608,30391,79,9,1,79
286608,49383,79,10,1,79
286608,34126,79,11,1,79
286608,19057,79,12,1,79
286608,39928,79,13,0,79
286608,39877,79,14,1,79
286608,22825,79,15,1,79
286608,36082,79,16,0,79
286608,8277,79,17,1,79
286608,20995,79,18,1,79
286608,12456,79,19,1,79
286608,43760,79,20,1,79
286608,33569,79,21,1,79
286608,45063,79,22,0,79
286608,31225,79,23,1,79
286608,45633,79,24,1,79
286608,27509,79,25,0,79
286608,49175,79,26,1,79
286608,20113,79,27,1,79
286608,216,79,28,0,79
286608,13524,79,29,1,79
286608,8174,79,30,0,79
286608,32177,79,31,0,79
287281,10385,80,1,1,80
287281,27966,80,2,1,80
287281,23165,80,3,1,80
287281,9595,80,4,1,80
287281,20186,80,5,0,80
287281,9267,80,6,0,80
300780,21903,81,1,1,81
300780,38026,81,2,1,81
300780,22825,81,3,1,81
300780,28204,81,4,1,81
300780,10912,81,5,1,81
300780,43129,81,6,1,81
300780,5785,81,7,1,81
300780,6948,81,8,1,81
300780,4962,81,9,0,81
300780,10125,81,10,1,81
300780,16797,81,11,0,81
307257,45603,82,1,1,82
307257,40706,82,2,1,82
307257,11520,82,3,0,82
307257,22632,82,4,0,82
307257,18567,82,5,0,82
307257,27086,82,6,0,82
307257,39029,82,7,0,82
307257,22372,82,8,0,82
309367,8277,83,1,1,83
309367,35595,83,2,1,83
309367,21137,83,3,0,83
309367,35907,83,4,1,83
309367,2086,83,5,1,83
309367,17281,83,6,1,83
309367,43768,83,7,0,83
315871,43876,84,1,0,84
315871,21368,84,2,0,84
315871,49381,84,3,0,84
315871,34450,84,4,0,84
315871,12195,84,5,0,84
315871,11597,84,6,1,84
315871,49267,84,7,0,84
315871,11210,84,8,0,84
315871,44142,84,9,1,84
315871,48697,84,10,0,84
315871,32624,84,11,1,84
315871,13780,84,12,1,84
315871,24271,84,13,0,84
324340,16168,85,1,1,85
324340,21372,85,2,1,85
324340,18998,85,3,1,85
324340,38884,85,4,0,85
324340,39803,85,5,0,85
324340,26767,85,6,0,85
324340,33198,85,7,1,85
331587,42556,86,1,0,86
331587,41519,86,2,0,86
331587,36956,86,3,0,86
337625,13249,87,1,1,87
337625,15599,87,2,0,87
337625,22000,87,3,0,87
337625,27360,87,4,0,87
337625,24852,87,5,1,87
337625,38739,87,6,1,87
338829,44422,88,1,0,88
338829,21616,88,2,0,88
338829,14084,88,3,1,88
338829,21903,88,4,0,88
345196,45066,89,1,1,89
345196,40516,89,2,0,89
345196,45570,89,3,1,89
345196,25527,89,4,1,89
345196,30135,89,5,1,89
345196,16797,89,6,1,89
345196,21252,89,7,1,89
345196,40852,89,8,1,89
345196,44422,89,9,1,89
345196,23375,89,10,1,89
345196,2476,89,11,0,89
345196,39662,89,12,0,89
347394,29447,90,1,1,90
347394,36724,90,2,1,90
347394,49247,90,3,1,90
347394,19182,90,4,1,90
347394,37646,90,5,1,90
347394,16254,90,6,1,90
347394,3330,90,7,1,90
347394,27156,90,8,1,90
347394,4656,90,9,1,90
347394,781,90,10,0,90
347394,37193,90,11,0,90
347394,3376,90,12,0,90
347394,3896,90,13,0,90
347394,42110,90,14,0,90
360186,5077,91,1,0,91
360186,24852,91,2,0,91
360186,30233,91,3,0,91
360186,15613,91,4,0,91
360186,32566,91,5,0,91
360186,6052,91,6,0,91
360186,9018,91,7,0,91
360186,41220,91,8,0,91
360186,26369,91,9,0,91
360186,1263,91,10,0,91
360186,35221,91,11,0,91
360186,29603,91,12,0,91
360186,49340,91,13,0,91
361352,14705,92,1,1,92
361352,1399,92,2,1,92
361352,32085,92,3,1,92
361352,20561,92,4,1,92
361352,7781,92,5,1,92
361352,12817,92,6,1,92
361352,39041,92,7,1,92
361352,7648,92,8,1,92
361352,17807,92,9,1,92
361352,17080,92,10,0,92
361352,40174,92,11,0,92
361352,16953,92,12,1,92
365775,19660,93,1,1,93
365775,39275,93,2,1,93
365775,22362,93,3,1,93
365775,46061,93,4,0,93
368948,12341,94,1,1,94
368948,10258,94,2,1,94
371733,2915,95,1,1,95
371733,1826,95,2,1,95
371733,35458,95,3,1,95
371733,19368,95,4,1,95
371733,16871,95,5,1,95
371733,24852,95,6,1,95
371733,41276,95,7,1,95
376436,34350,96,1,0,96
376436,43091,96,2,0,96
376436,36310,96,3,1,96
376436,43986,96,4,1,96
376436,21553,96,5,1,96
376436,21296,96,6,1,96
376436,26806,96,7,1,96
376436,35321,96,8,1,96
377052,11576,97,1,0,97
377052,11651,97,2,1,97
377052,22008,97,3,0,97
377052,5150,97,4,1,97
377052,8230,97,5,0,97
377052,30627,97,6,0,97
377052,546,97,7,0,97
377052,16840,97,8,0,97
377052,18829,97,9,0,97
377052,8123,97,10,0,97
380593,37067,98,1,0,98
380593,5161,98,2,0,98
380593,27845,98,3,0,98
380593,27966,98,4,0,98
380593,14491,98,5,0,98
380593,22210,98,6,0,98
380593,38985,98,7,0,98
380593,12492,98,8,0,98
380593,30529,98,9,0,98
380593,46807,98,10,0,98
380593,6541,98,11,0,98
380593,32647,98,12,0,98
380593,32831,98,13,0,98
380593,17579,98,14,0,98
380593,29544,98,15,0,98
380593,25949,98,16,0,98
380593,16185,98,17,0,98
380593,5456,98,18,0,98
380593,38274,98,19,0,98
380593,21137,98,20,0,98
380593,28985,98,21,0,98
391827,21909,99,1,0,99
391827,27470,99,2,0,99
391827,24852,99,3,0,99
391827,9582,99,4,0,99
391827,34262,99,5,0,99
391827,23020,99,6,0,99
391827,35221,99,7,0,99
391827,37709,99,8,0,99
391827,5737,99,9,0,99
391827,27829,99,10,0,99
391827,36724,99,11,0,99
391827,37158,99,12,0,99
391827,23952,99,13,0,99
391827,39275,99,14,0,99
391827,24159,99,15,0,99
391827,28058,99,16,0,99
392547,13575,100,1,1,100
392547,16797,100,2,1,100
392547,21292,100,3,1,100
394934,47626,101,1,0,101
394934,44632,101,2,1,101
394934,35221,101,3,1,101
394934,26620,101,4,1,101
394934,39947,101,5,1,101
394934,18362,101,6,1,101
394934,45123,101,7,1,101
400362,2855,102,1,1,102
400362,13078,102,2,1,102
404046,27796,103,1,0,103
404046,14147,103,2,0,103
404046,13988,103,3,0,103
404046,5991,103,4,0,103
404046,34953,103,5,1,103
404046,40542,103,6,1,103
404046,21010,103,7,0,103
404046,34287,103,8,0,103
404046,30021,103,9,0,103
405198,35547,104,1,1,104
405198,19057,104,2,1,104
405198,39928,104,3,1,104
405198,40706,104,4,1,104
405198,21137,104,5,1,104
405198,46654,104,6,1,104
405198,45007,104,7,1,104
405198,3952,104,8,1,104
405198,30391,104,9,0,104
405198,22935,104,10,1,104
405198,5450,104,11,0,104
405198,13629,104,12,1,104
405198,11782,104,13,1,104
405198,31557,104,14,1,104
405198,4799,104,15,0,104
407127,17400,105,1,0,105
407127,40516,105,2,0,105
407127,10246,105,3,0,105
407127,7559,105,4,0,105
407127,13431,105,5,0,105
407127,21417,105,6,0,105
407127,4473,105,7,0,105
407127,7456,105,8,0,105
407127,21405,105,9,0,105
407127,31717,105,10,0,105
407127,26209,105,11,0,105
407127,12748,105,12,0,105
407127,47209,105,13,0,105
407127,16797,105,14,0,105
408059,24852,106,1,1,106
408059,33159,106,2,0,106
408059,39581,106,3,1,106
409367,47626,107,1,1,107
409367,7628,107,2,0,107
409367,29118,107,3,0,107
409367,49284,107,4,0,107
409367,13780,107,5,0,107
412674,38374,108,1,0,108
412674,24367,108,2,0,108
412674,20144,108,3,0,108
412674,3765,108,4,0,108
412717,29603,109,1,1,109
412717,24852,109,2,1,109
412717,11777,109,3,1,109
412717,32864,109,4,1,109
412717,32734,109,5,0,109
412717,12464,109,6,1,109
412717,21955,109,7,0,109
412717,38508,109,8,1,109
412717,33055,109,9,1,109
412717,16797,109,10,1,109
415180,8954,110,1,0,110
415180,9804,110,2,0,110
415180,14328,110,3,0,110
415180,19532,110,4,0,110
415180,25132,110,5,0,110
415180,32338,110,6,0,110
415180,47626,110,7,0,110
416252,13176,111,1,0,111
416252,11941,111,2,0,111
416252,23339,111,3,0,111
416252,24561,111,4,0,111
416252,32239,111,5,0,111
416252,42736,111,6,0,111
416252,7175,111,7,0,111
416252,5750,111,8,0,111
416252,47209,111,9,0,111
416252,26497,111,10,0,111
416252,15290,111,11,0,111
416252,47626,111,12,0,111
416252,6758,111,13,0,111
416252,43803,111,14,0,111
416252,13870,111,15,0,111
416252,18721,111,16,0,111
416252,38508,111,17,0,111
416252,41860,111,18,0,111
416252,11383,111,19,0,111
416252,41665,111,20,0,111
416252,20985,111,21,0,111
416252,42637,111,22,0,111
416252,24799,111,23,0,111
416252,28465,111,24,0,111
416252,43662,111,25,0,111
416252,32429,111,26,0,111
416252,3265,111,27,0,111
417493,44310,112,1,1,112
417493,20081,112,2,1,112
417493,21616,112,3,1,112
417493,4472,112,4,1,112
417493,9138,112,5,1,112
417493,40396,112,6,1,112
417493,16570,112,7,1,112
417493,5212,112,8,1,112
417493,27695,112,9,1,112
418140,11198,113,1,0,113
418140,8988,113,2,0,113
418140,1446,113,3,0,113
418140,742,113,4,0,113
418140,22035,113,5,1,113
418140,42694,113,6,1,113
418140,4920,113,7,1,113
418140,13176,113,8,1,113
418140,41290,113,9,1,113
426061,42305,114,1,1,114
426061,35284,114,2,1,114
426061,14674,114,3,1,114
426061,9175,114,4,1,114
426061,22043,114,5,1,114
426061,17932,114,6,0,114
426715,42184,115,1,1,115
426715,9547,115,2,1,115
426715,43133,115,3,0,115
426715,12506,115,4,0,115
426715,47631,115,5,0,115
426715,29657,115,6,1,115
426715,16177,115,7,0,115
426715,1498,115,8,0,115
426715,40674,115,9,0,115
428708,37067,116,1,0,116
428708,10749,116,2,1,116
428708,31717,116,3,1,116
428708,49,116,4,1,116
431577,5181,117,1,0,117
434026,44389,118,1,0,118
434026,30480,118,2,0,118
434026,8670,118,3,0,118
434026,5077,118,4,0,118
434026,12144,118,5,1,118
434026,47119,118,6,0,118
434026,39966,118,7,0,118
434026,17794,118,8,0,118
434026,26985,118,9,0,118
434026,24852,118,10,1,118
434026,33754,118,11,0,118
434026,3905,118,12,0,118
434026,40709,118,13,0,118
434026,11461,118,14,0,118
434026,44632,118,15,0,118
434026,48222,118,16,0,118
434026,26384,118,17,1,118
434026,42964,118,18,0,118
434026,17600,118,19,0,118
438131,33636,119,1,0,119
438131,9839,119,2,0,119
438131,5876,119,3,1,119
438131,24236,119,4,1,119
438131,27104,119,5,1,119
438131,48679,119,6,1,119
438131,48595,119,7,1,119
438131,24964,119,8,1,119
438131,47209,119,9,1,119
438131,13176,119,10,1,119
438131,8277,119,11,1,119
438131,11821,119,12,1,119
438131,30489,119,13,1,119
438131,22035,119,14,1,119
438131,18656,119,15,1,119
438131,651,119,16,1,119
438131,36339,119,17,1,119
438131,41437,119,18,1,119
438131,31927,119,19,1,119
438131,26282,119,20,1,119
438131,2535,119,21,1,119
442159,47766,120,1,0,120
442159,3464,120,2,1,120
442159,19759,120,3,0,120
442159,38273,120,4,0,120
442159,35951,120,5,1,120
444511,36808,121,1,0,121
444511,27240,121,2,0,121
444511,5259,121,3,1,121
444511,1176,121,4,0,121
444511,30197,121,5,1,121
444511,3185,121,6,0,121
444511,38146,121,7,1,121
444511,32700,121,8,0,121
444511,15290,121,9,1,121
444511,14992,121,10,0,121
444511,44161,121,11,0,121
444511,48246,121,12,1,121
444511,20282,121,13,0,121
444511,29346,121,14,0,121
445620,37646,122,1,1,122
445620,27845,122,2,1,122
445620,46969,122,3,1,122
445620,37464,122,4,0,122
445620,10017,122,5,0,122
445620,42265,122,6,0,122
445620,25588,122,7,1,122
445620,260,122,8,1,122
445620,42380,122,9,0,122
445620,17170,122,10,0,122
445620,44449,122,11,0,122
452763,28985,123,1,1,123
452763,24852,123,2,1,123
452763,21137,123,3,1,123
452763,21405,123,4,1,123
452763,36164,123,5,1,123
452763,42625,123,6,0,123
452763,45007,123,7,0,123
452763,8518,123,8,1,123
452763,5450,123,9,0,123
452763,47672,123,10,0,123
452763,23029,123,11,0,123
452763,35263,123,12,0,123
452763,33602,123,13,0,123
452763,48745,123,14,0,123
452763,38164,123,15,0,123
452763,7223,123,16,1,123
452763,6510,123,17,0,123
452763,8021,123,18,1,123
454616,49010,124,1,0,124
454616,40310,124,2,0,124
454616,42356,124,3,0,124
454616,25601,124,4,0,124
454616,8195,124,5,0,124
454616,48898,124,6,0,124
454616,383,124,7,0,124
454616,41381,124,8,0,124
454616,35336,124,9,0,124
454616,21225,124,10,0,124
454616,5445,124,11,0,124
454616,15153,124,12,0,124
454616,49610,124,13,0,124
457992,17794,125,1,1,125
457992,28058,125,2,1,125
457992,38419,125,3,1,125
457992,34126,125,4,1,125
457992,27966,125,5,1,125
458149,21903,126,1,0,126
458149,47144,126,2,1,126
458149,24852,126,3,1,126
458149,30169,126,4,1,126
458149,36856,126,5,1,126
458149,32177,126,6,0,126
458149,13984,126,7,1,126
458149,7179,126,8,1,126
458149,43961,126,9,0,126
458149,29662,126,10,1,126
458149,5612,126,11,0,126
458149,46979,126,12,1,126
461386,22035,127,1,1,127
461386,2326,127,2,0,127
461386,49235,127,3,1,127
461386,21137,127,4,1,127
461386,26856,127,5,1,127
461386,41540,127,6,0,127
461386,39928,127,7,1,127
461386,27845,127,8,0,127
461386,5450,127,9,1,127
461386,7870,127,10,0,127
461386,47672,127,11,0,127
461386,31927,127,12,1,127
461386,43713,127,13,0,127
461386,5959,127,14,0,127
461386,45633,127,15,1,127
461386,48442,127,16,0,127
461386,40396,127,17,1,127
461386,33043,127,18,1,127
461386,46686,127,19,0,127
461386,9092,127,20,1,127
461386,47792,127,21,0,127
461386,9265,127,22,1,127
461386,42356,127,23,0,127
461386,9019,127,24,1,127
461386,13730,127,25,0,127
461386,20631,127,26,0,127
461386,34745,127,27,0,127
461386,5114,127,28,1,127
461386,39977,127,29,0,127
461386,34249,127,30,1,127
461386,5886,127,31,1,127
461386,1907,127,32,1,127
461386,15392,127,33,0,127
461386,27999,127,34,0,127
461386,31772,127,35,0,127
461386,28378,127,36,1,127
461386,43875,127,37,1,127
461386,40173,127,38,1,127
461386,46082,127,39,1,127
461386,29370,127,40,1,127
461386,28597,127,41,1,127
461386,23879,127,42,1,127
461386,21526,127,43,0,127
461386,24810,127,44,0,127
461386,10574,127,45,0,127
461386,48595,127,46,0,127
461386,35132,127,47,0,127
461386,4162,127,48,1,127
461386,12616,127,49,1,127
461386,39877,127,50,0,127
461386,19057,127,51,0,127
461386,49113,127,52,0,127
462568,41950,128,1,0,128
462568,20383,128,2,0,128
462568,37538,128,3,1,128
467889,29388,129,1,0,129
467889,37940,129,2,0,129
467889,25727,129,3,0,129
467889,27801,129,4,0,129
467889,19766,129,5,0,129
467889,46107,129,6,0,129
467889,31120,129,7,0,129
467889,10455,129,8,0,129
467889,22929,129,9,0,129
467889,36813,129,10,0,129
467889,21955,129,11,0,129
467889,13176,129,12,0,129
467889,6341,129,13,0,129
467889,2781,129,14,0,129
470581,37067,130,1,1,130
470581,21468,130,2,1,130
470581,28769,130,3,1,130
470581,10749,130,4,1,130
470581,43768,130,5,1,130
470581,1244,130,6,1,130
470581,8518,130,7,1,130
470581,27012,130,8,1,130
470581,33401,130,9,1,130
470581,40604,130,10,1,130
470581,8277,130,11,0,130
470581,45123,130,12,1,130
470581,4029,130,13,1,130
470581,32052,130,14,1,130
470581,11408,130,15,1,130
470581,37825,130,16,1,130
470581,24263,130,17,0,130
470581,33731,130,18,1,130
470581,21137,130,19,1,130
470581,40706,130,20,1,130
470581,42110,130,21,1,130
473494,9851,131,1,0,131
473494,22231,131,2,0,131
473494,40892,131,3,0,131
473494,47596,131,4,0,131
473494,33745,131,5,0,131
473494,7606,131,6,0,131
473494,44206,131,7,0,131
473494,46388,131,8,0,131
473494,38511,131,9,0,131
473494,5223,131,10,0,131
481525,37687,132,1,0,132
481525,19660,132,2,1,132
481525,20520,132,3,1,132
481525,2228,132,4,1,132
481525,27012,132,5,1,132
481525,19057,132,6,1,132
481525,19446,132,7,0,132
481525,44953,132,8,1,132
481525,31717,132,9,0,132
481525,20600,132,10,0,132
481525,36542,132,11,0,132
481525,12206,132,12,0,132
481525,18370,132,13,0,132
481525,41950,132,14,0,132
481525,6046,132,15,0,132
483636,39180,133,1,1,133
483636,44786,133,2,1,133
489413,5876,134,1,1,134
489413,22559,134,2,1,134
489413,11481,134,3,0,134
489413,28278,134,4,0,134
490698,44201,135,1,1,135
490698,2452,135,2,1,135
490698,44560,135,3,1,135
490698,26351,135,4,1,135
490698,4006,135,5,1,135
490698,6416,135,6,1,135
490698,3221,135,7,1,135
490698,24434,135,8,1,135
490698,16965,135,9,1,135
490698,40063,135,10,1,135
490698,47774,135,11,1,135
490698,14901,135,12,1,135
490698,24852,135,13,1,135
490698,16797,135,14,1,135
490698,31268,135,15,1,135
490698,49416,135,16,1,135
490698,42265,135,17,0,135
490698,44234,135,18,1,135
490698,32819,135,19,1,135
490698,45761,135,20,0,135
490698,8193,135,21,0,135
490698,49683,135,22,0,135
490698,43857,135,23,0,135
490698,30759,135,24,0,135
490698,36651,135,25,0,135
490698,46820,135,26,0,135
490698,34339,135,27,0,135
490717,12121,136,1,0,136
490717,44910,136,2,0,136
490717,40604,136,3,0,136
490717,25947,136,4,0,136
490717,21616,136,5,0,136
490717,32734,136,6,0,136
490717,38273,136,7,0,136
490717,48595,136,8,0,136
490717,16185,136,9,0,136
490717,49683,136,10,0,136
490717,49383,136,11,0,136
518746,41787,137,1,1,137
518746,31717,137,2,0,137
518746,40706,137,3,1,137
518746,44359,137,4,1,137
518746,45066,137,5,1,137
518746,17794,137,6,1,137
518746,40632,137,7,1,137
518746,39877,137,8,1,137
518746,1463,137,9,1,137
518746,38558,137,10,1,137
518746,40156,137,11,1,137
518746,13176,137,12,1,137
519683,24954,138,1,1,138
519683,8309,138,2,1,138
519683,27086,138,3,1,138
519683,36011,138,4,1,138
519683,27845,138,5,1,138
519683,19677,138,6,1,138
519683,27044,138,7,1,138
519683,45066,138,8,1,138
519683,4920,138,9,0,138
519683,12254,138,10,1,138
519683,28752,138,11,1,138
519683,35734,138,12,1,138
519683,46709,138,13,1,138
519683,21543,138,14,0,138
519683,46676,138,15,1,138
519683,47209,138,16,1,138
519683,22035,138,17,1,138
519683,47521,138,18,1,138
519683,43148,138,19,0,138
519683,12240,138,20,0,138
519683,37276,138,21,0,138
519683,49157,138,22,1,138
519683,19706,138,23,1,138
529159,43626,139,1,0,139
529159,2627,139,2,0,139
532405,28432,140,1,1,140
532405,33352,140,2,1,140
532405,21903,140,3,1,140
532405,19154,140,4,1,140
532405,4792,140,5,1,140
532405,21083,140,6,0,140
532405,14633,140,7,0,140
532405,311,140,8,0,140
532405,5373,140,9,0,140
532405,49368,140,10,0,140
532405,45913,140,11,0,140
532405,23909,140,12,1,140
532446,43789,141,1,1,141
532446,12916,141,2,1,141
532446,8928,141,3,1,141
532446,18212,141,4,1,141
532446,6108,141,5,1,141
532446,43409,141,6,1,141
532446,23719,141,7,0,141
532446,7999,141,8,0,141
532446,47766,141,9,1,141
532446,14477,141,10,1,141
532446,424,141,11,0,141
532446,5315,141,12,0,141
532446,5976,141,13,1,141
532446,24795,141,14,1,141
532446,20712,141,15,1,141
532446,34156,141,16,1,141
532446,12638,141,17,0,141
532446,39275,141,18,0,141
532446,44042,141,19,1,141
532446,23888,141,20,1,141
532446,10673,141,21,0,141
532446,12289,141,22,0,141
532446,31541,141,23,0,141
532446,39028,141,24,0,141
532446,21187,141,25,1,141
534231,47209,142,1,1,142
534231,26104,142,2,1,142
534231,46802,142,3,0,142
534231,35887,142,4,0,142
534231,21417,142,5,0,142
534231,9092,142,6,0,142
534231,14129,142,7,0,142
534231,19660,142,8,1,142
537117,49683,143,1,1,143
537117,19057,143,2,1,143
537117,16797,143,3,1,143
537117,33198,143,4,1,143
537117,46979,143,5,0,143
537117,27086,143,6,0,143
537117,43352,143,7,0,143
537117,17454,143,8,0,143
537117,36247,143,9,1,143
537436,24199,144,1,0,144
537436,40910,144,2,0,144
537436,19660,144,3,1,144
537436,24024,144,4,1,144
537436,22260,144,5,1,144
537698,12341,145,1,1,145
537698,8048,145,2,0,145
537698,44683,145,3,1,145
554437,21938,146,1,1,146
554437,7736,146,2,1,146
554437,27104,146,3,1,146
554437,32768,146,4,1,146
554437,43967,146,5,1,146
554437,17565,146,6,0,146
554437,7751,146,7,0,146
554437,8193,146,8,1,146
554437,19461,146,9,1,146
554437,46595,146,10,0,146
554437,3861,146,11,0,146
561643,41192,147,1,1,147
561643,38357,147,2,1,147
561643,9076,147,3,0,147
561643,29259,147,4,0,147
561643,22754,147,5,1,147
561643,38529,147,6,1,147
561643,14348,147,7,1,147
561850,32964,148,1,0,148
561850,29910,148,2,0,148
561850,29615,148,3,1,148
565517,7361,149,1,1,149
565517,49191,149,2,1,149
565517,27086,149,3,1,149
565517,42585,149,4,0,149
565517,26620,149,5,1,149
565517,9178,149,6,1,149
565517,15950,149,7,1,149
565517,4799,149,8,0,149
565517,13589,149,9,0,149
565517,26981,149,10,0,149
565517,35105,149,11,0,149
565517,14332,149,12,0,149
565517,21019,149,13,0,149
565517,19145,149,14,0,149
565517,7500,149,15,0,149
565517,46413,149,16,0,149
571801,37646,150,1,1,150
571801,27973,150,2,1,150
571801,19706,150,3,1,150
571801,13176,150,4,1,150
571801,14833,150,5,1,150
571801,30146,150,6,1,150
571801,6347,150,7,1,150
571801,14240,150,8,1,150
571801,43310,150,9,1,150
571801,31373,150,10,1,150
571801,19376,150,11,1,150
571801,35594,150,12,1,150
571801,30391,150,13,1,150
571806,48186,151,1,1,151
571806,26209,151,2,1,151
571806,47766,151,3,1,151
571806,47626,151,4,1,151
571806,34244,151,5,1,151
571806,31805,151,6,0,151
571806,20760,151,7,1,151
571806,41149,151,8,0,151
571806,35547,151,9,0,151
571806,28156,151,10,0,151
571806,21614,151,11,0,151
574839,7948,152,1,1,152
574839,44422,152,2,0,152
574839,30720,152,3,0,152
574839,24632,152,4,0,152
574839,13176,152,5,1,152
579721,47209,153,1,0,153
579721,17400,153,2,0,153
579721,20114,153,3,1,153
579721,26209,153,4,1,153
579721,41950,153,5,0,153
579721,33120,153,6,0,153
579721,36735,153,7,0,153
579721,13798,153,8,0,153
579721,5876,153,9,0,153
579721,38311,153,10,0,153
579721,17668,153,11,1,153
579721,432,153,12,1,153
579721,13176,153,13,1,153
579721,38383,153,14,1,153
579721,16578,153,15,0,153
579721,8670,153,16,0,153
579721,2314,153,17,0,153
579721,39275,153,18,0,153
580961,3399,154,1,0,154
580961,49235,154,2,1,154
580961,16953,154,3,1,154
583135,25146,155,1,1,155
583135,12384,155,2,1,155
583135,38275,155,3,1,155
583135,22151,155,4,1,155
583135,24850,155,5,1,155
583135,22553,155,6,1,155
583135,31040,155,7,1,155
583135,7781,155,8,1,155
583135,16797,155,9,1,155
583135,18382,155,10,1,155
583135,40519,155,11,1,155
583135,47626,155,12,1,155
583135,47766,155,13,1,155
583135,20520,155,14,1,155
583135,17461,155,15,1,155
583135,4089,155,16,1,155
583135,26209,155,17,1,155
583135,28204,155,18,1,155
583135,22935,155,19,1,155
583135,15872,155,20,1,155
583135,10603,155,21,1,155
583135,21938,155,22,1,155
583135,35221,155,23,0,155
583135,9210,155,24,1,155
583135,34664,155,25,1,155
583173,3399,156,1,1,156
583173,43692,156,2,0,156
586827,24964,157,1,1,157
586827,10782,157,2,1,157
586827,27241,157,3,1,157
586827,39409,157,4,1,157
586827,13176,157,5,1,157
586827,21462,157,6,1,157
586827,29199,157,7,0,157
586827,44359,157,8,1,157
592384,26209,158,1,1,158
592384,47626,158,2,1,158
592384,21903,158,3,1,158
592384,40396,158,4,1,158
592384,16757,158,5,1,158
592384,30027,158,6,1,158
592384,34243,158,7,1,158
592384,10749,158,8,1,158
592548,27086,159,1,1,159
592548,46820,159,2,1,159
592548,49533,159,3,0,159
592548,445,159,4,0,159
596155,17276,160,1,0,160
596155,41900,160,2,1,160
596155,27086,160,3,1,160
596155,32689,160,4,1,160
596155,10333,160,5,1,160
596155,20468,160,6,0,160
596155,24852,160,7,0,160
596155,37377,160,8,1,160
596155,581,160,9,0,160
596155,30622,160,10,1,160
596155,28692,160,11,0,160
596155,10613,160,12,0,160
598052,5212,161,1,0,161
598052,46906,161,2,0,161
598052,24852,161,3,1,161
598052,26209,161,4,1,161
598052,12290,161,5,0,161
598052,30489,161,6,1,161
600364,45578,162,1,1,162
600364,47209,162,2,1,162
600364,12384,162,3,1,162
600364,24852,162,4,1,162
600364,47388,162,5,1,162
600364,49478,162,6,1,162
600364,45788,162,7,1,162
600364,13409,162,8,1,162
600364,35168,162,9,1,162
600364,43712,162,10,1,162
600364,45007,162,11,1,162
600364,42446,162,12,1,162
600364,13909,162,13,1,162
600364,11481,162,14,1,162
600364,13497,162,15,1,162
600364,39475,162,16,0,162
600364,14852,162,17,1,162
600364,23236,162,18,1,162
600364,42828,162,19,1,162
600364,23385,162,20,1,162
600364,41065,162,21,0,162
600839,26209,163,1,1,163
600839,39812,163,2,1,163
600839,6615,163,3,0,163
600839,40055,163,4,0,163
600839,37119,163,5,0,163
600839,33407,163,6,0,163
608375,11577,164,1,1,164
608375,13245,164,2,1,164
608857,27697,165,1,0,165
608857,45656,165,2,0,165
608857,30406,165,3,0,165
608857,38419,165,4,0,165
608857,22935,165,5,0,165
608857,17093,165,6,0,165
608857,7969,165,7,0,165
608857,15078,165,8,0,165
608857,15599,165,9,0,165
608857,3765,165,10,0,165
610963,48109,166,1,1,166
610963,8022,166,2,1,166
610963,44632,166,3,1,166
610963,5450,166,4,1,166
610963,16617,166,5,1,166
610963,9739,166,6,1,166
610963,25146,166,7,1,166
610963,36144,166,8,1,166
610963,4421,166,9,1,166
610963,40396,166,10,1,166
610963,6489,166,11,1,166
610963,4367,166,12,1,166
610963,24952,166,13,0,166
610963,41950,166,14,0,166
610963,5240,166,15,0,166
610963,5649,166,16,0,166
610963,4409,166,17,0,166
610963,36016,166,18,0,166
610963,372,166,19,0,166
610963,41510,166,20,0,166
610963,8137,166,21,0,166
610963,8076,166,22,1,166
610963,49520,166,23,0,166
615223,21019,167,1,1,167
615223,31789,167,2,0,167
615223,21925,167,3,0,167
615223,35277,167,4,0,167
615223,4302,167,5,0,167
615223,22823,167,6,0,167
615223,35923,167,7,0,167
615223,28993,167,8,0,167
615223,29224,167,9,0,167
615223,31721,167,10,0,167
615223,16797,167,11,1,167
621779,36011,168,1,1,168
621779,11520,168,2,1,168
621779,42701,168,3,0,168
621779,49175,168,4,1,168
621779,27104,168,5,0,168
621779,1373,168,6,1,168
621779,25659,168,7,0,168
621779,24964,168,8,1,168
621779,46667,168,9,1,168
621779,31717,168,10,1,168
621779,2314,168,11,0,168
621779,18370,168,12,1,168
621779,21903,168,13,1,168
621779,41540,168,14,1,168
621779,4799,168,15,1,168
621779,20310,168,16,1,168
621779,10761,168,17,1,168
621779,7676,168,18,1,168
621779,18594,168,19,0,168
621779,23029,168,20,1,168
621779,1364,168,21,0,168
621779,26629,168,22,0,168
621779,33716,168,23,0,168
621779,25197,168,24,0,168
621779,10749,168,25,1,168
629078,23341,169,1,0,169
629078,23892,169,2,0,169
629078,41602,169,3,0,169
629078,19389,169,4,0,169
629078,28232,169,5,0,169
629078,2512,169,6,1,169
629078,14705,169,7,1,169
629078,45089,169,8,0,169
629078,4317,169,9,0,169
631652,21019,170,1,1,170
631652,12817,170,2,1,170
631652,23032,170,3,0,170
631652,48988,170,4,0,170
631652,32851,170,5,0,170
631652,34287,170,6,0,170
638191,7521,171,1,1,171
638191,46616,171,2,1,171
638191,29077,171,3,1,171
638191,21709,171,4,1,171
638191,38164,171,5,1,171
638191,20119,171,6,1,171
638191,26620,171,7,1,171
638191,49235,171,8,1,171
643042,35935,172,1,1,172
643042,10476,172,2,1,172
643042,1062,172,3,1,172
643042,27307,172,4,1,172
643452,30340,173,1,1,173
643452,32691,173,2,1,173
643452,42562,173,3,1,173
643452,13176,173,4,1,173
643452,16234,173,5,1,173
643452,5782,173,6,0,173
643452,2350,173,7,0,173
643452,1940,173,8,0,173
643452,19151,173,9,0,173
643452,9833,173,10,0,173
643452,29910,173,11,0,173
643452,9025,173,12,0,173
643452,27323,173,13,0,173
643452,22472,173,14,0,173
645641,21267,174,1,1,174
645641,13176,174,2,1,174
645641,22035,174,3,1,174
645641,42897,174,4,1,174
645641,44008,174,5,1,174
645641,4793,174,6,1,174
645641,8277,174,7,1,174
645641,11945,174,8,1,174
645641,30391,174,9,1,174
645641,20995,174,10,1,174
645641,21137,174,11,1,174
645641,18370,174,12,1,174
645641,27966,174,13,1,174
645641,37220,174,14,1,174
645641,6297,174,15,1,174
645641,43504,174,16,1,174
645641,11005,174,17,1,174
645641,44404,174,18,1,174
645641,25199,174,19,1,174
645641,7264,174,20,1,174
645641,18441,174,21,1,174
645641,7948,174,22,1,174
645641,9456,174,23,1,174
645641,23537,174,24,0,174
645641,31827,174,25,0,174
645641,36746,174,26,1,174
645641,38772,174,27,1,174
645641,14712,174,28,0,174
645641,4444,174,29,0,174
646100,47626,175,1,1,175
646100,27104,175,2,1,175
646100,27521,175,3,1,175
646100,27086,175,4,0,175
646100,9020,175,5,1,175
646100,47526,175,6,0,175
646100,21903,175,7,0,175
646100,16185,175,8,0,175
646100,34358,175,9,0,175
646135,24852,176,1,1,176
646135,28204,176,2,1,176
646135,28465,176,3,1,176
646135,43352,176,4,0,176
646135,38383,176,5,0,176
646135,24184,176,6,1,176
646135,45535,176,7,0,176
646135,45016,176,8,0,176
646135,22124,176,9,0,176
646135,48335,176,10,0,176
646135,47990,176,11,0,176
646135,8174,176,12,0,176
655729,19660,177,1,1,177
655729,19348,177,2,1,177
655729,10768,177,3,1,177
655729,23540,177,4,1,177
655729,13176,177,5,1,177
655729,19057,177,6,1,177
655729,2086,177,7,1,177
655729,45633,177,8,1,177
655729,28494,177,9,1,177
655729,23029,177,10,1,177
655729,39275,177,11,1,177
656078,432,178,1,0,178
656078,17668,178,2,0,178
656078,17279,178,3,0,178
656078,46059,178,4,0,178
656078,24184,178,5,0,178
656078,21938,178,6,0,178
656078,20114,178,7,0,178
656078,44142,178,8,0,178
656078,24852,178,9,0,178
656078,14161,178,10,0,178
656078,27086,178,11,0,178
656078,40271,178,12,0,178
656078,1822,178,13,0,178
656078,43100,178,14,0,178
656078,3658,178,15,0,178
656078,20039,178,16,0,178
656078,29597,178,17,0,178
656078,10673,178,18,0,178
656078,277,178,19,0,178
656078,42972,178,20,0,178
656078,47977,178,21,0,178
656078,12919,178,22,0,178
656078,41220,178,23,0,178
656078,35163,178,24,0,178
656078,35734,178,25,0,178
656078,49683,178,26,0,178
656078,38475,178,27,0,178
656078,30727,178,28,0,178
656078,28836,178,29,0,178
656078,9018,178,30,0,178
656078,45066,178,31,0,178
656078,5723,178,32,0,178
662044,22504,179,1,0,179
662044,41844,179,2,0,179
662044,6341,179,3,0,179
662044,33000,179,4,0,179
662044,44987,179,5,0,179
664271,10957,180,1,1,180
664271,24852,180,2,1,180
664271,17008,180,3,1,180
664271,28204,180,4,1,180
664271,21850,180,5,1,180
664271,41618,180,6,1,180
664271,34224,180,7,1,180
664271,26765,180,8,1,180
664271,35804,180,9,1,180
664271,10333,180,10,1,180
664271,23341,180,11,1,180
664271,42240,180,12,1,180
664271,49683,180,13,0,180
664271,37229,180,14,1,180
664271,1553,180,15,1,180
664271,33846,180,16,1,180
664271,11461,180,17,1,180
664271,9076,180,18,0,180
664271,4920,180,19,0,180
664271,39477,180,20,0,180
664271,29893,180,21,1,180
664271,43967,180,22,0,180
664271,6799,180,23,1,180
665754,32478,181,1,1,181
665754,36691,181,2,1,181
665754,34862,181,3,1,181
665754,33452,181,4,1,181
665754,28031,181,5,1,181
665754,49144,181,6,1,181
665754,21362,181,7,1,181
665754,6470,181,8,0,181
665754,9852,181,9,1,181
665754,45761,181,10,1,181
665754,11985,181,11,0,181
674013,19660,182,1,1,182
676339,13877,183,1,0,183
676339,29487,183,2,1,183
676339,24009,183,3,0,183
676339,24184,183,4,0,183
676339,15261,183,5,0,183
676339,30391,183,6,0,183
676339,18880,183,7,1,183
676339,48679,183,8,0,183
676339,17316,183,9,1,183
676339,42736,183,10,1,183
676339,38067,183,11,0,183
676339,21137,183,12,1,183
676339,13176,183,13,1,183
676339,18811,183,14,1,183
676339,15683,183,15,1,183
676339,24231,183,16,0,183
676339,46812,183,17,1,183
676339,19048,183,18,0,183
676339,17794,183,19,1,183
678058,33572,184,1,1,184
684298,31720,185,1,1,185
684298,33151,185,2,1,185
684298,14766,185,3,1,185
684298,14197,185,4,0,185
684298,39619,185,5,0,185
684298,49451,185,6,0,185
684298,36183,185,7,0,185
684900,38689,186,1,0,186
684900,24561,186,2,0,186
684900,23953,186,3,0,186
684900,27553,186,4,0,186
684900,30388,186,5,0,186
684900,5077,186,6,0,186
684900,21038,186,7,0,186
684900,38838,186,8,0,186
688801,6999,187,1,0,187
688801,21405,187,2,1,187
688801,41220,187,3,0,187
688801,18963,187,4,1,187
688801,47209,187,5,0,187
696140,21903,188,1,1,188
697062,9076,189,1,1,189
697062,7877,189,2,0,189
697062,5985,189,3,0,189
697062,8424,189,4,0,189
697062,4210,189,5,0,189
697062,23236,189,6,0,189
697062,26604,189,7,0,189
697062,43352,189,8,1,189
700475,16797,190,1,0,190
700475,26604,190,2,0,190
700475,21833,190,3,0,190
700475,32465,190,4,1,190
700475,34358,190,5,1,190
700475,48679,190,6,0,190
700475,47626,190,7,1,190
700475,38693,190,8,1,190
700475,26209,190,9,1,190
700475,20608,190,10,0,190
700475,46969,190,11,0,190
700475,15937,190,12,1,190
701227,22620,191,1,0,191
701227,21903,191,2,0,191
701227,26209,191,3,0,191
701227,11786,191,4,0,191
701227,45445,191,5,0,191
701227,40706,191,6,0,191
701227,40063,191,7,0,191
701227,17149,191,8,0,191
701227,25842,191,9,0,191
701227,49247,191,10,0,191
701227,32138,191,11,0,191
701227,32380,191,12,0,191
701227,33198,191,13,0,191
701227,14633,191,14,0,191
701227,9881,191,15,0,191
701227,6297,191,16,0,191
701227,42585,191,17,0,191
701227,27156,191,18,0,191
701227,47672,191,19,0,191
707210,47337,192,1,1,192
707210,13083,192,2,1,192
707210,21386,192,3,1,192
707210,19173,192,4,1,192
707210,7913,192,5,0,192
707210,5976,192,6,0,192
707210,32355,192,7,1,192
707210,29503,192,8,0,192
707210,21243,192,9,0,192
707210,23432,192,10,1,192
707210,13504,192,11,1,192
707210,11998,192,12,0,192
707210,30475,192,13,0,192
707210,10109,192,14,0,192
707210,13620,192,15,0,192
707210,24827,192,16,0,192
707210,6974,192,17,0,192
707210,8730,192,18,0,192
707210,41929,192,19,0,192
707210,34026,192,20,0,192
707210,19734,192,21,0,192
707210,8523,192,22,0,192
707210,22750,192,23,0,192
707210,23734,192,24,0,192
707210,16262,192,25,0,192
707210,22520,192,26,0,192
707210,38068,192,27,0,192
707210,33439,192,28,1,192
707210,18204,192,29,0,192
707210,38194,192,30,0,192
707210,23026,192,31,0,192
707210,3786,192,32,0,192
707210,7876,192,33,0,192
707210,37635,192,34,0,192
707430,46175,193,1,1,193
707430,18296,193,2,0,193
707430,32360,193,3,0,193
707430,48705,193,4,0,193
707430,32303,193,5,1,193
707430,28132,193,6,1,193
707430,21125,193,7,0,193
707430,2972,193,8,0,193
707972,48672,194,1,1,194
707972,26598,194,2,1,194
710750,12882,195,1,0,195
710750,34137,195,2,1,195
710750,36183,195,3,1,195
710750,13629,195,4,1,195
724631,19057,196,1,1,196
724631,27966,196,2,1,196
724631,42356,196,3,0,196
724631,13166,196,4,1,196
725691,9144,197,1,0,197
725691,12779,197,2,1,197
725691,13447,197,3,1,197
725691,5959,197,4,1,197
728807,47626,198,1,0,198
728807,46709,198,2,0,198
728807,34023,198,3,0,198
728807,13639,198,4,0,198
728807,12845,198,5,0,198
728807,2309,198,6,0,198
728807,10819,198,7,0,198
728807,31066,198,8,0,198
728807,41574,198,9,0,198
728807,9224,198,10,0,198
728807,8006,198,11,0,198
728807,29487,198,12,0,198
728807,39646,198,13,0,198
728807,14154,198,14,0,198
728807,46889,198,15,0,198
728807,27360,198,16,0,198
728807,21938,198,17,0,198
728807,20114,198,18,0,198
728807,4058,198,19,0,198
728807,14536,198,20,0,198
728807,35002,198,21,0,198
728807,31717,198,22,0,198
728807,47209,198,23,0,198
728807,36640,198,24,0,198
728807,20768,198,25,0,198
728807,45622,198,26,0,198
728807,32338,198,27,0,198
728807,12276,198,28,0,198
728807,24852,198,29,0,198
728807,39046,198,30,0,198
730534,20973,199,1,1,199
730534,28296,199,2,1,199
730534,2536,199,3,1,199
730534,34690,199,4,1,199
730534,27325,199,5,1,199
731267,47766,200,1,1,200
731267,26209,200,2,0,200
731267,47626,200,3,0,200
731267,21903,200,4,1,200
731267,28785,200,5,0,200
731267,20734,200,6,0,200
731267,24372,200,7,0,200
731267,38293,200,8,0,200
731267,22369,200,9,1,200
731267,23634,200,10,0,200
731267,20788,200,11,1,200
731267,36550,200,12,1,200
732557,40706,201,1,1,201
732557,16797,201,2,1,201
732557,32303,201,3,1,201
734094,28946,202,1,1,202
734094,9101,202,2,1,202
734094,45106,202,3,1,202
734094,39055,202,4,0,202
740287,30007,203,1,1,203
740287,28576,203,2,1,203
740287,17289,203,3,0,203
741238,5612,204,1,1,204
741238,47626,204,2,1,204
741238,26209,204,3,1,204
741238,8518,204,4,1,204
741238,17191,204,5,1,204
741238,44632,204,6,1,204
741238,11777,204,7,1,204
741238,9076,204,8,1,204
741238,5653,204,9,0,204
741238,6187,204,10,0,204
743305,40603,205,1,0,205
743305,5769,205,2,1,205
743305,20019,205,3,1,205
743305,42392,205,4,0,205
743305,23588,205,5,0,205
745389,3390,206,1,0,206
745389,25332,206,2,0,206
745389,35504,206,3,0,206
745389,19660,206,4,1,206
745389,11317,206,5,1,206
745389,35522,206,6,1,206
745389,41248,206,7,1,206
745551,7338,207,1,1,207
745551,43662,207,2,1,207
745551,13176,207,3,1,207
745551,16757,207,4,1,207
745551,45,207,5,1,207
745551,1940,207,6,1,207
745551,12440,207,7,1,207
745551,25837,207,8,1,207
745551,31766,207,9,1,207
745551,4472,207,10,1,207
745551,7952,207,11,0,207
745551,37158,207,12,1,207
745551,42475,207,13,0,207
745551,42327,207,14,0,207
745551,45633,207,15,1,207
745551,36459,207,16,0,207
745551,18109,207,17,0,207
750247,38483,208,1,0,208
750247,42578,208,2,1,208
750247,40348,208,3,0,208
750247,27933,208,4,1,208
750247,41804,208,5,0,208
750247,47758,208,6,0,208
751646,24142,209,1,1,209
751646,21600,209,2,1,209
751646,46692,209,3,1,209
751646,17634,209,4,1,209
751646,40376,209,5,1,209
751646,6201,209,6,1,209
751646,7600,209,7,1,209
751646,27360,209,8,1,209
751646,49235,209,9,1,209
752812,45578,210,1,1,210
752812,21903,210,2,1,210
752812,24852,210,3,1,210
752812,36011,210,4,1,210
752812,43961,210,5,1,210
752812,39275,210,6,1,210
752812,21137,210,7,1,210
752812,18027,210,8,1,210
752812,49683,210,9,1,210
752812,4421,210,10,0,210
752812,32691,210,11,0,210
752812,47439,210,12,0,210
752812,28745,210,13,0,210
752812,44219,210,14,0,210
752812,47537,210,15,0,210
752812,13829,210,16,0,210
752812,1376,210,17,0,210
752812,13431,210,18,0,210
752812,9177,210,19,0,210
752812,5621,210,20,0,210
754074,5876,211,1,0,211
754074,1728,211,2,0,211
754074,29388,211,3,1,211
754074,25533,211,4,0,211
754129,24010,212,1,1,212
754129,7294,212,2,1,212
754129,27086,212,3,0,212
754129,13176,212,4,0,212
754129,46627,212,5,1,212
754129,34584,212,6,0,212
754129,46049,212,7,0,212
754129,22744,212,8,0,212
754129,7781,212,9,0,212
754129,43398,212,10,0,212
754830,32689,213,1,0,213
754830,19691,213,2,0,213
754830,8571,213,3,0,213
754830,8859,213,4,0,213
754830,6758,213,5,0,213
754830,890,213,6,0,213
754830,37086,213,7,0,213
754830,36487,213,8,0,213
754830,17902,213,9,0,213
754830,13176,213,10,0,213
754830,12341,213,11,0,213
754830,34551,213,12,0,213
754830,6184,213,13,0,213
754830,25588,213,14,0,213
754830,39275,213,15,0,213
754830,39922,213,16,0,213
754830,21137,213,17,0,213
755425,13885,214,1,1,214
755425,10603,214,2,1,214
755425,34969,214,3,1,214
755425,40396,214,4,1,214
755425,10017,214,5,1,214
755425,37524,214,6,1,214
755425,47626,214,7,1,214
755425,45613,214,8,0,214
755425,23375,214,9,1,214
755425,40545,214,10,1,214
760841,8518,215,1,1,215
760841,44910,215,2,1,215
760841,32655,215,3,1,215
760841,5077,215,4,1,215
760841,8239,215,5,0,215
760841,31471,215,6,1,215
760841,3162,215,7,0,215
763840,49628,216,1,1,216
763840,196,216,2,0,216
763840,9552,216,3,0,216
763840,6043,216,4,0,216
763840,13225,216,5,0,216
763840,26604,216,6,0,216
763840,365,216,7,0,216
764347,24489,217,1,0,217
764347,38777,217,2,1,217
764347,8277,217,3,0,217
764347,16254,217,4,0,217
764347,21137,217,5,1,217
764347,25837,217,6,0,217
764347,17600,217,7,0,217
764347,2179,217,8,1,217
764347,45279,217,9,0,217
764347,28398,217,10,1,217
764347,13176,217,11,1,217
764347,26790,217,12,1,217
764347,6532,217,13,1,217
764347,5794,217,14,1,217
764347,43654,217,15,1,217
765942,24852,218,1,1,218
765942,5025,218,2,1,218
765942,11777,218,3,1,218
765942,28199,218,4,1,218
765942,23165,218,5,1,218
765942,10749,218,6,0,218
765942,32429,218,7,0,218
765942,15391,218,8,0,218
765942,6845,218,9,0,218
765942,30391,218,10,0,218
765942,2295,218,11,0,218
765942,31945,218,12,0,218
777212,46709,219,1,0,219
777212,47890,219,2,0,219
777212,35363,219,3,0,219
777212,41972,219,4,0,219
777212,37642,219,5,0,219
777212,13176,219,6,0,219
779407,44008,220,1,0,220
779407,45210,220,2,0,220
779407,27845,220,3,0,220
779407,26317,220,4,0,220
779407,5479,220,5,0,220
779407,2913,220,6,0,220
779407,21269,220,7,0,220
779407,49235,220,8,0,220
779407,21616,220,9,0,220
779407,44560,220,10,0,220
779407,18806,220,11,0,220
779407,9515,220,12,0,220
779407,11440,220,13,0,220
779407,49533,220,14,0,220
779407,42425,220,15,0,220
779758,7968,221,1,0,221
779758,19511,221,2,0,221
779758,27033,221,3,0,221
779758,28204,221,4,0,221
779758,26620,221,5,0,221
779758,44632,221,6,0,221
779758,37158,221,7,0,221
779758,31112,221,8,0,221
779758,29697,221,9,0,221
779758,31954,221,10,0,221
779758,5923,221,11,0,221
779758,41455,221,12,0,221
779758,4085,221,13,0,221
783751,14715,222,1,0,222
783751,4724,222,2,1,222
783751,6184,222,3,1,222
783751,31506,222,4,0,222
783751,44987,222,5,0,222
783751,28413,222,6,0,222
783751,26759,222,7,0,222
803336,14858,223,1,1,223
803336,1006,223,2,1,223
803336,6532,223,3,1,223
803336,41550,223,4,1,223
803336,35458,223,5,1,223
803336,5077,223,6,1,223
803336,35914,223,7,1,223
803336,35042,223,8,1,223
803336,39719,223,9,1,223
805676,3952,224,1,0,224
805676,28785,224,2,1,224
805676,28601,224,3,1,224
805676,17794,224,4,1,224
805676,13176,224,5,1,224
805676,8518,224,6,1,224
805676,47734,224,7,1,224
805676,27781,224,8,1,224
805676,47209,224,9,1,224
805676,35951,224,10,1,224
805676,46667,224,11,1,224
805676,39928,224,12,1,224
805676,49235,224,13,1,224
805676,40377,224,14,1,224
805676,24964,224,15,1,224
805676,39558,224,16,1,224
805676,8021,224,17,1,224
805676,8277,224,18,1,224
810350,16249,225,1,1,225
810350,40723,225,2,1,225
810350,37646,225,3,1,225
810350,11520,225,4,1,225
810350,27966,225,5,1,225
810350,34530,225,6,1,225
810350,27086,225,7,1,225
810350,14129,225,8,1,225
810350,21709,225,9,1,225
810924,4169,226,1,1,226
810924,4210,226,2,1,226
810924,16177,226,3,0,226
810924,23341,226,4,0,226
813782,8859,227,1,1,227
813782,34423,227,2,1,227
814654,6489,228,1,1,228
814654,47866,228,2,1,228
814654,3459,228,3,1,228
814654,23909,228,4,1,228
814654,46226,228,5,1,228
814654,33909,228,6,1,228
814654,41290,228,7,1,228
814654,27801,228,8,1,228
814654,17341,228,9,1,228
814654,7175,228,10,1,228
814654,26604,228,11,1,228
814654,41124,228,12,1,228
814654,40285,228,13,1,228
814654,23347,228,14,1,228
814654,38948,228,15,1,228
814654,13018,228,16,1,228
814654,31564,228,17,1,228
814654,47766,228,18,1,228
814895,27514,229,1,1,229
814895,47317,229,2,0,229
814895,29668,229,3,0,229
814895,5438,229,4,0,229
814895,25537,229,5,0,229
816290,12206,230,1,1,230
816290,26940,230,2,1,230
816290,40706,230,3,1,230
816290,1540,230,4,1,230
816290,6873,230,5,1,230
816290,8190,230,6,0,230
817616,16410,231,1,0,231
817616,4421,231,2,1,231
817616,27509,231,3,1,231
817616,36418,231,4,1,231
817616,36550,231,5,1,231
817616,40396,231,6,1,231
817616,27949,231,7,1,231
817616,48720,231,8,1,231
817616,39621,231,9,1,231
817616,24852,231,10,1,231
817616,47209,231,11,1,231
822997,25896,232,1,0,232
823002,21479,233,1,0,233
823002,48600,233,2,0,233
823002,19895,233,3,0,233
823002,27344,233,4,0,233
823002,42265,233,5,0,233
823002,20431,233,6,0,233
823002,24476,233,7,0,233
823002,44632,233,8,1,233
825034,4656,234,1,1,234
825034,17200,234,2,1,234
825034,14386,234,3,1,234
825034,24852,234,4,1,234
825034,6347,234,5,1,234
825034,30489,234,6,1,234
825034,31040,234,7,1,234
825034,7503,234,8,1,234
825034,9177,234,9,1,234
825034,45645,234,10,1,234
825034,47965,234,11,1,234
825034,35221,234,12,1,234
825034,26620,234,13,1,234
825034,20119,234,14,1,234
826127,13575,235,1,0,235
826127,33783,235,2,0,235
826127,6184,235,3,0,235
826127,31651,235,4,0,235
826127,43739,235,5,0,235
828825,46654,236,1,0,236
828825,5479,236,2,0,236
828825,47144,236,3,0,236
828825,34448,236,4,0,236
831267,19660,237,1,0,237
831267,13176,237,2,1,237
831267,34658,237,3,1,237
831267,13646,237,4,1,237
831267,35951,237,5,1,237
831267,47626,237,6,1,237
831267,33407,237,7,1,237
831267,41950,237,8,1,237
831267,45747,237,9,0,237
831267,28123,237,10,1,237
831267,35842,237,11,0,237
831267,24830,237,12,0,237
831267,27104,237,13,1,237
831267,21903,237,14,1,237
831267,32465,237,15,1,237
831267,31717,237,16,0,237
831267,13052,237,17,0,237
831267,38739,237,18,0,237
831267,36586,237,19,0,237
831267,25270,237,20,0,237
832931,20518,238,1,1,238
832931,46041,238,2,1,238
832931,7021,238,3,1,238
832931,44449,238,4,1,238
832931,31985,238,5,0,238
840623,5479,239,1,1,239
840769,18441,240,1,0,240
840769,21195,240,2,0,240
840769,5769,240,3,1,240
841859,5450,241,1,1,241
841859,40516,241,2,1,241
841859,15290,241,3,1,241
841859,21137,241,4,1,241
841859,21999,241,5,1,241
845797,31553,242,1,0,242
845797,3957,242,2,0,242
845797,5514,242,3,0,242
845797,3913,242,4,0,242
845797,12597,242,5,0,242
845797,13176,242,6,0,242
845797,30391,242,7,0,242
845797,48745,242,8,0,242
845797,12771,242,9,0,242
845797,17872,242,10,0,242
845797,29662,242,11,0,242
852109,28823,243,1,1,243
852109,48459,243,2,1,243
852109,27344,243,3,0,243
852109,6975,243,4,0,243
852109,37376,243,5,0,243
852109,9009,243,6,0,243
852109,41844,243,7,0,243
852109,39972,243,8,0,243
857132,22359,244,1,0,244
857132,47144,244,2,1,244
857132,31154,244,3,1,244
857132,5818,244,4,1,244
857132,24852,244,5,1,244
857132,43352,244,6,0,244
857132,27020,244,7,0,244
857132,28913,244,8,0,244
857132,26209,244,9,1,244
857132,18339,244,10,0,244
857132,31564,244,11,0,244
857132,3828,244,12,0,244
858919,24852,245,1,1,245
858919,9741,245,2,1,245
858919,29370,245,3,1,245
858919,45066,245,4,1,245
858919,16797,245,5,1,245
858919,26915,245,6,1,245
858919,10912,245,7,0,245
860464,21137,246,1,0,246
860464,22035,246,2,0,246
860464,27966,246,3,0,246
860464,27845,246,4,0,246
860464,33000,246,5,0,246
860464,2078,246,6,0,246
860464,41165,246,7,0,246
860464,45741,246,8,0,246
860464,40742,246,9,0,246
860464,40310,246,10,0,246
860464,14910,246,11,0,246
860464,39094,246,12,0,246
860464,11576,246,13,0,246
860464,7350,246,14,0,246
860464,7026,246,15,0,246
860464,19816,246,16,0,246
860464,17284,246,17,0,246
860464,10385,246,18,0,246
860464,40706,246,19,0,246
860464,39612,246,20,0,246
860464,31618,246,21,0,246
860464,15613,246,22,0,246
860464,39348,246,23,0,246
860464,14467,246,24,0,246
860464,16462,246,25,0,246
860464,25346,246,26,0,246
862059,21903,247,1,0,247
862059,18465,247,2,0,247
862059,17454,247,3,0,247
862059,19478,247,4,0,247
862059,40174,247,5,0,247
862059,4799,247,6,0,247
862933,24852,248,1,1,248
862933,6948,248,2,1,248
862933,47766,248,3,1,248
862933,30391,248,4,1,248
862933,47042,248,5,1,248
862933,2693,248,6,1,248
862933,34358,248,7,1,248
862933,38650,248,8,1,248
862933,34126,248,9,1,248
862933,44359,248,10,0,248
862933,24830,248,11,1,248
862933,31717,248,12,1,248
862933,14678,248,13,1,248
862933,22935,248,14,1,248
862933,8518,248,15,0,248
868598,35804,249,1,0,249
868598,6052,249,2,1,249
868598,25179,249,3,1,249
868598,22952,249,4,1,249
868598,33136,249,5,1,249
868598,49030,249,6,1,249
868598,40316,249,7,1,249
868598,31486,249,8,1,249
868598,41290,249,9,1,249
868598,47931,249,10,1,249
868598,24604,249,11,1,249
868598,31022,249,12,1,249
868598,15780,249,13,1,249
868598,36076,249,14,1,249
868598,46332,249,15,1,249
868598,1934,249,16,1,249
868598,12564,249,17,1,249
871891,34208,250,1,1,250
871891,45806,250,2,1,250
871891,31222,250,3,1,250
871891,32455,250,4,1,250
872272,8053,251,1,1,251
872272,29009,251,2,1,251
872272,7753,251,3,1,251
872272,13176,251,4,1,251
872272,9703,251,5,1,251
872272,47766,251,6,1,251
872272,41950,251,7,1,251
872272,3800,251,8,1,251
872272,34217,251,9,1,251
872272,3717,251,10,1,251
874647,39275,252,1,1,252
874647,21137,252,2,1,252
874647,46812,252,3,1,252
874647,18465,252,4,1,252
878157,10132,253,1,1,253
878157,30850,253,2,1,253
878157,16254,253,3,1,253
878157,43961,253,4,1,253
878157,34310,253,5,0,253
878157,17830,253,6,0,253
878157,18901,253,7,0,253
878157,42828,253,8,1,253
878157,8693,253,9,0,253
878157,47156,253,10,0,253
878157,22123,253,11,1,253
878157,35628,253,12,1,253
878157,20995,253,13,1,253
878157,3765,253,14,0,253
878157,12036,253,15,0,253
878539,13176,254,1,1,254
878539,7559,254,2,0,254
878539,27307,254,3,1,254
878539,27655,254,4,1,254
878539,32267,254,5,1,254
878539,25666,254,6,1,254
878539,15566,254,7,1,254
878539,7806,254,8,1,254
878770,27274,255,1,1,255
878770,18140,255,2,1,255
878770,6129,255,3,1,255
878770,7164,255,4,1,255
878770,33290,255,5,1,255
878770,8859,255,6,0,255
878770,45835,255,7,0,255
878770,9092,255,8,0,255
878770,2537,255,9,0,255
878770,27336,255,10,0,255
878770,8006,255,11,0,255
880204,40925,256,1,0,256
880204,29701,256,2,1,256
880204,36534,256,3,0,256
880204,31672,256,4,0,256
880351,24852,257,1,1,257
880351,18090,257,2,1,257
880351,27845,257,3,1,257
880351,47209,257,4,1,257
880351,7781,257,5,1,257
880351,3481,257,6,1,257
880564,12419,258,1,0,258
880564,36011,258,2,1,258
880564,4562,258,3,1,258
880564,47626,258,4,1,258
882511,1103,259,1,1,259
882511,14084,259,2,1,259
882511,5212,259,3,0,259
882511,31404,259,4,0,259
882511,17758,259,5,0,259
882511,34993,259,6,0,259
882511,4793,259,7,0,259
882511,49478,259,8,1,259
882511,28058,259,9,0,259
882511,8654,259,10,0,259
882511,40199,259,11,0,259
882511,24830,259,12,0,259
882511,30391,259,13,1,259
882511,11440,259,14,1,259
882511,21903,259,15,1,259
882511,31041,259,16,0,259
882511,10082,259,17,0,259
882511,41716,259,18,0,259
882511,6297,259,19,1,259
882511,45356,259,20,0,259
882830,14309,260,1,0,260
882830,4793,260,2,1,260
882830,19057,260,3,1,260
882830,5479,260,4,1,260
882830,21174,260,5,1,260
882830,30391,260,6,1,260
882830,36097,260,7,1,260
882830,37687,260,8,1,260
882830,48620,260,9,1,260
882830,22825,260,10,1,260
882830,19093,260,11,1,260
882830,21931,260,12,1,260
882830,46584,260,13,1,260
882830,13310,260,14,1,260
882830,49135,260,15,1,260
882830,10749,260,16,1,260
882830,35535,260,17,1,260
882830,22713,260,18,1,260
882830,30639,260,19,1,260
882830,26897,260,20,1,260
882830,39303,260,21,1,260
882830,13802,260,22,1,260
882830,26488,260,23,1,260
882830,38531,260,24,1,260
882830,33642,260,25,1,260
882830,8594,260,26,1,260
882830,13838,260,27,1,260
882830,45633,260,28,1,260
882830,33741,260,29,1,260
882830,11941,260,30,1,260
882830,47005,260,31,1,260
882830,24372,260,32,1,260
882830,11437,260,33,1,260
882830,12440,260,34,1,260
882830,44359,260,35,1,260
882830,28277,260,36,1,260
882830,36724,260,37,1,260
882830,19613,260,38,1,260
882830,19272,260,39,1,260
882830,9038,260,40,1,260
882830,44354,260,41,1,260
882830,26098,260,42,1,260
882830,28309,260,43,1,260
882830,13338,260,44,1,260
882830,15017,260,45,1,260
882830,11945,260,46,1,260
882830,11831,260,47,1,260
882830,28797,260,48,1,260
882830,19244,260,49,1,260
882830,48926,260,50,1,260
882830,34126,260,51,0,260
882830,24830,260,52,0,260
882830,8866,260,53,0,260
882830,7299,260,54,0,260
882830,41606,260,55,0,260
882830,43432,260,56,0,260
882830,8467,260,57,0,260
882830,45948,260,58,1,260
882830,42508,260,59,1,260
883324,10243,261,1,0,261
883324,9725,261,2,0,261
883324,4288,261,3,0,261
883324,7963,261,4,0,261
883324,9337,261,5,0,261
883324,4783,261,6,1,261
883324,5479,261,7,1,261
883324,23716,261,8,0,261
883324,16823,261,9,0,261
883324,7021,261,10,0,261
883324,19678,261,11,1,261
883324,38383,261,12,0,261
883324,25634,261,13,0,261
883324,44056,261,14,0,261
883324,28601,261,15,0,261
883324,47766,261,16,1,261
885311,24852,262,1,1,262
885311,14084,262,2,1,262
885311,47209,262,3,1,262
885311,11182,262,4,0,262
885311,47626,262,5,1,262
885311,20734,262,6,0,262
885311,46047,262,7,0,262
885311,34551,262,8,0,262
885311,2228,262,9,0,262
885311,38073,262,10,0,262
885311,48679,262,11,0,262
885311,19706,262,12,1,262
885311,21137,262,13,1,262
885311,18811,262,14,0,262
885311,5384,262,15,0,262
885311,18479,262,16,0,262
891462,3696,263,1,0,263
891462,27086,263,2,1,263
891462,19348,263,3,1,263
891462,21497,263,4,1,263
891462,21572,263,5,1,263
891462,43631,263,6,1,263
891462,12103,263,7,1,263
891462,28748,263,8,1,263
891462,16696,263,9,1,263
891462,19734,263,10,1,263
891462,21158,263,11,1,263
891462,22166,263,12,1,263
891462,17836,263,13,1,263
891462,32921,263,14,1,263
891462,45832,263,15,1,263
891462,14634,263,16,1,263
891462,7170,263,17,1,263
891462,3285,263,18,1,263
891462,25043,263,19,1,263
891462,43049,263,20,1,263
891462,9175,263,21,1,263
891462,34222,263,22,1,263
891462,32299,263,23,1,263
891462,43743,263,24,1,263
891462,49441,263,25,1,263
891462,6066,263,26,1,263
891462,28449,263,27,0,263
892362,47626,264,1,1,264
892362,19057,264,2,1,264
892362,3957,264,3,1,264
892362,27521,264,4,1,264
892362,1890,264,5,0,264
892362,21903,264,6,1,264
892362,30391,264,7,0,264
892362,37646,264,8,0,264
892362,35935,264,9,1,264
892362,44142,264,10,0,264
892362,20887,264,11,0,264
892362,24184,264,12,0,264
892362,32864,264,13,0,264
892362,47852,264,14,0,264
892362,21137,264,15,1,264
892362,2825,264,16,1,264
893519,22825,265,1,1,265
893519,8277,265,2,1,265
893519,20842,265,3,1,265
893519,5640,265,4,1,265
893519,15604,265,5,1,265
893519,45123,265,6,1,265
893519,13249,265,7,1,265
893519,1356,265,8,0,265
893519,1387,265,9,0,265
893519,44672,265,10,0,265
893519,12034,265,11,0,265
893519,36340,265,12,0,265
893519,8830,265,13,0,265
893519,3245,265,14,0,265
893519,30542,265,15,0,265
893519,30290,265,16,0,265
896716,27156,266,1,1,266
896716,43295,266,2,1,266
896716,8555,266,3,1,266
896716,21137,266,4,1,266
896716,13176,266,5,1,266
896716,37288,266,6,1,266
896716,26209,266,7,1,266
896716,23094,266,8,1,266
896716,29370,266,9,1,266
896716,32585,266,10,1,266
896716,42637,266,11,1,266
896716,38159,266,12,1,266
896716,38563,266,13,1,266
896716,4932,266,14,1,266
896716,39794,266,15,1,266
896716,46969,266,16,1,266
896716,43122,266,17,1,266
896716,260,266,18,1,266
896716,3952,266,19,1,266
896716,12953,266,20,1,266
896716,2480,266,21,1,266
896716,33636,266,22,1,266
896716,44765,266,23,1,266
896716,19057,266,24,1,266
896716,2855,266,25,1,266
896716,13984,266,26,1,266
896716,8277,266,27,1,266
896716,9561,266,28,0,266
896716,37029,266,29,0,266
896716,7673,266,30,0,266
896716,29398,266,31,0,266
896716,47209,266,32,0,266
897004,34126,267,1,1,267
897004,29662,267,2,0,267
897004,7010,267,3,0,267
897004,41556,267,4,0,267
897004,19049,267,5,1,267
897004,24964,267,6,0,267
897004,39812,267,7,1,267
897004,44987,267,8,1,267
897004,43712,267,9,0,267
897004,47526,267,10,0,267
897004,24852,267,11,1,267
897004,27845,267,12,1,267
897004,30949,267,13,1,267
897004,17949,267,14,1,267
897004,11130,267,15,1,267
897004,21903,267,16,0,267
897004,1025,267,17,0,267
897004,781,267,18,1,267
897004,39475,267,19,1,267
897004,19706,267,20,1,267
902574,36086,268,1,0,268
902574,30721,268,2,0,268
902574,9463,268,3,0,268
902574,17341,268,4,0,268
902574,29545,268,5,0,268
902574,24852,268,6,0,268
902574,19220,268,7,0,268
902574,2707,268,8,0,268
903033,47317,269,1,1,269
903033,8859,269,2,1,269
903033,19677,269,3,1,269
903033,16757,269,4,1,269
903033,46654,269,5,1,269
903033,2855,269,6,1,269
903033,30338,269,7,1,269
903033,46881,269,8,1,269
903033,40709,269,9,0,269
903033,13423,269,10,0,269
905481,45613,270,1,1,270
905481,5258,270,2,1,270
915749,6474,271,1,1,271
915749,4374,271,2,0,271
915749,1217,271,3,0,271
915749,33390,271,4,0,271
915749,35473,271,5,0,271
915749,36076,271,6,1,271
925299,41131,272,1,0,272
925299,46088,272,2,0,272
926752,6348,273,1,1,273
926752,5785,273,2,1,273
926752,28204,273,3,1,273
926752,13176,273,4,1,273
926752,30233,273,5,1,273
926752,17706,273,6,1,273
926752,34262,273,7,1,273
926752,28021,273,8,1,273
926752,5876,273,9,1,273
926752,36865,273,10,1,273
926752,25146,273,11,1,273
926752,29826,273,12,1,273
926752,47672,273,13,1,273
926752,16965,273,14,1,273
926752,7503,273,15,0,273
926752,43165,273,16,0,273
926752,43192,273,17,0,273
926752,8873,273,18,1,273
926752,46868,273,19,0,273
926752,40660,273,20,1,273
926752,26209,273,21,1,273
926752,16617,273,22,0,273
926752,19019,273,23,0,273
926752,22963,273,24,0,273
927430,30945,274,1,1,274
927430,30353,274,2,1,274
927430,47565,274,3,1,274
927430,16429,274,4,1,274
927430,19044,274,5,1,274
927430,13083,274,6,1,274
927430,3845,274,7,0,274
927430,15902,274,8,0,274
927430,16737,274,9,0,274
927430,43076,274,10,0,274
927430,23026,274,11,0,274
927430,16414,274,12,0,274
927631,35594,275,1,1,275
927631,11090,275,2,1,275
927631,47766,275,3,1,275
927631,13083,275,4,1,275
927631,33071,275,5,1,275
927631,21903,275,6,1,275
927631,27030,275,7,1,275
927631,6902,275,8,1,275
927631,46257,275,9,1,275
927631,44359,275,10,0,275
927631,13877,275,11,1,275
927631,28008,275,12,1,275
927631,31454,275,13,0,275
927631,7164,275,14,0,275
927640,7521,276,1,1,276
927640,40826,276,2,1,276
927640,25890,276,3,1,276
927640,20842,276,4,1,276
931741,36339,277,1,1,277
931741,40332,277,2,1,277
931741,41570,277,3,1,277
931741,29405,277,4,1,277
931741,389,277,5,0,277
931741,24184,277,6,1,277
931741,15290,277,7,1,277
931741,16797,277,8,0,277
931741,21408,277,9,1,277
931741,22890,277,10,0,277
931741,43465,277,11,0,277
931741,45815,277,12,1,277
935437,13176,278,1,1,278
935437,1940,278,2,1,278
935437,5450,278,3,1,278
952350,6184,279,1,1,279
954664,6618,280,1,1,280
954664,3334,280,2,0,280
954664,4595,280,3,0,280
954664,44799,280,4,1,280
961834,18761,281,1,0,281
961834,32299,281,2,0,281
961834,19068,281,3,1,281
961834,41593,281,4,0,281
961834,29487,281,5,0,281
961834,47145,281,6,0,281
961834,43772,281,7,0,281
961834,1213,281,8,0,281
961834,11456,281,9,1,281
961834,38395,281,10,0,281
964081,6184,282,1,1,282
964593,48437,283,1,1,283
964593,15539,283,2,1,283
964593,26620,283,3,1,283
964593,48192,283,4,1,283
966568,31338,284,1,0,284
966568,46616,284,2,1,284
966568,8997,284,3,1,284
966568,49416,284,4,0,284
966568,43248,284,5,1,284
966568,22113,284,6,0,284
966568,5646,284,7,1,284
966568,41290,284,8,1,284
966568,23375,284,9,1,284
966568,48720,284,10,0,284
967985,41007,285,1,0,285
967985,13829,285,2,0,285
967985,26634,285,3,0,285
967985,47209,285,4,0,285
967985,34969,285,5,0,285
967985,47141,285,6,0,285
967985,4799,285,7,0,285
967985,5697,285,8,0,285
973900,42736,286,1,1,286
973900,46979,286,2,1,286
973900,44987,286,3,1,286
973900,8174,286,4,0,286
973900,23537,286,5,0,286
973900,5876,286,6,0,286
973900,13780,286,7,0,286
973900,16462,286,8,1,286
973900,21938,286,9,1,286
973900,10749,286,10,1,286
973900,20632,286,11,1,286
981943,28476,287,1,1,287
981943,6402,287,2,1,287
981943,43713,287,3,1,287
981943,8277,287,4,0,287
981943,6615,287,5,1,287
981943,10312,287,6,0,287
994609,31477,288,1,1,288
994609,23190,288,2,1,288
994609,39409,288,3,1,288
994609,11193,288,4,1,288
994609,14084,288,5,1,288
995921,13166,289,1,0,289
995921,21903,289,2,0,289
995921,5805,289,3,1,289
995921,1356,289,4,0,289
995921,39468,289,5,0,289
995921,44426,289,6,0,289
995921,42345,289,7,0,289
995921,47049,289,8,0,289
995921,43713,289,9,0,289
995921,3269,289,10,0,289
995921,2855,289,11,0,289
995921,16437,289,12,0,289
995921,4540,289,13,0,289
995921,4137,289,14,0,289
995921,6383,289,15,1,289
995921,5456,289,16,0,289
998669,49478,290,1,1,290
998669,6767,290,2,1,290
998669,27510,290,3,1,290
998669,35921,290,4,1,290
998669,41844,290,5,0,290
998669,9755,290,6,0,290
998669,26980,290,7,0,290
998669,14298,290,8,0,290
998669,35169,290,9,1,290
998669,39190,290,10,0,290
998669,42834,290,11,1,290
998669,1813,290,12,0,290
1000737,4799,291,1,1,291
1000737,27156,291,2,1,291
1000737,2326,291,3,1,291
1000737,45007,291,4,1,291
1000737,43324,291,5,1,291
1000737,33125,291,6,1,291
1000737,47209,291,7,1,291
1000737,39121,291,8,1,291
1005382,21137,292,1,1,292
1005382,39928,292,2,0,292
1005382,21938,292,3,0,292
1005382,9839,292,4,0,292
1005382,10749,292,5,0,292
1005382,8518,292,6,0,292
1005382,31717,292,7,0,292
1005382,22856,292,8,1,292
1005382,11182,292,9,0,292
1005382,35939,292,10,0,292
1005382,3852,292,11,0,292
1005382,31343,292,12,0,292
1005382,44683,292,13,0,292
1005382,28199,292,14,0,292
1006852,42105,293,1,0,293
1006852,30204,293,2,0,293
1006852,8436,293,3,0,293
1006852,35221,293,4,0,293
1011257,47169,294,1,0,294
1011257,5445,294,2,0,294
1011257,15389,294,3,0,294
1011257,18465,294,4,1,294
1011257,24852,294,5,1,294
1011257,39097,294,6,1,294
1011257,43740,294,7,1,294
1011257,27554,294,8,1,294
1011257,14126,294,9,1,294
1011257,49273,294,10,1,294
1011257,46393,294,11,1,294
1011257,20632,294,12,0,294
1012034,27086,295,1,1,295
1012034,41658,295,2,0,295
1012034,10248,295,3,0,295
1012034,35939,295,4,0,295
1012034,18594,295,5,0,295
1012034,49533,295,6,0,295
1012034,35951,295,7,0,295
1012034,31506,295,8,1,295
1012034,18117,295,9,1,295
1012034,15727,295,10,0,295
1012034,23622,295,11,1,295
1012034,29405,295,12,1,295
1012034,1560,295,13,0,295
1012034,12589,295,14,0,295
1012034,27845,295,15,1,295
1012034,44008,295,16,0,295
1017596,28204,296,1,1,296
1017596,42445,296,2,1,296
1017596,25767,296,3,1,296
1017596,13702,296,4,1,296
1017596,43086,296,5,1,296
1017596,1463,296,6,1,296
1017596,16759,296,7,1,296
1017596,13176,296,8,1,296
1017596,29307,296,9,1,296
1017596,3057,296,10,1,296
1017596,9885,296,11,0,296
1017596,8021,296,12,0,296
1017596,49329,296,13,0,296
1017852,7673,297,1,1,297
1017852,40545,297,2,1,297
1017852,12845,297,3,1,297
1017852,33731,297,4,1,297
1017852,2846,297,5,1,297
1017852,28849,297,6,1,297
1017852,44422,297,7,1,297
1017852,32433,297,8,0,297
1017852,6649,297,9,1,297
1017852,42736,297,10,1,297
1017852,44372,297,11,1,297
1017852,22504,297,12,1,297
1017852,19906,297,13,1,297
1017852,5337,297,14,1,297
1017852,47875,297,15,1,297
1017852,39619,297,16,1,297
1017852,30720,297,17,0,297
1017852,49075,297,18,0,297
1029695,25659,298,1,1,298
1029695,47734,298,2,1,298
1029695,48775,298,3,0,298
1029695,44359,298,4,1,298
1029695,39121,298,5,0,298
1031105,27596,299,1,1,299
1031105,17355,299,2,1,299
1031105,46847,299,3,1,299
1031105,31915,299,4,1,299
1031105,4476,299,5,1,299
1031105,35140,299,6,1,299
1031105,40268,299,7,1,299
1031105,1402,299,8,1,299
1031105,47626,299,9,1,299
1031392,21903,300,1,1,300
1031392,22260,300,2,1,300
1034616,33079,301,1,0,301
1034616,8460,301,2,1,301
1043559,47209,302,1,1,302
1043559,46969,302,2,1,302
1043559,13535,302,3,1,302
1043559,16490,302,4,1,302
1043559,4294,302,5,1,302
1045566,36011,303,1,1,303
1045566,41213,303,2,1,303
1045566,11140,303,3,1,303
1045566,44548,303,4,1,303
1045566,30440,303,5,1,303
1045566,38277,303,6,1,303
1045566,26315,303,7,1,303
1045566,27966,303,8,1,303
1045566,17828,303,9,1,303
1045566,18070,303,10,1,303
1045566,31766,303,11,1,303
1045566,22963,303,12,1,303
1045566,12211,303,13,1,303
1045566,46720,303,14,1,303
1045566,7948,303,15,1,303
1045566,18739,303,16,1,303
1045566,10132,303,17,1,303
1045566,22035,303,18,1,303
1045566,6101,303,19,1,303
1045566,4037,303,20,1,303
1045566,46906,303,21,1,303
1048724,35121,304,1,1,304
1048724,40604,304,2,1,304
1048724,41665,304,3,0,304
1048724,23216,304,4,0,304
1048724,41774,304,5,0,304
1048724,37208,304,6,0,304
1048724,12674,304,7,0,304
1048724,20314,304,8,0,304
1048724,48157,304,9,0,304
1048724,38656,304,10,0,304
1052650,18382,305,1,0,305
1052650,28999,305,2,1,305
1052650,22000,305,3,0,305
1052650,35108,305,4,1,305
1052650,23579,305,5,1,305
1052650,23288,305,6,1,305
1052650,13338,305,7,1,305
1054035,47209,306,1,1,306
1054035,8277,306,2,1,306
1054035,13176,306,3,1,306
1054035,27750,306,4,0,306
1054035,5206,306,5,1,306
1054035,14904,306,6,1,306
1057429,42611,307,1,0,307
1057429,3829,307,2,0,307
1057429,18599,307,3,0,307
1057429,41238,307,4,0,307
1057429,13176,307,5,0,307
1057429,46906,307,6,0,307
1057429,28199,307,7,0,307
1057429,9387,307,8,0,307
1057429,34358,307,9,0,307
1057429,4605,307,10,0,307
1057429,35939,307,11,0,307
1057429,29662,307,12,0,307
1057429,30391,307,13,0,307
1057429,42789,307,14,0,307
1057429,3661,307,15,0,307
1057429,40174,307,16,0,307
1057429,24891,307,17,0,307
1057429,18465,307,18,0,307
1057429,42736,307,19,0,307
1057429,19625,307,20,0,307
1057429,30668,307,21,0,307
1057429,4193,307,22,0,307
1057429,47439,307,23,0,307
1057429,32691,307,24,1,307
1057429,3860,307,25,1,307
1057429,19660,307,26,0,307
1057429,18564,307,27,0,307
1057429,24363,307,28,0,307
1057429,24759,307,29,1,307
1057429,44014,307,30,0,307
1057429,15528,307,31,0,307
1057429,47591,307,32,0,307
1057429,19503,307,33,0,307
1057429,46965,307,34,0,307
1057429,33290,307,35,0,307
1057429,33438,307,36,0,307
1057429,37103,307,37,0,307
1058520,7916,308,1,1,308
1058520,18224,308,2,1,308
1058520,20876,308,3,1,308
1058520,17730,308,4,1,308
1058862,8048,309,1,1,309
1058862,10441,309,2,1,309
1058862,44371,309,3,0,309
1058862,7131,309,4,0,309
1058862,33783,309,5,0,309
1062466,44632,310,1,1,310
1062466,21709,310,2,1,310
1062466,20119,310,3,1,310
1062466,24852,310,4,1,310
1062466,9387,310,5,1,310
1062466,6740,310,6,0,310
1068991,18531,311,1,1,311
1068991,42443,311,2,1,311
1068991,2210,311,3,0,311
1068991,28849,311,4,0,311
1068991,24852,311,5,1,311
1068991,24964,311,6,0,311
1070008,24489,312,1,1,312
1070008,4960,312,2,0,312
1070008,25256,312,3,1,312
1070008,19348,312,4,1,312
1070008,22035,312,5,1,312
1070008,15081,312,6,1,312
1070536,5337,313,1,0,313
1070536,11068,313,2,0,313
1070536,30967,313,3,0,313
1070536,43295,313,4,0,313
1070536,41793,313,5,0,313
1070536,48109,313,6,0,313
1070536,19508,313,7,0,313
1074893,14780,314,1,1,314
1074893,23594,314,2,1,314
1074893,2295,314,3,1,314
1074893,15290,314,4,1,314
1074893,47766,314,5,0,314
1074893,40516,314,6,0,314
1074893,26209,314,7,0,314
1074893,31717,314,8,0,314
1074893,8424,314,9,1,314
1074893,5991,314,10,0,314
1074893,45007,314,11,1,314
1074893,40706,314,12,1,314
1078281,14335,315,1,1,315
1078281,35752,315,2,1,315
1078281,44819,315,3,1,315
1078281,17341,315,4,1,315
1078281,25985,315,5,1,315
1081075,18610,316,1,1,316
1081075,37110,316,2,1,316
1081075,33741,316,3,1,316
1081075,26717,316,4,0,316
1081075,47209,316,5,1,316
1083203,10227,317,1,0,317
1083203,16869,317,2,0,317
1083203,881,317,3,0,317
1083203,11819,317,4,0,317
1087911,35221,318,1,1,318
1087911,10292,318,2,1,318
1087911,18176,318,3,0,318
1087911,38890,318,4,1,318
1087911,45374,318,5,1,318
1087911,7781,318,6,1,318
1087911,7649,318,7,1,318
1087911,11782,318,8,1,318
1087911,24852,318,9,1,318
1087911,32030,318,10,1,318
1087911,23909,318,11,1,318
1087911,38739,318,12,1,318
1087911,41678,318,13,1,318
1087911,27715,318,14,1,318
1087911,40763,318,15,1,318
1087911,4920,318,16,1,318
1087911,46886,318,17,1,318
1087911,4799,318,18,1,318
1087911,343,318,19,1,318
1087911,42768,318,20,1,318
1087911,23622,318,21,1,318
1087911,31717,318,22,1,318
1087911,48179,318,23,1,318
1087911,31035,318,24,1,318
1087911,23375,318,25,1,318
1087911,44514,318,26,1,318
1087911,37220,318,27,1,318
1087911,38400,318,28,1,318
1091248,20591,319,1,1,319
1091248,28848,319,2,1,319
1091248,8277,319,3,1,319
1091248,26221,319,4,1,319
1091248,46402,319,5,1,319
1092243,33812,320,1,0,320
1092243,47977,320,2,1,320
1092243,25985,320,3,0,320
1094816,19360,321,1,0,321
1094816,21019,321,2,1,321
1094816,31445,321,3,1,321
1094816,11807,321,4,0,321
1094816,31066,321,5,1,321
1094816,29474,321,6,0,321
1099551,11885,322,1,1,322
1099551,31651,322,2,1,322
1099551,30450,322,3,1,322
1101671,43961,323,1,1,323
1101671,6631,323,2,0,323
1101671,21240,323,3,0,323
1101671,42719,323,4,0,323
1101671,26586,323,5,0,323
1101671,2078,323,6,0,323
1101671,12315,323,7,1,323
1101671,389,323,8,0,323
1101671,22367,323,9,1,323
1101671,29047,323,10,0,323
1101671,7419,323,11,0,323
1101671,45763,323,12,0,323
1101671,26648,323,13,0,323
1101671,37646,323,14,0,323
1103328,13176,324,1,0,324
1103328,17948,324,2,0,324
1103328,24489,324,3,0,324
1103328,13730,324,4,0,324
1103328,19048,324,5,0,324
1103328,47209,324,6,0,324
1103328,46979,324,7,1,324
1103328,45143,324,8,0,324
1103328,19895,324,9,0,324
1103328,17461,324,10,0,324
1103328,43789,324,11,0,324
1103328,24964,324,12,1,324
1103328,38383,324,13,0,324
1103328,23375,324,14,1,324
1103328,27086,324,15,0,324
1103328,21863,324,16,0,324
1103328,48845,324,17,0,324
1103328,37524,324,18,0,324
1103328,6377,324,19,0,324
1106850,5134,325,1,0,325
1106850,31717,325,2,1,325
1106850,1999,325,3,1,325
1106850,25659,325,4,1,325
1106850,311,325,5,1,325
1106850,27966,325,6,1,325
1106850,16349,325,7,1,325
1106850,38293,325,8,0,325
1106850,28590,325,9,0,325
1106850,9839,325,10,1,325
1106850,19678,325,11,0,325
1106850,13988,325,12,0,325
1106850,9337,325,13,0,325
1107698,7500,326,1,0,326
1107698,17735,326,2,0,326
1107698,30305,326,3,1,326
1107698,4562,326,4,0,326
1107698,49585,326,5,0,326
1107698,43891,326,6,0,326
1107698,49533,326,7,0,326
1107698,21137,326,8,0,326
1107698,14704,326,9,0,326
1117146,31557,327,1,1,327
1117146,14971,327,2,1,327
1117146,24852,327,3,1,327
1117146,35951,327,4,1,327
1117146,39560,327,5,1,327
1117146,7156,327,6,1,327
1117146,14573,327,7,1,327
1117146,41427,327,8,1,327
1117146,22915,327,9,1,327
1117146,18471,327,10,1,327
1117146,8012,327,11,1,327
1117146,21267,327,12,1,327
1117146,16290,327,13,0,327
1117146,40749,327,14,0,327
1117146,4601,327,15,0,327
1117146,10132,327,16,1,327
1117146,42404,327,17,0,327
1117146,3599,327,18,0,327
1117146,14651,327,19,0,327
1117146,45066,327,20,0,327
1117146,26604,327,21,0,327
1117146,16797,327,22,0,327
1117146,12254,327,23,0,327
1124128,27086,328,1,0,328
1124128,32747,328,2,0,328
1124128,13174,328,3,0,328
1124128,18784,328,4,0,328
1124128,6715,328,5,0,328
1124128,5405,328,6,0,328
1124128,18362,328,7,0,328
1124128,21955,328,8,0,328
1124128,5876,328,9,0,328
1130853,42972,329,1,1,329
1130853,27548,329,2,1,329
1130853,33909,329,3,1,329
1130853,46175,329,4,1,329
1130853,217,329,5,1,329
1130853,15269,329,6,1,329
1130853,44487,329,7,1,329
1130853,35752,329,8,0,329
1130853,14159,329,9,0,329
1133228,31292,330,1,1,330
1133228,47626,330,2,1,330
1133228,10305,330,3,1,330
1133228,13198,330,4,1,330
1133228,5479,330,5,1,330
1133228,33787,330,6,1,330
1133228,24852,330,7,1,330
1133228,33754,330,8,1,330
1133228,40571,330,9,1,330
1133228,20995,330,10,1,330
1133228,4920,330,11,1,330
1133228,5322,330,12,1,330
1133228,18394,330,13,1,330
1133228,37646,330,14,1,330
1133228,16185,330,15,1,330
1133228,48395,330,16,1,330
1133228,34126,330,17,1,330
1133228,26209,330,18,0,330
1133228,48094,330,19,1,330
1133228,44422,330,20,1,330
1133228,21334,330,21,1,330
1133228,8955,330,22,0,330
1133228,44142,330,23,1,330
1133228,47630,330,24,0,330
1133228,18786,330,25,0,330
1137127,45007,331,1,0,331
1137127,21903,331,2,1,331
1149283,27966,332,1,1,332
1149283,47209,332,2,1,332
1149283,18078,332,3,1,332
1149283,21938,332,4,1,332
1149283,37642,332,5,1,332
1149283,48745,332,6,1,332
1149283,33195,332,7,1,332
1149283,46932,332,8,1,332
1149283,27142,332,9,1,332
1149283,46667,332,10,1,332
1149283,20127,332,11,1,332
1149283,48679,332,12,1,332
1149283,26638,332,13,1,332
1151851,9366,333,1,0,333
1151851,41273,333,2,1,333
1151851,28218,333,3,0,333
1151851,46572,333,4,1,333
1151851,49481,333,5,1,333
1151851,6141,333,6,0,333
1151851,38293,333,7,0,333
1151851,41483,333,8,0,333
1151851,6232,333,9,0,333
1151851,20920,333,10,0,333
1151851,11408,333,11,0,333
1151851,38797,333,12,0,333
1151851,23734,333,13,1,333
1151851,25500,333,14,0,333
1151851,40516,333,15,1,333
1151851,45,333,16,0,333
1151851,30021,333,17,0,333
1151851,44570,333,18,0,333
1151851,10463,333,19,1,333
1151851,22987,333,20,0,333
1154763,10831,334,1,1,334
1154763,29447,334,2,1,334
1154763,47209,334,3,0,334
1154763,20899,334,4,1,334
1154763,42579,334,5,0,334
1161493,18201,335,1,0,335
1161493,36086,335,2,0,335
1161493,22414,335,3,0,335
1161493,12381,335,4,1,335
1161493,9124,335,5,1,335
1161493,9065,335,6,1,335
1161493,34287,335,7,0,335
1161493,34650,335,8,0,335
1161493,20119,335,9,1,335
1165171,8859,336,1,0,336
1165171,19057,336,2,0,336
1165171,47626,336,3,0,336
1165171,18394,336,4,1,336
1165171,21616,336,5,0,336
1165171,15200,336,6,0,336
1165171,5025,336,7,0,336
1165171,36639,336,8,0,336
1165171,34622,336,9,0,336
1166316,38928,337,1,1,337
1166316,46061,337,2,1,337
1166316,12427,337,3,1,337
1166316,13575,337,4,1,337
1166316,37710,337,5,1,337
1172053,27086,338,1,1,338
1172053,32478,338,2,1,338
1172053,24852,338,3,1,338
1172245,481,339,1,0,339
1172245,49621,339,2,1,339
1172245,23054,339,3,0,339
1172245,21417,339,4,0,339
1172245,27344,339,5,1,339
1172245,16387,339,6,1,339
1172245,11512,339,7,1,339
1172245,49247,339,8,1,339
1172245,24852,339,9,1,339
1172245,31371,339,10,1,339
1172245,40826,339,11,0,339
1172998,1463,340,1,1,340
1172998,21137,340,2,1,340
1172998,42265,340,3,0,340
1172998,35951,340,4,0,340
1172998,33037,340,5,1,340
1172998,16185,340,6,1,340
1172998,19057,340,7,0,340
1172998,16521,340,8,0,340
1172998,22035,340,9,1,340
1172998,25122,340,10,0,340
1180023,13176,341,1,1,341
1180023,21903,341,2,0,341
1180023,20015,341,3,1,341
1180023,47900,341,4,0,341
1180023,35951,341,5,1,341
1180023,45123,341,6,0,341
1180023,14332,341,7,0,341
1180023,13874,341,8,0,341
1180023,44560,341,9,1,341
1180023,15040,341,10,1,341
1180023,19048,341,11,0,341
1180023,45066,341,12,1,341
1180023,7705,341,13,0,341
1180023,13107,341,14,0,341
1180023,162,341,15,1,341
1180023,22035,341,16,0,341
1180023,14858,341,17,0,341
1180023,23579,341,18,0,341
1180023,25199,341,19,1,341
1182695,19057,342,1,1,342
1182695,10749,342,2,1,342
1182695,38051,342,3,1,342
1182695,36695,342,4,1,342
1182695,16249,342,5,1,342
1182695,46782,342,6,1,342
1182695,21955,342,7,1,342
1184732,27966,343,1,1,343
1184732,13575,343,2,1,343
1184732,13176,343,3,1,343
1184732,39275,343,4,0,343
1186778,33129,344,1,0,344
1186778,4605,344,2,0,344
1186778,13733,344,3,0,344
1186778,29675,344,4,0,344
1186778,7042,344,5,0,344
1186778,8424,344,6,0,344
1190652,33198,345,1,1,345
1190652,20878,345,2,0,345
1190652,44787,345,3,1,345
1190652,41950,345,4,0,345
1190652,42450,345,5,1,345
1190652,46226,345,6,1,345
1190652,32689,345,7,1,345
1190652,24852,345,8,1,345
1190652,41787,345,9,1,345
1190652,37646,345,10,1,345
1190652,30020,345,11,1,345
1190652,26604,345,12,0,345
1190652,47766,345,13,1,345
1190652,7628,345,14,0,345
1190652,45007,345,15,0,345
1190652,24184,345,16,0,345
1190652,26717,345,17,1,345
1190652,21903,345,18,1,345
1190652,8193,345,19,0,345
1190652,32839,345,20,0,345
1190652,16797,345,21,0,345
1190652,1244,345,22,0,345
1190652,46906,345,23,1,345
1190652,31717,345,24,0,345
1190652,47740,345,25,0,345
1190652,14462,345,26,0,345
1190652,6586,345,27,0,345
1190652,26695,345,28,0,345
1190652,16525,345,29,0,345
1196173,5876,346,1,1,346
1196173,19702,346,2,1,346
1196173,29650,346,3,1,346
1196173,3523,346,4,1,346
1196173,39621,346,5,1,346
1196173,45955,346,6,1,346
1196173,35004,346,7,0,346
1196173,19048,346,8,0,346
1196173,12935,346,9,0,346
1196173,20583,346,10,1,346
1196173,10518,346,11,0,346
1196173,36696,346,12,0,346
1196173,47209,346,13,1,346
1196173,13984,346,14,1,346
1206397,30759,347,1,0,347
1206397,2040,347,2,0,347
1206397,1940,347,3,0,347
1206397,15872,347,4,0,347
1206397,36011,347,5,0,347
1210973,24535,348,1,0,348
1210973,22089,348,2,0,348
1210973,28842,348,3,0,348
1210973,5025,348,4,0,348
1210973,23341,348,5,0,348
1210973,19086,348,6,0,348
1210973,47788,348,7,0,348
1216502,11008,349,1,0,349
1216502,41581,349,2,0,349
1216502,13138,349,3,0,349
1216502,42222,349,4,0,349
1216502,24362,349,5,1,349
1216502,11292,349,6,0,349
1216502,25146,349,7,0,349
1216502,33065,349,8,1,349
1216502,6105,349,9,1,349
1216502,22849,349,10,0,349
1216502,3885,349,11,0,349
1216502,19003,349,12,0,349
1216502,10957,349,13,1,349
1216502,27652,349,14,1,349
1216502,41372,349,15,1,349
1218089,1511,350,1,0,350
1218089,26831,350,2,0,350
1218089,19840,350,3,0,350
1218089,28204,350,4,0,350
1218089,24852,350,5,0,350
1218089,47766,350,6,0,350
1218089,21376,350,7,0,350
1218089,20877,350,8,0,350
1218089,38533,350,9,0,350
1218089,21019,350,10,0,350
1218089,46979,350,11,0,350
1218089,26201,350,12,0,350
1218089,32338,350,13,0,350
1218089,16158,350,14,0,350
1218089,9216,350,15,0,350
1218089,29921,350,16,0,350
1218089,41674,350,17,0,350
1218089,1522,350,18,0,350
1218089,45200,350,19,0,350
1218089,16081,350,20,0,350
1218089,47435,350,21,0,350
1218089,23734,350,22,0,350
1218089,24382,350,23,0,350
1221211,20178,351,1,1,351
1221211,24852,351,2,1,351
1221211,44422,351,3,0,351
1221211,35168,351,4,0,351
1221211,28849,351,5,1,351
1221211,15349,351,6,0,351
1221211,47209,351,7,1,351
1221211,31717,351,8,1,351
1225122,24852,352,1,1,352
1225122,40706,352,2,1,352
1225122,30776,352,3,0,352
1225122,20794,352,4,0,352
1225122,45603,352,5,1,352
1225122,8736,352,6,0,352
1225122,5878,352,7,0,352
1225122,13249,352,8,1,352
1225122,21267,352,9,1,352
1225122,47209,352,10,1,352
1225122,35951,352,11,0,352
1225122,15727,352,12,0,352
1227118,24373,353,1,1,353
1227118,21137,353,2,1,353
1227118,34128,353,3,1,353
1227118,35968,353,4,1,353
1227118,43928,353,5,1,353
1227118,12745,353,6,0,353
1227118,41290,353,7,1,353
1227118,28842,353,8,1,353
1227118,28156,353,9,0,353
1227118,21903,353,10,0,353
1227118,24680,353,11,0,353
1227118,19384,353,12,0,353
1227118,20114,353,13,0,353
1227118,11686,353,14,1,353
1227118,11447,353,15,0,353
1227118,41999,353,16,0,353
1231416,49273,354,1,0,354
1231416,40001,354,2,0,354
1231416,14947,354,3,0,354
1231416,32740,354,4,0,354
1231416,18993,354,5,0,354
1231416,45448,354,6,0,354
1231416,20240,354,7,0,354
1231416,11707,354,8,0,354
1231416,46331,354,9,0,354
1231416,28289,354,10,0,354
1231416,21019,354,11,0,354
1231416,21903,354,12,0,354
1231416,24131,354,13,0,354
1231634,42828,355,1,0,355
1231634,5077,355,2,1,355
1231634,27086,355,3,1,355
1231634,5785,355,4,1,355
1231634,27966,355,5,1,355
1231634,24852,355,6,1,355
1231634,44910,355,7,1,355
1231634,38694,355,8,1,355
1231634,25965,355,9,1,355
1231634,29180,355,10,1,355
1233818,18465,356,1,1,356
1233818,4605,356,2,1,356
1233818,38650,356,3,0,356
1233818,36736,356,4,0,356
1233818,48697,356,5,0,356
1233818,27086,356,6,1,356
1233818,21497,356,7,0,356
1233818,29487,356,8,0,356
1233818,49683,356,9,0,356
1233818,32429,356,10,0,356
1240795,27104,357,1,0,357
1240795,12572,357,2,0,357
1240795,33768,357,3,0,357
1240795,10132,357,4,0,357
1240795,40706,357,5,1,357
1240795,31506,357,6,0,357
1240795,11140,357,7,1,357
1240795,38827,357,8,1,357
1240795,33509,357,9,0,357
1240795,27509,357,10,0,357
1240795,28824,357,11,0,357
1240795,46346,357,12,0,357
1240795,22594,357,13,0,357
1240795,26648,357,14,1,357
1240795,10292,357,15,0,357
1240795,38533,357,16,0,357
1240795,4163,357,17,0,357
1246848,16797,358,1,0,358
1246848,26131,358,2,1,358
1246848,8277,358,3,1,358
1246848,13870,358,4,1,358
1246848,39928,358,5,1,358
1246848,32959,358,6,1,358
1246848,9839,358,7,1,358
1246848,48136,358,8,0,358
1246848,47912,358,9,1,358
1246848,13995,358,10,1,358
1246848,35503,358,11,0,358
1246848,49655,358,12,1,358
1246848,45866,358,13,0,358
1246848,48679,358,14,1,358
1246848,37193,358,15,0,358
1246848,22947,358,16,0,358
1246848,8105,358,17,0,358
1246848,34029,358,18,0,358
1246848,18801,358,19,0,358
1246848,25308,358,20,0,358
1246848,19250,358,21,1,358
1246848,11104,358,22,0,358
1246848,43048,358,23,0,358
1246848,21847,358,24,0,358
1246956,4770,359,1,1,359
1246956,9175,359,2,0,359
1246956,14086,359,3,1,359
1248341,46226,360,1,1,360
1248341,33401,360,2,1,360
1248341,21137,360,3,1,360
1248341,24852,360,4,1,360
1248341,33754,360,5,1,360
1248341,17794,360,6,0,360
1248341,40706,360,7,0,360
1248341,26209,360,8,0,360
1248341,39275,360,9,0,360
1248341,21777,360,10,0,360
1248341,43294,360,11,0,360
1250640,13176,361,1,1,361
1250640,47209,361,2,1,361
1250640,21903,361,3,1,361
1250640,32655,361,4,0,361
1250640,6104,361,5,1,361
1250640,16589,361,6,1,361
1250640,11512,361,7,1,361
1250640,40198,361,8,1,361
1250640,4518,361,9,1,361
1250640,11777,361,10,1,361
1250640,9076,361,11,0,361
1250640,11782,361,12,1,361
1250640,26604,361,13,0,361
1252820,36854,362,1,0,362
1252820,35898,362,2,0,362
1252820,20877,362,3,1,362
1252820,27985,362,4,1,362
1252820,45190,362,5,1,362
1252820,26172,362,6,1,362
1252820,9192,362,7,0,362
1252820,28993,362,8,0,362
1252820,40781,362,9,1,362
1252820,14114,362,10,0,362
1252820,21243,362,11,0,362
1252820,19348,362,12,0,362
1252820,13542,362,13,1,362
1252820,22767,362,14,0,362
1252820,21553,362,15,0,362
1253100,32403,363,1,1,363
1253100,10473,363,2,1,363
1253100,6184,363,3,1,363
1253100,13575,363,4,1,363
1255939,19218,364,1,1,364
1255939,14093,364,2,0,364
1255939,31263,364,3,0,364
1255939,20937,364,4,0,364
1255939,27245,364,5,0,364
1269265,14947,365,1,1,365
1269265,42440,365,2,0,365
1269265,46979,365,3,1,365
1269265,37201,365,4,1,365
1269265,31040,365,5,1,365
1269265,12290,365,6,0,365
1269265,48464,365,7,0,365
1269265,46667,365,8,0,365
1269265,18902,365,9,1,365
1269265,27086,365,10,1,365
1274283,14992,366,1,1,366
1274283,10106,366,2,0,366
1274283,32578,366,3,1,366
1283951,15134,367,1,1,367
1283951,9547,367,2,1,367
1283951,30057,367,3,1,367
1283951,24713,367,4,1,367
1293154,35951,368,1,1,368
1293154,13176,368,2,1,368
1293154,40731,368,3,1,368
1293154,45066,368,4,1,368
1293154,36070,368,5,0,368
1293154,42265,368,6,1,368
1293154,46979,368,7,0,368
1293154,20842,368,8,0,368
1293894,20588,369,1,0,369
1293894,48697,369,2,1,369
1293894,25890,369,3,1,369
1295865,13176,370,1,0,370
1295865,35803,370,2,0,370
1295865,19048,370,3,0,370
1295865,47209,370,4,0,370
1295865,27845,370,5,0,370
1295865,17708,370,6,0,370
1295865,35887,370,7,0,370
1295865,46847,370,8,0,370
1295865,24838,370,9,0,370
1295865,18362,370,10,0,370
1295865,29142,370,11,0,370
1295865,38419,370,12,0,370
1295865,20392,370,13,0,370
1295865,19678,370,14,0,370
1295865,23944,370,15,0,370
1295865,12207,370,16,0,370
1295865,22035,370,17,0,370
1295865,3466,370,18,0,370
1295865,45578,370,19,0,370
1299068,9866,371,1,1,371
1299068,18818,371,2,1,371
1299068,4363,371,3,1,371
1306653,22063,372,1,0,372
1306653,39236,372,2,0,372
1306653,19660,372,3,1,372
1306653,26410,372,4,1,372
1306653,1240,372,5,0,372
1306653,35168,372,6,0,372
1306653,23765,372,7,0,372
1308251,23165,373,1,0,373
1308251,27744,373,2,1,373
1308251,36389,373,3,0,373
1308251,17794,373,4,0,373
1308251,44359,373,5,1,373
1308251,49401,373,6,0,373
1308251,31720,373,7,0,373
1308251,34126,373,8,1,373
1310165,32151,374,1,1,374
1310165,40156,374,2,1,374
1310165,46069,374,3,1,374
1310165,1862,374,4,1,374
1310165,37410,374,5,1,374
1310165,32655,374,6,0,374
1310165,40965,374,7,0,374
1310165,4421,374,8,0,374
1310165,48197,374,9,0,374
1310165,23334,374,10,0,374
1310165,46565,374,11,0,374
1315285,19660,375,1,1,375
1315285,7598,375,2,1,375
1315285,39643,375,3,0,375
1315285,12900,375,4,1,375
1315285,45795,375,5,0,375
1315285,36709,375,6,1,375
1319062,13176,376,1,1,376
1319062,41276,376,2,1,376
1319062,32211,376,3,1,376
1319062,8048,376,4,1,376
1319062,6369,376,5,0,376
1332873,40287,377,1,0,377
1332873,42240,377,2,1,377
1332873,13619,377,3,0,377
1332873,32453,377,4,0,377
1332873,36316,377,5,1,377
1332873,41682,377,6,1,377
1332873,42972,377,7,1,377
1332873,10043,377,8,0,377
1332873,17900,377,9,0,377
1332873,41716,377,10,0,377
1332873,31564,377,11,0,377
1332873,6265,377,12,1,377
1332873,6423,377,13,1,377
1332873,47728,377,14,0,377
1332873,22720,377,15,0,377
1332873,3512,377,16,0,377
1332873,22999,377,17,0,377
1332873,25686,377,18,0,377
1332873,23734,377,19,1,377
1332873,20468,377,20,1,377
1332873,325,377,21,1,377
1332873,15950,377,22,1,377
1338457,34720,378,1,1,378
1338457,48745,378,2,1,378
1338457,12508,378,3,1,378
1338457,12638,378,4,1,378
1338457,48364,378,5,1,378
1338457,20114,378,6,1,378
1338457,31717,378,7,1,378
1338457,16083,378,8,1,378
1338457,47766,378,9,1,378
1338457,40706,378,10,1,378
1338457,30391,378,11,1,378
1344622,4945,379,1,1,379
1351590,17122,380,1,0,380
1351590,42265,380,2,0,380
1352911,10243,381,1,0,381
1352911,40516,381,2,0,381
1352911,21903,381,3,1,381
1352911,28985,381,4,0,381
1352911,39871,381,5,0,381
1352911,43369,381,6,1,381
1352911,39475,381,7,1,381
1352911,37646,381,8,1,381
1352911,32017,381,9,0,381
1352911,43129,381,10,0,381
1356601,35594,382,1,1,382
1356601,29574,382,2,1,382
1356601,35561,382,3,1,382
1356725,21195,383,1,1,383
1356725,47099,383,2,1,383
1356725,31553,383,3,1,383
1360436,34050,384,1,1,384
1360436,29244,384,2,1,384
1360436,10504,384,3,1,384
1360436,48857,384,4,1,384
1365093,25406,385,1,1,385
1365093,1743,385,2,1,385
1365093,30464,385,3,1,385
1365093,28582,385,4,1,385
1365093,1144,385,5,1,385
1365093,31501,385,6,1,385
1365093,44827,385,7,1,385
1365093,11149,385,8,1,385
1365093,13679,385,9,1,385
1365093,6448,385,10,1,385
1365093,31683,385,11,1,385
1365724,37646,386,1,0,386
1365724,35951,386,2,0,386
1366605,287,387,1,1,387
1366605,48183,387,2,1,387
1366605,22866,387,3,1,387
1366605,10573,387,4,0,387
1366605,46842,387,5,1,387
1366605,15902,387,6,1,387
1366605,12206,387,7,0,387
1366605,18346,387,8,0,387
1366605,11281,387,9,1,387
1366605,38400,387,10,1,387
1366605,8843,387,11,1,387
1366605,34160,387,12,1,387
1366605,28600,387,13,1,387
1366605,18104,387,14,1,387
1366605,41517,387,15,1,387
1366605,41545,387,16,0,387
1366605,7786,387,17,0,387
1366605,10054,387,18,0,387
1366605,37766,387,19,1,387
1366605,9076,387,20,0,387
1366605,22309,387,21,1,387
1370836,20995,388,1,1,388
1370836,2611,388,2,0,388
1370836,49215,388,3,1,388
1370836,30016,388,4,0,388
1370836,13176,388,5,1,388
1370836,35951,388,6,1,388
1370836,47209,388,7,1,388
1370836,32665,388,8,1,388
1370836,32398,388,9,1,388
1370836,39561,388,10,1,388
1378201,39275,389,1,0,389
1378201,31869,389,2,0,389
1378201,23484,389,3,1,389
1378201,44517,389,4,0,389
1384275,44799,390,1,0,390
1384275,19653,390,2,1,390
1384275,1322,390,3,1,390
1384275,6758,390,4,1,390
1384275,44359,390,5,1,390
1384275,42625,390,6,1,390
1384275,49217,390,7,1,390
1384275,40208,390,8,1,390
1384275,28842,390,9,1,390
1385304,8859,391,1,1,391
1385304,33198,391,2,1,391
1385304,162,391,3,1,391
1387876,48255,392,1,0,392
1387876,47485,392,2,0,392
1387876,24010,392,3,0,392
1387876,13176,392,4,0,392
1387876,35221,392,5,0,392
1387876,21709,392,6,0,392
1387876,44632,392,7,0,392
1387876,35819,392,8,0,392
1387876,23537,392,9,0,392
1387876,31506,392,10,0,392
1387876,13212,392,11,0,392
1387876,7746,392,12,0,392
1387876,46294,392,13,0,392
1387876,1640,392,14,1,392
1387876,22671,392,15,0,392
1387876,24964,392,16,0,392
1387876,37458,392,17,0,392
1387876,21903,392,18,0,392
1387876,4799,392,19,0,392
1387876,5818,392,20,0,392
1387876,36149,392,21,0,392
1387876,27642,392,22,0,392
1387876,34969,392,23,0,392
1393786,40672,393,1,1,393
1393786,1774,393,2,1,393
1400745,5077,394,1,1,394
1400745,13176,394,2,1,394
1400745,26443,394,3,1,394
1400745,20392,394,4,1,394
1400745,25256,394,5,1,394
1400745,44632,394,6,1,394
1400745,3957,394,7,1,394
1400745,5646,394,8,1,394
1400745,35221,394,9,1,394
1400745,21057,394,10,0,394
1400745,5240,394,11,0,394
1400745,23375,394,12,1,394
1400745,12206,394,13,0,394
1400745,4428,394,14,1,394
1400745,35951,394,15,1,394
1406085,33000,395,1,1,395
1406085,239,395,2,0,395
1406085,36431,395,3,1,395
1406085,22699,395,4,1,395
1406085,6155,395,5,0,395
1406085,4595,395,6,1,395
1406085,36147,395,7,0,395
1406376,46984,396,1,0,396
1406376,3583,396,2,0,396
1406376,22025,396,3,1,396
1406376,5550,396,4,1,396
1406376,45007,396,5,1,396
1406376,13629,396,6,1,396
1406376,1749,396,7,1,396
1406376,25931,396,8,1,396
1406376,47209,396,9,0,396
1406376,13176,396,10,0,396
1406376,32578,396,11,0,396
1406376,12039,396,12,1,396
1406376,19048,396,13,1,396
1406376,22825,396,14,1,396
1406376,9839,396,15,0,396
1406376,46979,396,16,0,396
1406376,41658,396,17,1,396
1406376,16617,396,18,1,396
1406376,36695,396,19,0,396
1406376,43635,396,20,1,396
1406376,24535,396,21,1,396
1406376,41220,396,22,1,396
1406376,10132,396,23,1,396
1406376,11005,396,24,1,396
1406376,7649,396,25,0,396
1406376,18027,396,26,0,396
1406376,28377,396,27,1,396
1406376,20016,396,28,0,396
1406376,4799,396,29,0,396
1406376,21543,396,30,0,396
1406376,45633,396,31,0,396
1406376,45646,396,32,0,396
1406376,43662,396,33,0,396
1406376,29307,396,34,0,396
1406376,48775,396,35,0,396
1406376,27104,396,36,1,396
1406376,27966,396,37,1,396
1406376,260,396,38,0,396
1406376,21555,396,39,1,396
1406376,35503,396,40,1,396
1406376,37141,396,41,0,396
1406376,11610,396,42,0,396
1406376,33294,396,43,0,396
1406376,49451,396,44,0,396
1406509,40002,397,1,1,397
1406509,2596,397,2,1,397
1406509,16965,397,3,1,397
1407772,28748,398,1,1,398
1407772,39461,398,2,0,398
1407772,35450,398,3,0,398
1407772,20985,398,4,0,398
1407772,43263,398,5,0,398
1407772,34024,398,6,1,398
1407772,19189,398,7,1,398
1407772,15424,398,8,0,398
1419053,23204,399,1,1,399
1419053,43961,399,2,0,399
1419053,18148,399,3,0,399
1419053,47626,399,4,0,399
1419053,39928,399,5,0,399
1419053,20697,399,6,0,399
1419053,28465,399,7,1,399
1419053,16797,399,8,1,399
1419053,47141,399,9,1,399
1419053,42495,399,10,1,399
1419053,43928,399,11,1,399
1419053,49151,399,12,1,399
1419053,9076,399,13,1,399
1419053,22242,399,14,1,399
1419053,19763,399,15,1,399
1419053,18960,399,16,0,399
1419053,18372,399,17,1,399
1419053,39491,399,18,0,399
1419053,6845,399,19,0,399
1419053,7736,399,20,0,399
1419053,5460,399,21,0,399
1419053,31981,399,22,1,399
1419053,30551,399,23,0,399
1419053,30720,399,24,0,399
1419053,4163,399,25,0,399
1419053,7400,399,26,0,399
1419053,26314,399,27,0,399
1419581,40670,400,1,1,400
1419581,4635,400,2,1,400
1419581,1581,400,3,1,400
1419581,12817,400,4,1,400
1419581,42252,400,5,1,400
1419581,7837,400,6,1,400
1419581,24852,400,7,1,400
1419581,3990,400,8,1,400
1419581,33178,400,9,1,400
1419581,21133,400,10,1,400
1419581,4648,400,11,1,400
1419581,34431,400,12,1,400
1419581,23909,400,13,1,400
1419581,1852,400,14,1,400
1419581,8954,400,15,1,400
1419581,23734,400,16,1,400
1419581,42093,400,17,1,400
1419581,37215,400,18,1,400
1419581,22454,400,19,1,400
1419581,7255,400,20,1,400
1419581,1006,400,21,1,400
1419581,8260,400,22,1,400
1419581,32211,400,23,1,400
1419581,16953,400,24,1,400
1419581,30696,400,25,0,400
1419581,18201,400,26,0,400
1419581,12564,400,27,1,400
1419581,5038,400,28,1,400
1419581,42356,400,29,1,400
1419581,5248,400,30,0,400
1419581,35289,400,31,1,400
1419581,16464,400,32,0,400
1419581,15650,400,33,0,400
1420294,34234,401,1,1,401
1420294,28581,401,2,1,401
1420294,7483,401,3,0,401
1420294,31562,401,4,0,401
1420294,15290,401,5,0,401
1420294,43768,401,6,0,401
1424396,33151,402,1,1,402
1424396,19536,402,2,1,402
1424396,28715,402,3,1,402
1424396,30518,402,4,1,402
1424396,24253,402,5,1,402
1426098,28599,403,1,0,403
1426098,49635,403,2,0,403
1426098,38890,403,3,1,403
1426098,39599,403,4,1,403
1426098,22124,403,5,1,403
1426098,40571,403,6,1,403
1426098,45443,403,7,1,403
1426098,18352,403,8,1,403
1426098,4210,403,9,1,403
1426098,31981,403,10,1,403
1426098,5077,403,11,1,403
1426098,48527,403,12,1,403
1426098,24852,403,13,1,403
1429571,47329,404,1,0,404
1429571,13225,404,2,0,404
1429571,13176,404,3,0,404
1429571,42460,404,4,0,404
1429571,21116,404,5,0,404
1429571,23339,404,6,0,404
1430372,24764,405,1,1,405
1442242,2002,406,1,0,406
1442242,23695,406,2,0,406
1442242,2748,406,3,1,406
1442242,31727,406,4,1,406
1442242,41665,406,5,1,406
1442242,35628,406,6,1,406
1442242,26915,406,7,1,406
1442242,10912,406,8,1,406
1442242,9531,406,9,1,406
1442242,13512,406,10,1,406
1442242,27451,406,11,0,406
1442242,40749,406,12,0,406
1442242,16759,406,13,0,406
1442242,27241,406,14,0,406
1442242,7308,406,15,1,406
1442242,42828,406,16,0,406
1442242,34448,406,17,1,406
1442242,48707,406,18,0,406
1442242,22240,406,19,1,406
1442242,17964,406,20,0,406
1442242,34012,406,21,0,406
1442242,14177,406,22,1,406
1443104,6375,407,1,1,407
1443104,18926,407,2,1,407
1443104,40571,407,3,1,407
1457233,45633,408,1,1,408
1457233,47388,408,2,0,408
1457233,19057,408,3,1,408
1457233,38676,408,4,0,408
1457233,19660,408,5,1,408
1466562,12581,409,1,0,409
1466562,42122,409,2,1,409
1466562,21724,409,3,0,409
1468237,9130,410,1,0,410
1468237,28987,410,2,0,410
1468237,34909,410,3,0,410
1468237,27463,410,4,0,410
1468237,40592,410,5,1,410
1468237,24649,410,6,1,410
1468237,46287,410,7,1,410
1468237,27107,410,8,1,410
1468237,16519,410,9,1,410
1468237,5385,410,10,1,410
1468237,48898,410,11,1,410
1468237,16953,410,12,1,410
1468237,17781,410,13,1,410
1468237,24852,410,14,1,410
1468237,46489,410,15,1,410
1468237,40807,410,16,1,410
1468237,39491,410,17,1,410
1468237,35507,410,18,0,410
1468237,23288,410,19,0,410
1468237,4390,410,20,0,410
1468237,27845,410,21,0,410
1468237,877,410,22,0,410
1468237,28016,410,23,0,410
1468237,39132,410,24,0,410
1468237,46332,410,25,1,410
1468237,21314,410,26,1,410
1468237,31803,410,27,0,410
1468237,36005,410,28,0,410
1470324,34199,411,1,0,411
1470324,15290,411,2,1,411
1470324,21938,411,3,1,411
1470324,12845,411,4,0,411
1470324,42183,411,5,1,411
1470324,10342,411,6,1,411
1470324,36606,411,7,0,411
1470324,21903,411,8,0,411
1470324,30391,411,9,1,411
1470324,44359,411,10,0,411
1476149,23165,412,1,0,412
1476149,46979,412,2,1,412
1476149,23537,412,3,1,412
1476149,13431,412,4,0,412
1476149,7559,412,5,0,412
1476149,6046,412,6,1,412
1476149,2295,412,7,1,412
1476149,26369,412,8,0,412
1476149,3689,412,9,0,412
1476149,1025,412,10,0,412
1476149,13198,412,11,1,412
1476149,5240,412,12,1,412
1476149,6101,412,13,1,412
1476149,19348,412,14,1,412
1476149,13885,412,15,1,412
1476149,9146,412,16,0,412
1476149,6489,412,17,1,412
1485087,24852,413,1,1,413
1485087,48845,413,2,1,413
1485087,46069,413,3,0,413
1485087,18963,413,4,0,413
1485087,2452,413,5,0,413
1485087,7916,413,6,0,413
1485087,21903,413,7,0,413
1485087,43735,413,8,0,413
1487154,17419,414,1,0,414
1487154,14127,414,2,1,414
1487154,16908,414,3,1,414
1487154,4232,414,4,1,414
1487154,7139,414,5,1,414
1487154,41968,414,6,1,414
1487154,44820,414,7,1,414
1487540,4605,415,1,0,415
1487540,2225,415,2,0,415
1487540,42872,415,3,1,415
1487540,15359,415,4,0,415
1487540,10568,415,5,0,415
1487540,28080,415,6,1,415
1487540,19368,415,7,0,415
1487540,16020,415,8,0,415
1487540,10549,415,9,0,415
1487540,19076,415,10,0,415
1487540,12320,415,11,0,415
1487540,46776,415,12,0,415
1487540,31676,415,13,0,415
1487540,10957,415,14,1,415
1490179,33572,416,1,1,416
1490179,33104,416,2,0,416
1490179,27966,416,3,1,416
1490179,18873,416,4,0,416
1490179,36070,416,5,0,416
1490179,28289,416,6,1,416
1490179,7622,416,7,0,416
1490179,46900,416,8,0,416
1490179,46720,416,9,0,416
1492206,19660,417,1,1,417
1492206,29139,417,2,1,417
1492206,39462,417,3,1,417
1492206,32734,417,4,1,417
1492206,31562,417,5,1,417
1492206,2846,417,6,0,417
1492206,5769,417,7,0,417
1492206,16759,417,8,0,417
1492206,25272,417,9,0,417
1495337,26209,418,1,1,418
1495337,13166,418,2,1,418
1495337,42736,418,3,1,418
1495337,31506,418,4,1,418
1495337,49385,418,5,0,418
1495337,48037,418,6,0,418
1495337,17794,418,7,1,418
1495337,18434,418,8,0,418
1495337,18531,418,9,0,418
1495337,33731,418,10,1,418
1495337,32839,418,11,1,418
1495337,24964,418,12,1,418
1495337,47626,418,13,0,418
1495337,25230,418,14,1,418
1495337,32655,418,15,1,418
1495337,20022,418,16,0,418
1495337,28985,418,17,1,418
1495337,33401,418,18,0,418
1500329,20995,419,1,1,419
1500329,30830,419,2,0,419
1500329,39877,419,3,0,419
1500329,6008,419,4,0,419
1500329,16641,419,5,0,419
1500329,21783,419,6,0,419
1500329,39561,419,7,1,419
1500329,11520,419,8,1,419
1500329,18105,419,9,1,419
1500329,45200,419,10,1,419
1500329,19944,419,11,0,419
1500329,45774,419,12,0,419
1500329,21903,419,13,1,419
1500329,21616,419,14,1,419
1500329,45063,419,15,0,419
1500329,47734,419,16,1,419
1500329,28199,419,17,0,419
1500329,46667,419,18,1,419
1500329,46932,419,19,1,419
1500329,38766,419,20,0,419
1503289,47877,420,1,1,420
1503289,9076,420,2,1,420
1503289,11777,420,3,0,420
1503289,26604,420,4,1,420
1503289,24852,420,5,1,420
1503289,34487,420,6,1,420
1503289,42888,420,7,1,420
1503289,16185,420,8,1,420
1503289,11869,420,9,0,420
1503289,12672,420,10,1,420
1503289,35315,420,11,1,420
1503289,43154,420,12,1,420
1503289,24186,420,13,1,420
1503289,48015,420,14,1,420
1503289,9623,420,15,1,420
1503289,11463,420,16,0,420
1503289,21106,420,17,0,420
1503289,44980,420,18,1,420
1503289,45064,420,19,0,420
1503289,21158,420,20,1,420
1503289,42403,420,21,0,420
1503289,39107,420,22,1,420
1503289,24053,420,23,1,420
1505122,24852,421,1,1,421
1505122,32566,421,2,1,421
1505122,22035,421,3,1,421
1505122,47630,421,4,1,421
1505122,42828,421,5,1,421
1505122,44987,421,6,1,421
1505122,47209,421,7,1,421
1505122,34429,421,8,1,421
1505122,13083,421,9,1,421
1505122,39275,421,10,1,421
1505122,46194,421,11,1,421
1505122,12872,421,12,1,421
1505122,30450,421,13,1,421
1505122,27966,421,14,1,421
1505122,16479,421,15,0,421
1505427,30233,422,1,1,422
1505427,47209,422,2,1,422
1505427,24852,422,3,1,422
1505427,18362,422,4,1,422
1505427,10545,422,5,1,422
1505427,39747,422,6,1,422
1505427,42265,422,7,1,422
1505427,17284,422,8,1,422
1505427,4920,422,9,1,422
1505427,21137,422,10,1,422
1505427,38159,422,11,1,422
1505427,39794,422,12,1,422
1505427,27966,422,13,0,422
1505427,49235,422,14,1,422
1511379,24010,423,1,1,423
1511671,49683,424,1,1,424
1511671,27890,424,2,0,424
1511671,5876,424,3,0,424
1511671,48023,424,4,0,424
1511671,21982,424,5,1,424
1511671,12331,424,6,0,424
1511671,44144,424,7,0,424
1511671,25890,424,8,0,424
1511671,27104,424,9,0,424
1511671,22935,424,10,0,424
1511671,17794,424,11,0,424
1511671,742,424,12,0,424
1511671,22247,424,13,0,424
1511671,43789,424,14,1,424
1511671,28842,424,15,1,424
1511671,12419,424,16,1,424
1511671,9955,424,17,0,424
1511671,49659,424,18,0,424
1511671,47900,424,19,0,424
1511671,26209,424,20,1,424
1511671,38537,424,21,0,424
1511671,28432,424,22,0,424
1511671,40712,424,23,0,424
1511671,33535,424,24,0,424
1511671,7760,424,25,0,424
1511671,5450,424,26,1,424
1511671,20638,424,27,0,424
1511671,30776,424,28,0,424
1511744,7806,425,1,0,425
1511744,35090,425,2,0,425
1511744,16710,425,3,0,425
1511744,7515,425,4,0,425
1515659,22198,426,1,1,426
1515659,27172,426,2,1,426
1515659,36177,426,3,1,426
1515659,24838,426,4,1,426
1515659,47465,426,5,1,426
1515659,39276,426,6,1,426
1516146,10603,427,1,0,427
1516146,39495,427,2,0,427
1516146,22395,427,3,1,427
1516146,34969,427,4,1,427
1516146,47209,427,5,0,427
1516146,14462,427,6,0,427
1516146,23594,427,7,0,427
1516146,28934,427,8,1,427
1516146,11520,427,9,1,427
1516146,6347,427,10,1,427
1516146,42265,427,11,1,427
1516146,5764,427,12,0,427
1516146,8792,427,13,1,427
1518497,47766,428,1,1,428
1518497,9346,428,2,1,428
1518497,24221,428,3,1,428
1518497,27845,428,4,1,428
1518497,5479,428,5,1,428
1518497,16083,428,6,1,428
1521473,28928,429,1,1,429
1521473,45437,429,2,1,429
1521473,48364,429,3,1,429
1521473,46087,429,4,0,429
1521473,31634,429,5,0,429
1521473,13079,429,6,0,429
1521473,29622,429,7,1,429
1521473,6400,429,8,0,429
1521473,23783,429,9,0,429
1521473,43182,429,10,0,429
1521473,20115,429,11,0,429
1521473,35951,429,12,1,429
1521473,38312,429,13,0,429
1521473,15984,429,14,0,429
1522950,31997,430,1,0,430
1522950,21903,430,2,1,430
1522950,14833,430,3,0,430
1522950,22760,430,4,0,430
1522950,14240,430,5,0,430
1522950,31373,430,6,0,430
1522950,45448,430,7,0,430
1522950,18993,430,8,0,430
1522950,9095,430,9,0,430
1522950,24852,430,10,1,430
1522950,47766,430,11,1,430
1522950,32403,430,12,0,430
1522950,28553,430,13,0,430
1522950,43352,430,14,0,430
1522950,16797,430,15,0,430
1522950,39928,430,16,0,430
1522950,25630,430,17,0,430
1522950,20842,430,18,0,430
1522950,30489,430,19,0,430
1522950,24184,430,20,0,430
1522950,15290,430,21,1,430
1524072,22720,431,1,1,431
1524072,27966,431,2,1,431
1524072,7026,431,3,1,431
1524072,17794,431,4,1,431
1524072,47209,431,5,1,431
1524072,12385,431,6,1,431
1524072,21137,431,7,1,431
1524072,33754,431,8,1,431
1524072,10749,431,9,1,431
1524072,37646,431,10,1,431
1524072,13176,431,11,1,431
1524072,10070,431,12,1,431
1524072,36550,431,13,1,431
1524072,27156,431,14,1,431
1524072,22491,431,15,1,431
1524072,33731,431,16,1,431
1524072,3952,431,17,0,431
1524072,22935,431,18,0,431
1524072,48395,431,19,0,431
1530208,24852,432,1,1,432
1530208,7503,432,2,1,432
1530208,27845,432,3,1,432
1530208,9020,432,4,1,432
1530208,39275,432,5,1,432
1530208,27966,432,6,0,432
1530208,16019,432,7,1,432
1530208,7976,432,8,0,432
1530208,44138,432,9,0,432
1530208,8277,432,10,1,432
1538493,47672,433,1,0,433
1551038,7868,434,1,1,434
1551038,11199,434,2,0,434
1553817,17828,435,1,1,435
1553817,38141,435,2,1,435
1553817,3457,435,3,1,435
1553817,13176,435,4,1,435
1553817,40145,435,5,1,435
1553817,19057,435,6,1,435
1553817,4410,435,7,1,435
1553817,45580,435,8,1,435
1553817,6188,435,9,1,435
1558009,6287,436,1,1,436
1558009,45504,436,2,1,436
1558009,13176,436,3,1,436
1558009,6948,436,4,1,436
1558009,3835,436,5,1,436
1558009,30252,436,6,1,436
1558009,30450,436,7,1,436
1558009,47209,436,8,1,436
1558009,12955,436,9,1,436
1558009,39275,436,10,1,436
1558009,10724,436,11,1,436
1558009,7051,436,12,1,436
1558009,22227,436,13,1,436
1558009,42242,436,14,1,436
1558009,5322,436,15,1,436
1558009,46979,436,16,1,436
1558009,37646,436,17,1,436
1565016,13176,437,1,1,437
1565228,1157,438,1,1,438
1565228,24852,438,2,1,438
1565228,23909,438,3,1,438
1565228,15424,438,4,1,438
1565228,44799,438,5,1,438
1565228,48907,438,6,1,438
1565228,4377,438,7,1,438
1565228,26477,438,8,1,438
1565228,5884,438,9,1,438
1565228,18987,438,10,1,438
1565228,33645,438,11,1,438
1565228,45622,438,12,1,438
1565228,18201,438,13,1,438
1565228,40616,438,14,1,438
1565228,32538,438,15,1,438
1565228,19424,438,16,1,438
1565228,47931,438,17,1,438
1565228,9327,438,18,1,438
1565228,48171,438,19,1,438
1565228,35257,438,20,0,438
1565228,10500,438,21,0,438
1565228,30435,438,22,1,438
1566814,25005,439,1,1,439
1566814,30063,439,2,1,439
1566814,6104,439,3,1,439
1566814,48364,439,4,1,439
1566814,31717,439,5,1,439
1566814,30489,439,6,1,439
1566814,15290,439,7,1,439
1566814,35951,439,8,1,439
1566814,27156,439,9,1,439
1566814,35547,439,10,1,439
1566814,44683,439,11,1,439
1566814,26209,439,12,1,439
1568165,37952,440,1,1,440
1568165,18027,440,2,0,440
1568165,27845,440,3,1,440
1568165,13560,440,4,1,440
1568165,21137,440,5,1,440
1568165,13176,440,6,1,440
1568165,4809,440,7,1,440
1568165,41806,440,8,1,440
1568165,46979,440,9,1,440
1568165,22825,440,10,1,440
1568165,39928,440,11,0,440
1568165,32905,440,12,0,440
1568165,34005,440,13,0,440
1568165,39475,440,14,1,440
1571286,13914,441,1,1,441
1581277,19019,442,1,0,442
1581277,13113,442,2,1,442
1581277,45013,442,3,1,442
1581277,10369,442,4,1,442
1581277,23383,442,5,1,442
1581277,24841,442,6,1,442
1581277,47209,442,7,1,442
1581277,17949,442,8,1,442
1581277,21137,442,9,1,442
1581277,44910,442,10,1,442
1581277,45066,442,11,1,442
1581277,9366,442,12,1,442
1581652,32030,443,1,1,443
1581652,27392,443,2,1,443
1581827,28985,444,1,0,444
1581827,10129,444,2,1,444
1581827,21614,444,3,1,444
1581827,11576,444,4,1,444
1581827,40691,444,5,1,444
1581827,27744,444,6,1,444
1587183,29874,445,1,1,445
1587183,35898,445,2,0,445
1587183,19821,445,3,0,445
1587183,20876,445,4,0,445
1587183,10840,445,5,0,445
1587183,20367,445,6,1,445
1587183,31040,445,7,1,445
1587183,30489,445,8,1,445
1587183,10514,445,9,0,445
1590243,29405,446,1,0,446
1590243,21195,446,2,0,446
1597062,33394,447,1,1,447
1597062,49339,447,2,1,447
1597062,43889,447,3,1,447
1597062,21070,447,4,1,447
1597062,3847,447,5,1,447
1597062,5876,447,6,1,447
1597062,49683,447,7,1,447
1597062,9387,447,8,1,447
1597062,22069,447,9,1,447
1597062,17294,447,10,1,447
1597062,432,447,11,0,447
1597062,4029,447,12,0,447
1597062,20906,447,13,0,447
1597062,43961,447,14,0,447
1599066,14809,448,1,0,448
1599066,12186,448,2,0,448
1599066,25522,448,3,1,448
1599066,10070,448,4,1,448
1599066,27086,448,5,0,448
1599066,27104,448,6,1,448
1599066,42768,448,7,1,448
1599066,40604,448,8,1,448
1599066,5450,448,9,0,448
1599066,27521,448,10,0,448
1599066,17400,448,11,1,448
1599066,49683,448,12,1,448
1599066,31506,448,13,1,448
1599066,28204,448,14,1,448
1599066,28199,448,15,0,448
1599066,47672,448,16,0,448
1599066,5337,448,17,0,448
1599066,11422,448,18,1,448
1599066,28476,448,19,0,448
1599066,15904,448,20,0,448
1599066,11781,448,21,0,448
1599066,29116,448,22,0,448
1599066,206,448,23,0,448
1599066,21150,448,24,0,448
1599066,3682,448,25,0,448
1599066,46720,448,26,0,448
1599066,23008,448,27,0,448
1599066,39182,448,28,0,448
1599066,18531,448,29,0,448
1599709,4942,449,1,0,449
1599709,16920,449,2,0,449
1599709,32303,449,3,0,449
1599709,38185,449,4,0,449
1599709,34619,449,5,0,449
1599709,4889,449,6,0,449
1599709,12986,449,7,0,449
1599709,46844,449,8,0,449
1599709,49683,449,9,0,449
1599709,29487,449,10,0,449
1599709,1752,449,11,0,449
1599709,15100,449,12,0,449
1599709,18379,449,13,0,449
1599709,21019,449,14,0,449
1599709,43183,449,15,0,449
1599709,47141,449,16,0,449
1599709,45835,449,17,0,449
1606431,33000,450,1,0,450
1606431,19272,450,2,1,450
1606431,4872,450,3,1,450
1606431,28934,450,4,1,450
1606431,8277,450,5,1,450
1606431,10763,450,6,1,450
1606844,23052,451,1,1,451
1606844,43948,451,2,1,451
1606844,24852,451,3,1,451
1606844,12508,451,4,0,451
1606844,12128,451,5,1,451
1606844,25093,451,6,1,451
1606844,27344,451,7,1,451
1607621,19019,452,1,1,452
1607621,18594,452,2,1,452
1607621,11140,452,3,1,452
1607621,6292,452,4,1,452
1607984,30489,453,1,1,453
1607984,10407,453,2,1,453
1607984,24852,453,3,1,453
1607984,7156,453,4,1,453
1607984,28849,453,5,1,453
1607984,12033,453,6,1,453
1607984,27744,453,7,1,453
1607984,25340,453,8,1,453
1607984,19678,453,9,1,453
1607984,38159,453,10,1,453
1607984,11447,453,11,1,453
1607984,47209,453,12,0,453
1607984,2272,453,13,0,453
1607984,4605,453,14,1,453
1607984,29987,453,15,0,453
1607984,7461,453,16,0,453
1607984,6489,453,17,1,453
1607984,24184,453,18,1,453
1607984,32523,453,19,1,453
1610209,49683,454,1,1,454
1610209,16797,454,2,1,454
1610209,24852,454,3,1,454
1610209,4945,454,4,0,454
1610209,43352,454,5,1,454
1610209,17600,454,6,1,454
1610209,8424,454,7,1,454
1610209,26317,454,8,1,454
1610833,25718,455,1,1,455
1610833,32740,455,2,1,455
1610833,45599,455,3,1,455
1610833,22533,455,4,0,455
1610833,2676,455,5,0,455
1610833,17600,455,6,1,455
1614578,5390,456,1,0,456
1614578,2078,456,2,1,456
1614578,39877,456,3,0,456
1614578,45535,456,4,1,456
1614578,23165,456,5,1,456
1614578,21903,456,6,1,456
1614578,16349,456,7,1,456
1614578,41610,456,8,0,456
1614578,16396,456,9,0,456
1620383,11399,457,1,1,457
1620383,22832,457,2,1,457
1620383,5487,457,3,1,457
1620383,4952,457,4,1,457
1620383,13596,457,5,0,457
1620383,14233,457,6,0,457
1620383,48453,457,7,0,457
1620383,21614,457,8,1,457
1620383,12703,457,9,1,457
1620383,48364,457,10,0,457
1620383,24531,457,11,1,457
1621659,47766,458,1,0,458
1621659,19370,458,2,0,458
1621659,46979,458,3,0,458
1621659,11538,458,4,0,458
1621659,35425,458,5,0,458
1621659,24838,458,6,0,458
1621659,5262,458,7,0,458
1621659,42536,458,8,0,458
1621659,27086,458,9,0,458
1621659,24852,458,10,0,458
1621659,19893,458,11,0,458
1621659,17181,458,12,0,458
1621659,24964,458,13,0,458
1621659,13380,458,14,0,458
1627126,42585,459,1,0,459
1627126,10163,459,2,0,459
1627126,17459,459,3,0,459
1627126,9387,459,4,0,459
1627126,19934,459,5,0,459
1627471,28299,460,1,1,460
1627471,47940,460,2,1,460
1627471,17011,460,3,0,460
1627471,19808,460,4,1,460
1627471,41508,460,5,0,460
1627471,42240,460,6,1,460
1627471,15490,460,7,0,460
1627471,2616,460,8,0,460
1627471,9756,460,9,1,460
1627471,31981,460,10,1,460
1627471,1327,460,11,1,460
1627471,14252,460,12,1,460
1627471,24852,460,13,1,460
1633929,24489,461,1,0,461
1633929,34584,461,2,0,461
1633929,35951,461,3,0,461
1633929,5077,461,4,1,461
1633929,39275,461,5,1,461
1633929,45633,461,6,0,461
1633929,47766,461,7,1,461
1633929,21137,461,8,1,461
1633929,48255,461,9,1,461
1633929,42768,461,10,1,461
1633929,4605,461,11,1,461
1633929,46505,461,12,0,461
1633929,44098,461,13,1,461
1639087,14897,462,1,1,462
1639087,28248,462,2,1,462
1639087,28547,462,3,1,462
1639087,5876,462,4,1,462
1639087,1516,462,5,1,462
1639087,34565,462,6,1,462
1639087,42495,462,7,1,462
1639087,37213,462,8,1,462
1639087,10995,462,9,1,462
1639087,39190,462,10,1,462
1639087,31066,462,11,0,462
1639087,47612,462,12,1,462
1639087,8639,462,13,0,462
1639087,26104,462,14,0,462
1639087,15872,462,15,1,462
1639087,25544,462,16,0,462
1639264,29127,463,1,0,463
1639264,29694,463,2,0,463
1639264,39046,463,3,1,463
1639264,21903,463,4,1,463
1639264,9020,463,5,1,463
1639264,12845,463,6,1,463
1639264,38861,463,7,1,463
1639264,23687,463,8,1,463
1639264,11773,463,9,1,463
1639264,46537,463,10,1,463
1639264,28217,463,11,0,463
1640584,12075,464,1,0,464
1640584,43776,464,2,0,464
1640584,24363,464,3,0,464
1640584,38311,464,4,0,464
1640584,21616,464,5,0,464
1640584,4799,464,6,0,464
1641964,23671,465,1,0,465
1641964,34590,465,2,0,465
1641964,41198,465,3,0,465
1644809,3274,466,1,0,466
1644809,28386,466,2,0,466
1644809,45442,466,3,0,466
1644809,5181,466,4,0,466
1644809,9656,466,5,0,466
1644809,25804,466,6,0,466
1644809,29734,466,7,0,466
1644809,43409,466,8,0,466
1649980,24838,467,1,1,467
1649980,14917,467,2,1,467
1649980,47209,467,3,1,467
1649980,40571,467,4,1,467
1649980,19156,467,5,1,467
1649980,25199,467,6,1,467
1649980,43713,467,7,0,467
1649980,35594,467,8,0,467
1649980,21526,467,9,1,467
1649980,38684,467,10,0,467
1649980,13702,467,11,1,467
1650049,4461,468,1,1,468
1650049,46667,468,2,1,468
1650049,9955,468,3,0,468
1650049,13176,468,4,0,468
1650049,31717,468,5,1,468
1650049,10621,468,6,1,468
1650049,23288,468,7,1,468
1650049,28985,468,8,1,468
1650049,35140,468,9,0,468
1650049,38847,468,10,0,468
1650049,36149,468,11,0,468
1650049,5876,468,12,0,468
1650049,47209,468,13,1,468
1658240,34658,469,1,1,469
1658240,2581,469,2,1,469
1658240,43933,469,3,1,469
1658240,5785,469,4,1,469
1658240,4097,469,5,1,469
1658240,329,469,6,1,469
1658240,13176,469,7,1,469
1658240,21137,469,8,1,469
1664772,38896,470,1,0,470
1664772,44912,470,2,0,470
1664772,37119,470,3,0,470
1664772,35951,470,4,0,470
1664772,13176,470,5,1,470
1664772,20734,470,6,0,470
1664772,31880,470,7,0,470
1670613,9076,471,1,0,471
1670613,30720,471,2,0,471
1674153,28601,472,1,0,472
1674153,45217,472,2,0,472
1674153,30509,472,3,0,472
1674153,1674,472,4,0,472
1674153,44683,472,5,0,472
1674153,196,472,6,0,472
1674153,7837,472,7,0,472
1674153,42806,472,8,0,472
1680929,7539,473,1,1,473
1680929,33320,473,2,1,473
1680929,20564,473,3,1,473
1680929,30494,473,4,1,473
1680929,30978,473,5,0,473
1680929,44349,473,6,0,473
1682597,40910,474,1,1,474
1682597,19229,474,2,0,474
1682597,16939,474,3,0,474
1682597,41290,474,4,0,474
1682597,19192,474,5,1,474
1682597,276,474,6,0,474
1709650,15663,475,1,0,475
1709650,13966,475,2,1,475
1709650,47119,475,3,1,475
1709650,44042,475,4,1,475
1711351,28842,476,1,1,476
1711351,4799,476,2,0,476
1711351,27336,476,3,1,476
1711351,13646,476,4,1,476
1718468,21903,477,1,1,477
1718468,38768,477,2,1,477
1721499,3442,478,1,0,478
1721499,4942,478,2,1,478
1721499,23516,478,3,1,478
1721499,43920,478,4,1,478
1721499,16083,478,5,1,478
1721499,35065,478,6,0,478
1721499,18531,478,7,1,478
1721499,20082,478,8,0,478
1733967,44670,479,1,1,479
1733967,45437,479,2,1,479
1733967,38944,479,3,1,479
1733967,19006,479,4,1,479
1733967,30142,479,5,1,479
1733967,39947,479,6,1,479
1733967,30489,479,7,1,479
1733967,31040,479,8,0,479
1733967,24952,479,9,0,479
1740561,46802,480,1,1,480
1740561,25931,480,2,1,480
1740561,34358,480,3,1,480
1740561,24852,480,4,1,480
1740561,40759,480,5,1,480
1740561,45104,480,6,1,480
1740561,4605,480,7,1,480
1740561,8670,480,8,1,480
1740561,10749,480,9,1,480
1740561,29837,480,10,1,480
1740561,46979,480,11,1,480
1740561,8518,480,12,0,480
1740561,4428,480,13,0,480
1746434,37489,481,1,0,481
1746434,38817,481,2,1,481
1746434,34821,481,3,1,481
1746434,10492,481,4,1,481
1746434,47141,481,5,0,481
1746434,2513,481,6,0,481
1746434,25544,481,7,0,481
1746434,26216,481,8,0,481
1746434,37773,481,9,0,481
1746434,29178,481,10,0,481
1746434,36527,481,11,0,481
1746434,34160,481,12,0,481
1746434,46877,481,13,0,481
1746434,47656,481,14,0,481
1746434,48000,481,15,0,481
1746434,9837,481,16,0,481
1746434,40310,481,17,0,481
1746434,34077,481,18,0,481
1749856,14715,482,1,1,482
1749856,12341,482,2,1,482
1749856,6184,482,3,1,482
1749856,46562,482,4,1,482
1750944,20876,483,1,0,483
1750944,24852,483,2,1,483
1750944,41787,483,3,1,483
1750944,4957,483,4,1,483
1750944,43352,483,5,1,483
1750944,14917,483,6,1,483
1750944,44517,483,7,1,483
1751332,21386,484,1,1,484
1751332,3868,484,2,1,484
1751332,42887,484,3,1,484
1751332,22565,484,4,1,484
1751332,12212,484,5,0,484
1755058,40120,485,1,1,485
1755058,21292,485,2,1,485
1755058,22802,485,3,1,485
1755058,3798,485,4,1,485
1755058,30827,485,5,0,485
1755058,12341,485,6,0,485
1755058,4557,485,7,0,485
1755058,26759,485,8,0,485
1758717,30849,486,1,1,486
1758717,26604,486,2,1,486
1759449,39561,487,1,1,487
1759449,43087,487,2,1,487
1759449,38730,487,3,0,487
1759449,6902,487,4,0,487
1759449,35633,487,5,1,487
1759449,43352,487,6,1,487
1759449,16797,487,7,1,487
1759449,13176,487,8,0,487
1759449,45747,487,9,1,487
1759449,10933,487,10,0,487
1759449,47616,487,11,0,487
1761016,17699,488,1,0,488
1761016,41539,488,2,1,488
1761016,40411,488,3,0,488
1761016,17287,488,4,0,488
1768253,3007,489,1,0,489
1768253,34243,489,2,0,489
1768253,15613,489,3,1,489
1768253,40676,489,4,0,489
1768253,23535,489,5,0,489
1770301,48697,490,1,0,490
1770301,20247,490,2,1,490
1770301,31683,490,3,1,490
1770301,37103,490,4,0,490
1770301,16290,490,5,0,490
1770301,46667,490,6,0,490
1770301,11989,490,7,1,490
1770301,29941,490,8,0,490
1770301,24852,490,9,0,490
1770301,12980,490,10,0,490
1770301,11224,490,11,0,490
1770301,26293,490,12,0,490
1770301,27845,490,13,1,490
1770301,6182,490,14,1,490
1770301,6361,490,15,1,490
1770301,30391,490,16,0,490
1770301,2295,490,17,0,490
1770301,45840,490,18,0,490
1770611,43352,491,1,1,491
1770611,23291,491,2,1,491
1770611,48341,491,3,1,491
1770611,45948,491,4,1,491
1770611,25272,491,5,0,491
1770611,40723,491,6,0,491
1770611,41361,491,7,0,491
1770611,14705,491,8,0,491
1770611,39877,491,9,0,491
1774881,19171,492,1,1,492
1774881,4605,492,2,0,492
1774881,15528,492,3,0,492
1774881,1830,492,4,0,492
1774881,21137,492,5,1,492
1774881,37065,492,6,0,492
1774881,21927,492,7,0,492
1774881,13176,492,8,1,492
1774881,31717,492,9,1,492
1774881,34126,492,10,1,492
1774881,30027,492,11,0,492
1774881,35510,492,12,1,492
1774881,17956,492,13,0,492
1781590,21195,493,1,1,493
1784134,21137,494,1,1,494
1791621,45603,495,1,1,495
1791621,24852,495,2,0,495
1791621,18232,495,3,1,495
1791621,35939,495,4,1,495
1791621,48679,495,5,1,495
1791621,16797,495,6,0,495
1794434,26010,496,1,0,496
1794434,13176,496,2,1,496
1794434,28204,496,3,1,496
1794434,932,496,4,0,496
1794434,8022,496,5,0,496
1794434,26298,496,6,0,496
1794434,39099,496,7,0,496
1794434,13646,496,8,0,496
1802267,9358,497,1,1,497
1802267,48532,497,2,1,497
1802267,35894,497,3,1,497
1802267,36051,497,4,0,497
1803794,8464,498,1,0,498
1803794,1154,498,2,0,498
1803794,4895,498,3,0,498
1803794,41805,498,4,0,498
1803794,33852,498,5,0,498
1803794,31102,498,6,1,498
1803794,28080,498,7,1,498
1803794,24398,498,8,0,498
1803794,20791,498,9,0,498
1803794,43703,498,10,0,498
1807270,34126,499,1,1,499
1807270,19057,499,2,1,499
1807270,40691,499,3,0,499
1807270,25588,499,4,0,499
1807270,43789,499,5,1,499
1807270,41570,499,6,0,499
1807270,47376,499,7,1,499
1808594,26604,500,1,1,500
1808594,36070,500,2,1,500
1808594,39877,500,3,0,500
1808594,46313,500,4,1,500
1808594,19208,500,5,1,500
1808601,38689,501,1,1,501
1808601,23765,501,2,1,501
1808601,18465,501,3,1,501
1808601,29662,501,4,1,501
1808601,34969,501,5,1,501
1808601,260,501,6,1,501
1808601,47209,501,7,1,501
1808601,781,501,8,1,501
1808601,18090,501,9,1,501
1808601,5876,501,10,1,501
1808601,26209,501,11,1,501
1808601,47601,501,12,1,501
1808601,28476,501,13,1,501
1808601,14462,501,14,0,501
1808601,21137,501,15,1,501
1808601,7781,501,16,0,501
1808601,44359,501,17,1,501
1808601,28985,501,18,1,501
1808601,10305,501,19,1,501
1808601,43122,501,20,1,501
1808601,9387,501,21,1,501
1808601,48795,501,22,1,501
1808601,31553,501,23,0,501
1808601,21903,501,24,0,501
1808601,34861,501,25,0,501
1808601,2314,501,26,0,501
1808601,27695,501,27,0,501
1810402,5077,502,1,1,502
1810402,36717,502,2,1,502
1810402,12324,502,3,0,502
1810402,49273,502,4,0,502
1810402,24852,502,5,1,502
1810402,40969,502,6,0,502
1810402,25890,502,7,1,502
1810402,38777,502,8,1,502
1810402,11782,502,9,0,502
1810402,1215,502,10,0,502
1810402,16525,502,11,0,502
1810402,41544,502,12,0,502
1810402,42736,502,13,0,502
1810402,25256,502,14,0,502
1810402,9076,502,15,1,502
1810402,47626,502,16,0,502
1810402,37825,502,17,1,502
1810402,4605,502,18,1,502
1810402,23165,502,19,0,502
1810402,19048,502,20,0,502
1810402,21903,502,21,1,502
1810402,7156,502,22,1,502
1810402,39275,502,23,1,502
1810402,1158,502,24,1,502
1812815,33929,503,1,1,503
1812815,8174,503,2,1,503
1812815,5876,503,3,1,503
1812815,45066,503,4,1,503
1812815,4541,503,5,1,503
1812815,35547,503,6,1,503
1812815,14356,503,7,1,503
1812815,7079,503,8,1,503
1812815,26604,503,9,1,503
1812815,27966,503,10,1,503
1812815,47766,503,11,1,503
1812815,40396,503,12,1,503
1812815,7916,503,13,1,503
1812815,25199,503,14,1,503
1812815,45437,503,15,1,503
1812815,24373,503,16,1,503
1812815,18288,503,17,1,503
1812815,42265,503,18,1,503
1812815,22035,503,19,1,503
1812815,39275,503,20,1,503
1812815,34243,503,21,0,503
1812815,8309,503,22,1,503
1812815,8710,503,23,1,503
1812815,31663,503,24,0,503
1812815,25630,503,25,0,503
1812815,15290,503,26,0,503
1815759,1398,504,1,1,504
1815759,10851,504,2,1,504
1815759,42333,504,3,1,504
1815759,29926,504,4,1,504
1815759,5322,504,5,1,504
1815759,35199,504,6,1,504
1815759,40063,504,7,1,504
1815759,39408,504,8,1,504
1815759,33129,504,9,1,504
1815759,39041,504,10,1,504
1815759,148,504,11,1,504
1816251,7781,505,1,1,505
1816251,21614,505,2,1,505
1816251,13712,505,3,1,505
1816251,9550,505,4,1,505
1816251,16589,505,5,1,505
1816251,27086,505,6,1,505
1816251,19677,505,7,1,505
1816251,35221,505,8,1,505
1816251,27548,505,9,1,505
1816251,5015,505,10,1,505
1816251,26620,505,11,1,505
1816251,7563,505,12,1,505
1816251,39475,505,13,1,505
1816251,24954,505,14,0,505
1816251,28204,505,15,1,505
1816251,39877,505,16,0,505
1832853,3561,506,1,0,506
1832853,43129,506,2,0,506
1832853,34126,506,3,0,506
1832853,42736,506,4,1,506
1832853,45999,506,5,1,506
1832853,46979,506,6,1,506
1832853,18479,506,7,0,506
1832853,27744,506,8,1,506
1832853,21334,506,9,0,506
1832853,3843,506,10,0,506
1832853,30994,506,11,0,506
1832853,28682,506,12,1,506
1837020,47626,507,1,0,507
1837020,41874,507,2,1,507
1838102,49517,508,1,1,508
1838102,45210,508,2,0,508
1838102,47029,508,3,0,508
1840503,32141,509,1,1,509
1840503,13015,509,2,0,509
1840503,20944,509,3,0,509
1840503,14390,509,4,0,509
1840503,18539,509,5,0,509
1840503,29943,509,6,1,509
1840503,36138,509,7,0,509
1840503,46842,509,8,0,509
1840503,21333,509,9,1,509
1840503,36975,509,10,0,509
1840503,36696,509,11,0,509
1840503,1736,509,12,0,509
1840811,26348,510,1,1,510
1842939,8045,511,1,1,511
1842939,9409,511,2,0,511
1848523,27845,512,1,0,512
1848523,13329,512,2,0,512
1848523,27966,512,3,0,512
1848523,36082,512,4,0,512
1848523,30233,512,5,0,512
1848523,42557,512,6,0,512
1848523,42710,512,7,0,512
1848523,18441,512,8,0,512
1848523,5876,512,9,0,512
1848523,27156,512,10,0,512
1848523,13176,512,11,0,512
1848523,32402,512,12,0,512
1848523,7955,512,13,0,512
1848523,21511,512,14,0,512
1848523,2322,512,15,0,512
1848523,45671,512,16,0,512
1848523,18385,512,17,0,512
1848523,39877,512,18,0,512
1848523,12320,512,19,0,512
1849152,5535,513,1,1,513
1849152,3473,513,2,0,513
1849152,31694,513,3,1,513
1849152,3605,513,4,0,513
1849152,13064,513,5,0,513
1853866,30024,514,1,1,514
1853866,14084,514,2,1,514
1853866,13968,514,3,1,514
1853866,42828,514,4,1,514
1853866,35108,514,5,1,514
1853866,12899,514,6,1,514
1853866,10243,514,7,0,514
1853866,13249,514,8,1,514
1853866,31066,514,9,0,514
1853866,47209,514,10,1,514
1853866,24039,514,11,0,514
1853866,17360,514,12,0,514
1853866,40634,514,13,0,514
1853866,47155,514,14,0,514
1853866,33438,514,15,0,514
1853866,45007,514,16,1,514
1853866,17794,514,17,0,514
1853866,18656,514,18,1,514
1853866,46979,514,19,0,514
1855789,42265,515,1,0,515
1855789,44683,515,2,0,515
1855789,33147,515,3,1,515
1855789,9839,515,4,0,515
1855789,9076,515,5,0,515
1855789,25133,515,6,0,515
1855789,8048,515,7,1,515
1855789,31506,515,8,0,515
1855789,21903,515,9,0,515
1855789,20955,515,10,0,515
1855789,7862,515,11,1,515
1857677,6184,516,1,1,516
1857677,8843,516,2,1,516
1857677,19887,516,3,1,516
1857677,196,516,4,1,516
1857677,3298,516,5,1,516
1859175,21267,517,1,1,517
1859175,21405,517,2,1,517
1859175,32717,517,3,0,517
1859175,1468,517,4,1,517
1859175,35948,517,5,0,517
1859175,33438,517,6,1,517
1859175,3855,517,7,0,517
1859175,12254,517,8,0,517
1859175,535,517,9,0,517
1859175,35817,517,10,0,517
1859175,44775,517,11,0,517
1859175,9989,517,12,0,517
1859175,20580,517,13,0,517
1859175,23679,517,14,1,517
1859175,756,517,15,0,517
1865875,19057,518,1,0,518
1865875,40310,518,2,0,518
1865875,4920,518,3,0,518
1865875,16797,518,4,0,518
1865875,40174,518,5,0,518
1865875,18176,518,6,0,518
1865875,21872,518,7,0,518
1865875,7014,518,8,0,518
1865875,46969,518,9,0,518
1865875,15290,518,10,0,518
1865875,611,518,11,0,518
1865875,4799,518,12,0,518
1865875,37119,518,13,0,518
1865875,2086,518,14,0,518
1865875,10006,518,15,0,518
1865875,5212,518,16,0,518
1868044,11950,519,1,0,519
1868044,24968,519,2,0,519
1868044,13176,519,3,1,519
1869961,43338,520,1,1,520
1869961,18806,520,2,1,520
1869961,32030,520,3,1,520
1869961,42193,520,4,1,520
1869961,27845,520,5,1,520
1869961,37718,520,6,1,520
1869961,29189,520,7,1,520
1869961,22122,520,8,1,520
1869961,24852,520,9,1,520
1869961,32828,520,10,1,520
1869961,46979,520,11,1,520
1869961,15143,520,12,1,520
1869961,26882,520,13,0,520
1869961,5355,520,14,1,520
1869961,21137,520,15,0,520
1876701,28849,521,1,1,521
1876701,18656,521,2,1,521
1876701,48679,521,3,1,521
1876701,46979,521,4,1,521
1876701,26317,521,5,1,521
1876701,2693,521,6,1,521
1876701,40377,521,7,1,521
1876701,44142,521,8,1,521
1876701,47209,521,9,1,521
1876701,45594,521,10,1,521
1876701,27355,521,11,0,521
1876701,8424,521,12,0,521
1876701,25340,521,13,1,521
1876701,5876,521,14,0,521
1882828,9292,522,1,1,522
1882828,4656,522,2,0,522
1883687,33569,523,1,1,523
1883687,34489,523,2,1,523
1883687,25980,523,3,0,523
1883687,35951,523,4,1,523
1883687,47209,523,5,1,523
1883687,21903,523,6,1,523
1883687,26769,523,7,1,523
1883687,41750,523,8,1,523
1883687,12206,523,9,1,523
1883687,41433,523,10,1,523
1883687,13380,523,11,1,523
1884218,19660,524,1,1,524
1891707,4937,525,1,0,525
1896447,25472,526,1,1,526
1896447,329,526,2,1,526
1896447,43789,526,3,1,526
1896447,46194,526,4,1,526
1896447,30567,526,5,1,526
1896447,23622,526,6,1,526
1896447,49128,526,7,0,526
1896447,6760,526,8,1,526
1896447,28535,526,9,1,526
1896447,33303,526,10,1,526
1896447,36315,526,11,1,526
1896447,32857,526,12,1,526
1896447,14979,526,13,0,526
1907383,25513,527,1,1,527
1907383,42093,527,2,1,527
1907383,49235,527,3,1,527
1907383,23405,527,4,0,527
1907383,44811,527,5,1,527
1907383,5161,527,6,1,527
1907383,20600,527,7,1,527
1907383,39877,527,8,1,527
1907383,13380,527,9,0,527
1907383,7781,527,10,0,527
1907383,43961,527,11,0,527
1907383,5876,527,12,0,527
1907814,30411,528,1,1,528
1907814,36247,528,2,1,528
1907814,42758,528,3,1,528
1907814,8859,528,4,1,528
1917117,33205,529,1,1,529
1917117,24852,529,2,1,529
1917117,459,529,3,1,529
1917117,16241,529,4,1,529
1917117,5612,529,5,0,529
1917117,43961,529,6,0,529
1917378,13176,530,1,1,530
1917378,47788,530,2,0,530
1917378,12980,530,3,1,530
1917378,34969,530,4,0,530
1917378,204,530,5,0,530
1918423,47766,531,1,1,531
1918423,47626,531,2,1,531
1918423,46979,531,3,0,531
1918423,12732,531,4,1,531
1918423,20842,531,5,1,531
1918423,17862,531,6,1,531
1918423,8297,531,7,1,531
1918423,37158,531,8,1,531
1918423,25890,531,9,1,531
1918423,33468,531,10,0,531
1918423,10504,531,11,0,531
1918423,27156,531,12,1,531
1918423,38012,531,13,0,531
1918423,46720,531,14,1,531
1918423,44359,531,15,1,531
1918423,18370,531,16,1,531
1918423,33731,531,17,1,531
1918423,26369,531,18,1,531
1918423,31717,531,19,1,531
1918423,40706,531,20,0,531
1918423,29311,531,21,1,531
1918423,18599,531,22,0,531
1918423,34067,531,23,1,531
1918423,7175,531,24,1,531
1918423,33000,531,25,1,531
1918423,13510,531,26,1,531
1918423,11182,531,27,0,531
1918423,28601,531,28,0,531
1918423,31562,531,29,0,531
1918423,8518,531,30,0,531
1918423,21938,531,31,1,531
1918423,10749,531,32,1,531
1918423,43768,531,33,1,531
1918423,24489,531,34,0,531
1918423,40545,531,35,0,531
1918423,17948,531,36,0,531
1918423,20995,531,37,0,531
1918423,37646,531,38,0,531
1918423,37067,531,39,1,531
1922383,49131,532,1,1,532
1922383,41658,532,2,1,532
1922383,19660,532,3,1,532
1922383,4562,532,4,1,532
1922383,24622,532,5,1,532
1922383,39013,532,6,1,532
1922383,38510,532,7,0,532
1922383,19057,532,8,1,532
1922383,47626,532,9,1,532
1922383,38312,532,10,0,532
1922383,16589,532,11,1,532
1922383,21903,532,12,1,532
1925449,38650,533,1,0,533
1925449,7156,533,2,0,533
1928176,49683,534,1,1,534
1928176,24852,534,2,1,534
1928176,17316,534,3,1,534
1928176,34660,534,4,0,534
1928176,47626,534,5,1,534
1928176,29418,534,6,0,534
1928176,20114,534,7,0,534
1937693,31915,535,1,0,535
1937693,4097,535,2,0,535
1937693,13176,535,3,0,535
1937693,34448,535,4,0,535
1937693,44120,535,5,0,535
1937693,36550,535,6,0,535
1937693,43192,535,7,0,535
1937693,45537,535,8,0,535
1937693,34067,535,9,0,535
1937693,23622,535,10,0,535
1937693,47209,535,11,0,535
1943989,21137,536,1,1,536
1943989,29487,536,2,1,536
1943989,8277,536,3,1,536
1943989,7054,536,4,1,536
1943989,40229,536,5,1,536
1943989,27104,536,6,1,536
1943989,20410,536,7,0,536
1943989,7175,536,8,0,536
1943989,16965,536,9,0,536
1945464,42615,537,1,1,537
1945464,26369,537,2,0,537
1945464,972,537,3,0,537
1945464,29740,537,4,0,537
1945464,24320,537,5,0,537
1945464,45856,537,6,0,537
1945464,24852,537,7,1,537
1945464,18656,537,8,0,537
1945464,5212,537,9,0,537
1945464,46738,537,10,0,537
1945464,23909,537,11,0,537
1945464,11737,537,12,0,537
1945464,18923,537,13,1,537
1945464,20276,537,14,0,537
1945464,28387,537,15,0,537
1945464,2326,537,16,0,537
1949123,29084,538,1,1,538
1949123,46188,538,2,1,538
1958716,16262,539,1,1,539
1958716,10312,539,2,1,539
1958716,39618,539,3,1,539
1993598,42580,540,1,0,540
1993598,12455,540,2,0,540
1993598,21137,540,3,1,540
1993598,29204,540,4,0,540
1993598,41290,540,5,1,540
1993598,28836,540,6,0,540
1993598,14882,540,7,1,540
1993598,40997,540,8,1,540
1993598,37606,540,9,1,540
1994458,34459,541,1,0,541
1994458,39993,541,2,1,541
1994458,23322,541,3,1,541
1994458,13176,541,4,1,541
1994458,25344,541,5,1,541
1994458,38511,541,6,1,541
1996455,7041,542,1,0,542
1996455,45535,542,2,1,542
1996455,20114,542,3,1,542
1996455,31717,542,4,1,542
1996455,13176,542,5,1,542
1996455,21903,542,6,1,542
1996455,26209,542,7,1,542
1996455,22935,542,8,1,542
1996455,37646,542,9,1,542
1996455,17526,542,10,1,542
1996455,25659,542,11,1,542
1996455,18883,542,12,0,542
2011785,49235,543,1,1,543
2011785,35221,543,2,1,543
2011785,44632,543,3,1,543
2011785,42665,543,4,1,543
2011785,20790,543,5,1,543
2011785,7177,543,6,1,543
2020817,19660,544,1,1,544
2020817,5085,544,2,0,544
2020817,3874,544,3,1,544
2020817,13113,544,4,1,544
2020817,4102,544,5,0,544
2020817,1285,544,6,0,544
2024419,24368,545,1,1,545
2024419,38228,545,2,1,545
2024419,17122,545,3,1,545
2024419,5322,545,4,1,545
2024419,5296,545,5,1,545
2024419,19006,545,6,1,545
2024419,36316,545,7,0,545
2025714,43721,546,1,1,546
2026006,31720,547,1,1,547
2026006,37646,547,2,1,547
2026006,49609,547,3,1,547
2026006,25926,547,4,1,547
2026006,38159,547,5,1,547
2026006,22025,547,6,1,547
2026006,7695,547,7,1,547
2026006,19706,547,8,1,547
2026006,38141,547,9,1,547
2026006,42533,547,10,1,547
2026006,49201,547,11,1,547
2026006,19046,547,12,1,547
2026006,32018,547,13,1,547
2026006,22969,547,14,1,547
2026006,21903,547,15,1,547
2026006,24082,547,16,0,547
2026006,23025,547,17,0,547
2026006,5194,547,18,0,547
2026006,18389,547,19,0,547
2026006,49235,547,20,0,547
2026006,28535,547,21,0,547
2026006,34497,547,22,0,547
2026006,8580,547,23,0,547
2026006,29103,547,24,0,547
2026006,31231,547,25,0,547
2026006,11123,547,26,0,547
2026006,12700,547,27,0,547
2026006,10814,547,28,0,547
2026006,28985,547,29,0,547
2027269,21653,548,1,0,548
2027269,2740,548,2,0,548
2027269,40793,548,3,0,548
2033298,40939,549,1,1,549
2033298,31651,549,2,1,549
2033298,16953,549,3,0,549
2033298,6184,549,4,0,549
2037236,17313,550,1,1,550
2037236,3798,550,2,0,550
2037236,16281,550,3,0,550
2038668,13575,551,1,1,551
2038668,37710,551,2,1,551
2038668,11266,551,3,1,551
2038668,17207,551,4,1,551
2038668,8048,551,5,1,551
2038668,14032,551,6,1,551
2038668,21573,551,7,1,551
2038668,6184,551,8,1,551
2038668,19691,551,9,1,551
2038668,12341,551,10,1,551
2038668,35951,551,11,1,551
2038668,30450,551,12,1,551
2038668,16953,551,13,1,551
2038668,13535,551,14,1,551
2038668,3798,551,15,1,551
2042281,47029,552,1,1,552
2042281,2716,552,2,1,552
2042281,3599,552,3,1,552
2042281,24184,552,4,1,552
2042281,35004,552,5,1,552
2042281,31640,552,6,0,552
2042281,42710,552,7,1,552
2042281,48726,552,8,1,552
2042281,28928,552,9,0,552
2045637,37029,553,1,0,553
2045637,35223,553,2,0,553
2047288,35921,554,1,1,554
2047288,32734,554,2,1,554
2047288,7835,554,3,1,554
2047288,27966,554,4,1,554
2047288,29785,554,5,1,554
2047288,28928,554,6,1,554
2047288,13176,554,7,1,554
2047288,47900,554,8,1,554
2048361,35151,555,1,0,555
2048361,1940,555,2,1,555
2048361,6182,555,3,0,555
2048361,21372,555,4,0,555
2048361,1702,555,5,0,555
2048361,33493,555,6,0,555
2048361,19173,555,7,0,555
2048361,5535,555,8,0,555
2048361,28473,555,9,0,555
2048361,12782,555,10,0,555
2048361,18987,555,11,0,555
2048361,39408,555,12,0,555
2048361,36214,555,13,0,555
2048361,26939,555,14,0,555
2048361,31467,555,15,0,555
2048361,25919,555,16,0,555
2048361,44533,555,17,0,555
2048361,15100,555,18,0,555
2048361,41950,555,19,0,555
2048361,47020,555,20,0,555
2048361,20254,555,21,0,555
2053826,20659,556,1,1,556
2053826,20479,556,2,1,556
2053826,40214,556,3,1,556
2053826,31981,556,4,1,556
2059606,8571,557,1,0,557
2059606,43352,557,2,1,557
2059606,31805,557,3,0,557
2059606,8803,557,4,1,557
2062573,21903,558,1,0,558
2062573,33401,558,2,0,558
2062573,21137,558,3,0,558
2062573,39993,558,4,0,558
2062573,36316,558,5,0,558
2062573,11777,558,6,0,558
2062573,49683,558,7,0,558
2062573,7206,558,8,0,558
2068831,36462,559,1,0,559
2068831,26837,559,2,0,559
2068831,7076,559,3,0,559
2068831,42445,559,4,0,559
2068831,40486,559,5,0,559
2068831,40516,559,6,0,559
2068831,9421,559,7,1,559
2068831,30776,559,8,0,559
2068831,35121,559,9,1,559
2068831,31553,559,10,0,559
2068831,18234,559,11,0,559
2068831,10342,559,12,1,559
2068831,14715,559,13,0,559
2068831,6760,559,14,0,559
2080221,939,560,1,1,560
2080221,19034,560,2,0,560
2080221,18200,560,3,1,560
2080221,27548,560,4,1,560
2080221,4781,560,5,1,560
2080221,28204,560,6,1,560
2080221,46906,560,7,1,560
2080221,188,560,8,1,560
2080221,30489,560,9,1,560
2080221,17429,560,10,1,560
2080221,25020,560,11,1,560
2080221,16625,560,12,0,560
2080221,25072,560,13,1,560
2080221,45537,560,14,0,560
2082310,16083,561,1,1,561
2082310,13176,561,2,1,561
2082310,5578,561,3,1,561
2082310,47209,561,4,1,561
2082310,22935,561,5,1,561
2082310,27104,561,6,1,561
2082310,31717,561,7,1,561
2082310,17862,561,8,1,561
2082310,21616,561,9,1,561
2082310,7401,561,10,1,561
2082310,22504,561,11,1,561
2082310,13212,561,12,1,561
2082310,38383,561,13,0,561
2082310,4562,561,14,0,561
2082310,38400,561,15,0,561
2082310,44580,561,16,0,561
2082310,27966,561,17,0,561
2084540,38164,562,1,1,562
2084540,38889,562,2,1,562
2084540,20243,562,3,0,562
2089983,43693,563,1,1,563
2092043,20940,564,1,1,564
2092043,130,564,2,1,564
2092043,19265,564,3,1,564
2092043,2457,564,4,1,564
2092043,15541,564,5,0,564
2092043,38928,564,6,1,564
2092043,6184,564,7,1,564
2092043,14161,564,8,0,564
2092043,29015,564,9,0,564
2092043,6901,564,10,0,564
2092043,26348,564,11,0,564
2099476,12761,565,1,0,565
2099476,22124,565,2,0,565
2099476,13351,565,3,1,565
2099476,19156,565,4,1,565
2099476,6177,565,5,0,565
2099476,7041,565,6,0,565
2099476,9159,565,7,0,565
2099476,31717,565,8,1,565
2099476,34126,565,9,0,565
2099476,25453,565,10,0,565
2099476,24830,565,11,0,565
2099476,9361,565,12,0,565
2099476,10863,565,13,0,565
2099476,44632,565,14,0,565
2100338,2748,566,1,1,566
2100338,35951,566,2,1,566
2100338,10831,566,3,1,566
2100338,28849,566,4,1,566
2100338,47209,566,5,1,566
2103760,24830,567,1,0,567
2103760,9124,567,2,0,567
2103760,42768,567,3,0,567
2103760,37935,567,4,1,567
2103760,24561,567,5,1,567
2105913,15412,568,1,1,568
2105913,17316,568,2,1,568
2105913,24852,568,3,1,568
2105913,41844,568,4,1,568
2105913,47626,568,5,0,568
2105913,4605,568,6,1,568
2105913,28842,568,7,0,568
2105913,29487,568,8,0,568
2105913,41362,568,9,0,568
2118033,5652,569,1,1,569
2118033,27845,569,2,1,569
2118033,42445,569,3,1,569
2118033,24852,569,4,1,569
2118033,22935,569,5,1,569
2124176,17747,570,1,1,570
2124176,27845,570,2,1,570
2124176,46584,570,3,1,570
2124176,24852,570,4,1,570
2124176,24024,570,5,1,570
2124176,29594,570,6,1,570
2124338,45064,571,1,1,571
2124338,29094,571,2,0,571
2124338,31608,571,3,0,571
2124338,16797,571,4,1,571
2124338,32249,571,5,1,571
2124338,35823,571,6,1,571
2124338,17515,571,7,0,571
2124338,35348,571,8,0,571
2124338,1448,571,9,0,571
2124338,8638,571,10,0,571
2124338,35518,571,11,1,571
2124338,24713,571,12,0,571
2124338,49328,571,13,0,571
2124526,45633,572,1,1,572
2124526,21137,572,2,1,572
2124526,36011,572,3,1,572
2124526,39275,572,4,1,572
2124526,23952,572,5,0,572
2124526,24253,572,6,0,572
2124526,32734,572,7,0,572
2124526,3464,572,8,1,572
2124526,44142,572,9,0,572
2124526,24852,572,10,1,572
2124526,5438,572,11,1,572
2124526,14332,572,12,0,572
2135823,44479,573,1,0,573
2135823,15392,573,2,1,573
2135823,21037,573,3,0,573
2135823,16823,573,4,0,573
2135823,24964,573,5,1,573
2135823,42701,573,6,0,573
2135823,34126,573,7,1,573
2135823,30489,573,8,1,573
2135823,27705,573,9,0,573
2135823,46603,573,10,0,573
2135823,47626,573,11,1,573
2135823,33352,573,12,1,573
2135823,29987,573,13,1,573
2135823,2314,573,14,0,573
2135823,24852,573,15,1,573
2135823,8424,573,16,1,573
2135823,8490,573,17,1,573
2135823,47766,573,18,1,573
2135823,37646,573,19,1,573
2135823,28682,573,20,1,573
2135823,43221,573,21,1,573
2135823,27845,573,22,1,573
2135823,14573,573,23,0,573
2135823,13431,573,24,0,573
2135823,41544,573,25,1,573
2135823,6664,573,26,0,573
2135823,9171,573,27,0,573
2135823,18441,573,28,1,573
2135823,29675,573,29,0,573
2135823,26369,573,30,1,573
2135823,17795,573,31,1,573
2135823,13629,573,32,1,573
2135823,8518,573,33,1,573
2135823,44910,573,34,1,573
2135823,13535,573,35,0,573
2135823,20703,573,36,0,573
2135823,18656,573,37,1,573
2135823,27156,573,38,0,573
2135823,13829,573,39,0,573
2135823,5456,573,40,0,573
2135823,9955,573,41,0,573
2135823,9499,573,42,0,573
2135823,19006,573,43,0,573
2135823,13765,573,44,1,573
2135823,35633,573,45,1,573
2135823,38656,573,46,1,573
2135823,25542,573,47,0,573
2135823,39693,573,48,0,573
2135823,8277,573,49,0,573
2135823,14161,573,50,1,573
2135823,21872,573,51,1,573
2135823,15649,573,52,0,573
2135823,28380,573,53,0,573
2137210,7076,574,1,1,574
2137210,16408,574,2,1,574
2137210,28199,574,3,0,574
2137210,41757,574,4,1,574
2137210,25931,574,5,1,574
2137210,24964,574,6,1,574
2137210,30776,574,7,1,574
2137210,44683,574,8,1,574
2137210,41319,574,9,1,574
2137210,10749,574,10,1,574
2137210,34243,574,11,0,574
2137210,48745,574,12,1,574
2137210,31553,574,13,1,574
2137210,49095,574,14,1,574
2137210,23029,574,15,1,574
2137210,32177,574,16,1,574
2137210,16185,574,17,0,574
2137210,3957,574,18,1,574
2143582,7835,575,1,0,575
2143582,31041,575,2,0,575
2143582,22963,575,3,1,575
2143582,23029,575,4,1,575
2143582,46667,575,5,1,575
2143582,9373,575,6,1,575
2143582,13176,575,7,1,575
2143582,33731,575,8,1,575
2143582,21137,575,9,1,575
2153651,33788,576,1,1,576
2153651,8277,576,2,1,576
2153651,46906,576,3,1,576
2153651,22035,576,4,1,576
2153651,25095,576,5,1,576
2153651,9058,576,6,1,576
2153651,35168,576,7,1,576
2153651,33294,576,8,0,576
2153651,29987,576,9,1,576
2153651,39275,576,10,1,576
2153651,41819,576,11,1,576
2153651,25256,576,12,0,576
2153651,41787,576,13,0,576
2153651,15649,576,14,0,576
2153651,15290,576,15,1,576
2153651,6795,576,16,0,576
2153651,46526,576,17,0,576
2153651,21009,576,18,0,576
2153651,11130,576,19,0,576
2153651,38896,576,20,0,576
2153651,12456,576,21,1,576
2153651,27695,576,22,1,576
2153651,28123,576,23,1,576
2153651,24830,576,24,1,576
2153651,2295,576,25,0,576
2153651,37646,576,26,1,576
2153651,39180,576,27,1,576
2153651,15995,576,28,1,576
2157191,33636,577,1,0,577
2157191,46616,577,2,0,577
2157191,47209,577,3,0,577
2157191,5240,577,4,0,577
2157191,10504,577,5,0,577
2157191,35321,577,6,0,577
2157191,26634,577,7,0,577
2160271,14347,578,1,1,578
2160271,47591,578,2,1,578
2160271,19794,578,3,1,578
2160271,42697,578,4,0,578
2160271,15335,578,5,0,578
2160271,34786,578,6,1,578
2160271,44292,578,7,0,578
2160271,4983,578,8,0,578
2160271,44146,578,9,1,578
2160271,2966,578,10,0,578
2160271,10749,578,11,1,578
2160271,19678,578,12,1,578
2160271,48364,578,13,1,578
2160271,39928,578,14,0,578
2160271,11182,578,15,1,578
2160271,21137,578,16,0,578
2162249,16665,579,1,1,579
2162249,32078,579,2,1,579
2162249,4871,579,3,1,579
2162249,25533,579,4,0,579
2162249,46913,579,5,0,579
2162249,35951,579,6,0,579
2162249,21137,579,7,1,579
2165147,19678,580,1,1,580
2165147,41658,580,2,1,580
2165147,17830,580,3,1,580
2165147,37646,580,4,1,580
2165147,26298,580,5,1,580
2165147,7948,580,6,1,580
2165147,47893,580,7,1,580
2165147,43692,580,8,1,580
2165147,43961,580,9,1,580
2165147,20512,580,10,1,580
2165147,34335,580,11,0,580
2165147,9444,580,12,0,580
2165147,19019,580,13,0,580
2165532,18531,581,1,0,581
2165532,9358,581,2,0,581
2165532,15541,581,3,0,581
2165532,31066,581,4,0,581
2171341,21903,582,1,1,582
2171341,48186,582,2,0,582
2171341,26131,582,3,0,582
2171341,6933,582,4,0,582
2171341,47912,582,5,0,582
2171341,42828,582,6,1,582
2171341,38689,582,7,1,582
2171341,46969,582,8,1,582
2171341,13176,582,9,1,582
2171341,38456,582,10,1,582
2171341,39877,582,11,0,582
2171341,29987,582,12,1,582
2171341,28204,582,13,1,582
2171341,46346,582,14,1,582
2171341,48679,582,15,0,582
2171341,40604,582,16,1,582
2171341,45007,582,17,1,582
2171341,34243,582,18,1,582
2171341,38827,582,19,0,582
2171341,38273,582,20,0,582
2171341,24382,582,21,0,582
2171341,2426,582,22,1,582
2171341,25087,582,23,0,582
2171341,12341,582,24,0,582
2171341,49683,582,25,0,582
2171341,28535,582,26,0,582
2171341,40706,582,27,1,582
2171341,6000,582,28,0,582
2171341,9786,582,29,0,582
2171341,8518,582,30,1,582
2171341,30489,582,31,1,582
2181592,26743,583,1,1,583
2181592,20591,583,2,1,583
2181592,24279,583,3,0,583
2181592,9714,583,4,0,583
2181592,26070,583,5,0,583
2181592,2078,583,6,1,583
2181592,47129,583,7,0,583
2184940,31433,584,1,0,584
2184940,31066,584,2,0,584
2184940,9177,584,3,0,584
2184940,44204,584,4,0,584
2184940,10761,584,5,1,584
2184940,17789,584,6,1,584
2184940,34050,584,7,0,584
2184940,42265,584,8,1,584
2184940,25890,584,9,1,584
2184940,18465,584,10,1,584
2184940,16185,584,11,0,584
2184940,18171,584,12,1,584
2184940,49236,584,13,1,584
2184940,40396,584,14,1,584
2184940,33120,584,15,1,584
2184940,12597,584,16,1,584
2185219,6758,585,1,1,585
2185219,31651,585,2,1,585
2185219,19660,585,3,1,585
2185219,30591,585,4,1,585
2185219,40214,585,5,1,585
2191449,39180,586,1,1,586
2191449,8277,586,2,1,586
2191449,45535,586,3,1,586
2191449,27548,586,4,1,586
2191449,38400,586,5,1,586
2191449,38273,586,6,1,586
2191449,14211,586,7,1,586
2191449,13198,586,8,1,586
2191449,34448,586,9,1,586
2191449,42110,586,10,1,586
2191449,7806,586,11,1,586
2191449,44375,586,12,1,586
2191449,15290,586,13,1,586
2191449,15937,586,14,1,586
2191449,10467,586,15,1,586
2191449,12980,586,16,1,586
2191449,39013,586,17,1,586
2191449,2002,586,18,1,586
2191449,2450,586,19,1,586
2191449,14992,586,20,1,586
2191449,12745,586,21,1,586
2191449,9934,586,22,0,586
2191449,18465,586,23,0,586
2191449,36865,586,24,0,586
2192678,3376,587,1,1,587
2192678,27156,587,2,0,587
2192678,8193,587,3,1,587
2192678,21903,587,4,1,587
2192678,15290,587,5,0,587
2192678,2295,587,6,0,587
2192678,20887,587,7,0,587
2192678,30391,587,8,0,587
2192678,43772,587,9,1,587
2192678,27881,587,10,0,587
2192678,39024,587,11,0,587
2192678,12845,587,12,0,587
2192678,44142,587,13,0,587
2192678,17622,587,14,1,587
2192678,23025,587,15,1,587
2192678,14084,587,16,1,587
2192678,25387,587,17,0,587
2192678,16241,587,18,0,587
2192678,8903,587,19,1,587
2192678,34717,587,20,0,587
2192678,26282,587,21,0,587
2193253,5479,588,1,1,588
2193253,26410,588,2,1,588
2193253,20583,588,3,1,588
2193253,11182,588,4,1,588
2193253,1025,588,5,1,588
2202876,23233,589,1,1,589
2202876,12644,589,2,1,589
2202876,8239,589,3,0,589
2202876,8021,589,4,1,589
2203338,31461,590,1,1,590
2203338,3717,590,2,1,590
2203338,42450,590,3,1,590
2203338,15866,590,4,0,590
2203338,43119,590,5,0,590
2203338,12544,590,6,1,590
2203338,11075,590,7,0,590
2203338,40332,590,8,0,590
2203338,5750,590,9,1,590
2203338,11353,590,10,1,590
2203338,21938,590,11,1,590
2203338,44570,590,12,1,590
2203338,7969,590,13,1,590
2203338,34969,590,14,1,590
2203338,34496,590,15,1,590
2210853,35865,591,1,1,591
2210853,15290,591,2,1,591
2210853,4942,591,3,1,591
2210853,35628,591,4,1,591
2210853,49383,591,5,1,591
2210853,41665,591,6,1,591
2210853,47626,591,7,1,591
2210853,43612,591,8,1,591
2210853,25890,591,9,1,591
2210853,40706,591,10,1,591
2210853,33956,591,11,0,591
2211284,28993,592,1,1,592
2211284,32465,592,2,1,592
2211284,11030,592,3,1,592
2211284,41593,592,4,1,592
2211284,21903,592,5,1,592
2211284,21616,592,6,1,592
2211284,35530,592,7,1,592
2211284,47766,592,8,1,592
2211284,2846,592,9,1,592
2211284,12980,592,10,1,592
2211284,33245,592,11,1,592
2211284,38596,592,12,0,592
2211284,2360,592,13,0,592
2211284,1293,592,14,0,592
2211284,23909,592,15,0,592
2211284,34295,592,16,1,592
2211284,22620,592,17,1,592
2218142,43452,593,1,0,593
2218142,17370,593,2,0,593
2218142,44164,593,3,0,593
2218142,40332,593,4,0,593
2218142,28476,593,5,0,593
2218142,27845,593,6,0,593
2218142,33000,593,7,0,593
2218142,14645,593,8,0,593
2218142,35458,593,9,0,593
2218142,16797,593,10,0,593
2218142,33055,593,11,0,593
2218142,34640,593,12,0,593
2218142,38456,593,13,0,593
2218142,14554,593,14,0,593
2233482,13712,594,1,1,594
2233482,48171,594,2,0,594
2233482,33120,594,3,0,594
2233482,37933,594,4,1,594
2233482,23288,594,5,1,594
2233482,44596,594,6,0,594
2233482,2314,594,7,0,594
2233482,44521,594,8,1,594
2233482,21872,594,9,0,594
2233482,12206,594,10,0,594
2233482,29246,594,11,0,594
2233482,9614,594,12,0,594
2233482,4605,594,13,0,594
2233482,37524,594,14,1,594
2233482,40706,594,15,0,594
2233482,26633,594,16,0,594
2233482,4659,594,17,0,594
2233482,3855,594,18,0,594
2233482,21227,594,19,0,594
2233482,32717,594,20,0,594
2233973,13176,595,1,1,595
2233973,35951,595,2,1,595
2233973,5922,595,3,0,595
2233973,29694,595,4,0,595
2233973,44422,595,5,1,595
2233973,21903,595,6,1,595
2233973,1997,595,7,0,595
2233973,22935,595,8,1,595
2233973,44830,595,9,1,595
2234576,29898,596,1,0,596
2234576,4605,596,2,0,596
2234576,21938,596,3,0,596
2234576,24964,596,4,0,596
2234576,44359,596,5,0,596
2234576,18696,596,6,0,596
2234576,31717,596,7,0,596
2234576,14462,596,8,0,596
2234576,26172,596,9,0,596
2234576,17708,596,10,0,596
2234576,33754,596,11,0,596
2234576,32263,596,12,0,596
2234576,13808,596,13,0,596
2234576,45446,596,14,0,596
2234576,36011,596,15,0,596
2234576,13176,596,16,0,596
2234576,33037,596,17,0,596
2234576,13517,596,18,0,596
2236809,4942,597,1,1,597
2236809,48186,597,2,1,597
2236809,48857,597,3,1,597
2260963,47966,598,1,1,598
2260963,28156,598,2,1,598
2260963,5621,598,3,1,598
2260963,37011,598,4,1,598
2260963,24830,598,5,1,598
2260963,38420,598,6,0,598
2260963,18879,598,7,0,598
2266714,13176,599,1,0,599
2266714,10360,599,2,0,599
2272193,26723,600,1,0,600
2272193,18441,600,2,0,600
2272193,34243,600,3,1,600
2272193,21137,600,4,1,600
2272193,5450,600,5,1,600
2272193,27966,600,6,1,600
2272193,30720,600,7,1,600
2272193,49383,600,8,1,600
2272193,31257,600,9,1,600
2272193,44359,600,10,1,600
2272193,21174,600,11,0,600
2272193,21903,600,12,1,600
2272193,24852,600,13,1,600
2273345,13284,601,1,0,601
2273345,14886,601,2,0,601
2273345,44042,601,3,1,601
2273345,4920,601,4,0,601
2273345,30352,601,5,1,601
2273345,28577,601,6,0,601
2275660,14852,602,1,1,602
2275660,14462,602,2,1,602
2275660,21137,602,3,1,602
2275660,20460,602,4,0,602
2275660,10798,602,5,1,602
2275892,2458,603,1,0,603
2275892,25017,603,2,1,603
2277405,24221,604,1,0,604
2277405,46906,604,2,0,604
2277405,38988,604,3,1,604
2277405,16185,604,4,1,604
2277405,28553,604,5,1,604
2277405,48747,604,6,1,604
2277405,44786,604,7,1,604
2277405,5612,604,8,1,604
2283237,14129,605,1,0,605
2283237,14355,605,2,0,605
2283237,39275,605,3,1,605
2283237,48477,605,4,1,605
2283237,40136,605,5,1,605
2283237,22594,605,6,0,605
2283237,13176,605,7,1,605
2283237,42511,605,8,1,605
2283237,35742,605,9,0,605
2283237,1379,605,10,0,605
2283237,46138,605,11,0,605
2283237,11137,605,12,0,605
2285921,23909,606,1,1,606
2285921,4210,606,2,1,606
2285921,34234,606,3,1,606
2285921,48762,606,4,1,606
2285921,29615,606,5,0,606
2285921,4347,606,6,0,606
2285921,48429,606,7,1,606
2285921,40310,606,8,1,606
2285921,4595,606,9,1,606
2285921,31355,606,10,0,606
2285921,17318,606,11,1,606
2285921,34077,606,12,0,606
2285921,44031,606,13,0,606
2285921,29315,606,14,1,606
2285921,14379,606,15,1,606
2285921,48812,606,16,0,606
2285921,1,606,17,1,606
2285921,40199,606,18,1,606
2285921,13866,606,19,1,606
2285921,42403,606,20,1,606
2285921,10613,606,21,1,606
2285921,41950,606,22,1,606
2285921,38996,606,23,1,606
2285921,39877,606,24,1,606
2285921,28204,606,25,1,606
2285921,24852,606,26,0,606
2285921,11379,606,27,0,606
2285921,10108,606,28,0,606
2285921,5450,606,29,1,606
2285921,27020,606,30,0,606
2285921,148,606,31,0,606
2285921,15976,606,32,1,606
2285921,39332,606,33,0,606
2285921,48205,606,34,0,606
2285921,38768,606,35,1,606
2285921,40897,606,36,0,606
2285921,48894,606,37,0,606
2285921,39646,606,38,0,606
2285921,31573,606,39,0,606
2285921,12087,606,40,1,606
2285921,7571,606,41,0,606
2285921,25476,606,42,0,606
2285921,5259,606,43,0,606
2285921,22656,606,44,0,606
2285921,30532,606,45,0,606
2285921,24400,606,46,0,606
2285921,16245,606,47,0,606
2285921,1498,606,48,0,606
2285921,18779,606,49,0,606
2285921,32538,606,50,1,606
2285921,16797,606,51,0,606
2285921,9076,606,52,0,606
2285921,43352,606,53,0,606
2285921,21288,606,54,0,606
2285921,9360,606,55,1,606
2285921,34492,606,56,1,606
2285921,8958,606,57,0,606
2285921,3676,606,58,0,606
2285921,10673,606,59,1,606
2285921,43199,606,60,1,606
2285921,47962,606,61,1,606
2285921,15258,606,62,1,606
2285921,4731,606,63,1,606
2285921,39461,606,64,1,606
2285921,11869,606,65,0,606
2285921,13032,606,66,0,606
2285921,25043,606,67,0,606
2285921,25562,606,68,0,606
2285921,8993,606,69,0,606
2285921,12397,606,70,0,606
2285921,45862,606,71,0,606
2285921,37250,606,72,0,606
2285921,31087,606,73,0,606
2285921,42633,606,74,0,606
2285921,13951,606,75,0,606
2285921,1181,606,76,0,606
2285921,37766,606,77,0,606
2285921,39928,606,78,0,606
2285921,15100,606,79,0,606
2285921,1200,606,80,0,606
2285921,13966,606,81,0,606
2287290,18362,607,1,1,607
2287290,10851,607,2,1,607
2287290,27086,607,3,1,607
2289372,47209,608,1,0,608
2291247,40545,609,1,1,609
2291247,28156,609,2,1,609
2291247,24852,609,3,1,609
2291247,27521,609,4,1,609
2291247,27104,609,5,1,609
2291247,30133,609,6,1,609
2291247,36389,609,7,1,609
2295576,21137,610,1,1,610
2295576,8193,610,2,0,610
2295576,10644,610,3,1,610
2295576,47626,610,4,1,610
2295576,46667,610,5,1,610
2295576,8277,610,6,1,610
2295576,18465,610,7,0,610
2298878,12341,611,1,1,611
2298878,15200,611,2,0,611
2298878,35886,611,3,0,611
2305934,1408,612,1,1,612
2305934,23801,612,2,0,612
2305934,25203,612,3,1,612
2305934,3619,612,4,0,612
2305934,30391,612,5,0,612
2305934,22890,612,6,0,612
2305934,40706,612,7,1,612
2305934,32864,612,8,0,612
2305934,37033,612,9,0,612
2305934,9743,612,10,0,612
2305934,40004,612,11,0,612
2305934,38544,612,12,1,612
2305934,36956,612,13,0,612
2309543,46979,613,1,0,613
2309543,38777,613,2,0,613
2309543,28842,613,3,0,613
2309543,36144,613,4,0,613
2309543,43192,613,5,0,613
2309543,26522,613,6,0,613
2309543,47766,613,7,0,613
2309543,21927,613,8,0,613
2309543,3382,613,9,0,613
2309543,18370,613,10,0,613
2309543,41950,613,11,0,613
2333025,28435,614,1,0,614
2333025,35939,614,2,1,614
2333025,21903,614,3,0,614
2333025,24964,614,4,0,614
2333025,27683,614,5,0,614
2333025,29118,614,6,1,614
2333025,11576,614,7,1,614
2333025,40632,614,8,1,614
2333025,42307,614,9,1,614
2333025,4145,614,10,1,614
2336672,1706,615,1,0,615
2336672,14197,615,2,0,615
2336672,15664,615,3,0,615
2336672,22795,615,4,0,615
2336672,42585,615,5,0,615
2336672,29044,615,6,0,615
2336672,47209,615,7,0,615
2336672,24184,615,8,1,615
2336672,21938,615,9,0,615
2336672,40136,615,10,0,615
2336672,36591,615,11,0,615
2336672,46676,615,12,0,615
2336672,35042,615,13,0,615
2336672,4920,615,14,0,615
2336672,30233,615,15,1,615
2336672,47672,615,16,0,615
2336672,22882,615,17,1,615
2336672,41023,615,18,0,615
2336672,17419,615,19,0,615
2336672,45066,615,20,1,615
2344322,16560,616,1,1,616
2344322,22539,616,2,1,616
2344322,22963,616,3,1,616
2344322,46906,616,4,1,616
2344322,43122,616,5,1,616
2344322,18883,616,6,1,616
2344322,46802,616,7,1,616
2344322,21376,616,8,1,616
2344322,20906,616,9,1,616
2344322,43504,616,10,1,616
2344322,39121,616,11,1,616
2344322,42768,616,12,1,616
2344322,36695,616,13,1,616
2344322,38067,616,14,1,616
2344322,42342,616,15,1,616
2344322,37462,616,16,1,616
2344322,48795,616,17,1,616
2344322,20536,616,18,1,616
2344334,24518,617,1,1,617
2344334,22474,617,2,1,617
2344334,31343,617,3,0,617
2344334,7213,617,4,0,617
2344334,40706,617,5,0,617
2344334,16289,617,6,0,617
2344334,21614,617,7,1,617
2344334,14652,617,8,0,617
2344334,8021,617,9,0,617
2344334,8710,617,10,1,617
2344334,13176,617,11,1,617
2344334,5479,617,12,1,617
2344334,19057,617,13,1,617
2344334,48246,617,14,1,617
2344334,40910,617,15,1,617
2344334,16290,617,16,0,617
2344334,13870,617,17,1,617
2344334,5077,617,18,1,617
2344334,21009,617,19,1,617
2344334,37552,617,20,1,617
2344334,34578,617,21,0,617
2344334,21513,617,22,1,617
2344334,17454,617,23,1,617
2344334,6873,617,24,0,617
2344334,34371,617,25,0,617
2344334,33750,617,26,1,617
2344334,28038,617,27,1,617
2345175,44579,618,1,0,618
2345175,9589,618,2,1,618
2347009,48808,619,1,1,619
2347009,34050,619,2,1,619
2347009,47087,619,3,1,619
2347009,12537,619,4,0,619
2347009,29373,619,5,1,619
2347009,36118,619,6,1,619
2347009,1360,619,7,1,619
2349521,27853,620,1,0,620
2349521,26083,620,2,0,620
2349521,29334,620,3,0,620
2349521,19348,620,4,0,620
2349521,22387,620,5,0,620
2349521,44799,620,6,0,620
2349521,24361,620,7,0,620
2349521,36849,620,8,0,620
2349521,29487,620,9,0,620
2349521,581,620,10,0,620
2349521,45204,620,11,0,620
2349521,16385,620,12,0,620
2349521,12113,620,13,0,620
2349521,213,620,14,0,620
2349521,26254,620,15,0,620
2349521,47626,620,16,0,620
2349521,46213,620,17,0,620
2349521,44523,620,18,0,620
2349521,23537,620,19,0,620
2349521,8670,620,20,0,620
2349521,5450,620,21,0,620
2349521,43879,620,22,0,620
2349521,44082,620,23,0,620
2349521,19953,620,24,0,620
2349521,13573,620,25,0,620
2352514,42342,621,1,0,621
2352514,31528,621,2,1,621
2352514,47792,621,3,1,621
2352514,30795,621,4,1,621
2352514,11941,621,5,1,621
2352514,47209,621,6,1,621
2352514,32689,621,7,1,621
2352514,9839,621,8,1,621
2352514,29447,621,9,1,621
2352514,11576,621,10,1,621
2352514,20899,621,11,1,621
2352514,48679,621,12,1,621
2352514,47403,621,13,1,621
2352514,11352,621,14,1,621
2352514,35886,621,15,1,621
2352914,13646,622,1,0,622
2352914,7485,622,2,0,622
2352914,17429,622,3,0,622
2352914,31404,622,4,0,622
2352914,49628,622,5,0,622
2352914,22151,622,6,0,622
2352914,9736,622,7,0,622
2352914,12807,622,8,0,622
2352914,17224,622,9,0,622
2356319,47766,623,1,0,623
2356319,41950,623,2,1,623
2356319,9472,623,3,0,623
2358031,27325,624,1,0,624
2358031,2078,624,2,0,624
2358031,12545,624,3,0,624
2358031,26403,624,4,0,624
2358031,47862,624,5,1,624
2364605,43676,625,1,0,625
2364605,8707,625,2,0,625
2364605,10957,625,3,0,625
2364605,26165,625,4,0,625
2364605,24763,625,5,0,625
2364605,34886,625,6,1,625
2364605,24053,625,7,1,625
2364605,24544,625,8,0,625
2368123,1940,626,1,1,626
2368123,49235,626,2,1,626
2368123,44632,626,3,1,626
2368123,24561,626,4,1,626
2368123,37158,626,5,1,626
2368123,42460,626,6,1,626
2368123,37029,626,7,1,626
2368123,44479,626,8,1,626
2368123,33950,626,9,1,626
2368123,46313,626,10,0,626
2368123,24841,626,11,0,626
2368123,49156,626,12,1,626
2368123,117,626,13,1,626
2368123,24850,626,14,1,626
2372276,4920,627,1,1,627
2372276,13176,627,2,1,627
2372276,41787,627,3,1,627
2372276,1940,627,4,1,627
2372276,28204,627,5,1,627
2372276,22959,627,6,1,627
2373742,21137,628,1,0,628
2374593,44987,629,1,1,629
2374593,40174,629,2,1,629
2374593,31662,629,3,0,629
2374593,3280,629,4,1,629
2375887,23517,630,1,0,630
2375887,38400,630,2,1,630
2375887,13733,630,3,1,630
2375887,28432,630,4,1,630
2375887,42736,630,5,1,630
2375887,36180,630,6,1,630
2375887,29675,630,7,1,630
2375887,9210,630,8,1,630
2375887,34126,630,9,1,630
2375887,2295,630,10,1,630
2375887,21938,630,11,1,630
2375887,26209,630,12,1,630
2375887,15649,630,13,1,630
2375887,35547,630,14,1,630
2375887,19048,630,15,1,630
2375887,49683,630,16,1,630
2375887,6873,630,17,1,630
2375887,4605,630,18,1,630
2375887,15937,630,19,1,630
2375887,24964,630,20,1,630
2375887,49686,630,21,1,630
2375887,1511,630,22,1,630
2375887,41757,630,23,1,630
2378224,47873,631,1,1,631
2378224,8138,631,2,1,631
2378224,25472,631,3,1,631
2378224,19250,631,4,1,631
2378224,21872,631,5,1,631
2378224,18564,631,6,1,631
2378224,21137,631,7,1,631
2378224,47168,631,8,1,631
2384971,626,632,1,1,632
2384971,30855,632,2,1,632
2384971,15457,632,3,0,632
2384971,18570,632,4,0,632
2384971,2611,632,5,1,632
2384971,49215,632,6,1,632
2384998,27086,633,1,1,633
2384998,19348,633,2,1,633
2384998,27730,633,3,1,633
2384998,43858,633,4,1,633
2384998,41290,633,5,1,633
2384998,4210,633,6,1,633
2395660,9432,634,1,1,634
2395660,44502,634,2,1,634
2395660,48697,634,3,1,634
2395660,20828,634,4,1,634
2395660,17617,634,5,1,634
2395660,49198,634,6,1,634
2395660,16797,634,7,1,634
2395660,21936,634,8,1,634
2395660,7538,634,9,0,634
2395660,36533,634,10,1,634
2395660,31865,634,11,0,634
2395660,48205,634,12,1,634
2395660,8242,634,13,0,634
2395660,26456,634,14,1,634
2395660,31102,634,15,0,634
2407073,2272,635,1,1,635
2407073,3481,635,2,1,635
2407073,32734,635,3,0,635
2407073,48364,635,4,0,635
2411349,42193,636,1,1,636
2411349,4658,636,2,1,636
2429131,4924,637,1,0,637
2429131,39993,637,2,0,637
2429131,32942,637,3,1,637
2429131,46673,637,4,1,637
2429131,10957,637,5,1,637
2429131,9409,637,6,1,637
2429131,42615,637,7,1,637
2429131,38164,637,8,1,637
2429131,9076,637,9,1,637
2429131,36434,637,10,1,637
2429131,35921,637,11,1,637
2429131,4920,637,12,1,637
2429131,22017,637,13,1,637
2429131,32211,637,14,1,637
2429131,17623,637,15,0,637
2434133,31231,638,1,1,638
2434133,13375,638,2,1,638
2434133,41544,638,3,1,638
2434133,40674,638,4,1,638
2434133,28581,638,5,1,638
2434133,4663,638,6,1,638
2434133,12253,638,7,1,638
2434133,10403,638,8,0,638
2434133,39032,638,9,1,638
2434133,43183,638,10,1,638
2434133,25274,638,11,1,638
2437204,28985,639,1,1,639
2437204,15503,639,2,1,639
2437204,26209,639,3,1,639
2437204,11182,639,4,1,639
2437204,27845,639,5,1,639
2437204,44359,639,6,1,639
2437204,31717,639,7,1,639
2437204,34969,639,8,1,639
2437204,10749,639,9,1,639
2437582,46225,640,1,0,640
2437582,7774,640,2,0,640
2437582,36074,640,3,0,640
2437582,16709,640,4,0,640
2437582,519,640,5,1,640
2437582,184,640,6,1,640
2440373,14045,641,1,0,641
2440373,6552,641,2,0,641
2440373,4493,641,3,0,641
2446703,44987,642,1,1,642
2446703,13517,642,2,1,642
2446703,27695,642,3,1,642
2446703,32201,642,4,1,642
2446703,17400,642,5,1,642
2446703,44781,642,6,1,642
2446703,13629,642,7,1,642
2446703,605,642,8,1,642
2446703,13176,642,9,1,642
2446703,311,642,10,1,642
2446703,37158,642,11,1,642
2446703,34049,642,12,1,642
2446703,32030,642,13,1,642
2446703,8518,642,14,1,642
2446703,40706,642,15,1,642
2446703,49524,642,16,0,642
2446703,41694,642,17,1,642
2449949,12606,643,1,0,643
2449949,11980,643,2,1,643
2449949,42719,643,3,0,643
2449949,13565,643,4,0,643
2449949,41319,643,5,0,643
2451381,32299,644,1,0,644
2451381,20682,644,2,1,644
2451381,24852,644,3,1,644
2451381,28204,644,4,1,644
2451381,30340,644,5,1,644
2451381,25146,644,6,1,644
2451381,19348,644,7,1,644
2451381,8214,644,8,1,644
2451381,5112,644,9,1,644
2451381,41787,644,10,1,644
2451381,20244,644,11,1,644
2451381,46107,644,12,1,644
2451381,30849,644,13,1,644
2451381,37940,644,14,1,644
2451381,2707,644,15,0,644
2451381,8022,644,16,1,644
2457006,47626,645,1,1,645
2457006,47766,645,2,1,645
2457006,30391,645,3,1,645
2457006,21903,645,4,1,645
2457006,13176,645,5,1,645
2457006,26209,645,6,1,645
2457006,33216,645,7,1,645
2457006,42768,645,8,1,645
2457006,4302,645,9,1,645
2457006,29127,645,10,1,645
2457006,34584,645,11,1,645
2457006,12581,645,12,1,645
2457006,8138,645,13,1,645
2457006,40031,645,14,1,645
2457006,10960,645,15,1,645
2457006,8174,645,16,0,645
2457006,16797,645,17,0,645
2457006,7500,645,18,1,645
2457006,26768,645,19,0,645
2457006,46709,645,20,0,645
2457006,4086,645,21,0,645
2457006,41065,645,22,1,645
2457006,24507,645,23,0,645
2457006,48745,645,24,0,645
2457006,31717,645,25,0,645
2457006,29675,645,26,0,645
2457006,45073,645,27,1,645
2457006,22627,645,28,0,645
2457006,30291,645,29,0,645
2457006,30928,645,30,0,645
2457006,19678,645,31,1,645
2457006,37642,645,32,0,645
2457006,41527,645,33,0,645
2457006,34050,645,34,0,645
2457006,6860,645,35,0,645
2457006,8277,645,36,0,645
2457006,9421,645,37,0,645
2457006,49416,645,38,0,645
2457006,31727,645,39,0,645
2457006,35425,645,40,0,645
2459246,11827,646,1,1,646
2459246,27985,646,2,1,646
2459246,27196,646,3,1,646
2459246,46676,646,4,1,646
2459246,5586,646,5,0,646
2459246,27696,646,6,0,646
2465930,30827,647,1,1,647
2465930,22507,647,2,1,647
2465930,20940,647,3,1,647
2465930,43352,647,4,1,647
2465930,6184,647,5,1,647
2465930,47788,647,6,1,647
2465930,8803,647,7,1,647
2465930,3265,647,8,1,647
2465930,13097,647,9,1,647
2465930,21288,647,10,1,647
2465930,5258,647,11,0,647
2465930,13176,647,12,1,647
2465930,10326,647,13,0,647
2465930,21137,647,14,0,647
2468967,21137,648,1,1,648
2468967,13176,648,2,1,648
2468967,43352,648,3,0,648
2468967,15772,648,4,1,648
2470882,6878,649,1,0,649
2470882,37923,649,2,0,649
2472237,37317,650,1,0,650
2472237,35053,650,2,1,650
2472237,7563,650,3,1,650
2472237,10473,650,4,1,650
2472237,26900,650,5,1,650
2472237,22028,650,6,1,650
2472237,13176,650,7,0,650
2484246,13819,651,1,1,651
2484246,49585,651,2,0,651
2484246,35819,651,3,0,651
2484246,27451,651,4,0,651
2484246,11688,651,5,1,651
2484246,9687,651,6,1,651
2484246,47766,651,7,1,651
2484246,2661,651,8,1,651
2484246,13256,651,9,0,651
2484246,23579,651,10,0,651
2484246,432,651,11,0,651
2484246,31523,651,12,0,651
2484246,21663,651,13,1,651
2484246,6390,651,14,1,651
2484246,14461,651,15,1,651
2484246,23265,651,16,0,651
2484246,28851,651,17,0,651
2484246,14309,651,18,0,651
2489206,13176,652,1,0,652
2489206,38739,652,2,0,652
2489206,47492,652,3,0,652
2489206,260,652,4,1,652
2489206,13212,652,5,0,652
2489206,35769,652,6,0,652
2489206,47626,652,7,0,652
2489206,37646,652,8,0,652
2489206,36082,652,9,0,652
2489206,21903,652,10,0,652
2489206,39676,652,11,0,652
2489206,32163,652,12,1,652
2489206,10060,652,13,0,652
2491518,25706,653,1,1,653
2491518,39953,653,2,0,653
2491518,35310,653,3,0,653
2491518,16797,653,4,0,653
2491518,3868,653,5,0,653
2491518,35244,653,6,0,653
2491518,23506,653,7,0,653
2491518,32650,653,8,0,653
2491518,23102,653,9,0,653
2491518,1511,653,10,0,653
2492015,19677,654,1,0,654
2492015,16525,654,2,0,654
2492015,47626,654,3,0,654
2492015,33198,654,4,1,654
2492015,7381,654,5,1,654
2492015,47209,654,6,1,654
2492015,28156,654,7,1,654
2492015,19678,654,8,1,654
2492015,21872,654,9,0,654
2495112,25890,655,1,1,655
2495112,26209,655,2,1,655
2495112,4163,655,3,1,655
2495112,49383,655,4,0,655
2495112,16759,655,5,0,655
2495112,28204,655,6,0,655
2495112,47626,655,7,1,655
2495112,47766,655,8,1,655
2495112,37458,655,9,0,655
2495112,41950,655,10,1,655
2495112,8518,655,11,0,655
2495112,1999,655,12,1,655
2495112,13176,655,13,0,655
2495112,31717,655,14,0,655
2495112,23198,655,15,0,655
2495112,44580,655,16,1,655
2495112,25666,655,17,0,655
2499636,21781,656,1,0,656
2499636,30287,656,2,0,656
2499636,22156,656,3,0,656
2499636,43202,656,4,0,656
2499636,45664,656,5,0,656
2499636,33897,656,6,0,656
2499636,41276,656,7,0,656
2499636,47626,656,8,0,656
2499636,5818,656,9,0,656
2499636,26764,656,10,0,656
2499636,25890,656,11,0,656
2499636,3616,656,12,0,656
2499636,16696,656,13,0,656
2499636,46222,656,14,0,656
2501168,42450,657,1,1,657
2501168,41716,657,2,1,657
2501168,22035,657,3,1,657
2501168,25171,657,4,1,657
2501168,32175,657,5,1,657
2501168,21108,657,6,1,657
2501168,47993,657,7,1,657
2501168,18362,657,8,0,657
2501168,18696,657,9,0,657
2501168,14462,657,10,0,657
2501168,20520,657,11,0,657
2501168,22276,657,12,0,657
2501168,13500,657,13,0,657
2501168,47193,657,14,0,657
2501168,23405,657,15,0,657
2501671,2295,658,1,0,658
2501671,27845,658,2,1,658
2501671,26209,658,3,1,658
2501671,25890,658,4,0,658
2501671,5025,658,5,1,658
2501671,34126,658,6,1,658
2501671,20691,658,7,0,658
2501671,21903,658,8,1,658
2501671,38383,658,9,0,658
2501671,38734,658,10,1,658
2501671,5646,658,11,0,658
2503795,29474,659,1,1,659
2503795,13113,659,2,0,659
2503795,48595,659,3,0,659
2513785,47672,660,1,1,660
2513785,19677,660,2,1,660
2513785,27344,660,3,1,660
2513785,35633,660,4,0,660
2513785,23291,660,5,0,660
2513785,11619,660,6,0,660
2513785,21174,660,7,1,660
2513785,37119,660,8,0,660
2513785,9058,660,9,1,660
2513785,11497,660,10,0,660
2513785,37065,660,11,1,660
2513785,11520,660,12,0,660
2513785,5450,660,13,1,660
2513785,42508,660,14,0,660
2513785,46383,660,15,0,660
2513785,9554,660,16,0,660
2513785,24415,660,17,0,660
2513785,9034,660,18,0,660
2513785,44328,660,19,0,660
2514707,27325,661,1,0,661
2514707,41950,661,2,0,661
2514707,11182,661,3,0,661
2514707,9387,661,4,0,661
2514707,43715,661,5,0,661
2517449,26312,662,1,0,662
2517449,43631,662,2,1,662
2517449,7533,662,3,1,662
2517449,4920,662,4,1,662
2517449,38448,662,5,1,662
2517449,38012,662,6,1,662
2517449,42372,662,7,1,662
2517449,42460,662,8,0,662
2517449,27801,662,9,0,662
2517449,6193,662,10,0,662
2517449,26751,662,11,0,662
2520758,24852,663,1,1,663
2520758,14992,663,2,1,663
2520758,10193,663,3,1,663
2520758,36511,663,4,0,663
2520758,10108,663,5,0,663
2520758,9076,663,6,1,663
2520758,9996,663,7,0,663
2520758,28842,663,8,1,663
2520758,1181,663,9,1,663
2524529,35951,664,1,1,664
2524529,45603,664,2,1,664
2526634,21405,665,1,1,665
2526634,41950,665,2,1,665
2526634,48806,665,3,1,665
2526634,30391,665,4,1,665
2526634,10749,665,5,1,665
2526634,48423,665,6,1,665
2526634,19057,665,7,1,665
2526634,16349,665,8,0,665
2526634,7600,665,9,1,665
2526634,38185,665,10,1,665
2526634,16882,665,11,1,665
2529209,28842,666,1,1,666
2529209,5876,666,2,1,666
2529209,14917,666,3,1,666
2529209,37687,666,4,1,666
2529209,47766,666,5,1,666
2529209,11925,666,6,1,666
2529209,19057,666,7,1,666
2529209,28289,666,8,1,666
2529209,49683,666,9,1,666
2531966,16759,667,1,0,667
2531966,48679,667,2,0,667
2531966,1408,667,3,0,667
2531966,31993,667,4,0,667
2546078,28985,668,1,1,668
2546078,21903,668,2,1,668
2546078,40545,668,3,1,668
2552410,25890,669,1,1,669
2552410,40706,669,2,0,669
2552410,780,669,3,1,669
2553883,8736,670,1,1,670
2553883,20947,670,2,1,670
2553883,6287,670,3,1,670
2553883,17333,670,4,1,670
2553883,30252,670,5,1,670
2553883,23219,670,6,1,670
2553883,46569,670,7,1,670
2553883,18661,670,8,1,670
2553883,47766,670,9,0,670
2553883,32864,670,10,1,670
2553883,19204,670,11,1,670
2553883,26021,670,12,1,670
2553883,41437,670,13,1,670
2553883,9104,670,14,1,670
2553883,20995,670,15,1,670
2553883,13646,670,16,1,670
2553883,34284,670,17,1,670
2553883,47734,670,18,0,670
2553883,22498,670,19,1,670
2553883,34210,670,20,0,670
2553883,21117,670,21,0,670
2553883,19421,670,22,0,670
2553883,12000,670,23,1,670
2553883,1468,670,24,0,670
2555730,36149,671,1,0,671
2555730,11819,671,2,0,671
2555730,45156,671,3,0,671
2555730,42719,671,4,0,671
2555730,11538,671,5,0,671
2555730,19902,671,6,0,671
2555730,33741,671,7,0,671
2555730,12974,671,8,0,671
2555730,18441,671,9,0,671
2558303,21137,672,1,1,672
2558303,45066,672,2,1,672
2558303,37220,672,3,1,672
2558303,39108,672,4,1,672
2558303,30450,672,5,1,672
2558303,14183,672,6,1,672
2572640,8571,673,1,1,673
2572640,17313,673,2,1,673
2575450,44643,674,1,0,674
2575450,1511,674,2,1,674
2575450,45535,674,3,1,674
2575450,35195,674,4,1,674
2575450,39216,674,5,1,674
2575450,40852,674,6,1,674
2575450,15872,674,7,1,674
2575450,26209,674,8,1,674
2575450,22247,674,9,0,674
2575450,22935,674,10,0,674
2575450,12797,674,11,0,674
2575450,23400,674,12,0,674
2575450,24964,674,13,1,674
2575450,29987,674,14,0,674
2575450,30489,674,15,0,674
2576120,35168,675,1,1,675
2576120,46654,675,2,0,675
2576120,27966,675,3,0,675
2576120,13176,675,4,1,675
2576120,32578,675,5,0,675
2576120,5479,675,6,1,675
2576120,8174,675,7,0,675
2576120,18352,675,8,1,675
2576120,39216,675,9,1,675
2576120,1364,675,10,0,675
2576120,35121,675,11,1,675
2577450,22802,676,1,1,676
2577450,196,676,2,1,676
2577450,19660,676,3,1,676
2583126,36771,677,1,1,677
2583126,2361,677,2,1,677
2583126,26949,677,3,1,677
2583126,24058,677,4,1,677
2583126,9382,677,5,1,677
2583126,17948,677,6,1,677
2583126,3094,677,7,1,677
2583126,43515,677,8,0,677
2583126,32177,677,9,0,677
2584196,6484,678,1,0,678
2584196,19488,678,2,0,678
2584196,8924,678,3,0,678
2584196,10409,678,4,0,678
2584196,45123,678,5,0,678
2584196,15399,678,6,0,678
2588570,24489,679,1,0,679
2588570,26604,679,2,0,679
2588570,49192,679,3,1,679
2588570,8988,679,4,0,679
2588570,34358,679,5,0,679
2588570,26242,679,6,0,679
2588570,13176,679,7,1,679
2588570,21903,679,8,0,679
2588570,35163,679,9,0,679
2588570,21616,679,10,0,679
2588570,22825,679,11,0,679
2588570,39928,679,12,0,679
2588570,13646,679,13,0,679
2588570,38077,679,14,0,679
2588570,12456,679,15,0,679
2588570,47209,679,16,0,679
2588570,21614,679,17,0,679
2588570,10369,679,18,0,679
2588570,16521,679,19,0,679
2588570,31506,679,20,0,679
2594094,4210,680,1,0,680
2594094,44799,680,2,1,680
2594094,10957,680,3,1,680
2594094,3967,680,4,0,680
2594094,35740,680,5,1,680
2594094,873,680,6,1,680
2594094,29302,680,7,1,680
2594094,7970,680,8,1,680
2594094,4971,680,9,0,680
2594094,33050,680,10,0,680
2594094,46844,680,11,0,680
2594094,47058,680,12,1,680
2594094,23915,680,13,0,680
2594094,41372,680,14,0,680
2597842,44632,681,1,1,681
2597842,47541,681,2,0,681
2597842,3957,681,3,1,681
2597842,10108,681,4,0,681
2597842,4945,681,5,1,681
2597842,46802,681,6,0,681
2597842,25890,681,7,1,681
2597842,18689,681,8,0,681
2597842,45393,681,9,0,681
2597842,25059,681,10,0,681
2597842,49026,681,11,0,681
2597842,31635,681,12,0,681
2597842,24852,681,13,1,681
2597842,43889,681,14,0,681
2597842,28576,681,15,0,681
2597842,43255,681,16,0,681
2597965,5785,682,1,1,682
2597965,36036,682,2,1,682
2597965,40910,682,3,1,682
2597965,8277,682,4,1,682
2597965,27325,682,5,1,682
2597965,32857,682,6,1,682
2597965,19678,682,7,1,682
2597965,25630,682,8,0,682
2605390,19678,683,1,0,683
2605390,25005,683,2,0,683
2605390,890,683,3,0,683
2605390,34126,683,4,0,683
2605390,19048,683,5,0,683
2605390,34243,683,6,1,683
2605390,7041,683,7,1,683
2605390,31506,683,8,0,683
2605390,1585,683,9,0,683
2605390,8203,683,10,0,683
2605390,5621,683,11,0,683
2605390,22627,683,12,0,683
2605390,18531,683,13,0,683
2605390,13176,683,14,1,683
2605390,13874,683,15,0,683
2605390,8412,683,16,0,683
2605390,39812,683,17,0,683
2616576,18626,684,1,1,684
2616576,3999,684,2,0,684
2623697,31654,685,1,0,685
2623697,14999,685,2,0,685
2623697,47626,685,3,1,685
2623697,21137,685,4,0,685
2623697,9837,685,5,0,685
2624149,14233,686,1,1,686
2624149,12392,686,2,0,686
2624149,13176,686,3,1,686
2624149,43961,686,4,0,686
2624149,16589,686,5,0,686
2624149,13380,686,6,0,686
2624149,33846,686,7,0,686
2624437,1503,687,1,1,687
2624437,1940,687,2,1,687
2624437,21903,687,3,1,687
2624437,42719,687,4,1,687
2624437,29007,687,5,1,687
2624437,13176,687,6,1,687
2624437,30489,687,7,1,687
2624437,42244,687,8,1,687
2624437,34262,687,9,1,687
2624437,10017,687,10,1,687
2624437,14364,687,11,1,687
2624437,31562,687,12,0,687
2624437,40604,687,13,1,687
2624437,16797,687,14,1,687
2624437,38159,687,15,1,687
2624437,39408,687,16,0,687
2624437,30305,687,17,0,687
2624437,49683,687,18,1,687
2624437,27104,687,19,1,687
2624437,45007,687,20,0,687
2624437,8467,687,21,1,687
2624437,2092,687,22,1,687
2624437,33489,687,23,0,687
2624437,5334,687,24,0,687
2624437,9186,687,25,0,687
2629225,42244,688,1,1,688
2629225,7035,688,2,1,688
2629225,11520,688,3,1,688
2629225,18362,688,4,1,688
2629225,47766,688,5,1,688
2629225,28985,688,6,1,688
2629225,37067,688,7,1,688
2629225,45535,688,8,1,688
2629225,17304,688,9,0,688
2629225,21137,688,10,0,688
2629225,21295,688,11,0,688
2629225,9000,688,12,0,688
2629225,34497,688,13,1,688
2629225,46654,688,14,1,688
2629225,42342,688,15,1,688
2629225,27336,688,16,0,688
2629225,8518,688,17,0,688
2629225,31506,688,18,0,688
2629225,45007,688,19,0,688
2629225,14814,688,20,1,688
2629225,28769,688,21,1,688
2629225,33716,688,22,0,688
2629225,26629,688,23,0,688
2629225,11688,688,24,0,688
2629225,40377,688,25,0,688
2633080,13176,689,1,1,689
2633080,15984,689,2,1,689
2633080,36397,689,3,1,689
2633080,21137,689,4,0,689
2633080,3740,689,5,1,689
2633080,21938,689,6,1,689
2633080,26032,689,7,0,689
2633080,26134,689,8,1,689
2633080,12000,689,9,1,689
2633080,41665,689,10,0,689
2633080,5646,689,11,1,689
2633080,9554,689,12,0,689
2633080,42693,689,13,0,689
2633080,19036,689,14,0,689
2633080,35692,689,15,0,689
2633080,1476,689,16,0,689
2633080,21230,689,17,0,689
2633520,35898,690,1,0,690
2633520,22559,690,2,1,690
2633520,30338,690,3,1,690
2633520,41774,690,4,1,690
2633520,4947,690,5,1,690
2633520,7781,690,6,1,690
2633520,24097,690,7,1,690
2633520,9405,690,8,1,690
2633520,2974,690,9,1,690
2633520,13712,690,10,1,690
2633520,42026,690,11,1,690
2633520,3155,690,12,1,690
2633520,3318,690,13,1,690
2638152,7035,691,1,1,691
2638152,48523,691,2,0,691
2638152,6081,691,3,0,691
2638152,36758,691,4,0,691
2638152,48742,691,5,0,691
2638152,19057,691,6,0,691
2638152,1360,691,7,0,691
2639929,3952,692,1,1,692
2639929,42585,692,2,0,692
2639929,35670,692,3,1,692
2639929,5764,692,4,0,692
2639929,32828,692,5,0,692
2639929,38456,692,6,0,692
2639929,10305,692,7,0,692
2642186,44632,693,1,1,693
2642186,26620,693,2,1,693
2642186,16676,693,3,1,693
2642186,42450,693,4,1,693
2642186,432,693,5,1,693
2642186,19261,693,6,1,693
2642186,11520,693,7,1,693
2642186,10060,693,8,1,693
2642186,43713,693,9,1,693
2642186,29926,693,10,1,693
2642186,45633,693,11,0,693
2642186,3855,693,12,0,693
2642186,16965,693,13,1,693
2644747,24852,694,1,1,694
2644747,21903,694,2,1,694
2644747,5450,694,3,0,694
2644747,16797,694,4,0,694
2644747,9681,694,5,0,694
2644747,42828,694,6,1,694
2644747,25890,694,7,0,694
2644747,34466,694,8,0,694
2645563,8903,695,1,1,695
2645563,2846,695,2,1,695
2645563,21775,695,3,1,695
2645563,18465,695,4,1,695
2645563,19208,695,5,1,695
2645563,28785,695,6,0,695
2645563,17747,695,7,1,695
2645563,44643,695,8,1,695
2645563,21137,695,9,1,695
2645563,17604,695,10,0,695
2645563,40427,695,11,0,695
2645563,8193,695,12,1,695
2645563,16349,695,13,1,695
2645563,34126,695,14,1,695
2645563,30406,695,15,1,695
2645563,48364,695,16,1,695
2645563,12419,695,17,0,695
2645563,25087,695,18,0,695
2645563,17568,695,19,0,695
2645563,37749,695,20,0,695
2645563,21903,695,21,1,695
2645563,26266,695,22,0,695
2645563,29842,695,23,0,695
2645563,4642,695,24,1,695
2651138,25199,696,1,1,696
2651138,26047,696,2,0,696
2651138,47672,696,3,0,696
2651914,30776,697,1,1,697
2651914,47672,697,2,1,697
2651914,32655,697,3,1,697
2651914,49628,697,4,0,697
2651914,34608,697,5,1,697
2651914,24940,697,6,0,697
2651914,11005,697,7,0,697
2651914,23516,697,8,0,697
2651914,16349,697,9,0,697
2653943,39180,698,1,1,698
2653943,28387,698,2,0,698
2653943,33722,698,3,0,698
2653943,14881,698,4,0,698
2653943,28824,698,5,0,698
2653943,32691,698,6,0,698
2653943,25890,698,7,0,698
2653943,5933,698,8,0,698
2654838,13176,699,1,1,699
2657210,40396,700,1,1,700
2657210,5818,700,2,0,700
2657210,13733,700,3,0,700
2657210,21037,700,4,0,700
2657210,45249,700,5,0,700
2657210,44786,700,6,0,700
2657210,10709,700,7,0,700
2662486,34262,701,1,1,701
2662486,24954,701,2,1,701
2662486,11815,701,3,0,701
2662486,43985,701,4,1,701
2662486,47322,701,5,0,701
2662486,11432,701,6,1,701
2662781,45066,702,1,1,702
2662781,29941,702,2,1,702
2663160,48762,703,1,1,703
2663160,2449,703,2,0,703
2668939,13176,704,1,1,704
2668939,34134,704,2,1,704
2668939,32952,704,3,1,704
2668939,117,704,4,1,704
2668939,36724,704,5,1,704
2668939,27966,704,6,1,704
2668939,39877,704,7,1,704
2668939,4920,704,8,1,704
2668939,13198,704,9,1,704
2668939,10527,704,10,1,704
2668939,21709,704,11,1,704
2668939,39578,704,12,1,704
2668939,27690,704,13,1,704
2668939,10831,704,14,0,704
2668939,329,704,15,1,704
2668939,44479,704,16,0,704
2668939,19046,704,17,1,704
2668939,46377,704,18,0,704
2668939,4189,704,19,0,704
2668939,2243,704,20,0,704
2668939,36522,704,21,0,704
2668939,4605,704,22,0,704
2668939,43768,704,23,0,704
2668939,17600,704,24,0,704
2669058,13176,705,1,1,705
2669058,5785,705,2,1,705
2669058,44414,705,3,1,705
2669058,40676,705,4,1,705
2669058,13535,705,5,1,705
2669058,27470,705,6,1,705
2669058,49533,705,7,0,705
2672225,11520,706,1,1,706
2672225,40852,706,2,0,706
2672225,46584,706,3,1,706
2672225,17083,706,4,1,706
2672225,26131,706,5,1,706
2672225,8490,706,6,0,706
2672225,27104,706,7,1,706
2672225,6873,706,8,1,706
2672225,48775,706,9,1,706
2672345,37642,707,1,1,707
2672345,18811,707,2,1,707
2672345,12931,707,3,0,707
2673622,2353,708,1,0,708
2673622,21683,708,2,1,708
2682064,18564,709,1,1,709
2682064,23178,709,2,1,709
2682064,37410,709,3,0,709
2682064,48197,709,4,1,709
2682064,375,709,5,0,709
2688342,17758,710,1,1,710
2688342,26706,710,2,1,710
2688342,42356,710,3,1,710
2688342,24852,710,4,1,710
2688342,31040,710,5,1,710
2688342,42585,710,6,1,710
2688342,4920,710,7,1,710
2688342,47626,710,8,1,710
2688342,13870,710,9,1,710
2688342,40545,710,10,1,710
2688342,47652,710,11,1,710
2688342,35887,710,12,1,710
2688342,23032,710,13,0,710
2716197,5769,711,1,0,711
2720180,47209,712,1,1,712
2720180,45948,712,2,0,712
2720180,47626,712,3,0,712
2720180,24838,712,4,0,712
2720180,7175,712,5,0,712
2720180,34590,712,6,0,712
2720180,34137,712,7,0,712
2720180,24035,712,8,0,712
2720180,36205,712,9,0,712
2720180,48900,712,10,0,712
2720180,48679,712,11,1,712
2720180,3142,712,12,0,712
2720180,34243,712,13,0,712
2720180,27470,712,14,0,712
2729685,5612,713,1,1,713
2729685,13176,713,2,1,713
2729685,3584,713,3,1,713
2729685,9593,713,4,1,713
2729685,16436,713,5,1,713
2729685,24508,713,6,0,713
2729685,35956,713,7,0,713
2729685,31676,713,8,1,713
2729685,32005,713,9,1,713
2730803,19660,714,1,1,714
2730803,31422,714,2,1,714
2730803,26317,714,3,1,714
2730803,44853,714,4,1,714
2730803,48532,714,5,0,714
2743881,35921,715,1,1,715
2743881,13176,715,2,1,715
2743881,42342,715,3,0,715
2743881,19261,715,4,0,715
2743881,47626,715,5,1,715
2743881,35242,715,6,0,715
2743881,8012,715,7,0,715
2743881,2452,715,8,0,715
2743881,39947,715,9,1,715
2743881,22474,715,10,0,715
2743881,3345,715,11,0,715
2744842,38490,716,1,1,716
2744842,19057,716,2,1,716
2744842,21903,716,3,1,716
2744842,38503,716,4,1,716
2744842,11512,716,5,1,716
2744842,33401,716,6,1,716
2744842,7963,716,7,1,716
2744842,13176,716,8,1,716
2744842,33572,716,9,1,716
2744842,44479,716,10,1,716
2744842,2825,716,11,0,716
2744842,39275,716,12,1,716
2744842,19811,716,13,0,716
2744842,42265,716,14,0,716
2744842,44201,716,15,0,716
2744842,16965,716,16,0,716
2746567,24852,717,1,1,717
2746567,2846,717,2,1,717
2746567,2344,717,3,1,717
2746567,21137,717,4,1,717
2746567,12975,717,5,1,717
2746567,21405,717,6,1,717
2746567,32030,717,7,1,717
2746567,23005,717,8,1,717
2746567,15803,717,9,1,717
2746567,33129,717,10,1,717
2746567,11686,717,11,0,717
2746567,27086,717,12,1,717
2746567,5902,717,13,0,717
2746567,21183,717,14,0,717
2746567,25647,717,15,0,717
2746567,22312,717,16,0,717
2746567,24184,717,17,0,717
2746567,43768,717,18,0,717
2746567,29307,717,19,0,717
2748190,24489,718,1,1,718
2748190,27845,718,2,1,718
2748190,17948,718,3,1,718
2748190,117,718,4,1,718
2748190,36695,718,5,1,718
2748190,6948,718,6,1,718
2748190,40377,718,7,1,718
2748190,31066,718,8,1,718
2750149,21573,719,1,0,719
2750149,5258,719,2,1,719
2750149,8048,719,3,1,719
2750149,43352,719,4,1,719
2750149,8571,719,5,1,719
2750149,4724,719,6,1,719
2750149,21292,719,7,1,719
2750149,8803,719,8,1,719
2750149,39922,719,9,1,719
2750149,12341,719,10,1,719
2750149,21903,719,11,1,719
2750149,15831,719,12,1,719
2750149,3798,719,13,0,719
2753774,38383,720,1,1,720
2753774,17794,720,2,1,720
2753774,24964,720,3,1,720
2753774,9092,720,4,0,720
2753774,28985,720,5,0,720
2753774,42768,720,6,0,720
2753774,44424,720,7,0,720
2753774,28785,720,8,0,720
2753774,44628,720,9,0,720
2753774,10096,720,10,0,720
2753774,12206,720,11,1,720
2753774,40706,720,12,1,720
2753774,6615,720,13,0,720
2753774,34126,720,14,0,720
2753774,29898,720,15,0,720
2753774,5328,720,16,1,720
2753774,5973,720,17,0,720
2753774,41570,720,18,1,720
2753774,23516,720,19,1,720
2753774,2447,720,20,0,720
2757977,21137,721,1,0,721
2757977,5479,721,2,1,721
2757977,35628,721,3,1,721
2757977,14947,721,4,1,721
2757977,26369,721,5,1,721
2757977,4920,721,6,1,721
2757977,8277,721,7,1,721
2757977,43087,721,8,0,721
2757977,6046,721,9,0,721
2762843,42828,722,1,1,722
2762843,13176,722,2,1,722
2762843,11520,722,3,1,722
2762843,47209,722,4,1,722
2762843,22260,722,5,0,722
2762843,3896,722,6,1,722
2762843,15700,722,7,1,722
2762843,8277,722,8,1,722
2762843,37158,722,9,1,722
2762843,25718,722,10,1,722
2762843,23644,722,11,1,722
2762843,45633,722,12,1,722
2762843,17691,722,13,1,722
2762843,13802,722,14,1,722
2762843,32950,722,15,1,722
2762843,37220,722,16,1,722
2762843,43713,722,17,1,722
2762843,25197,722,18,0,722
2762843,4792,722,19,0,722
2762843,32360,722,20,1,722
2762843,42265,722,21,1,722
2762843,36725,722,22,0,722
2762843,21417,722,23,0,722
2762843,33198,722,24,0,722
2763365,43852,723,1,1,723
2763365,8460,723,2,0,723
2763365,38028,723,3,0,723
2763365,40815,723,4,0,723
2763960,42508,724,1,0,724
2763960,18095,724,2,0,724
2763960,25138,724,3,1,724
2763960,17789,724,4,0,724
2763960,31915,724,5,1,724
2763960,27966,724,6,1,724
2763960,13176,724,7,1,724
2763960,26165,724,8,1,724
2763960,45946,724,9,1,724
2763960,20327,724,10,1,724
2763960,47547,724,11,0,724
2763960,20571,724,12,1,724
2763960,11891,724,13,0,724
2776103,39190,725,1,1,725
2776103,32642,725,2,1,725
2776103,4781,725,3,1,725
2778267,38456,726,1,0,726
2778267,47626,726,2,1,726
2778267,47766,726,3,1,726
2783876,44799,727,1,1,727
2783876,42736,727,2,1,727
2783876,42578,727,3,0,727
2783876,17008,727,4,0,727
2783876,33672,727,5,0,727
2783876,26373,727,6,1,727
2783876,424,727,7,1,727
2783876,44286,727,8,0,727
2783876,16276,727,9,1,727
2785134,37570,728,1,0,728
2785134,6342,728,2,0,728
2785134,26209,728,3,1,728
2785134,24852,728,4,1,728
2785134,21174,728,5,1,728
2785134,44097,728,6,1,728
2785134,14486,728,7,1,728
2785134,13166,728,8,1,728
2785134,16290,728,9,1,728
2785134,45946,728,10,1,728
2785134,5876,728,11,1,728
2785134,12756,728,12,1,728
2785134,23029,728,13,1,728
2785134,37646,728,14,1,728
2785134,21137,728,15,1,728
2785134,1025,728,16,0,728
2785134,22935,728,17,1,728
2785798,43772,729,1,1,729
2785798,11422,729,2,1,729
2785798,30795,729,3,1,729
2785798,46979,729,4,1,729
2785798,7963,729,5,1,729
2785798,5808,729,6,1,729
2785798,32757,729,7,1,729
2785798,37687,729,8,1,729
2785798,13176,729,9,1,729
2785798,21137,729,10,1,729
2785798,43789,729,11,1,729
2785798,5212,729,12,1,729
2785798,15649,729,13,1,729
2785798,27845,729,14,1,729
2785798,6472,729,15,1,729
2785798,13984,729,16,1,729
2787293,18531,730,1,0,730
2787293,14182,730,2,0,730
2787293,4445,730,3,0,730
2787293,15409,730,4,0,730
2787293,47682,730,5,0,730
2787293,17526,730,6,0,730
2788755,13223,731,1,1,731
2788755,8053,731,2,1,731
2788755,26668,731,3,0,731
2788755,34427,731,4,0,731
2788755,3638,731,5,0,731
2801159,24852,732,1,1,732
2801159,46969,732,2,1,732
2801159,19057,732,3,1,732
2801159,37646,732,4,1,732
2801159,28199,732,5,1,732
2801159,21137,732,6,1,732
2809059,329,733,1,1,733
2809059,30776,733,2,1,733
2810017,29447,734,1,1,734
2810017,17183,734,2,1,734
2810017,35628,734,3,1,734
2810017,17044,734,4,1,734
2810017,34551,734,5,1,734
2810017,38558,734,6,1,734
2818869,24852,735,1,1,735
2818869,4605,735,2,1,735
2818869,28398,735,3,1,735
2818869,43961,735,4,1,735
2818869,44359,735,5,0,735
2818869,40571,735,6,1,735
2818869,21137,735,7,1,735
2818869,6873,735,8,1,735
2818869,13517,735,9,1,735
2818869,41665,735,10,1,735
2818869,7781,735,11,1,735
2818869,48720,735,12,1,735
2818869,42701,735,13,1,735
2818869,8174,735,14,1,735
2818869,24534,735,15,1,735
2818869,32717,735,16,1,735
2818869,248,735,17,1,735
2818869,31915,735,18,1,735
2818869,44422,735,19,1,735
2818869,18385,735,20,1,735
2818869,41950,735,21,1,735
2818869,26209,735,22,0,735
2818869,23545,735,23,1,735
2818869,25588,735,24,0,735
2818869,3957,735,25,0,735
2818869,26283,735,26,0,735
2818869,3376,735,27,0,735
2822562,40055,736,1,1,736
2822562,20021,736,2,0,736
2822562,12250,736,3,0,736
2822562,32403,736,4,1,736
2822562,5618,736,5,1,736
2822562,4920,736,6,1,736
2822562,29223,736,7,1,736
2822562,47788,736,8,1,736
2822562,36443,736,9,0,736
2822562,277,736,10,0,736
2822562,1327,736,11,0,736
2822562,35900,736,12,1,736
2822562,4081,736,13,0,736
2822562,4681,736,14,0,736
2822562,34600,736,15,0,736
2822562,11755,736,16,0,736
2830990,42342,737,1,1,737
2830990,27521,737,2,1,737
2830990,31338,737,3,0,737
2830990,33055,737,4,1,737
2830990,13176,737,5,1,737
2830990,27966,737,6,1,737
2830990,21137,737,7,1,737
2830990,13629,737,8,1,737
2830990,36082,737,9,1,737
2830990,34126,737,10,1,737
2830990,47209,737,11,1,737
2833755,47977,738,1,1,738
2833755,33682,738,2,1,738
2833755,13351,738,3,1,738
2833755,4957,738,4,1,738
2833755,33754,738,5,1,738
2833755,13176,738,6,1,738
2833755,36316,738,7,1,738
2833755,24838,738,8,1,738
2833755,42972,738,9,1,738
2833755,17706,738,10,1,738
2833755,35221,738,11,1,738
2833755,42356,738,12,1,738
2833755,8021,738,13,1,738
2833755,47626,738,14,1,738
2833755,31915,738,15,1,738
2833755,22035,738,16,1,738
2833755,9387,738,17,1,738
2833755,42987,738,18,1,738
2833755,22825,738,19,1,738
2833755,27344,738,20,1,738
2833755,27086,738,21,1,738
2833755,27845,738,22,1,738
2833755,19348,738,23,1,738
2833755,5612,738,24,1,738
2833755,18523,738,25,1,738
2833755,49131,738,26,0,738
2833755,5077,738,27,1,738
2833755,26209,738,28,0,738
2834330,22627,739,1,0,739
2834330,11520,739,2,1,739
2834330,24964,739,3,0,739
2834330,22935,739,4,1,739
2834330,44359,739,5,0,739
2834330,8518,739,6,0,739
2834330,12703,739,7,0,739
2834330,19208,739,8,0,739
2834330,37220,739,9,0,739
2834330,44201,739,10,1,739
2834330,32839,739,11,0,739
2834330,6873,739,12,0,739
2834330,35391,739,13,0,739
2834330,22963,739,14,1,739
2834330,14573,739,15,0,739
2834330,37890,739,16,0,739
2834330,21096,739,17,1,739
2834330,33399,739,18,0,739
2834330,47734,739,19,0,739
2834330,22395,739,20,1,739
2834330,49236,739,21,0,739
2834330,6975,739,22,1,739
2834330,21903,739,23,1,739
2838753,19368,740,1,0,740
2838753,14844,740,2,0,740
2838753,25615,740,3,0,740
2838753,18144,740,4,0,740
2838753,41488,740,5,0,740
2859278,34126,741,1,1,741
2859278,21527,741,2,1,741
2859278,5479,741,3,1,741
2859278,29447,741,4,1,741
2859278,35050,741,5,1,741
2859278,1577,741,6,1,741
2860782,27247,742,1,1,742
2860782,11030,742,2,1,742
2860782,32331,742,3,1,742
2860782,25495,742,4,1,742
2860782,5013,742,5,1,742
2860782,40853,742,6,1,742
2860782,14006,742,7,0,742
2860782,21720,742,8,0,742
2865103,45588,743,1,1,743
2865103,12218,743,2,1,743
2865103,8204,743,3,1,743
2865103,47792,743,4,0,743
2865103,48199,743,5,1,743
2865103,39719,743,6,1,743
2865103,24598,743,7,0,743
2865103,19761,743,8,0,743
2865103,47226,743,9,0,743
2865103,8536,743,10,0,743
2865103,22750,743,11,0,743
2865103,27360,743,12,0,743
2865103,9852,743,13,0,743
2865103,4210,743,14,0,743
2865103,29646,743,15,0,743
2865103,40373,743,16,0,743
2865103,34222,743,17,0,743
2865103,9932,743,18,0,743
2865103,7116,743,19,0,743
2865103,46923,743,20,0,743
2867959,17008,744,1,1,744
2867959,15868,744,2,1,744
2867959,7533,744,3,1,744
2867959,44325,744,4,0,744
2867959,31343,744,5,1,744
2867959,39000,744,6,0,744
2867959,32545,744,7,0,744
2867959,21137,744,8,0,744
2867959,19643,744,9,0,744
2867959,343,744,10,1,744
2867959,26317,744,11,0,744
2867959,36085,744,12,1,744
2869841,48595,745,1,1,745
2869841,20178,745,2,1,745
2869841,38944,745,3,1,745
2869841,27299,745,4,1,745
2869841,48220,745,5,1,745
2869841,30884,745,6,1,745
2869841,37646,745,7,1,745
2869841,12157,745,8,1,745
2869841,24730,745,9,0,745
2869841,48328,745,10,0,745
2869841,4597,745,11,0,745
2869841,5077,745,12,1,745
2869841,25753,745,13,1,745
2877075,44629,746,1,1,746
2877075,46969,746,2,1,746
2877075,30391,746,3,1,746
2877075,21616,746,4,1,746
2877075,41950,746,5,1,746
2878526,24891,747,1,1,747
2878526,29370,747,2,1,747
2878526,22114,747,3,1,747
2878526,22947,747,4,1,747
2878526,35503,747,5,1,747
2879453,9411,748,1,1,748
2879453,26232,748,2,1,748
2879453,26790,748,3,1,748
2879453,19348,748,4,1,748
2879453,16882,748,5,1,748
2879453,42533,748,6,1,748
2879453,30252,748,7,0,748
2879453,9166,748,8,1,748
2879453,3808,748,9,1,748
2879453,30949,748,10,0,748
2879453,38985,748,11,1,748
2879453,19173,748,12,0,748
2879620,46069,749,1,1,749
2879620,27845,749,2,1,749
2879620,43961,749,3,1,749
2879620,37840,749,4,1,749
2879620,41950,749,5,1,749
2879620,3599,749,6,1,749
2880864,4210,750,1,1,750
2880864,4605,750,2,1,750
2882234,39055,751,1,1,751
2882234,31257,751,2,1,751
2882234,7559,751,3,0,751
2882234,6873,751,4,1,751
2882234,38827,751,5,1,751
2882234,31343,751,6,0,751
2882234,47209,751,7,0,751
2882234,38293,751,8,0,751
2882234,37158,751,9,0,751
2882234,20843,751,10,0,751
2882234,11247,751,11,0,751
2882234,28915,751,12,0,751
2882234,38273,751,13,0,751
2882234,44560,751,14,0,751
2882276,17638,752,1,1,752
2882276,5622,752,2,1,752
2882276,43961,752,3,1,752
2882276,5535,752,4,1,752
2882276,33198,752,5,1,752
2882276,26694,752,6,1,752
2882276,11136,752,7,1,752
2882276,10957,752,8,1,752
2882276,36664,752,9,1,752
2882276,45961,752,10,1,752
2882276,11574,752,11,1,752
2882276,23957,752,12,1,752
2882276,34407,752,13,1,752
2882276,45,752,14,1,752
2882276,24115,752,15,1,752
2882276,9092,752,16,1,752
2882276,43945,752,17,1,752
2882276,36956,752,18,1,752
2882276,8006,752,19,0,752
2882276,14795,752,20,0,752
2884806,25653,753,1,0,753
2884806,32478,753,2,1,753
2884806,12341,753,3,1,753
2884806,21903,753,4,1,753
2888669,34343,754,1,0,754
2888669,39858,754,2,0,754
2888669,38928,754,3,0,754
2891186,47966,755,1,1,755
2891186,29373,755,2,1,755
2891186,44980,755,3,1,755
2891186,28299,755,4,1,755
2891186,6473,755,5,1,755
2891186,12875,755,6,1,755
2891186,1158,755,7,0,755
2891186,28204,755,8,1,755
2891186,24852,755,9,1,755
2891186,20463,755,10,1,755
2891186,4081,755,11,1,755
2891186,1695,755,12,1,755
2891186,18987,755,13,0,755
2891186,23888,755,14,1,755
2891186,28849,755,15,0,755
2891186,30588,755,16,1,755
2891186,21936,755,17,1,755
2891186,25985,755,18,1,755
2891186,8512,755,19,1,755
2891186,9366,755,20,1,755
2891186,46041,755,21,1,755
2891186,31506,755,22,0,755
2891186,21795,755,23,0,755
2895391,46667,756,1,1,756
2895447,5959,757,1,1,757
2895447,18618,757,2,1,757
2895447,16290,757,3,1,757
2895447,33043,757,4,1,757
2895447,26283,757,5,1,757
2895447,39275,757,6,1,757
2895447,22276,757,7,1,757
2895447,16797,757,8,0,757
2895447,36426,757,9,0,757
2899962,36543,758,1,1,758
2899962,12140,758,2,1,758
2899962,5532,758,3,1,758
2909363,20339,759,1,1,759
2909363,47209,759,2,1,759
2909363,13176,759,3,1,759
2909363,20345,759,4,1,759
2909363,43967,759,5,1,759
2909363,46969,759,6,1,759
2909363,33754,759,7,1,759
2909363,29594,759,8,1,759
2909363,41950,759,9,1,759
2909363,20082,759,10,0,759
2909363,22292,759,11,0,759
2909363,19571,759,12,0,759
2909363,38503,759,13,1,759
2909363,18362,759,14,1,759
2909363,29941,759,15,0,759
2909363,1215,759,16,0,759
2910511,14218,760,1,0,760
2910511,34969,760,2,1,760
2910511,42244,760,3,0,760
2910511,47766,760,4,1,760
2910511,1408,760,5,1,760
2910511,37687,760,6,0,760
2910511,21903,760,7,1,760
2910511,8174,760,8,0,760
2910511,46106,760,9,0,760
2910511,42265,760,10,0,760
2910511,31040,760,11,0,760
2910511,9839,760,12,0,760
2913150,7503,761,1,0,761
2913150,248,761,2,1,761
2913150,34126,761,3,0,761
2913150,46676,761,4,0,761
2913150,19625,761,5,0,761
2913150,13996,761,6,1,761
2913150,45007,761,7,0,761
2913150,49488,761,8,0,761
2913150,11574,761,9,0,761
2913150,6300,761,10,0,761
2913150,18434,761,11,0,761
2918240,43861,762,1,1,762
2918240,32466,762,2,1,762
2918240,42265,762,3,1,762
2918240,45953,762,4,1,762
2918240,23543,762,5,1,762
2918240,46252,762,6,0,762
2918240,22935,762,7,1,762
2918240,5646,762,8,0,762
2918240,28985,762,9,1,762
2918240,40604,762,10,1,762
2918240,9424,762,11,0,762
2918240,21800,762,12,1,762
2922134,28204,763,1,1,763
2922134,39408,763,2,1,763
2922134,9387,763,3,1,763
2922134,45066,763,4,1,763
2922134,23763,763,5,1,763
2922134,43960,763,6,0,763
2922134,8714,763,7,0,763
2922134,40151,763,8,0,763
2922134,16394,763,9,0,763
2923535,44172,764,1,1,764
2932476,24852,765,1,1,765
2932476,47209,765,2,1,765
2932476,12015,765,3,1,765
2932476,16560,765,4,1,765
2932476,33636,765,5,0,765
2932476,42317,765,6,0,765
2932476,9807,765,7,0,765
2932476,8955,765,8,1,765
2932476,27521,765,9,1,765
2932476,4086,765,10,1,765
2932476,21162,765,11,1,765
2932476,46807,765,12,1,765
2932476,39561,765,13,0,765
2932476,34466,765,14,0,765
2932476,48679,765,15,1,765
2932476,40310,765,16,0,765
2932476,24838,765,17,0,765
2932476,39922,765,18,0,765
2932476,18479,765,19,0,765
2932476,42265,765,20,0,765
2933088,29387,766,1,1,766
2933088,30489,766,2,1,766
2933088,8239,766,3,1,766
2933088,21137,766,4,1,766
2933088,22035,766,5,1,766
2933088,24852,766,6,1,766
2933088,35547,766,7,1,766
2933088,28199,766,8,1,766
2933088,22935,766,9,1,766
2933088,8424,766,10,1,766
2933088,28842,766,11,1,766
2933088,45322,766,12,1,766
2933088,10831,766,13,1,766
2933095,24852,767,1,0,767
2933095,30406,767,2,0,767
2933095,4605,767,3,0,767
2933095,16797,767,4,0,767
2933095,5603,767,5,0,767
2933095,18498,767,6,0,767
2933095,12232,767,7,0,767
2933095,25764,767,8,0,767
2933095,3512,767,9,0,767
2933095,21601,767,10,0,767
2933095,22206,767,11,0,767
2933095,33709,767,12,0,767
2933095,2663,767,13,0,767
2933095,35921,767,14,0,767
2933095,35761,767,15,0,767
2933095,32727,767,16,0,767
2933095,121,767,17,0,767
2933095,41915,767,18,0,767
2933095,24427,767,19,0,767
2933095,29387,767,20,0,767
2933095,38544,767,21,0,767
2933095,38465,767,22,0,767
2933095,27239,767,23,0,767
2933095,47248,767,24,0,767
2933095,14726,767,25,0,767
2933095,1465,767,26,0,767
2933095,18792,767,27,0,767
2933095,5385,767,28,0,767
2933095,22474,767,29,0,767
2933095,9130,767,30,0,767
2933095,29193,767,31,0,767
2933095,30340,767,32,0,767
2933095,30235,767,33,0,767
2933095,10692,767,34,0,767
2936924,5456,768,1,1,768
2936924,10070,768,2,1,768
2936924,13176,768,3,1,768
2936924,37754,768,4,1,768
2936924,41806,768,5,1,768
2936924,46906,768,6,1,768
2936924,30233,768,7,1,768
2936924,5450,768,8,1,768
2936924,34969,768,9,1,768
2936924,11777,768,10,1,768
2936924,43713,768,11,0,768
2938503,769,769,1,1,769
2938503,31759,769,2,1,769
2938503,11540,769,3,1,769
2938503,43692,769,4,1,769
2938503,16732,769,5,1,769
2939983,33185,770,1,0,770
2939983,11009,770,2,0,770
2939983,22406,770,3,0,770
2939983,16607,770,4,1,770
2939983,24852,770,5,1,770
2939983,5782,770,6,1,770
2940916,18340,771,1,0,771
2940916,44008,771,2,1,771
2940916,14267,771,3,0,771
2940916,48697,771,4,0,771
2940916,27323,771,5,1,771
2940916,35221,771,6,1,771
2940916,37524,771,7,1,771
2940916,34969,771,8,1,771
2940916,43789,771,9,0,771
2942645,42106,772,1,1,772
2942645,34197,772,2,1,772
2942645,27750,772,3,1,772
2942645,38419,772,4,1,772
2942645,34243,772,5,1,772
2942645,18224,772,6,0,772
2942645,28985,772,7,1,772
2942645,44912,772,8,0,772
2942645,41570,772,9,1,772
2942645,4518,772,10,0,772
2942645,13984,772,11,1,772
2942645,32537,772,12,0,772
2945383,41276,773,1,1,773
2945383,196,773,2,1,773
2947643,40545,774,1,0,774
2947643,43295,774,2,0,774
2947643,10613,774,3,0,774
2947643,22600,774,4,0,774
2947643,3407,774,5,0,774
2948422,29650,775,1,0,775
2948422,40310,775,2,0,775
2948422,38772,775,3,0,775
2948422,2275,775,4,0,775
2948422,4697,775,5,0,775
2948422,5450,775,6,0,775
2948422,24852,775,7,0,775
2948422,4920,775,8,0,775
2948422,43740,775,9,0,775
2948422,47873,775,10,0,775
2948422,18070,775,11,0,775
2948422,28204,775,12,0,775
2948422,28199,775,13,0,775
2948422,29180,775,14,0,775
2949112,38689,776,1,1,776
2949112,11821,776,2,1,776
2949112,15081,776,3,1,776
2949112,18531,776,4,1,776
2949112,27695,776,5,1,776
2949112,20995,776,6,1,776
2949112,35167,776,7,0,776
2949112,8200,776,8,0,776
2949112,23543,776,9,0,776
2954700,40153,777,1,1,777
2954700,23211,777,2,0,777
2958500,43789,778,1,1,778
2958500,27845,778,2,1,778
2958500,27966,778,3,1,778
2958500,13176,778,4,1,778
2958500,34668,778,5,1,778
2958500,27086,778,6,1,778
2958500,44632,778,7,1,778
2958500,22825,778,8,1,778
2958500,45007,778,9,0,778
2958500,18644,778,10,0,778
2958500,27719,778,11,1,778
2958500,47734,778,12,1,778
2958500,31717,778,13,1,778
2958500,26209,778,14,1,778
2958500,28745,778,15,1,778
2958500,10668,778,16,1,778
2958500,16759,778,17,1,778
2958500,26315,778,18,1,778
2958500,48745,778,19,1,778
2958500,8959,778,20,1,778
2958500,3066,778,21,0,778
2958500,20123,778,22,1,778
2958500,34401,778,23,0,778
2958500,6046,778,24,1,778
2958500,28934,778,25,1,778
2958500,34243,778,26,0,778
2958500,2326,778,27,0,778
2958500,38838,778,28,0,778
2959837,17758,779,1,1,779
2959837,40198,779,2,1,779
2959837,28427,779,3,0,779
2959837,35108,779,4,0,779
2959837,44987,779,5,0,779
2959837,5240,779,6,0,779
2959837,38383,779,7,1,779
2959837,34126,779,8,1,779
2959837,43262,779,9,0,779
2961974,44422,780,1,1,780
2961974,21616,780,2,1,780
2971781,27985,781,1,1,781
2971781,35315,781,2,0,781
2971781,28884,781,3,0,781
2971781,8193,781,4,0,781
2971781,36431,781,5,0,781
2971781,22989,781,6,0,781
2971781,19003,781,7,0,781
2971781,24622,781,8,0,781
2971781,6046,781,9,1,781
2971781,44799,781,10,0,781
2971781,45862,781,11,0,781
2971781,4605,781,12,0,781
2971781,41588,781,13,0,781
2971781,23819,781,14,0,781
2971781,48205,781,15,1,781
2971781,26530,781,16,1,781
2971781,37238,781,17,1,781
2971781,4897,781,18,0,781
2972532,30489,782,1,1,782
2972532,25767,782,2,0,782
2972532,28928,782,3,0,782
2972532,23765,782,4,0,782
2972532,26317,782,5,0,782
2972532,39108,782,6,0,782
2972532,21137,782,7,0,782
2972532,31612,782,8,0,782
2972532,31766,782,9,0,782
2972532,33674,782,10,0,782
2972532,16885,782,11,0,782
2972532,40554,782,12,1,782
2972532,27845,782,13,0,782
2972532,30020,782,14,0,782
2972532,7088,782,15,0,782
2972532,24184,782,16,1,782
2972532,2295,782,17,0,782
2972532,5025,782,18,1,782
2972532,31717,782,19,0,782
2972532,26209,782,20,0,782
2972532,6020,782,21,0,782
2972532,42702,782,22,0,782
2972532,27999,782,23,0,782
2974834,45965,783,1,1,783
2974834,47144,783,2,1,783
2974834,31371,783,3,1,783
2974834,12341,783,4,1,783
2974834,24830,783,5,0,783
2974834,37973,783,6,0,783
2974834,42265,783,7,1,783
2974834,24852,783,8,1,783
2974834,47626,783,9,1,783
2974834,21814,783,10,0,783
2974834,7781,783,11,1,783
2974834,8518,783,12,0,783
2974834,16349,783,13,1,783
2974834,42585,783,14,1,783
2974834,4605,783,15,1,783
2974834,16185,783,16,0,783
2974834,34358,783,17,1,783
2974834,29987,783,18,1,783
2974834,43014,783,19,0,783
2974834,2295,783,20,0,783
2974834,43789,783,21,0,783
2974834,44142,783,22,1,783
2974834,19003,783,23,0,783
2974834,2091,783,24,1,783
2974834,25087,783,25,1,783
2974834,44570,783,26,1,783
2974834,49,783,27,0,783
2974834,5025,783,28,1,783
2974834,38596,783,29,1,783
2974834,12797,783,30,1,783
2974834,33731,783,31,0,783
2974834,16145,783,32,0,783
2979023,49235,784,1,1,784
2979023,49326,784,2,0,784
2979023,44931,784,3,0,784
2979023,28931,784,4,0,784
2979023,39560,784,5,0,784
2979023,37047,784,6,0,784
2979023,12683,784,7,0,784
2979023,10957,784,8,0,784
2979023,16696,784,9,0,784
2979023,40910,784,10,0,784
2982004,41909,785,1,0,785
2982004,43218,785,2,0,785
2982004,30548,785,3,1,785
2982004,2994,785,4,1,785
2982004,40311,785,5,0,785
2984519,9648,786,1,0,786
2984519,33731,786,2,1,786
2984519,16797,786,3,1,786
2984519,14161,786,4,1,786
2984519,4920,786,5,1,786
2984519,47766,786,6,1,786
2984519,42265,786,7,1,786
2984519,15200,786,8,0,786
2984519,39097,786,9,1,786
2984519,7054,786,10,0,786
2984519,6104,786,11,1,786
2984519,24852,786,12,1,786
2984519,33884,786,13,0,786
2984519,260,786,14,0,786
2984519,26723,786,15,1,786
2984519,32033,786,16,1,786
2984519,28204,786,17,1,786
2985477,32747,787,1,1,787
2985477,32175,787,2,1,787
2985477,23082,787,3,1,787
2985477,4138,787,4,1,787
2985477,11857,787,5,1,787
2985477,43873,787,6,1,787
2985477,1514,787,7,1,787
2985477,40299,787,8,1,787
2985477,8924,787,9,0,787
2985477,44475,787,10,1,787
2985477,20119,787,11,0,787
2985477,3696,787,12,0,787
2985477,35430,787,13,0,787
2996694,6789,788,1,1,788
2996694,43772,788,2,1,788
2996694,49683,788,3,1,788
2996694,8193,788,4,1,788
2996694,29487,788,5,1,788
2996694,14197,788,6,1,788
2996694,48071,788,7,1,788
2996694,44570,788,8,1,788
2996694,27361,788,9,1,788
2996694,38770,788,10,1,788
2996694,7631,788,11,1,788
2996694,33520,788,12,1,788
2996694,1368,788,13,1,788
2996694,5068,788,14,1,788
2996694,13382,788,15,1,788
2996694,48444,788,16,1,788
2996694,44410,788,17,1,788
2996694,37525,788,18,1,788
2996694,14239,788,19,1,788
2996694,36130,788,20,0,788
2996694,32163,788,21,0,788
2996694,37191,788,22,0,788
2996694,17862,788,23,1,788
2996694,790,788,24,0,788
2996694,16864,788,25,0,788
2996694,37929,788,26,0,788
2996796,44987,789,1,1,789
2996796,1233,789,2,0,789
2996796,42220,789,3,0,789
2996796,40332,789,4,1,789
2996796,48299,789,5,0,789
2996796,41107,789,6,0,789
2996796,36086,789,7,0,789
2996796,5098,789,8,0,789
2996796,18660,789,9,0,789
2996796,19220,789,10,0,789
2996796,28577,789,11,0,789
2996796,34122,789,12,0,789
2996796,43712,789,13,0,789
2996796,27323,789,14,0,789
2996796,46572,789,15,0,789
2996796,44112,789,16,0,789
2996796,17025,789,17,0,789
2996796,27796,789,18,0,789
3001260,11520,790,1,1,790
3001260,6287,790,2,1,790
3001260,48679,790,3,1,790
3001260,13176,790,4,1,790
3001260,10749,790,5,1,790
3001260,8277,790,6,1,790
3001260,42768,790,7,1,790
3001260,18531,790,8,1,790
3001260,47900,790,9,0,790
3001260,27241,790,10,0,790
3001260,39558,790,11,1,790
3001260,19678,790,12,0,790
3001260,41220,790,13,0,790
3001260,36695,790,14,1,790
3001260,32537,790,15,0,790
3001260,47626,790,16,1,790
3001260,41593,790,17,0,790
3001260,16185,790,18,0,790
3001544,16797,791,1,1,791
3001544,42265,791,2,1,791
3001544,20574,791,3,1,791
3001544,47626,791,4,1,791
3001544,29487,791,5,1,791
3001544,1940,791,6,0,791
3001544,9171,791,7,0,791
3005482,17600,792,1,1,792
3005482,40310,792,2,1,792
3005482,32403,792,3,1,792
3005482,43875,792,4,1,792
3005482,46104,792,5,1,792
3005482,14862,792,6,1,792
3005482,27360,792,7,1,792
3005482,10032,792,8,0,792
3005482,19604,792,9,1,792
3005482,34287,792,10,0,792
3005482,22736,792,11,0,792
3005482,23892,792,12,1,792
3005482,12312,792,13,0,792
3005482,26863,792,14,1,792
3005482,45566,792,15,0,792
3006456,39643,793,1,1,793
3006456,15091,793,2,1,793
3006456,14732,793,3,1,793
3006456,28523,793,4,1,793
3006456,18487,793,5,1,793
3006456,49583,793,6,1,793
3006456,36485,793,7,1,793
3006456,3874,793,8,1,793
3006456,16560,793,9,0,793
3006456,26036,793,10,0,793
3006456,11720,793,11,0,793
3006456,12395,793,12,1,793
3006456,11974,793,13,0,793
3006456,39475,793,14,0,793
3008208,5479,794,1,1,794
3011809,16647,795,1,1,795
3011809,38054,795,2,1,795
3011809,11842,795,3,1,795
3011809,23909,795,4,1,795
3011809,22959,795,5,0,795
3011809,44799,795,6,1,795
3011809,32440,795,7,1,795
3011809,4258,795,8,0,795
3011809,4354,795,9,0,795
3011809,25793,795,10,1,795
3011809,16066,795,11,1,795
3011809,44245,795,12,1,795
3011809,17931,795,13,1,795
3011809,18339,795,14,1,795
3011809,15777,795,15,1,795
3011809,20955,795,16,1,795
3011809,44475,795,17,0,795
3017447,21463,796,1,1,796
3017447,4541,796,2,1,796
3017447,1199,796,3,1,796
3017447,43643,796,4,0,796
3017447,35633,796,5,1,796
3017447,8025,796,6,0,796
3017447,33929,796,7,0,796
3017447,48600,796,8,0,796
3017447,10301,796,9,1,796
3017447,4001,796,10,0,796
3017447,40002,796,11,0,796
3017447,49215,796,12,0,796
3017447,13249,796,13,0,796
3017447,11068,796,14,0,796
3017447,4957,796,15,0,796
3017447,8061,796,16,0,796
3017447,6532,796,17,0,796
3017447,38159,796,18,0,796
3017447,5618,796,19,0,796
3017447,34050,796,20,0,796
3017447,2452,796,21,0,796
3017447,18880,796,22,0,796
3017447,21137,796,23,1,796
3017447,17794,796,24,0,796
3017447,49683,796,25,0,796
3017447,16349,796,26,0,796
3019173,10017,797,1,0,797
3019173,34530,797,2,1,797
3019173,5479,797,3,0,797
3019173,44912,797,4,0,797
3019173,39275,797,5,1,797
3019173,34126,797,6,1,797
3019173,24964,797,7,1,797
3019173,33731,797,8,0,797
3019173,43961,797,9,0,797
3019173,34243,797,10,1,797
3019173,26604,797,11,1,797
3019173,33741,797,12,1,797
3019173,10132,797,13,1,797
3020173,21927,798,1,1,798
3020173,17468,798,2,1,798
3020173,43154,798,3,1,798
3020173,41625,798,4,0,798
3020173,10492,798,5,1,798
3020173,26287,798,6,0,798
3020173,11461,798,7,0,798
3020173,23339,798,8,1,798
3020973,47877,799,1,0,799
3020973,45054,799,2,0,799
3020973,358,799,3,0,799
3020973,19010,799,4,0,799
3020973,32700,799,5,0,799
3020973,30525,799,6,0,799
3020973,33630,799,7,0,799
3021570,6187,800,1,1,800
3021570,45504,800,2,1,800
3023849,1158,801,1,1,801
3023849,6347,801,2,1,801
3023849,46802,801,3,1,801
3024054,24852,802,1,1,802
3024054,33120,802,2,1,802
3024054,35512,802,3,1,802
3024054,22058,802,4,0,802
3024054,21927,802,5,1,802
3024054,21938,802,6,1,802
3024054,10749,802,7,1,802
3024054,4605,802,8,0,802
3024054,24024,802,9,1,802
3024054,43713,802,10,1,802
3024054,23594,802,11,1,802
3037109,36550,803,1,1,803
3037109,1463,803,2,1,803
3037109,38777,803,3,1,803
3037109,25138,803,4,1,803
3037109,43289,803,5,1,803
3037109,39054,803,6,0,803
3038922,35819,804,1,0,804
3038922,24852,804,2,1,804
3038922,4451,804,3,1,804
3038922,46584,804,4,1,804
3038922,14218,804,5,1,804
3038922,20113,804,6,1,804
3038922,11945,804,7,1,804
3038922,38248,804,8,1,804
3038922,25767,804,9,1,804
3038922,29594,804,10,1,804
3038922,19627,804,11,1,804
3038922,22963,804,12,1,804
3038922,19867,804,13,1,804
3038922,39468,804,14,1,804
3038922,43908,804,15,1,804
3038922,5134,804,16,1,804
3038922,21709,804,17,1,804
3038922,5438,804,18,1,804
3038922,23192,804,19,1,804
3038922,17878,804,20,1,804
3038922,5491,804,21,1,804
3038922,32018,804,22,1,804
3038922,8912,804,23,1,804
3038922,48476,804,24,0,804
3038922,25072,804,25,1,804
3038922,48802,804,26,0,804
3038922,46979,804,27,1,804
3041695,13176,805,1,1,805
3041695,23594,805,2,0,805
3041695,39877,805,3,1,805
3041695,35899,805,4,0,805
3041695,14692,805,5,0,805
3041695,23171,805,6,0,805
3041695,19451,805,7,0,805
3041695,39275,805,8,1,805
3041695,21137,805,9,1,805
3043577,1695,806,1,1,806
3043577,16647,806,2,0,806
3043577,37625,806,3,1,806
3043577,23532,806,4,1,806
3043577,39275,806,5,1,806
3044374,24175,807,1,1,807
3044374,27294,807,2,1,807
3044374,44085,807,3,1,807
3044374,12813,807,4,1,807
3044374,1464,807,5,1,807
3044374,44729,807,6,0,807
3044374,30304,807,7,1,807
3044374,27442,807,8,0,807
3044374,37820,807,9,0,807
3044374,15176,807,10,0,807
3044374,47683,807,11,1,807
3044374,2039,807,12,1,807
3044374,12904,807,13,0,807
3044374,47863,807,14,0,807
3044397,47626,808,1,0,808
3044397,27196,808,2,0,808
3044397,41674,808,3,0,808
3044397,31721,808,4,0,808
3044397,40332,808,5,0,808
3044397,29509,808,6,1,808
3044397,49480,808,7,0,808
3044397,35163,808,8,0,808
3047307,47209,809,1,1,809
3047307,33198,809,2,1,809
3047307,30391,809,3,1,809
3047307,21137,809,4,1,809
3047307,5876,809,5,1,809
3047307,34243,809,6,1,809
3047307,24184,809,7,1,809
3047307,27744,809,8,1,809
3047307,44632,809,9,1,809
3047307,49111,809,10,0,809
3048630,45619,810,1,0,810
3048630,33452,810,2,0,810
3048630,16696,810,3,1,810
3048630,47141,810,4,0,810
3048630,48142,810,5,1,810
3048630,43154,810,6,1,810
3048630,7026,810,7,0,810
3048630,35221,810,8,0,810
3053676,38456,811,1,1,811
3053676,7381,811,2,1,811
3053676,40709,811,3,1,811
3053676,47766,811,4,1,811
3053676,28156,811,5,1,811
3053676,34374,811,6,0,811
3053676,29675,811,7,1,811
3053676,40377,811,8,0,811
3053676,32433,811,9,0,811
3053676,28842,811,10,0,811
3053736,49505,812,1,0,812
3053736,27662,812,2,1,812
3053736,581,812,3,0,812
3053736,4605,812,4,1,812
3053736,28836,812,5,0,812
3053736,33452,812,6,0,812
3053736,3694,812,7,0,812
3054769,30024,813,1,1,813
3054769,13249,813,2,1,813
3054769,47209,813,3,1,813
3054769,37497,813,4,1,813
3054769,13176,813,5,1,813
3054769,28985,813,6,1,813
3054769,48679,813,7,1,813
3054769,14778,813,8,1,813
3054769,18656,813,9,1,813
3054769,38383,813,10,1,813
3054769,42028,813,11,1,813
3054769,24964,813,12,1,813
3054769,19970,813,13,1,813
3054769,23545,813,14,1,813
3054769,46667,813,15,1,813
3054769,14197,813,16,1,813
3054769,8518,813,17,1,813
3054769,47169,813,18,1,813
3054769,878,813,19,1,813
3054769,7021,813,20,1,813
3054769,12312,813,21,1,813
3054769,605,813,22,0,813
3054769,31562,813,23,1,813
3054769,17794,813,24,1,813
3054769,44359,813,25,0,813
3060944,42858,814,1,0,814
3060944,37951,814,2,0,814
3060944,46522,814,3,1,814
3060944,40516,814,4,1,814
3060944,46572,814,5,1,814
3060944,16419,814,6,0,814
3060944,7349,814,7,0,814
3060944,4006,814,8,0,814
3060944,41176,814,9,1,814
3060944,41273,814,10,1,814
3060944,41213,814,11,0,814
3060944,29487,814,12,0,814
3060944,6193,814,13,0,814
3060944,21927,814,14,1,814
3060944,23734,814,15,1,814
3060944,34550,814,16,0,814
3060944,28993,814,17,0,814
3060944,35042,814,18,0,814
3060944,26314,814,19,0,814
3060944,29438,814,20,0,814
3060944,23339,814,21,1,814
3060944,1940,814,22,1,814
3060944,19057,814,23,0,814
3068090,29447,815,1,1,815
3068090,27966,815,2,1,815
3068090,46584,815,3,1,815
3068090,4518,815,4,1,815
3068090,24964,815,5,1,815
3068090,8277,815,6,1,815
3068090,13176,815,7,1,815
3068090,35887,815,8,1,815
3068090,39928,815,9,1,815
3068090,651,815,10,1,815
3068090,28985,815,11,0,815
3070602,18023,816,1,1,816
3080071,3800,817,1,0,817
3080071,36763,817,2,0,817
3080071,42886,817,3,0,817
3080071,3619,817,4,0,817
3080071,15235,817,5,0,817
3080071,38892,817,6,0,817
3080071,26103,817,7,0,817
3080071,3611,817,8,0,817
3080071,2538,817,9,0,817
3080071,45896,817,10,0,817
3080071,36446,817,11,0,817
3080071,28932,817,12,0,817
3080071,45669,817,13,0,817
3080071,34389,817,14,0,817
3080071,29886,817,15,0,817
3080071,19078,817,16,0,817
3080071,32573,817,17,0,817
3080071,2434,817,18,0,817
3080071,28508,817,19,0,817
3080071,1458,817,20,0,817
3080759,26209,818,1,1,818
3080759,8518,818,2,1,818
3080759,28849,818,3,0,818
3080759,47209,818,4,0,818
3080759,41259,818,5,1,818
3080759,35939,818,6,0,818
3080759,4945,818,7,1,818
3080759,24852,818,8,1,818
3080759,13984,818,9,1,818
3080759,20379,818,10,1,818
3080759,34584,818,11,1,818
3080759,27966,818,12,1,818
3080759,17948,818,13,1,818
3080759,47766,818,14,1,818
3080759,46979,818,15,1,818
3080759,19508,818,16,1,818
3091904,18370,819,1,0,819
3091904,13176,819,2,1,819
3091904,5539,819,3,1,819
3091904,32655,819,4,1,819
3095439,18555,820,1,0,820
3095439,5025,820,2,0,820
3095439,20114,820,3,0,820
3095439,49683,820,4,0,820
3095439,19348,820,5,0,820
3096351,27433,821,1,1,821
3096351,11352,821,2,1,821
3096351,40310,821,3,1,821
3096351,14633,821,4,0,821
3096351,27966,821,5,1,821
3096351,47912,821,6,0,821
3096351,41165,821,7,1,821
3096351,11140,821,8,1,821
3096351,33214,821,9,1,821
3096351,27104,821,10,0,821
3097283,47601,822,1,0,822
3097283,31338,822,2,0,822
3097283,33401,822,3,1,822
3097283,49235,822,4,1,822
3097283,12745,822,5,1,822
3097283,44142,822,6,1,822
3097283,27509,822,7,1,822
3097283,2298,822,8,1,822
3097283,1940,822,9,1,822
3097283,32689,822,10,1,822
3097283,2183,822,11,1,822
3097283,21137,822,12,1,822
3097423,17872,823,1,1,823
3097560,44142,824,1,0,824
3097560,5818,824,2,1,824
3097560,26283,824,3,0,824
3097560,43772,824,4,1,824
3097560,47209,824,5,0,824
3097560,26209,824,6,0,824
3099876,27277,825,1,0,825
3099876,3661,825,2,1,825
3099876,40706,825,3,1,825
3099876,6069,825,4,1,825
3099876,28571,825,5,1,825
3099876,39748,825,6,1,825
3099876,13198,825,7,1,825
3099876,2450,825,8,1,825
3099876,25890,825,9,1,825
3099876,29675,825,10,1,825
3099876,11136,825,11,1,825
3099876,38960,825,12,0,825
3099876,13829,825,13,1,825
3099876,21174,825,14,1,825
3099876,47766,825,15,1,825
3099876,37158,825,16,1,825
3099876,23586,825,17,1,825
3099876,28038,825,18,1,825
3099876,248,825,19,1,825
3099876,9076,825,20,1,825
3103078,22035,826,1,1,826
3103078,13176,826,2,1,826
3103078,16185,826,3,1,826
3103078,25138,826,4,1,826
3103078,24583,826,5,0,826
3103078,28785,826,6,1,826
3103078,18441,826,7,1,826
3103078,10017,826,8,0,826
3103078,37803,826,9,1,826
3103078,21405,826,10,1,826
3116271,30233,827,1,1,827
3116271,28204,827,2,1,827
3116271,38241,827,3,1,827
3116271,23962,827,4,1,827
3116271,13176,827,5,1,827
3116271,9510,827,6,1,827
3119259,10580,828,1,0,828
3119259,11408,828,2,0,828
3119259,48871,828,3,0,828
3119259,4136,828,4,0,828
3119259,34358,828,5,0,828
3119259,45061,828,6,0,828
3123223,25670,829,1,1,829
3123223,41950,829,2,0,829
3123223,45,829,3,1,829
3123223,33043,829,4,0,829
3123223,35921,829,5,0,829
3123223,38154,829,6,1,829
3123223,45493,829,7,0,829
3123851,13733,830,1,1,830
3123851,6483,830,2,1,830
3123851,36627,830,3,1,830
3123851,442,830,4,1,830
3123851,10863,830,5,1,830
3123851,28134,830,6,0,830
3123851,44038,830,7,1,830
3123851,27086,830,8,0,830
3123851,17794,830,9,1,830
3123851,25340,830,10,1,830
3123851,22825,830,11,0,830
3127246,15053,831,1,1,831
3127246,19454,831,2,1,831
3127246,9387,831,3,1,831
3127246,35743,831,4,1,831
3127246,21886,831,5,1,831
3134500,15471,832,1,1,832
3134500,43184,832,2,0,832
3134500,46626,832,3,0,832
3134500,2597,832,4,0,832
3139804,23445,833,1,0,833
3139804,30534,833,2,0,833
3139804,37634,833,3,0,833
3139804,196,833,4,1,833
3139804,7116,833,5,1,833
3139804,47145,833,6,0,833
3139804,37504,833,7,0,833
3139804,23231,833,8,0,833
3142326,19348,834,1,1,834
3142326,4605,834,2,1,834
3142326,16215,834,3,0,834
3142326,42625,834,4,1,834
3142326,41273,834,5,0,834
3142326,2120,834,6,1,834
3142326,23570,834,7,1,834
3142326,47589,834,8,1,834
3145330,21769,835,1,1,835
3145330,35561,835,2,1,835
3145330,4557,835,3,1,835
3148713,37176,836,1,0,836
3148713,4086,836,2,1,836
3148713,45116,836,3,1,836
3148713,35342,836,4,1,836
3156018,8424,837,1,0,837
3156018,47766,837,2,1,837
3156018,23165,837,3,1,837
3156018,27845,837,4,1,837
3156018,13629,837,5,1,837
3156018,12614,837,6,1,837
3156896,35108,838,1,1,838
3156896,47766,838,2,1,838
3156896,45856,838,3,1,838
3156896,35221,838,4,1,838
3156896,7054,838,5,0,838
3160580,47792,839,1,1,839
3160580,44359,839,2,1,839
3160580,30777,839,3,1,839
3160580,42585,839,4,1,839
3161092,24838,840,1,1,840
3161092,13712,840,2,1,840
3161092,40310,840,3,1,840
3161092,18370,840,4,1,840
3161092,26315,840,5,1,840
3161092,37646,840,6,1,840
3161092,47823,840,7,1,840
3161092,6287,840,8,1,840
3161092,48559,840,9,1,840
3161092,9339,840,10,1,840
3161092,27521,840,11,1,840
3161092,16387,840,12,1,840
3161092,38456,840,13,1,840
3161092,13176,840,14,0,840
3161092,47766,840,15,1,840
3161092,32139,840,16,1,840
3161092,4472,840,17,1,840
3161092,26369,840,18,1,840
3161092,18656,840,19,0,840
3161092,48679,840,20,0,840
3161092,45007,840,21,1,840
3161092,16759,840,22,1,840
3161092,43789,840,23,1,840
3161092,4605,840,24,1,840
3161092,41834,840,25,0,840
3161092,39337,840,26,0,840
3164503,3957,841,1,1,841
3164503,29672,841,2,1,841
3164503,28058,841,3,1,841
3164503,22872,841,4,1,841
3164503,23543,841,5,1,841
3164503,24010,841,6,1,841
3164503,21450,841,7,1,841
3164503,11421,841,8,1,841
3164503,43394,841,9,1,841
3164503,15182,841,10,1,841
3164503,39485,841,11,1,841
3164503,41642,841,12,0,841
3164503,31273,841,13,1,841
3164503,15872,841,14,1,841
3164503,47154,841,15,1,841
3164503,43849,841,16,0,841
3164503,42797,841,17,0,841
3164503,45437,841,18,0,841
3164503,39303,841,19,1,841
3164503,44182,841,20,0,841
3164503,4569,841,21,0,841
3164503,11707,841,22,0,841
3164503,12674,841,23,0,841
3164503,41774,841,24,0,841
3164503,33387,841,25,0,841
3166558,49531,842,1,0,842
3166558,23233,842,2,0,842
3166558,35391,842,3,0,842
3166558,19895,842,4,0,842
3166558,31886,842,5,0,842
3166558,25843,842,6,0,842
3166558,8381,842,7,0,842
3166558,37276,842,8,0,842
3166558,12658,842,9,0,842
3166558,7205,842,10,0,842
3167229,48171,843,1,0,843
3167229,3999,843,2,0,843
3167229,25640,843,3,1,843
3167229,13166,843,4,0,843
3167229,29127,843,5,0,843
3167229,2855,843,6,1,843
3167229,32864,843,7,1,843
3167229,33787,843,8,1,843
3167229,40571,843,9,1,843
3167229,4957,843,10,1,843
3167229,32757,843,11,1,843
3167229,5002,843,12,1,843
3167229,35065,843,13,1,843
3167229,691,843,14,0,843
3167229,21413,843,15,1,843
3167229,39411,843,16,0,843
3167229,26283,843,17,1,843
3167229,24184,843,18,1,843
3167229,42768,843,19,1,843
3167229,41259,843,20,1,843
3167229,27521,843,21,1,843
3167229,45007,843,22,1,843
3167229,21903,843,23,1,843
3167229,24385,843,24,1,843
3167229,22594,843,25,1,843
3167229,1999,843,26,1,843
3167229,13819,843,27,1,843
3167229,38293,843,28,1,843
3167229,35108,843,29,1,843
3167229,11572,843,30,0,843
3167229,35633,843,31,0,843
3167229,15041,843,32,0,843
3167229,5068,843,33,0,843
3167229,16613,843,34,0,843
3167229,24964,843,35,1,843
3167229,13646,843,36,0,843
3167229,26620,843,37,1,843
3172993,35782,844,1,0,844
3172993,31231,844,2,0,844
3172993,49318,844,3,0,844
3172993,34270,844,4,0,844
3172993,26717,844,5,1,844
3172993,5390,844,6,1,844
3172993,36865,844,7,0,844
3172993,9337,844,8,1,844
3172993,13176,844,9,1,844
3172993,31404,844,10,1,844
3172993,1824,844,11,0,844
3175717,8555,845,1,1,845
3175717,41553,845,2,1,845
3175717,21137,845,3,1,845
3175717,3583,845,4,0,845
3175717,49520,845,5,0,845
3175746,47865,846,1,0,846
3175746,30759,846,2,1,846
3175746,23229,846,3,0,846
3175746,13225,846,4,1,846
3175746,41429,846,5,0,846
3175746,46817,846,6,1,846
3175746,480,846,7,0,846
3176717,39157,847,1,0,847
3176881,30726,848,1,1,848
3176881,17526,848,2,1,848
3176881,41588,848,3,1,848
3176881,4799,848,4,1,848
3176881,13249,848,5,1,848
3176881,27104,848,6,1,848
3176881,17794,848,7,1,848
3176881,38383,848,8,1,848
3176881,38837,848,9,1,848
3176881,34243,848,10,1,848
3176881,36149,848,11,1,848
3176881,28985,848,12,1,848
3176881,48745,848,13,1,848
3176881,20842,848,14,1,848
3176881,890,848,15,1,848
3176881,48925,848,16,1,848
3176881,20114,848,17,1,848
3176881,32689,848,18,1,848
3176881,16570,848,19,1,848
3176881,10931,848,20,1,848
3176881,9738,848,21,1,848
3176881,20740,848,22,1,848
3176881,21903,848,23,1,848
3176881,4544,848,24,1,848
3176881,16797,848,25,0,848
3176881,11777,848,26,0,848
3176881,21938,848,27,0,848
3176881,47862,848,28,0,848
3177112,19616,849,1,1,849
3177112,43352,849,2,1,849
3180167,22825,850,1,0,850
3180167,47759,850,2,0,850
3180167,27156,850,3,1,850
3180167,34144,850,4,1,850
3180167,8518,850,5,1,850
3180167,31553,850,6,1,850
3180167,47209,850,7,1,850
3180167,48679,850,8,1,850
3180167,24964,850,9,1,850
3184328,30123,851,1,1,851
3184328,24852,851,2,1,851
3184328,2262,851,3,1,851
3184328,37250,851,4,1,851
3184328,27958,851,5,1,851
3184328,22724,851,6,0,851
3184328,36431,851,7,1,851
3184328,24622,851,8,1,851
3184328,33557,851,9,1,851
3184328,35264,851,10,0,851
3184328,48357,851,11,0,851
3184328,25554,851,12,0,851
3184328,19658,851,13,1,851
3184328,16379,851,14,0,851
3184328,7641,851,15,0,851
3184328,41416,851,16,0,851
3184328,36736,851,17,0,851
3184328,9536,851,18,1,851
3184328,16518,851,19,0,851
3184328,14913,851,20,0,851
3184328,32982,851,21,0,851
3184328,2289,851,22,0,851
3184328,34024,851,23,0,851
3184328,18987,851,24,1,851
3185536,31553,852,1,1,852
3185536,6347,852,2,1,852
3185536,13819,852,3,1,852
3187249,13176,853,1,1,853
3187249,13166,853,2,1,853
3187249,21137,853,3,1,853
3187249,8022,853,4,1,853
3187249,38558,853,5,1,853
3187249,26165,853,6,1,853
3187249,8722,853,7,1,853
3187249,1649,853,8,1,853
3187249,25861,853,9,1,853
3187249,11631,853,10,1,853
3187249,35845,853,11,1,853
3187249,3007,853,12,1,853
3187249,3396,853,13,1,853
3187249,972,853,14,1,853
3187249,21116,853,15,1,853
3189126,9839,854,1,1,854
3189126,5258,854,2,1,854
3189126,34208,854,3,1,854
3189126,37687,854,4,1,854
3189126,44371,854,5,1,854
3189126,33493,854,6,0,854
3189126,35263,854,7,0,854
3189126,44904,854,8,0,854
3191757,21616,855,1,0,855
3191757,33731,855,2,0,855
3191757,47626,855,3,0,855
3191757,23484,855,4,0,855
3191757,26620,855,5,1,855
3191757,28342,855,6,0,855
3191757,22556,855,7,0,855
3191757,23554,855,8,0,855
3191757,13646,855,9,1,855
3191757,10749,855,10,0,855
3191757,21938,855,11,0,855
3191757,43768,855,12,0,855
3192731,28842,856,1,1,856
3192731,35140,856,2,1,856
3192731,27845,856,3,1,856
3192731,11422,856,4,1,856
3192731,17027,856,5,1,856
3192731,27966,856,6,1,856
3192731,19057,856,7,1,856
3192731,13176,856,8,1,856
3192731,26800,856,9,1,856
3192731,9339,856,10,1,856
3192731,47209,856,11,1,856
3192731,43643,856,12,1,856
3192731,47491,856,13,0,856
3192731,5132,856,14,0,856
3192731,44054,856,15,0,856
3192731,22935,856,16,1,856
3192731,1232,856,17,0,856
3199600,21903,857,1,0,857
3199600,30827,857,2,0,857
3199600,10326,857,3,0,857
3199600,28413,857,4,0,857
3199600,10246,857,5,0,857
3199600,7252,857,6,0,857
3199600,4620,857,7,0,857
3199600,32689,857,8,0,857
3202279,7794,858,1,1,858
3202279,6829,858,2,1,858
3202279,7607,858,3,1,858
3205781,9411,859,1,1,859
3205781,7901,859,2,1,859
3205781,45938,859,3,0,859
3205781,29356,859,4,0,859
3205781,20520,859,5,0,859
3205781,39475,859,6,0,859
3205781,35332,859,7,0,859
3205781,2202,859,8,0,859
3205781,28842,859,9,0,859
3205781,15386,859,10,0,859
3205781,27710,859,11,0,859
3205781,22882,859,12,1,859
3205781,22579,859,13,1,859
3205781,39554,859,14,1,859
3205781,6750,859,15,0,859
3205781,23082,859,16,1,859
3211155,14084,860,1,1,860
3211155,24852,860,2,1,860
3211155,5450,860,3,1,860
3211155,4210,860,4,0,860
3211155,22298,860,5,1,860
3211155,27086,860,6,1,860
3211155,49075,860,7,1,860
3211155,9076,860,8,0,860
3211155,32360,860,9,1,860
3211155,48679,860,10,1,860
3211155,36070,860,11,0,860
3211155,33000,860,12,0,860
3211155,49683,860,13,0,860
3211155,31506,860,14,0,860
3215077,26079,861,1,1,861
3215077,30391,861,2,1,861
3215077,45066,861,3,0,861
3215077,37971,861,4,1,861
3215077,33768,861,5,0,861
3215077,49327,861,6,1,861
3215077,21938,861,7,1,861
3215077,2,861,8,0,861
3215077,42139,861,9,0,861
3215232,48523,862,1,0,862
3215232,2361,862,2,1,862
3215232,6217,862,3,1,862
3215232,22935,862,4,0,862
3215232,35510,862,5,0,862
3215232,16823,862,6,0,862
3215232,21810,862,7,0,862
3215232,45007,862,8,1,862
3215232,23765,862,9,1,862
3215232,6873,862,10,1,862
3215232,11140,862,11,1,862
3215232,11987,862,12,0,862
3216596,37355,863,1,1,863
3216596,21903,863,2,1,863
3216596,38264,863,3,1,863
3216596,39040,863,4,1,863
3216596,24852,863,5,1,863
3216596,8277,863,6,1,863
3216596,17044,863,7,1,863
3216596,35364,863,8,1,863
3216596,37003,863,9,1,863
3216596,13779,863,10,1,863
3216596,34134,863,11,0,863
3216596,38248,863,12,0,863
3216596,6541,863,13,0,863
3216596,39468,863,14,0,863
3216596,23060,863,15,0,863
3216596,16508,863,16,0,863
3216596,5805,863,17,0,863
3216596,1387,863,18,0,863
3216596,46949,863,19,0,863
3216596,20153,863,20,0,863
3216596,48486,863,21,1,863
3216596,27949,863,22,1,863
3220866,47402,864,1,0,864
3225109,1405,865,1,1,865
3225109,18352,865,2,1,865
3225109,25232,865,3,1,865
3225109,45303,865,4,1,865
3225109,17433,865,5,0,865
3225109,21100,865,6,1,865
3225109,39958,865,7,0,865
3233364,44142,866,1,0,866
3233364,46686,866,2,0,866
3233364,18151,866,3,0,866
3233364,2846,866,4,0,866
3233364,31717,866,5,0,866
3233364,23405,866,6,0,866
3233364,44500,866,7,0,866
3233364,3330,866,8,1,866
3233364,4006,866,9,0,866
3233909,31846,867,1,0,867
3233909,890,867,2,0,867
3233909,17957,867,3,0,867
3233909,26932,867,4,0,867
3233909,6087,867,5,0,867
3233909,43867,867,6,0,867
3233909,32689,867,7,0,867
3233909,21288,867,8,0,867
3233909,36557,867,9,0,867
3233909,37059,867,10,0,867
3233909,19660,867,11,0,867
3233909,43352,867,12,0,867
3236662,9595,868,1,1,868
3236662,18727,868,2,1,868
3236662,11520,868,3,1,868
3236662,35914,868,4,1,868
3236662,10529,868,5,1,868
3236662,2224,868,6,1,868
3237191,26165,869,1,0,869
3237191,13263,869,2,1,869
3237191,17703,869,3,1,869
3237191,9411,869,4,1,869
3237191,14947,869,5,1,869
3237191,104,869,6,1,869
3237191,28465,869,7,1,869
3237191,43772,869,8,1,869
3237191,36685,869,9,1,869
3237191,23956,869,10,1,869
3237191,49520,869,11,0,869
3237191,47626,869,12,0,869
3241787,15902,870,1,0,870
3241787,32303,870,2,0,870
3241787,28934,870,3,0,870
3241787,8518,870,4,1,870
3241787,26790,870,5,1,870
3246965,43891,871,1,0,871
3246965,47209,871,2,1,871
3246965,13176,871,3,1,871
3246965,31720,871,4,1,871
3246965,37511,871,5,1,871
3246965,43086,871,6,1,871
3246965,7539,871,7,1,871
3246965,30489,871,8,1,871
3246965,457,871,9,1,871
3246965,16387,871,10,1,871
3246965,36036,871,11,1,871
3246965,12312,871,12,1,871
3246965,38159,871,13,1,871
3246965,44359,871,14,1,871
3246965,79,871,15,1,871
3246965,28108,871,16,0,871
3246965,36311,871,17,1,871
3246965,43442,871,18,0,871
3246965,39275,871,19,1,871
3246965,27966,871,20,0,871
3246965,21137,871,21,1,871
3246965,40054,871,22,1,871
3246965,32616,871,23,1,871
3246965,6985,871,24,0,871
3246965,21616,871,25,0,871
3249705,24852,872,1,1,872
3249705,46047,872,2,1,872
3249705,26604,872,3,1,872
3249705,13772,872,4,1,872
3249705,6508,872,5,1,872
3249705,27695,872,6,1,872
3249705,10912,872,7,1,872
3249705,4942,872,8,1,872
3249705,4920,872,9,0,872
3249705,19019,872,10,1,872
3249705,6975,872,11,1,872
3251834,9853,873,1,1,873
3251834,36186,873,2,1,873
3251834,24707,873,3,1,873
3251834,45258,873,4,1,873
3261931,35561,874,1,0,874
3261931,20754,874,2,1,874
3261931,47766,874,3,1,874
3261931,14462,874,4,1,874
3261931,10912,874,5,1,874
3261931,14766,874,6,1,874
3261931,16290,874,7,1,874
3262923,7054,875,1,1,875
3262923,47388,875,2,0,875
3262923,22142,875,3,0,875
3262923,20324,875,4,0,875
3262923,27172,875,5,1,875
3262923,24964,875,6,1,875
3264254,44303,876,1,0,876
3264254,46906,876,2,0,876
3264254,21903,876,3,0,876
3264254,19049,876,4,0,876
3264254,29965,876,5,0,876
3270026,19348,877,1,1,877
3270026,22124,877,2,1,877
3270026,1559,877,3,1,877
3270026,18926,877,4,1,877
3270026,12427,877,5,1,877
3270026,13951,877,6,1,877
3270026,33827,877,7,1,877
3270026,24852,877,8,1,877
3270026,9387,877,9,1,877
3270026,45066,877,10,1,877
3270026,1661,877,11,1,877
3270026,40009,877,12,1,877
3270026,48299,877,13,1,877
3270026,35989,877,14,1,877
3270026,44632,877,15,1,877
3270026,43631,877,16,1,877
3270026,10957,877,17,1,877
3271501,14875,878,1,0,878
3271501,23909,878,2,0,878
3271501,16670,878,3,0,878
3271501,47993,878,4,0,878
3271501,1891,878,5,0,878
3271501,27569,878,6,0,878
3271501,36227,878,7,0,878
3271501,8928,878,8,0,878
3271501,3358,878,9,0,878
3271501,18987,878,10,0,878
3271501,23085,878,11,0,878
3271501,20378,878,12,0,878
3271501,43076,878,13,0,878
3271501,1485,878,14,0,878
3271501,7881,878,15,0,878
3271501,46749,878,16,0,878
3271501,16334,878,17,0,878
3273481,13251,879,1,1,879
3273481,24852,879,2,1,879
3273481,26604,879,3,1,879
3273481,16797,879,4,1,879
3273481,21903,879,5,1,879
3277352,13176,880,1,1,880
3277352,35140,880,2,1,880
3277352,26128,880,3,1,880
3277352,8518,880,4,1,880
3277352,26209,880,5,1,880
3277352,7361,880,6,1,880
3277352,40268,880,7,1,880
3277352,46667,880,8,1,880
3277352,35951,880,9,1,880
3277352,30391,880,10,1,880
3277352,34584,880,11,1,880
3282570,27750,881,1,1,881
3282570,34969,881,2,1,881
3282570,35163,881,3,1,881
3282570,11712,881,4,1,881
3282570,13176,881,5,1,881
3282570,17758,881,6,1,881
3282570,45104,881,7,1,881
3282570,16797,881,8,1,881
3282570,34993,881,9,0,881
3282570,32734,881,10,1,881
3282570,31635,881,11,1,881
3282570,28745,881,12,1,881
3282570,47734,881,13,0,881
3287551,9582,882,1,0,882
3287551,40198,882,2,1,882
3287551,17758,882,3,1,882
3287551,47209,882,4,1,882
3291489,43962,883,1,1,883
3291489,48907,883,2,1,883
3291489,22395,883,3,1,883
3291489,29648,883,4,1,883
3291489,36443,883,5,1,883
3291489,1,883,6,1,883
3291489,18412,883,7,1,883
3291489,20126,883,8,0,883
3298920,45443,884,1,1,884
3298920,49683,884,2,1,884
3298920,8193,884,3,1,884
3298920,2295,884,4,1,884
3298920,24184,884,5,1,884
3298920,33129,884,6,0,884
3298920,37592,884,7,1,884
3298920,18229,884,8,0,884
3298920,8479,884,9,1,884
3298920,5782,884,10,0,884
3302931,8277,885,1,1,885
3302931,34243,885,2,1,885
3302931,46979,885,3,1,885
3302931,36070,885,4,1,885
3302931,47209,885,5,1,885
3302931,9076,885,6,1,885
3302931,27966,885,7,1,885
3302931,43352,885,8,1,885
3302931,37317,885,9,0,885
3302931,45002,885,10,0,885
3302931,5605,885,11,0,885
3302931,4605,885,12,1,885
3302931,7021,885,13,0,885
3302931,40992,885,14,0,885
3302931,5984,885,15,0,885
3302931,34126,885,16,0,885
3305242,7188,886,1,1,886
3305242,32069,886,2,1,886
3305242,31225,886,3,1,886
3305242,28769,886,4,1,886
3305242,14057,886,5,1,886
3305242,8193,886,6,1,886
3305242,7821,886,7,0,886
3305242,28071,886,8,1,886
3305266,26800,887,1,0,887
3305266,19057,887,2,1,887
3305266,39877,887,3,0,887
3305266,45686,887,4,0,887
3305266,47209,887,5,0,887
3305266,21616,887,6,0,887
3305266,3390,887,7,0,887
3305266,22825,887,8,0,887
3305266,43122,887,9,0,887
3305266,46969,887,10,1,887
3309353,35628,888,1,1,888
3309353,18465,888,2,1,888
3309353,48857,888,3,1,888
3309353,39391,888,4,1,888
3315074,36695,889,1,1,889
3315074,21137,889,2,1,889
3317468,20842,890,1,1,890
3317468,39275,890,2,0,890
3317468,46979,890,3,0,890
3317468,31073,890,4,0,890
3317468,23821,890,5,0,890
3317468,28849,890,6,1,890
3317468,9864,890,7,0,890
3317468,31981,890,8,0,890
3319667,8859,891,1,0,891
3319667,46676,891,2,0,891
3319667,5141,891,3,0,891
3319667,45603,891,4,0,891
3319667,48559,891,5,0,891
3319667,13712,891,6,0,891
3319667,27216,891,7,0,891
3319667,42356,891,8,0,891
3319667,26209,891,9,0,891
3319667,4698,891,10,0,891
3319667,24129,891,11,0,891
3319667,19208,891,12,0,891
3333858,41319,892,1,1,892
3333858,4945,892,2,1,892
3333858,27966,892,3,1,892
3333858,14471,892,4,1,892
3334244,33572,893,1,1,893
3340068,187,894,1,1,894
3340068,18583,894,2,1,894
3340068,46900,894,3,1,894
3340068,25753,894,4,0,894
3340068,21290,894,5,1,894
3340068,26201,894,6,1,894
3340068,38273,894,7,1,894
3340068,42318,894,8,1,894
3340068,6187,894,9,1,894
3340068,40545,894,10,1,894
3340068,33120,894,11,1,894
3340068,29798,894,12,1,894
3340068,48720,894,13,1,894
3340068,15995,894,14,1,894
3348931,9210,895,1,1,895
3348931,21903,895,2,1,895
3348931,37264,895,3,0,895
3348931,6046,895,4,1,895
3356078,16965,896,1,0,896
3356078,22890,896,2,1,896
3356078,27288,896,3,1,896
3356078,22166,896,4,1,896
3356078,21333,896,5,1,896
3356078,5450,896,6,1,896
3356078,8859,896,7,1,896
3365205,5876,897,1,0,897
3365205,33572,897,2,1,897
3365205,36157,897,3,1,897
3365205,9230,897,4,0,897
3365205,18606,897,5,1,897
3369184,6729,898,1,0,898
3369184,35184,898,2,0,898
3369184,43352,898,3,0,898
3369184,26604,898,4,1,898
3376594,21386,899,1,0,899
3382430,13176,900,1,0,900
3382430,8809,900,2,0,900
3382430,22935,900,3,1,900
3382430,5769,900,4,0,900
3382430,10492,900,5,1,900
3382430,16726,900,6,0,900
3382430,26209,900,7,1,900
3382430,31717,900,8,1,900
3382430,46979,900,9,1,900
3382430,2078,900,10,1,900
3382430,47626,900,11,1,900
3382430,9286,900,12,0,900
3382430,4620,900,13,0,900
3382430,24964,900,14,1,900
3382430,46969,900,15,1,900
3382430,30450,900,16,0,900
3382430,40268,900,17,0,900
3382430,47766,900,18,0,900
3382622,20940,901,1,1,901
3382622,33081,901,2,0,901
3382622,4920,901,3,0,901
3383586,13829,902,1,1,902
3383586,40706,902,2,0,902
3383586,38293,902,3,0,902
3383586,21903,902,4,1,902
3383586,32655,902,5,0,902
3383586,11009,902,6,0,902
3383586,3663,902,7,0,902
3383586,25230,902,8,0,902
3383586,44097,902,9,1,902
3383586,34786,902,10,0,902
3383586,16349,902,11,1,902
3383586,27966,902,12,0,902
3383586,4210,902,13,0,902
3384442,5120,903,1,0,903
3384442,9825,903,2,0,903
3384442,21009,903,3,0,903
3384442,39121,903,4,0,903
3384442,40824,903,5,0,903
3384442,7241,903,6,0,903
3384442,1027,903,7,0,903
3384442,17706,903,8,0,903
3384442,5479,903,9,0,903
3384442,29307,903,10,0,903
3384442,5322,903,11,0,903
3384442,19508,903,12,0,903
3384442,14084,903,13,0,903
3384442,44661,903,14,0,903
3384442,16321,903,15,0,903
3384442,28123,903,16,0,903
3384442,1240,903,17,0,903
3384442,35503,903,18,0,903
3384442,45223,903,19,0,903
3384442,31040,903,20,0,903
3384442,45788,903,21,0,903
3384442,36085,903,22,0,903
3384442,44116,903,23,0,903
3384442,24850,903,24,0,903
3388230,5228,904,1,1,904
3388230,13176,904,2,1,904
3388230,19660,904,3,1,904
3388230,40541,904,4,0,904
3388230,25025,904,5,1,904
3388230,27030,904,6,1,904
3388230,9881,904,7,1,904
3388230,43789,904,8,1,904
3388230,31717,904,9,1,904
3388230,26209,904,10,1,904
3388230,8986,904,11,0,904
3388727,33504,905,1,1,905
3388744,33120,906,1,1,906
3388744,18656,906,2,1,906
3388744,24852,906,3,1,906
3388744,8929,906,4,1,906
3388744,46847,906,5,1,906
3388744,21903,906,6,1,906
3388744,28934,906,7,1,906
3388744,37646,906,8,1,906
3388744,49683,906,9,1,906
3388744,16759,906,10,1,906
3388744,27104,906,11,1,906
3388744,13049,906,12,0,906
3389244,41665,907,1,1,907
3389244,38293,907,2,1,907
3389244,44479,907,3,1,907
3389244,7371,907,4,1,907
3389244,15613,907,5,1,907
3389244,23322,907,6,1,907
3389244,17830,907,7,0,907
3389244,24852,907,8,1,907
3389244,20125,907,9,0,907
3389244,48523,907,10,0,907
3389244,2361,907,11,0,907
3399231,14084,908,1,1,908
3399231,25890,908,2,1,908
3399231,42803,908,3,1,908
3399231,38293,908,4,1,908
3399231,30391,908,5,1,908
3399231,4920,908,6,1,908
3399231,35939,908,7,1,908
3399231,4256,908,8,1,908
3399231,31717,908,9,1,908
3399231,23794,908,10,1,908
3399231,22089,908,11,1,908
3399231,37158,908,12,1,908
3399231,5212,908,13,1,908
3399231,4605,908,14,0,908
3399231,14633,908,15,0,908
3399231,30353,908,16,1,908
3399231,6104,908,17,1,908
3399231,13829,908,18,1,908
3399231,13380,908,19,1,908
3399231,8193,908,20,1,908
3399231,1158,908,21,0,908
3399231,9390,908,22,0,908
3399231,27336,908,23,1,908
3399231,20995,908,24,0,908
3399711,13176,909,1,1,909
3399711,19660,909,2,1,909
3399711,8518,909,3,0,909
3399711,46932,909,4,0,909
3399711,33438,909,5,1,909
3399711,32732,909,6,1,909
3399711,27156,909,7,0,909
3399711,43122,909,8,1,909
3399711,861,909,9,0,909
3400306,30827,910,1,1,910
3403656,13176,911,1,1,911
3403656,21292,911,2,1,911
3403656,8571,911,3,1,911
3403656,5068,911,4,1,911
3406208,44479,912,1,0,912
3406208,20887,912,2,0,912
3406208,18599,912,3,0,912
3406208,32035,912,4,0,912
3406208,1940,912,5,1,912
3406208,36127,912,6,1,912
3406208,47626,912,7,1,912
3415612,33543,913,1,1,913
3415612,21376,913,2,1,913
3415612,38508,913,3,1,913
3415612,7521,913,4,1,913
3415612,36735,913,5,1,913
3415612,5353,913,6,1,913
3415612,37524,913,7,1,913
3415612,38772,913,8,1,913
3415612,32655,913,9,0,913
3415612,12916,913,10,1,913
3415612,30774,913,11,1,913
3415612,26911,913,12,1,913
3415612,18382,913,13,1,913
3415612,20600,913,14,1,913
3415612,42736,913,15,0,913
3415612,5959,913,16,1,913
3415612,37158,913,17,1,913
3415612,25753,913,18,1,913
3415612,24852,913,19,1,913
3415612,4066,913,20,1,913
3415612,18362,913,21,1,913
3415612,47672,913,22,1,913
3415612,21903,913,23,0,913
3415612,9366,913,24,0,913
3415612,45646,913,25,0,913
3420560,29487,914,1,1,914
3420560,260,914,2,1,914
3420560,18471,914,3,1,914
3420560,13176,914,4,1,914
3420560,47209,914,5,1,914
3420560,46676,914,6,1,914
3420560,44359,914,7,1,914
3420560,42633,914,8,1,914
3420560,39877,914,9,1,914
3420560,36418,914,10,1,914
3420560,21903,914,11,1,914
3420560,45842,914,12,0,914
3420560,43712,914,13,0,914
3420560,40604,914,14,1,914
3420560,26209,914,15,0,914
3420560,35939,914,16,1,914
3420560,46667,914,17,1,914
3420560,21938,914,18,1,914
3420885,37274,915,1,1,915
3420885,21070,915,2,1,915
3420885,47144,915,3,1,915
3420885,33574,915,4,0,915
3420885,35134,915,5,0,915
3420885,36534,915,6,0,915
3420885,41223,915,7,0,915
3420885,3560,915,8,0,915
18064,22090,916,1,1,916
18064,13681,916,2,0,916
18064,39408,916,3,0,916
18064,39581,916,4,1,916
18064,33000,916,5,1,916
18064,12341,916,6,1,916
18064,29223,916,7,1,916
18064,25588,916,8,1,916
18064,22507,916,9,1,916
125697,6631,917,1,1,917
125697,19660,917,2,0,917
125697,41909,917,3,1,917
125697,2452,917,4,1,917
125697,17789,917,5,1,917
125697,48957,917,6,1,917
125697,13535,917,7,0,917
144837,19660,918,1,1,918
187614,24830,919,1,1,919
187614,40706,919,2,1,919
187614,5876,919,3,1,919
187614,13176,919,4,1,919
187614,47209,919,5,1,919
188789,22935,920,1,1,920
445599,13176,921,1,1,921
445599,21903,921,2,0,921
445599,5449,921,3,1,921
445599,41897,921,4,0,921
445599,21616,921,5,0,921
445599,33290,921,6,0,921
445599,9848,921,7,0,921
445599,18761,921,8,0,921
445599,3999,921,9,0,921
445599,37508,921,10,1,921
445599,28204,921,11,1,921
445599,33401,921,12,0,921
445599,25753,921,13,0,921
514572,35600,922,1,1,922
514572,4006,922,2,1,922
514572,31848,922,3,1,922
514572,33651,922,4,1,922
514572,49340,922,5,1,922
514572,37658,922,6,1,922
514572,33129,922,7,1,922
514572,27548,922,8,1,922
514572,11749,922,9,1,922
514572,31564,922,10,1,922
623413,17630,923,1,1,923
623413,895,923,2,1,923
623413,24852,923,3,1,923
623413,28199,923,4,1,923
623413,5785,923,5,1,923
623413,24799,923,6,1,923
623413,28465,923,7,1,923
623413,21137,923,8,1,923
623413,27845,923,9,1,923
623413,5077,923,10,0,923
635900,15466,924,1,0,924
635900,30633,924,2,1,924
635900,41870,924,3,0,924
635900,38032,924,4,0,924
635900,14788,924,5,0,924
635900,31404,924,6,0,924
728553,35635,925,1,1,925
728553,6489,925,2,1,925
728553,35771,925,3,0,925
805603,25653,926,1,0,926
805603,13176,926,2,1,926
805603,39275,926,3,1,926
885853,36117,927,1,0,927
885853,16528,927,2,1,927
885853,49247,927,3,0,927
885853,4462,927,4,0,927
885853,1409,927,5,1,927
885853,23622,927,6,1,927
885853,26209,927,7,0,927
885853,39121,927,8,1,927
885853,9871,927,9,0,927
885853,27999,927,10,0,927
976141,21137,928,1,1,928
976141,16083,928,2,1,928
976141,13500,928,3,0,928
976141,7358,928,4,0,928
976141,20574,928,5,0,928
976141,12276,928,6,0,928
976141,6317,928,7,0,928
976141,25513,928,8,0,928
976141,26177,928,9,0,928
976141,36772,928,10,0,928
976141,18337,928,11,0,928
1017674,48287,929,1,0,929
1017674,21037,929,2,0,929
1017674,41950,929,3,1,929
1017674,35264,929,4,0,929
1017674,34590,929,5,0,929
1017674,44969,929,6,0,929
1017674,47766,929,7,1,929
1017674,27142,929,8,1,929
1017674,40009,929,9,0,929
1017674,38562,929,10,0,929
1017674,26429,929,11,0,929
1017674,38662,929,12,0,929
1017674,21479,929,13,0,929
1209313,44683,930,1,1,930
1209313,41273,930,2,1,930
1209313,40516,930,3,1,930
1209313,43772,930,4,1,930
1209313,14971,930,5,1,930
1209313,10957,930,6,1,930
1209313,43961,930,7,1,930
1209313,7751,930,8,1,930
1209313,20892,930,9,0,930
1209313,24852,930,10,1,930
1209313,39275,930,11,1,930
1209313,9076,930,12,1,930
1209313,43263,930,13,1,930
1293993,5258,931,1,1,931
1503732,13700,932,1,1,932
1503732,7631,932,2,1,932
1503732,29088,932,3,1,932
1503732,20699,932,4,1,932
1503732,27104,932,5,1,932
1503732,8195,932,6,0,932
1503732,34854,932,7,0,932
1810533,30664,933,1,0,933
1810533,21249,933,2,1,933
1810533,13176,933,3,1,933
1810533,31215,933,4,1,933
1810533,11512,933,5,1,933
1810533,46886,933,6,1,933
1810533,40198,933,7,1,933
1810533,14702,933,8,1,933
1810533,45123,933,9,1,933
1810533,49247,933,10,1,933
1836472,4920,934,1,0,934
1836472,23413,934,2,0,934
1836472,1940,934,3,1,934
1836472,32141,934,4,1,934
1836472,26634,934,5,0,934
1908768,32566,935,1,0,935
1908768,47209,935,2,1,935
1908768,18362,935,3,1,935
1908768,13237,935,4,1,935
1908768,37229,935,5,1,935
1908768,44234,935,6,0,935
1908768,14872,935,7,0,935
1908768,16102,935,8,0,935
1908768,35206,935,9,0,935
1908768,5750,935,10,0,935
1950399,44290,936,1,1,936
1990406,40723,937,1,1,937
1990406,5428,937,2,1,937
1990406,40351,937,3,1,937
1990406,16617,937,4,1,937
1990406,9839,937,5,1,937
1990406,13176,937,6,1,937
1990406,35217,937,7,1,937
1990406,41665,937,8,1,937
1990406,13629,937,9,1,937
1990406,10749,937,10,0,937
1990406,46979,937,11,0,937
1990406,44683,937,12,0,937
1990406,46969,937,13,0,937
2069718,34126,938,1,1,938
2069718,19057,938,2,1,938
2069718,15816,938,3,0,938
2069718,39984,938,4,0,938
2069718,24964,938,5,1,938
2069718,43789,938,6,0,938
2069718,43129,938,7,0,938
2069718,2631,938,8,1,938
2069718,19384,938,9,0,938
2069718,6341,938,10,0,938
2069718,43659,938,11,0,938
2069718,8021,938,12,0,938
2069718,7175,938,13,1,938
2069718,31698,938,14,1,938
2069718,34262,938,15,1,938
2069718,6651,938,16,1,938
2120646,13874,939,1,1,939
2120646,11758,939,2,1,939
2120646,31827,939,3,1,939
2120646,14092,939,4,0,939
2120646,37642,939,5,0,939
2120646,41294,939,6,0,939
2120646,44629,939,7,0,939
2120646,11290,939,8,1,939
2120646,30805,939,9,0,939
2120646,17789,939,10,1,939
2120646,46984,939,11,0,939
2120646,40724,939,12,0,939
2397297,22322,940,1,1,940
2397297,3957,940,2,1,940
2397297,26165,940,3,1,940
2397297,45007,940,4,1,940
2397297,35163,940,5,1,940
2397297,37646,940,6,1,940
2397297,8021,940,7,1,940
2397297,19660,940,8,1,940
2397297,23081,940,9,1,940
2397297,4472,940,10,0,940
2397297,22081,940,11,1,940
2397297,28601,940,12,0,940
2397297,1516,940,13,0,940
2440270,1659,941,1,0,941
2440270,47966,941,2,0,941
2440270,30340,941,3,0,941
2440270,16920,941,4,1,941
2440270,3801,941,5,1,941
2440270,2935,941,6,0,941
2440270,48615,941,7,0,941
2440270,27323,941,8,1,941
2440270,34203,941,9,0,941
2460418,40396,942,1,1,942
2460418,3631,942,2,1,942
2460418,27845,942,3,1,942
2514417,10246,943,1,1,943
2514417,28204,943,2,1,943
2514417,46906,943,3,1,943
2514417,2966,943,4,1,943
2514417,3481,943,5,1,943
2514417,27392,943,6,0,943
2583042,5876,944,1,1,944
2583042,24964,944,2,1,944
2583042,38383,944,3,1,944
2583042,45066,944,4,1,944
2583042,890,944,5,1,944
2583042,46667,944,6,1,944
2583042,18441,944,7,0,944
2583042,46676,944,8,1,944
2583042,47766,944,9,1,944
2583042,21903,944,10,1,944
2583042,25659,944,11,0,944
2583042,45535,944,12,1,944
2583042,30290,944,13,0,944
2652408,4210,945,1,1,945
2652408,26831,945,2,1,945
2652408,31395,945,3,1,945
2652408,41362,945,4,1,945
2652408,20282,945,5,1,945
2652408,27413,945,6,1,945
2652408,19948,945,7,1,945
2652408,47915,945,8,1,945
2652408,39719,945,9,1,945
2652408,13536,945,10,0,945
2652408,15386,945,11,0,945
2652408,27629,945,12,0,945
2652408,7641,945,13,1,945
2652408,45500,945,14,1,945
2715049,46979,946,1,1,946
2715049,15084,946,2,1,946
2715049,1068,946,3,0,946
2926844,30170,947,1,1,947
2926844,35321,947,2,0,947
2926844,45525,947,3,0,947
2926844,15912,947,4,0,947
2926844,11081,947,5,1,947
2926844,1181,947,6,0,947
2926844,13029,947,7,0,947
2926844,33016,947,8,0,947
2926844,24355,947,9,0,947
2926844,30391,947,10,0,947
2926844,26604,947,11,1,947
2926844,21137,947,12,0,947
2926844,13176,947,13,0,947
2926844,16855,947,14,0,947
2926844,32608,947,15,0,947
3188012,43352,948,1,1,948
3188012,31805,948,2,1,948
3188012,36557,948,3,1,948
3198525,39812,949,1,1,949
3198525,5764,949,2,0,949
3198525,28849,949,3,1,949
3198525,1999,949,4,1,949
3198525,14366,949,5,1,949
3198525,45636,949,6,1,949
3198525,49113,949,7,0,949
3198525,4605,949,8,1,949
3294980,40598,950,1,0,950
3294980,39832,950,2,0,950
3294980,22890,950,3,0,950
3294980,21293,950,4,0,950
3294980,44457,950,5,0,950
3294980,37354,950,6,1,950
3294980,40897,950,7,1,950
3294980,17983,950,8,1,950
3294980,28427,950,9,1,950
