payment_ID,order_ID,customer_ID,payment_method,amount,currency,payment_date,status
1,1,228,Credit Card,222.55,EUR,2025-06-29 02:31:15,Successful
2,1,165,Debit Card,3708.71,USD,2025-01-03 02:31:15,Failed
3,1,210,Credit Card,246.01,THB,2025-07-05 02:31:15,Pending
4,1,189,Credit Card,2850.1,JPY,2025-07-12 02:31:15,Failed
5,1,259,PayPal,4066.21,USD,2025-08-12 02:31:15,Pending
6,1,217,Bank Transfer,1767.23,THB,2025-07-14 02:31:15,Failed
7,1,264,Credit Card,554.45,USD,2025-05-02 02:31:15,Failed
8,1,210,PayPal,4054.93,JPY,2025-01-31 02:31:15,Successful
9,1,209,Bank Transfer,486.12,EUR,2024-12-15 02:31:15,Pending
10,1,66,PayPal,2929.03,USD,2025-10-09 02:31:15,Pending
11,1,281,Debit Card,3888.03,USD,2025-07-05 02:31:15,Successful
12,1,104,Bank Transfer,1462.07,EUR,2025-08-10 02:31:15,Failed
13,1,293,PayPal,1126.58,EUR,2024-11-07 02:31:15,Pending
14,1,246,Credit Card,3084.74,THB,2025-02-01 02:31:15,Pending
15,1,230,Debit Card,900.67,JPY,2025-06-16 02:31:15,Pending
16,1,233,Debit Card,3454.61,USD,2025-07-07 02:31:15,Successful
17,1,271,PayPal,2065.71,USD,2025-07-16 02:31:15,Pending
18,1,217,PayPal,1141.87,JPY,2025-04-13 02:31:15,Pending
19,1,268,Bank Transfer,800.07,THB,2025-06-28 02:31:15,Pending
20,2,64,PayPal,3760.37,JPY,2025-01-07 02:31:15,Failed
21,2,268,PayPal,1174.67,THB,2025-02-14 02:31:15,Failed
22,2,72,Credit Card,3803.33,USD,2025-08-15 02:31:15,Pending
23,2,228,Debit Card,3981.19,JPY,2024-12-31 02:31:15,Successful
24,3,222,Bank Transfer,1969.93,JPY,2025-02-04 02:31:15,Failed
25,3,69,Credit Card,3433.39,USD,2024-11-17 02:31:15,Pending
26,3,262,PayPal,3866.13,EUR,2025-09-05 02:31:15,Failed
27,3,201,Bank Transfer,874.97,USD,2025-06-20 02:31:15,Pending
28,3,201,Debit Card,2587.64,USD,2024-12-16 02:31:15,Failed
29,3,274,Debit Card,848.91,THB,2025-01-29 02:31:15,Pending
30,3,246,Credit Card,3034.83,JPY,2025-10-23 02:31:15,Successful
31,3,235,PayPal,4405.74,EUR,2025-07-02 02:31:15,Successful
32,3,288,Debit Card,4402.25,USD,2025-09-19 02:31:15,Pending
33,3,233,Bank Transfer,4098.51,THB,2025-08-28 02:31:15,Pending
34,3,223,Bank Transfer,4739.56,THB,2025-06-19 02:31:15,Pending
35,4,227,Bank Transfer,4825.38,THB,2024-11-01 02:31:15,Failed
36,5,253,Bank Transfer,4976.23,EUR,2025-03-22 02:31:15,Pending
37,5,254,Bank Transfer,692.92,THB,2025-09-30 02:31:15,Failed
38,5,166,Credit Card,2982.71,THB,2025-01-04 02:31:15,Successful
39,5,157,Credit Card,447.87,USD,2025-07-07 02:31:15,Successful
40,5,250,Credit Card,4312.21,USD,2025-02-11 02:31:15,Successful
41,5,208,PayPal,3377.99,THB,2025-01-29 02:31:15,Successful
42,5,201,Bank Transfer,1290.69,JPY,2025-04-07 02:31:15,Successful
43,5,39,Credit Card,574.96,JPY,2025-05-04 02:31:15,Failed
44,5,277,Bank Transfer,2388.42,USD,2024-11-22 02:31:15,Pending
45,5,254,Credit Card,397.0,EUR,2025-09-07 02:31:15,Successful
46,5,265,Debit Card,1032.02,JPY,2025-08-22 02:31:15,Failed
47,5,116,Debit Card,1464.87,THB,2025-09-24 02:31:15,Failed
48,5,265,Credit Card,347.88,USD,2025-09-15 02:31:15,Successful
49,5,203,Debit Card,2091.43,JPY,2025-07-15 02:31:15,Failed
50,5,97,Credit Card,906.72,USD,2025-04-16 02:31:15,Failed
51,6,72,Bank Transfer,1497.72,JPY,2025-08-14 02:31:15,Successful
52,6,225,PayPal,1166.73,USD,2025-01-09 02:31:15,Pending
53,6,244,Credit Card,3765.08,USD,2025-10-07 02:31:15,Pending
54,6,81,Bank Transfer,2563.97,THB,2025-10-03 02:31:15,Pending
55,6,211,Credit Card,4271.58,USD,2025-01-01 02:31:15,Successful
56,6,295,Debit Card,2078.5,THB,2025-01-09 02:31:15,Pending
57,7,206,Credit Card,3134.97,JPY,2024-11-30 02:31:15,Pending
58,7,203,PayPal,4680.06,THB,2024-11-24 02:31:15,Pending
59,8,288,PayPal,1269.56,JPY,2025-08-26 02:31:15,Pending
60,8,281,PayPal,2340.4,USD,2025-10-28 02:31:15,Failed
61,8,198,Credit Card,458.98,THB,2025-02-15 02:31:15,Failed
62,8,234,Debit Card,4672.97,USD,2025-06-29 02:31:15,Failed
63,8,221,PayPal,872.96,EUR,2024-12-23 02:31:15,Pending
64,8,213,Credit Card,3372.53,EUR,2024-11-27 02:31:15,Successful
65,8,127,Debit Card,1395.88,USD,2025-01-22 02:31:15,Successful
66,8,220,PayPal,1480.61,THB,2025-05-10 02:31:15,Successful
67,8,7,PayPal,2576.5,EUR,2025-10-06 02:31:15,Successful
68,8,220,Bank Transfer,4163.81,USD,2025-10-31 02:31:15,Failed
69,9,202,Debit Card,3221.86,EUR,2025-08-11 02:31:15,Pending
70,9,214,Bank Transfer,2803.23,JPY,2025-01-18 02:31:15,Successful
71,9,201,Credit Card,468.69,THB,2025-01-26 02:31:15,Successful
72,9,236,PayPal,2954.3,THB,2025-03-26 02:31:15,Successful
73,9,255,Credit Card,1610.47,USD,2025-05-02 02:31:15,Successful
74,9,233,Debit Card,3367.97,EUR,2025-01-19 02:31:15,Failed
75,9,116,Debit Card,4636.24,THB,2025-08-10 02:31:15,Successful
76,9,291,Bank Transfer,221.45,EUR,2025-04-05 02:31:15,Pending
77,9,218,Debit Card,1407.35,USD,2025-04-20 02:31:15,Successful
78,9,238,Bank Transfer,1189.93,JPY,2025-05-06 02:31:15,Failed
79,9,219,Debit Card,1192.33,THB,2025-04-11 02:31:15,Failed
80,9,265,PayPal,4335.33,EUR,2025-05-06 02:31:15,Pending
81,9,298,Bank Transfer,3429.64,EUR,2025-10-18 02:31:15,Successful
82,10,201,PayPal,974.98,EUR,2025-10-13 02:31:15,Successful
83,10,24,Bank Transfer,1793.87,EUR,2025-03-23 02:31:15,Pending
84,10,253,Credit Card,1987.46,THB,2025-06-24 02:31:15,Successful
85,10,235,Bank Transfer,108.29,THB,2025-04-29 02:31:15,Failed
86,10,299,Credit Card,4749.48,EUR,2024-12-17 02:31:15,Failed
87,10,293,Credit Card,3626.8,EUR,2025-02-15 02:31:15,Failed
88,10,228,Bank Transfer,1698.3,EUR,2025-01-22 02:31:15,Successful
89,10,250,Debit Card,2160.19,JPY,2024-11-20 02:31:15,Pending
90,10,254,Debit Card,3116.02,EUR,2025-04-08 02:31:15,Pending
91,10,256,Credit Card,1588.99,THB,2025-03-26 02:31:15,Pending
92,10,220,PayPal,2378.44,JPY,2024-11-21 02:31:15,Successful
93,10,265,Bank Transfer,3989.3,THB,2024-11-29 02:31:15,Successful
94,10,218,PayPal,2625.71,EUR,2025-09-15 02:31:15,Successful
95,11,104,PayPal,1200.74,THB,2025-08-18 02:31:15,Successful
96,11,157,Credit Card,1299.73,JPY,2024-12-24 02:31:15,Successful
97,11,225,Bank Transfer,2130.76,THB,2024-11-10 02:31:15,Failed
98,11,265,Bank Transfer,2058.3,THB,2024-12-01 02:31:15,Pending
99,11,252,Credit Card,4474.03,USD,2025-03-29 02:31:15,Successful
100,11,280,Debit Card,4040.14,JPY,2025-10-07 02:31:15,Pending
101,11,231,Debit Card,4595.6,USD,2025-03-13 02:31:15,Successful
102,11,274,Bank Transfer,3371.13,EUR,2025-03-20 02:31:15,Pending
103,11,220,Bank Transfer,4169.79,JPY,2025-08-12 02:31:15,Pending
104,11,216,Bank Transfer,2305.34,THB,2024-12-10 02:31:15,Failed
105,11,280,Bank Transfer,3171.07,EUR,2025-03-21 02:31:15,Successful
106,11,278,PayPal,1249.02,EUR,2025-05-22 02:31:15,Pending
107,12,247,Credit Card,778.03,THB,2025-04-19 02:31:15,Pending
108,12,225,Debit Card,3561.45,USD,2025-04-03 02:31:15,Failed
109,12,209,PayPal,2758.79,JPY,2025-10-01 02:31:15,Successful
110,12,211,Bank Transfer,2008.44,USD,2025-01-11 02:31:15,Failed
111,12,228,Bank Transfer,128.89,EUR,2025-06-02 02:31:15,Failed
112,12,81,Bank Transfer,2737.28,THB,2025-02-25 02:31:15,Successful
113,12,251,PayPal,2235.6,USD,2025-04-16 02:31:15,Failed
114,12,205,Bank Transfer,3648.49,JPY,2025-08-28 02:31:15,Pending
115,12,157,Credit Card,4543.95,USD,2025-09-20 02:31:15,Pending
116,13,251,Bank Transfer,764.93,JPY,2025-07-31 02:31:15,Successful
117,13,218,PayPal,1957.61,THB,2025-03-14 02:31:15,Failed
118,13,206,PayPal,3830.03,JPY,2025-06-12 02:31:15,Failed
119,13,209,PayPal,4191.06,JPY,2025-10-23 02:31:15,Pending
120,13,225,Credit Card,4999.55,EUR,2025-07-10 02:31:15,Pending
121,13,268,Credit Card,3928.04,USD,2025-10-17 02:31:15,Successful
122,14,201,Debit Card,4212.22,THB,2025-07-02 02:31:15,Successful
123,14,261,Bank Transfer,3380.35,THB,2025-03-08 02:31:15,Pending
124,14,23,PayPal,3857.8,THB,2024-12-26 02:31:15,Pending
125,14,272,Credit Card,3911.18,THB,2025-05-26 02:31:15,Successful
126,14,225,Credit Card,4651.55,JPY,2025-04-12 02:31:15,Pending
127,14,228,Debit Card,472.38,THB,2025-09-10 02:31:15,Pending
128,14,201,PayPal,4266.44,USD,2025-01-16 02:31:15,Successful
129,14,228,PayPal,2710.45,EUR,2025-09-27 02:31:15,Pending
130,14,236,PayPal,162.0,JPY,2025-02-24 02:31:15,Successful
131,15,264,Bank Transfer,4807.86,JPY,2024-11-04 02:31:15,Successful
132,15,226,Bank Transfer,963.07,EUR,2024-12-21 02:31:15,Pending
133,16,232,Bank Transfer,2377.88,EUR,2025-05-20 02:31:15,Successful
134,16,267,Credit Card,1466.75,JPY,2025-06-30 02:31:15,Failed
135,16,35,Bank Transfer,1748.34,JPY,2025-05-19 02:31:15,Successful
136,16,245,Bank Transfer,1139.39,EUR,2025-05-11 02:31:15,Failed
137,16,253,PayPal,2823.38,THB,2025-09-19 02:31:15,Successful
138,16,209,Bank Transfer,2494.03,THB,2024-11-13 02:31:15,Failed
139,16,300,Bank Transfer,2296.06,USD,2025-09-15 02:31:15,Failed
140,16,284,Debit Card,2081.57,THB,2025-05-29 02:31:15,Pending
141,16,127,PayPal,2418.98,EUR,2025-03-29 02:31:15,Pending
142,16,230,PayPal,1823.87,JPY,2025-06-16 02:31:15,Failed
143,16,125,PayPal,1229.64,THB,2025-05-24 02:31:15,Successful
144,16,198,Debit Card,1038.55,JPY,2025-06-13 02:31:15,Pending
145,16,235,PayPal,4904.5,THB,2025-06-03 02:31:15,Successful
146,16,240,PayPal,979.26,USD,2024-11-04 02:31:15,Pending
147,16,216,Debit Card,1444.13,USD,2025-01-22 02:31:15,Failed
148,16,249,Debit Card,3225.56,JPY,2025-09-10 02:31:15,Successful
149,16,232,PayPal,2400.05,JPY,2025-05-11 02:31:15,Successful
150,16,125,Credit Card,1337.14,JPY,2025-09-04 02:31:15,Successful
151,16,7,Bank Transfer,2509.56,USD,2025-08-16 02:31:15,Successful
152,16,294,PayPal,517.39,THB,2025-09-02 02:31:15,Pending
153,16,233,Bank Transfer,3070.96,THB,2025-02-07 02:31:15,Failed
154,16,281,Bank Transfer,4551.67,EUR,2025-01-04 02:31:15,Failed
155,17,247,PayPal,2886.28,USD,2024-12-24 02:31:15,Pending
156,17,265,Credit Card,4743.19,THB,2024-12-16 02:31:15,Successful
157,17,295,PayPal,3336.1,THB,2025-07-02 02:31:15,Successful
158,17,217,Credit Card,867.01,JPY,2025-03-16 02:31:15,Pending
159,17,250,Bank Transfer,1527.17,THB,2025-06-07 02:31:15,Pending
160,17,286,PayPal,3544.64,JPY,2025-09-26 02:31:15,Pending
161,18,165,Debit Card,4627.16,THB,2025-03-29 02:31:15,Successful
162,18,221,Debit Card,3273.41,EUR,2025-08-21 02:31:15,Successful
163,18,216,Credit Card,913.02,EUR,2025-01-01 02:31:15,Pending
164,18,267,PayPal,2251.85,JPY,2024-11-14 02:31:15,Failed
165,18,101,Bank Transfer,4719.11,JPY,2025-03-22 02:31:15,Successful
166,19,247,Credit Card,4458.17,EUR,2024-12-27 02:31:15,Failed
167,19,272,Credit Card,547.5,USD,2024-11-22 02:31:15,Failed
168,19,66,Credit Card,3839.23,THB,2025-03-06 02:31:15,Pending
169,19,251,Bank Transfer,4588.76,THB,2025-01-06 02:31:15,Failed
170,19,140,Bank Transfer,4848.37,JPY,2025-05-07 02:31:15,Failed
171,19,242,PayPal,1673.19,USD,2025-08-11 02:31:15,Failed
172,20,228,Bank Transfer,3499.0,EUR,2024-11-27 02:31:15,Failed
173,20,296,Credit Card,2328.65,EUR,2025-06-25 02:31:15,Failed
174,20,256,Credit Card,4853.91,JPY,2025-02-11 02:31:15,Successful
175,20,239,Bank Transfer,2124.91,THB,2025-02-09 02:31:15,Failed
176,20,221,Bank Transfer,3164.5,USD,2025-07-20 02:31:15,Failed
177,20,260,Debit Card,4645.6,JPY,2024-11-09 02:31:15,Failed
178,20,210,Credit Card,241.46,THB,2024-11-03 02:31:15,Successful
179,21,223,PayPal,2799.11,JPY,2025-09-15 02:31:15,Successful
180,21,207,Credit Card,2361.09,USD,2024-12-05 02:31:15,Successful
181,21,287,Bank Transfer,4670.0,EUR,2025-02-14 02:31:15,Pending
182,21,252,PayPal,2135.9,JPY,2025-03-05 02:31:15,Successful
183,21,242,Bank Transfer,2801.2,JPY,2025-07-27 02:31:15,Pending
184,21,237,Debit Card,4333.73,EUR,2025-04-03 02:31:15,Failed
185,21,279,PayPal,4120.69,EUR,2025-06-02 02:31:15,Pending
186,21,104,Bank Transfer,4339.78,JPY,2025-01-30 02:31:15,Failed
187,21,206,PayPal,1728.96,JPY,2025-03-13 02:31:15,Failed
188,22,221,Debit Card,4905.8,THB,2025-01-13 02:31:15,Failed
189,22,201,Debit Card,4294.46,JPY,2025-10-10 02:31:15,Failed
190,22,298,Bank Transfer,3555.62,JPY,2025-04-18 02:31:15,Pending
191,22,222,Debit Card,2527.11,USD,2025-08-29 02:31:15,Pending
192,22,253,PayPal,4361.53,JPY,2025-09-11 02:31:15,Pending
193,22,291,Bank Transfer,175.2,THB,2025-04-06 02:31:15,Pending
194,22,280,Debit Card,466.66,EUR,2025-05-12 02:31:15,Pending
195,23,261,Bank Transfer,3284.2,EUR,2024-11-21 02:31:15,Pending
196,23,201,Bank Transfer,4775.28,JPY,2025-01-28 02:31:15,Successful
197,23,64,Credit Card,1250.37,EUR,2025-07-08 02:31:15,Pending
198,23,210,Credit Card,2226.46,USD,2024-12-12 02:31:15,Pending
199,23,294,Credit Card,2274.02,EUR,2025-10-18 02:31:15,Successful
200,23,242,PayPal,4001.1,EUR,2025-05-02 02:31:15,Failed
201,23,210,Bank Transfer,813.29,JPY,2025-01-16 02:31:15,Pending
202,23,298,Debit Card,932.92,USD,2024-12-24 02:31:15,Failed
203,23,127,Debit Card,2538.57,THB,2025-07-06 02:31:15,Failed
204,23,204,PayPal,2351.9,USD,2025-03-08 02:31:15,Failed
205,23,235,Debit Card,461.92,EUR,2025-01-05 02:31:15,Failed
206,23,41,Bank Transfer,3482.54,JPY,2025-05-31 02:31:15,Successful
207,23,244,Bank Transfer,4281.34,USD,2025-07-03 02:31:15,Failed
208,23,214,PayPal,2916.58,EUR,2025-10-21 02:31:15,Pending
209,23,229,Bank Transfer,1444.95,USD,2024-12-26 02:31:15,Pending
210,23,266,Bank Transfer,4180.91,EUR,2025-07-07 02:31:15,Pending
211,23,139,PayPal,1173.12,THB,2024-12-19 02:31:15,Failed
212,23,223,Debit Card,3178.42,USD,2025-05-27 02:31:15,Failed
213,23,254,Credit Card,2939.91,THB,2025-09-16 02:31:15,Failed
214,23,242,PayPal,3762.66,THB,2025-07-22 02:31:15,Successful
215,23,272,PayPal,2701.18,EUR,2025-08-09 02:31:15,Failed
216,23,37,Bank Transfer,4840.18,EUR,2025-05-12 02:31:15,Successful
217,23,280,Bank Transfer,4818.18,THB,2025-07-09 02:31:15,Pending
218,23,7,Bank Transfer,4839.62,EUR,2025-09-16 02:31:15,Failed
219,23,240,Credit Card,1395.85,USD,2025-03-14 02:31:15,Failed
220,23,246,PayPal,2964.34,EUR,2025-09-07 02:31:15,Pending
221,23,174,Debit Card,2410.24,EUR,2024-12-24 02:31:15,Successful
222,23,203,Credit Card,3213.48,JPY,2024-11-08 02:31:15,Failed
223,23,197,Bank Transfer,671.71,USD,2025-10-13 02:31:15,Failed
224,23,104,Bank Transfer,668.99,THB,2025-01-30 02:31:15,Successful
225,23,277,Bank Transfer,2322.85,JPY,2025-01-05 02:31:15,Pending
226,24,64,Debit Card,4438.53,USD,2025-02-24 02:31:15,Pending
227,24,216,Bank Transfer,4701.36,EUR,2025-10-16 02:31:15,Pending
228,24,224,PayPal,1164.62,JPY,2025-07-04 02:31:15,Failed
229,24,204,Credit Card,4906.55,EUR,2025-01-27 02:31:15,Pending
230,24,225,PayPal,396.7,EUR,2025-07-27 02:31:15,Successful
231,25,199,Bank Transfer,549.2,THB,2024-12-08 02:31:15,Pending
232,25,271,Credit Card,347.83,EUR,2025-06-30 02:31:15,Successful
233,25,127,Debit Card,436.19,THB,2025-01-05 02:31:15,Successful
234,25,219,Debit Card,1709.94,THB,2024-12-31 02:31:15,Successful
235,25,165,PayPal,4306.19,THB,2025-08-27 02:31:15,Pending
236,25,189,PayPal,4012.72,USD,2024-11-28 02:31:15,Successful
237,25,229,Debit Card,172.82,THB,2025-01-04 02:31:15,Failed
238,25,256,Credit Card,953.81,USD,2025-08-29 02:31:15,Pending
239,26,282,Bank Transfer,2677.82,USD,2025-03-03 02:31:15,Failed
240,26,201,PayPal,2614.87,USD,2025-03-15 02:31:15,Pending
241,26,282,Debit Card,4732.54,USD,2024-11-29 02:31:15,Pending
242,26,235,PayPal,2344.41,USD,2025-10-01 02:31:15,Failed
243,26,228,Bank Transfer,2188.74,USD,2025-02-23 02:31:15,Pending
244,27,81,Bank Transfer,460.1,USD,2025-05-21 02:31:15,Pending
245,27,250,Debit Card,421.84,EUR,2024-12-17 02:31:15,Pending
246,27,279,PayPal,1966.43,EUR,2025-03-14 02:31:15,Pending
247,27,95,Bank Transfer,585.97,USD,2024-12-01 02:31:15,Pending
248,27,289,Debit Card,2207.34,THB,2025-04-04 02:31:15,Failed
249,27,296,Bank Transfer,2053.78,USD,2025-05-25 02:31:15,Failed
250,27,282,PayPal,3359.03,EUR,2025-08-15 02:31:15,Pending
251,27,219,Bank Transfer,428.95,USD,2025-09-15 02:31:15,Failed
252,27,221,Credit Card,3748.49,EUR,2025-08-27 02:31:15,Pending
253,28,251,Credit Card,2973.68,EUR,2024-11-23 02:31:15,Successful
254,28,204,Bank Transfer,1832.63,JPY,2025-10-06 02:31:15,Failed
255,28,217,PayPal,1823.07,THB,2025-08-14 02:31:15,Pending
256,28,253,Bank Transfer,1198.8,USD,2025-05-06 02:31:15,Pending
257,28,221,PayPal,662.94,EUR,2025-01-12 02:31:15,Successful
258,28,219,Bank Transfer,4241.26,USD,2024-12-25 02:31:15,Pending
259,29,216,PayPal,241.87,EUR,2024-11-07 02:31:15,Failed
260,29,211,PayPal,1820.01,THB,2025-08-20 02:31:15,Pending
261,29,128,Bank Transfer,440.97,USD,2025-09-16 02:31:15,Pending
262,29,277,Debit Card,1943.35,JPY,2025-05-11 02:31:15,Successful
263,29,281,PayPal,1627.02,EUR,2025-01-15 02:31:15,Pending
264,29,242,Credit Card,4428.38,THB,2025-08-13 02:31:15,Pending
265,29,231,Credit Card,3402.45,EUR,2025-03-20 02:31:15,Pending
266,30,286,Bank Transfer,2479.74,JPY,2025-04-03 02:31:15,Failed
267,30,210,Debit Card,3799.22,USD,2025-05-09 02:31:15,Failed
268,30,7,Credit Card,1487.91,JPY,2025-02-05 02:31:15,Pending
269,30,189,PayPal,322.55,JPY,2024-12-30 02:31:15,Successful
270,30,238,Credit Card,1101.67,THB,2025-08-23 02:31:15,Failed
271,30,223,PayPal,1707.8,USD,2025-02-20 02:31:15,Pending
272,30,205,Bank Transfer,960.9,JPY,2025-02-02 02:31:15,Pending
273,30,127,Debit Card,2551.29,EUR,2025-09-26 02:31:15,Failed
274,30,246,Credit Card,2237.48,JPY,2025-09-23 02:31:15,Failed
275,30,161,Bank Transfer,2909.66,JPY,2025-06-06 02:31:15,Successful
276,31,156,Bank Transfer,202.2,EUR,2025-08-06 02:31:15,Pending
277,31,250,Bank Transfer,4176.93,EUR,2025-09-17 02:31:15,Failed
278,31,201,Credit Card,1292.25,JPY,2025-02-06 02:31:15,Successful
279,31,235,Bank Transfer,4365.57,EUR,2025-07-11 02:31:15,Failed
280,31,297,Debit Card,474.26,USD,2025-02-03 02:31:15,Pending
281,31,254,Debit Card,4539.02,EUR,2025-05-06 02:31:15,Pending
282,31,241,Debit Card,1257.72,THB,2025-06-23 02:31:15,Successful
283,31,72,Debit Card,3051.76,USD,2025-08-03 02:31:15,Pending
284,31,244,Bank Transfer,2373.37,JPY,2024-11-18 02:31:15,Pending
285,31,217,PayPal,4334.81,EUR,2025-08-16 02:31:15,Failed
286,31,139,Credit Card,2397.71,EUR,2025-06-14 02:31:15,Pending
287,31,267,Credit Card,1824.52,USD,2025-05-27 02:31:15,Failed
288,31,262,Bank Transfer,284.28,EUR,2025-06-08 02:31:15,Successful
289,31,262,Credit Card,3113.54,JPY,2025-03-10 02:31:15,Pending
290,31,270,Credit Card,2303.7,THB,2025-05-21 02:31:15,Pending
291,31,264,Bank Transfer,2556.7,USD,2025-03-16 02:31:15,Successful
292,31,209,PayPal,4913.69,USD,2025-02-16 02:31:15,Pending
293,31,230,Debit Card,291.8,JPY,2025-03-22 02:31:15,Pending
294,31,72,Debit Card,1883.1,EUR,2025-04-17 02:31:15,Failed
295,31,216,PayPal,3426.6,USD,2024-12-13 02:31:15,Pending
296,31,128,PayPal,422.97,USD,2025-01-20 02:31:15,Pending
297,31,284,Bank Transfer,1492.32,THB,2025-05-15 02:31:15,Successful
298,31,258,Debit Card,4592.06,EUR,2024-12-01 02:31:15,Pending
299,31,263,Bank Transfer,731.86,USD,2025-05-27 02:31:15,Pending
300,31,287,Bank Transfer,3253.12,EUR,2025-08-28 02:31:15,Pending
301,31,123,Credit Card,3265.52,JPY,2025-02-14 02:31:15,Failed
302,31,289,Credit Card,1876.73,THB,2025-07-15 02:31:15,Failed
303,31,285,Bank Transfer,1040.83,THB,2025-08-14 02:31:15,Successful
304,31,270,PayPal,4237.7,USD,2025-02-15 02:31:15,Pending
305,32,289,Credit Card,3343.45,THB,2024-12-31 02:31:15,Failed
306,33,228,Debit Card,895.01,THB,2025-03-22 02:31:15,Successful
307,33,226,Bank Transfer,1885.07,THB,2025-03-19 02:31:15,Pending
308,33,201,PayPal,3786.72,JPY,2025-07-05 02:31:15,Pending
309,33,128,Debit Card,1616.39,JPY,2025-07-25 02:31:15,Failed
310,33,248,Bank Transfer,2362.23,EUR,2025-04-20 02:31:15,Pending
311,33,227,Bank Transfer,4834.71,THB,2024-12-27 02:31:15,Successful
312,33,241,PayPal,355.68,JPY,2025-04-25 02:31:15,Pending
313,33,24,Credit Card,3585.86,USD,2025-06-09 02:31:15,Successful
314,33,262,Debit Card,1436.68,THB,2025-03-23 02:31:15,Successful
315,33,281,Debit Card,4101.85,EUR,2025-10-19 02:31:15,Failed
316,33,127,Credit Card,2042.62,EUR,2025-07-04 02:31:15,Failed
317,33,228,Credit Card,1937.07,USD,2025-05-22 02:31:15,Successful
318,33,261,PayPal,3977.77,THB,2025-10-13 02:31:15,Failed
319,33,148,Bank Transfer,3510.75,THB,2024-11-05 02:31:15,Failed
320,33,177,Bank Transfer,3115.21,USD,2025-10-23 02:31:15,Failed
321,33,121,Debit Card,4191.32,JPY,2025-09-06 02:31:15,Failed
322,34,280,Debit Card,1575.64,USD,2025-07-02 02:31:15,Failed
323,34,111,Bank Transfer,407.76,JPY,2024-12-31 02:31:15,Pending
324,34,256,Credit Card,3196.58,THB,2025-08-20 02:31:15,Failed
325,34,293,Bank Transfer,107.67,EUR,2025-07-01 02:31:15,Pending
326,34,218,Bank Transfer,1017.84,USD,2025-02-06 02:31:15,Failed
327,34,232,Credit Card,4771.68,USD,2025-04-16 02:31:15,Failed
328,34,228,Credit Card,3214.79,EUR,2025-06-25 02:31:15,Pending
329,34,233,Credit Card,1849.76,USD,2025-05-09 02:31:15,Successful
330,34,263,Credit Card,3880.36,EUR,2025-08-25 02:31:15,Successful
331,34,212,PayPal,2775.47,THB,2024-11-16 02:31:15,Failed
332,34,228,Bank Transfer,3195.51,THB,2025-09-30 02:31:15,Pending
333,34,153,Bank Transfer,281.22,THB,2025-10-10 02:31:15,Successful
334,34,230,Credit Card,1646.42,EUR,2025-02-11 02:31:15,Failed
335,34,263,Bank Transfer,1341.24,THB,2025-06-08 02:31:15,Failed
336,34,274,Credit Card,4342.41,EUR,2025-06-15 02:31:15,Successful
337,34,206,PayPal,2241.06,JPY,2025-03-21 02:31:15,Failed
338,34,225,PayPal,4871.25,JPY,2024-11-12 02:31:15,Failed
339,34,210,PayPal,4629.12,EUR,2025-09-20 02:31:15,Pending
340,34,275,Bank Transfer,486.74,THB,2025-01-26 02:31:15,Failed
341,34,157,PayPal,602.73,EUR,2024-11-28 02:31:15,Failed
342,34,245,PayPal,2284.99,JPY,2025-08-08 02:31:15,Pending
343,34,257,Bank Transfer,1822.58,USD,2025-05-05 02:31:15,Pending
344,34,270,Bank Transfer,1445.32,USD,2025-09-24 02:31:15,Pending
345,34,262,Bank Transfer,1880.22,THB,2025-10-17 02:31:15,Successful
346,34,244,Bank Transfer,270.51,USD,2025-07-04 02:31:15,Pending
347,34,229,PayPal,1874.54,USD,2024-12-27 02:31:15,Successful
348,35,148,Bank Transfer,4749.24,EUR,2025-03-19 02:31:15,Successful
349,35,270,Debit Card,2694.35,JPY,2025-05-25 02:31:15,Pending
350,35,105,PayPal,1323.1,USD,2025-10-19 02:31:15,Pending
351,36,236,Debit Card,2545.32,JPY,2025-01-18 02:31:15,Successful
352,36,229,PayPal,3897.33,JPY,2025-07-15 02:31:15,Pending
353,36,204,PayPal,3500.51,JPY,2025-07-22 02:31:15,Successful
354,36,253,Debit Card,4278.85,JPY,2025-08-05 02:31:15,Pending
355,36,41,Bank Transfer,4986.59,EUR,2024-11-25 02:31:15,Failed
356,36,228,Credit Card,2794.99,EUR,2025-06-01 02:31:15,Successful
357,36,271,Debit Card,3989.11,THB,2025-08-31 02:31:15,Successful
358,36,263,Debit Card,1260.01,JPY,2025-10-19 02:31:15,Failed
359,36,217,PayPal,2390.29,THB,2024-12-23 02:31:15,Successful
360,36,299,Credit Card,1615.52,JPY,2025-02-05 02:31:15,Failed
361,36,293,Bank Transfer,4134.36,USD,2025-08-29 02:31:15,Failed
362,37,223,Credit Card,2304.88,EUR,2025-08-28 02:31:15,Pending
363,37,244,Debit Card,3862.13,THB,2025-03-25 02:31:15,Pending
364,37,221,Credit Card,4173.81,THB,2025-05-30 02:31:15,Successful
365,37,208,Debit Card,1681.04,THB,2025-05-08 02:31:15,Pending
366,37,197,PayPal,4245.08,EUR,2025-07-24 02:31:15,Pending
367,37,259,PayPal,713.33,EUR,2024-12-22 02:31:15,Pending
368,37,254,Credit Card,2562.61,THB,2025-01-02 02:31:15,Pending
369,37,253,Debit Card,938.88,EUR,2025-01-17 02:31:15,Successful
370,37,251,Credit Card,497.99,EUR,2024-12-03 02:31:15,Successful
371,37,299,Bank Transfer,3128.73,USD,2025-02-20 02:31:15,Pending
372,38,201,PayPal,3245.35,EUR,2025-02-27 02:31:15,Successful
373,38,4,Bank Transfer,1557.43,USD,2024-11-14 02:31:15,Successful
374,38,128,Debit Card,2254.07,JPY,2025-03-09 02:31:15,Successful
375,38,273,PayPal,3072.64,EUR,2025-05-22 02:31:15,Pending
376,38,284,PayPal,4879.33,THB,2025-04-26 02:31:15,Pending
377,38,105,Credit Card,1663.67,JPY,2025-08-31 02:31:15,Failed
378,38,294,Bank Transfer,1314.8,USD,2025-10-07 02:31:15,Failed
379,38,254,Bank Transfer,4334.4,JPY,2025-06-27 02:31:15,Successful
380,38,107,PayPal,4675.38,EUR,2025-07-27 02:31:15,Successful
381,38,244,Bank Transfer,4980.25,JPY,2025-02-19 02:31:15,Failed
382,38,299,Bank Transfer,213.56,JPY,2025-02-16 02:31:15,Failed
383,38,235,Debit Card,1154.21,EUR,2025-10-08 02:31:15,Successful
384,38,4,PayPal,2524.98,JPY,2025-06-08 02:31:15,Pending
385,38,300,Credit Card,4251.14,JPY,2025-08-25 02:31:15,Failed
386,38,240,PayPal,3842.9,EUR,2025-10-09 02:31:15,Failed
387,38,280,Credit Card,2894.38,THB,2025-04-30 02:31:15,Pending
388,38,250,PayPal,460.31,JPY,2025-01-24 02:31:15,Failed
389,38,228,Credit Card,730.45,USD,2025-04-14 02:31:15,Failed
390,38,140,PayPal,2833.38,EUR,2025-08-20 02:31:15,Successful
391,38,263,Bank Transfer,2550.38,USD,2025-10-13 02:31:15,Successful
392,38,291,PayPal,4039.43,JPY,2025-08-17 02:31:15,Pending
393,39,253,Debit Card,1707.03,EUR,2025-08-10 02:31:15,Failed
394,39,225,PayPal,3009.25,JPY,2024-11-04 02:31:15,Pending
395,39,35,PayPal,2426.97,USD,2025-04-27 02:31:15,Failed
396,39,140,Credit Card,4901.5,EUR,2024-11-14 02:31:15,Pending
397,39,249,Credit Card,3024.86,EUR,2024-12-01 02:31:15,Pending
398,39,240,Debit Card,3634.86,JPY,2025-08-06 02:31:15,Pending
399,39,198,Bank Transfer,824.1,THB,2025-10-16 02:31:15,Pending
400,39,221,Credit Card,1034.84,JPY,2025-05-25 02:31:15,Failed
401,39,256,Debit Card,2123.5,THB,2025-04-05 02:31:15,Pending
402,39,300,Bank Transfer,4376.81,USD,2024-11-05 02:31:15,Successful
403,39,287,Debit Card,2848.35,JPY,2025-02-05 02:31:15,Failed
404,39,235,PayPal,4787.76,JPY,2025-02-02 02:31:15,Failed
405,39,275,PayPal,3411.76,EUR,2024-12-24 02:31:15,Failed
406,39,223,Debit Card,4790.95,EUR,2025-01-20 02:31:15,Failed
407,39,39,Debit Card,4713.28,EUR,2025-06-07 02:31:15,Pending
408,39,132,Debit Card,3482.18,JPY,2025-05-23 02:31:15,Failed
409,39,7,PayPal,2846.39,EUR,2025-06-07 02:31:15,Successful
410,39,284,Bank Transfer,4489.23,JPY,2025-05-09 02:31:15,Successful
411,39,224,PayPal,306.13,USD,2025-05-08 02:31:15,Failed
412,40,24,PayPal,3761.96,THB,2025-07-21 02:31:15,Pending
413,40,251,PayPal,4671.82,EUR,2025-08-23 02:31:15,Successful
414,40,241,Debit Card,1288.04,THB,2024-12-10 02:31:15,Successful
415,40,236,Credit Card,590.97,EUR,2025-03-05 02:31:15,Successful
416,40,265,Debit Card,125.39,THB,2025-04-07 02:31:15,Pending
417,40,210,Bank Transfer,2439.5,THB,2025-06-07 02:31:15,Failed
418,40,232,PayPal,3264.9,USD,2024-12-03 02:31:15,Pending
419,40,276,Debit Card,2722.25,USD,2025-08-04 02:31:15,Failed
420,40,246,Debit Card,4676.22,USD,2025-04-12 02:31:15,Failed
421,40,203,Debit Card,4689.38,EUR,2025-10-13 02:31:15,Successful
422,40,268,PayPal,2883.01,USD,2025-05-14 02:31:15,Failed
423,41,291,Bank Transfer,4946.59,JPY,2025-08-25 02:31:15,Pending
424,41,116,Bank Transfer,1436.9,USD,2025-05-16 02:31:15,Successful
425,41,260,Bank Transfer,3276.6,THB,2025-10-25 02:31:15,Pending
426,41,273,PayPal,3974.76,THB,2025-08-04 02:31:15,Pending
427,41,246,Bank Transfer,4152.25,EUR,2025-09-18 02:31:15,Failed
428,41,208,Credit Card,1005.43,THB,2025-03-02 02:31:15,Failed
429,41,285,Debit Card,133.47,JPY,2025-07-04 02:31:15,Failed
430,41,241,PayPal,4774.77,EUR,2025-01-07 02:31:15,Pending
431,41,267,Credit Card,1381.61,EUR,2024-11-12 02:31:15,Successful
432,41,255,Credit Card,3372.15,JPY,2025-05-28 02:31:15,Successful
433,41,260,Bank Transfer,3461.76,EUR,2024-11-13 02:31:15,Successful
434,42,256,PayPal,1900.97,THB,2025-07-12 02:31:15,Successful
435,42,215,Bank Transfer,850.61,EUR,2025-04-03 02:31:15,Pending
436,42,299,Bank Transfer,3811.02,THB,2025-06-28 02:31:15,Pending
437,43,105,Credit Card,2674.98,EUR,2025-09-23 02:31:15,Pending
438,43,148,Credit Card,402.61,THB,2025-01-12 02:31:15,Pending
439,43,264,Debit Card,906.23,JPY,2025-09-03 02:31:15,Pending
440,44,224,Debit Card,3612.9,JPY,2025-09-16 02:31:15,Pending
441,44,210,Bank Transfer,4062.59,JPY,2025-08-26 02:31:15,Pending
442,44,189,Bank Transfer,2338.31,USD,2025-01-19 02:31:15,Failed
443,44,290,PayPal,3644.07,JPY,2025-06-24 02:31:15,Successful
444,44,249,Debit Card,2933.73,USD,2025-03-30 02:31:15,Failed
445,44,300,Credit Card,2751.7,USD,2025-09-27 02:31:15,Failed
446,45,245,Credit Card,1506.74,THB,2025-08-24 02:31:15,Pending
447,45,139,Bank Transfer,1934.86,JPY,2025-03-17 02:31:15,Failed
448,45,225,Bank Transfer,493.22,THB,2024-12-02 02:31:15,Failed
449,45,291,Credit Card,974.52,JPY,2025-02-04 02:31:15,Successful
450,45,225,Debit Card,4190.63,USD,2025-06-02 02:31:15,Failed
451,45,177,Bank Transfer,2706.47,THB,2025-06-28 02:31:15,Failed
452,45,266,PayPal,860.09,THB,2025-09-05 02:31:15,Successful
453,45,265,Bank Transfer,3113.12,USD,2025-07-01 02:31:15,Successful
454,45,244,Credit Card,594.39,USD,2025-03-18 02:31:15,Pending
455,45,228,Credit Card,1299.2,USD,2025-04-10 02:31:15,Failed
456,45,283,Debit Card,2744.82,USD,2025-08-22 02:31:15,Pending
457,46,230,PayPal,1247.39,EUR,2025-01-10 02:31:15,Pending
458,46,201,PayPal,1260.83,THB,2024-11-28 02:31:15,Pending
459,46,7,Debit Card,2126.45,EUR,2025-10-01 02:31:15,Pending
460,46,238,Debit Card,3167.37,JPY,2025-01-21 02:31:15,Failed
461,47,197,Credit Card,4864.22,JPY,2025-02-06 02:31:15,Failed
462,47,125,Bank Transfer,2100.47,EUR,2025-04-23 02:31:15,Successful
463,47,219,Bank Transfer,1280.74,THB,2025-06-01 02:31:15,Pending
464,47,267,Debit Card,4048.3,USD,2025-01-18 02:31:15,Failed
465,47,64,Bank Transfer,2830.71,THB,2025-04-17 02:31:15,Successful
466,47,241,PayPal,1096.35,USD,2025-03-16 02:31:15,Failed
467,48,227,Credit Card,2724.61,THB,2025-10-06 02:31:15,Failed
468,48,241,Bank Transfer,3400.99,USD,2025-09-25 02:31:15,Successful
469,48,258,Debit Card,2449.03,EUR,2025-05-30 02:31:15,Successful
470,48,285,Debit Card,4692.08,USD,2025-03-01 02:31:15,Successful
471,48,267,Debit Card,2043.5,THB,2025-01-23 02:31:15,Failed
472,48,284,PayPal,1965.24,EUR,2025-05-28 02:31:15,Failed
473,48,247,PayPal,2612.8,JPY,2025-03-08 02:31:15,Successful
474,48,278,Bank Transfer,3831.98,EUR,2025-07-20 02:31:15,Failed
475,48,289,PayPal,2128.26,THB,2025-08-19 02:31:15,Successful
476,48,272,PayPal,2811.23,JPY,2025-06-03 02:31:15,Successful
477,48,207,Debit Card,1716.34,JPY,2025-01-14 02:31:15,Successful
478,48,157,Bank Transfer,2798.15,EUR,2025-06-23 02:31:15,Failed
479,48,233,Bank Transfer,2358.06,EUR,2025-08-07 02:31:15,Successful
480,48,35,Bank Transfer,1001.83,USD,2025-02-06 02:31:15,Successful
481,48,197,Credit Card,4731.42,USD,2025-10-29 02:31:15,Failed
482,49,39,Debit Card,4228.47,THB,2025-09-28 02:31:15,Pending
483,49,273,Debit Card,144.79,JPY,2025-04-24 02:31:15,Successful
484,49,254,Bank Transfer,3330.49,USD,2025-10-29 02:31:15,Pending
485,49,272,Bank Transfer,158.07,EUR,2025-01-31 02:31:15,Failed
486,49,41,Credit Card,2560.86,JPY,2025-08-02 02:31:15,Successful
487,49,230,Credit Card,2669.49,THB,2025-07-26 02:31:15,Pending
488,49,197,PayPal,4094.55,EUR,2025-04-12 02:31:15,Successful
489,49,294,PayPal,4800.56,JPY,2025-01-16 02:31:15,Successful
490,49,292,Debit Card,1569.88,USD,2024-12-02 02:31:15,Pending
491,49,278,Credit Card,558.15,JPY,2025-04-22 02:31:15,Pending
492,49,211,Bank Transfer,374.96,USD,2024-11-07 02:31:15,Successful
493,49,289,Credit Card,2549.31,JPY,2024-12-06 02:31:15,Failed
494,49,233,Credit Card,4484.48,USD,2025-07-07 02:31:15,Successful
495,49,236,Bank Transfer,1428.37,USD,2024-11-16 02:31:15,Failed
496,50,272,Credit Card,978.84,EUR,2025-10-24 02:31:15,Successful
497,50,101,Debit Card,3786.05,JPY,2025-09-23 02:31:15,Failed
498,50,223,Debit Card,2863.4,JPY,2024-11-20 02:31:15,Pending
499,50,132,PayPal,1980.85,THB,2024-11-14 02:31:15,Pending
500,50,274,Credit Card,2553.88,EUR,2025-10-05 02:31:15,Successful
501,50,253,Bank Transfer,1237.51,USD,2025-05-11 02:31:15,Pending
502,50,281,Bank Transfer,4847.71,EUR,2025-10-17 02:31:15,Pending
503,50,121,PayPal,3939.39,JPY,2025-02-23 02:31:15,Successful
504,51,238,PayPal,2809.88,JPY,2025-03-25 02:31:15,Successful
505,51,295,Bank Transfer,519.9,EUR,2025-06-28 02:31:15,Pending
506,51,198,Credit Card,501.99,THB,2025-04-21 02:31:15,Pending
507,51,285,Debit Card,3724.31,EUR,2025-05-01 02:31:15,Successful
508,51,286,Credit Card,125.46,EUR,2025-03-19 02:31:15,Failed
509,51,201,PayPal,600.93,USD,2025-07-29 02:31:15,Failed
510,51,266,Bank Transfer,2829.23,JPY,2025-09-10 02:31:15,Successful
511,51,206,Credit Card,1834.18,USD,2024-12-31 02:31:15,Pending
512,52,238,PayPal,4332.22,USD,2025-06-05 02:31:15,Failed
513,52,297,Bank Transfer,3917.93,THB,2025-01-13 02:31:15,Pending
514,52,66,Debit Card,3458.05,THB,2025-08-22 02:31:15,Failed
515,52,256,PayPal,1415.19,THB,2025-09-30 02:31:15,Successful
516,52,177,Bank Transfer,1452.21,EUR,2025-02-27 02:31:15,Successful
517,52,210,PayPal,1333.33,THB,2024-12-16 02:31:15,Failed
518,52,166,Debit Card,2343.52,THB,2025-05-30 02:31:15,Successful
519,52,214,Bank Transfer,1727.86,JPY,2025-05-17 02:31:15,Failed
520,52,198,PayPal,2210.02,THB,2025-06-01 02:31:15,Failed
521,52,107,Debit Card,2447.15,THB,2025-04-12 02:31:15,Failed
522,52,165,PayPal,3700.88,JPY,2025-01-11 02:31:15,Successful
523,52,245,PayPal,1942.67,JPY,2025-04-29 02:31:15,Successful
524,53,222,Debit Card,3001.91,THB,2024-11-17 02:31:15,Pending
525,53,123,Credit Card,4769.72,JPY,2024-11-04 02:31:15,Successful
526,53,217,Bank Transfer,4008.66,USD,2025-04-06 02:31:15,Pending
527,53,294,Bank Transfer,781.98,EUR,2025-07-01 02:31:15,Failed
528,53,161,Debit Card,3604.66,JPY,2025-09-25 02:31:15,Failed
529,53,231,Bank Transfer,2953.0,JPY,2025-01-27 02:31:15,Successful
530,53,66,PayPal,3538.01,USD,2025-09-07 02:31:15,Successful
531,53,41,PayPal,915.06,USD,2025-01-17 02:31:15,Pending
532,53,189,Bank Transfer,4837.37,EUR,2025-03-26 02:31:15,Successful
533,53,201,Credit Card,583.17,THB,2025-02-13 02:31:15,Pending
534,53,209,Debit Card,2284.31,JPY,2025-03-09 02:31:15,Pending
535,53,296,Debit Card,1790.34,USD,2025-02-27 02:31:15,Successful
536,54,296,PayPal,2138.28,USD,2025-09-03 02:31:15,Pending
537,54,283,Debit Card,1806.81,EUR,2025-03-13 02:31:15,Successful
538,55,217,Bank Transfer,1806.67,USD,2025-03-22 02:31:15,Pending
539,55,288,Bank Transfer,1662.66,EUR,2025-10-10 02:31:15,Pending
540,55,211,Credit Card,210.67,EUR,2024-12-05 02:31:15,Successful
541,55,212,Debit Card,4656.62,THB,2025-02-10 02:31:15,Successful
542,55,228,Debit Card,1721.85,JPY,2025-03-10 02:31:15,Successful
543,55,271,Bank Transfer,3185.83,THB,2024-12-09 02:31:15,Pending
544,56,256,Bank Transfer,2038.35,THB,2025-03-16 02:31:15,Pending
545,56,35,Bank Transfer,2005.3,THB,2025-07-19 02:31:15,Failed
546,56,177,Credit Card,2929.0,THB,2025-04-28 02:31:15,Failed
547,56,189,Debit Card,2342.0,EUR,2024-11-23 02:31:15,Failed
548,56,259,PayPal,3025.16,JPY,2025-01-05 02:31:15,Successful
549,56,265,PayPal,1824.73,JPY,2024-12-20 02:31:15,Successful
550,56,218,PayPal,4601.54,USD,2024-11-22 02:31:15,Successful
551,56,139,PayPal,677.52,EUR,2025-09-03 02:31:15,Successful
552,56,248,PayPal,3497.84,JPY,2025-04-01 02:31:15,Pending
553,56,228,Debit Card,2916.55,JPY,2025-07-29 02:31:15,Failed
554,56,280,Debit Card,2819.07,JPY,2025-06-07 02:31:15,Successful
555,56,235,Debit Card,1641.44,JPY,2024-12-19 02:31:15,Successful
556,56,270,PayPal,4764.03,JPY,2025-08-24 02:31:15,Successful
557,56,226,Bank Transfer,4822.76,JPY,2025-04-06 02:31:15,Pending
558,56,276,Bank Transfer,2136.59,JPY,2025-02-24 02:31:15,Successful
559,56,202,Credit Card,2870.45,THB,2025-06-05 02:31:15,Successful
560,56,206,PayPal,1201.73,EUR,2025-08-07 02:31:15,Failed
561,56,221,Bank Transfer,2793.66,USD,2025-01-12 02:31:15,Successful
562,57,230,PayPal,3898.05,EUR,2025-01-28 02:31:15,Successful
563,57,221,Bank Transfer,2777.13,JPY,2025-09-10 02:31:15,Pending
564,57,128,Debit Card,1558.77,USD,2025-03-16 02:31:15,Failed
565,57,244,PayPal,4324.78,USD,2025-03-22 02:31:15,Successful
566,57,116,Debit Card,1128.4,EUR,2024-11-03 02:31:15,Pending
567,57,266,Bank Transfer,913.31,THB,2025-07-19 02:31:15,Successful
568,57,35,Credit Card,2893.36,EUR,2024-12-31 02:31:15,Pending
569,57,296,Debit Card,1685.9,EUR,2025-06-06 02:31:15,Pending
570,57,258,PayPal,4766.75,USD,2025-08-24 02:31:15,Failed
571,57,274,Credit Card,4963.18,THB,2024-11-07 02:31:15,Successful
572,57,201,Debit Card,816.59,EUR,2025-06-28 02:31:15,Pending
573,57,268,Bank Transfer,2498.35,EUR,2024-12-15 02:31:15,Failed
574,57,228,Bank Transfer,2314.76,USD,2025-04-09 02:31:15,Pending
575,57,255,PayPal,3504.05,EUR,2025-03-14 02:31:15,Failed
576,57,213,PayPal,2951.58,USD,2025-03-12 02:31:15,Pending
577,57,246,PayPal,4265.52,JPY,2025-07-13 02:31:15,Failed
578,57,268,Debit Card,2524.1,EUR,2025-06-09 02:31:15,Failed
579,57,23,Debit Card,2874.1,JPY,2025-05-10 02:31:15,Pending
580,58,225,Credit Card,325.12,JPY,2025-10-24 02:31:15,Successful
581,58,161,Debit Card,2262.3,USD,2025-03-27 02:31:15,Successful
582,58,104,Debit Card,4422.52,EUR,2025-08-12 02:31:15,Failed
583,58,243,Credit Card,3307.48,EUR,2025-09-20 02:31:15,Failed
584,58,216,Debit Card,353.76,EUR,2024-11-08 02:31:15,Successful
585,59,210,Bank Transfer,3311.88,USD,2025-11-01 02:31:15,Successful
586,59,209,Bank Transfer,481.9,THB,2025-02-09 02:31:15,Pending
587,59,253,Bank Transfer,145.51,EUR,2025-09-01 02:31:15,Failed
588,59,299,Debit Card,2440.73,THB,2025-04-19 02:31:15,Successful
589,59,228,Credit Card,605.69,EUR,2025-06-01 02:31:15,Successful
590,59,270,Bank Transfer,3889.96,THB,2024-12-08 02:31:15,Pending
591,60,35,Debit Card,435.22,USD,2024-12-24 02:31:15,Pending
592,60,205,Debit Card,2256.49,THB,2024-12-15 02:31:15,Pending
593,60,161,Debit Card,4607.48,JPY,2025-07-13 02:31:15,Successful
594,61,277,Credit Card,786.06,USD,2025-01-04 02:31:15,Pending
595,61,244,Bank Transfer,1822.52,JPY,2025-05-24 02:31:15,Successful
596,61,268,Debit Card,1457.14,USD,2025-06-27 02:31:15,Pending
597,61,224,PayPal,3916.95,USD,2024-11-29 02:31:15,Failed
598,61,97,Debit Card,2636.97,THB,2025-04-15 02:31:15,Failed
599,61,177,Credit Card,3940.63,THB,2025-02-21 02:31:15,Failed
600,61,105,Credit Card,1281.3,USD,2025-02-04 02:31:15,Successful
601,61,234,PayPal,4676.23,THB,2025-04-17 02:31:15,Pending
602,61,219,Bank Transfer,1890.52,THB,2025-03-05 02:31:15,Successful
603,61,280,Credit Card,2978.08,USD,2025-06-20 02:31:15,Successful
604,61,243,Credit Card,4620.64,JPY,2025-02-15 02:31:15,Failed
605,62,201,Bank Transfer,2175.52,JPY,2025-09-20 02:31:15,Pending
606,62,271,Debit Card,1459.59,EUR,2025-09-22 02:31:15,Pending
607,62,116,Debit Card,4874.14,THB,2025-01-31 02:31:15,Failed
608,62,206,Bank Transfer,2973.54,USD,2025-05-27 02:31:15,Pending
609,62,139,Bank Transfer,3676.8,THB,2025-10-03 02:31:15,Successful
610,62,189,Credit Card,4630.68,USD,2025-03-14 02:31:15,Pending
611,62,287,Credit Card,1615.52,THB,2025-09-01 02:31:15,Successful
612,62,265,Debit Card,3537.35,THB,2025-02-20 02:31:15,Failed
613,62,290,PayPal,918.12,THB,2025-06-17 02:31:15,Pending
614,63,35,Credit Card,3880.01,USD,2025-05-14 02:31:15,Failed
615,63,284,PayPal,2666.89,EUR,2024-11-02 02:31:15,Pending
616,63,251,Credit Card,2531.12,EUR,2025-10-04 02:31:15,Failed
617,63,256,Debit Card,1901.67,EUR,2025-09-10 02:31:15,Pending
618,63,4,Credit Card,1219.18,USD,2025-10-10 02:31:15,Successful
619,63,266,Debit Card,325.31,EUR,2025-04-19 02:31:15,Successful
620,63,229,Debit Card,4662.68,USD,2025-01-22 02:31:15,Pending
621,63,239,Bank Transfer,1200.13,THB,2025-04-02 02:31:15,Pending
622,63,128,PayPal,1429.16,USD,2025-01-13 02:31:15,Failed
623,63,97,Credit Card,2560.0,USD,2025-08-02 02:31:15,Successful
624,63,220,Credit Card,4774.99,USD,2025-03-08 02:31:15,Failed
625,63,64,PayPal,1703.77,JPY,2025-10-28 02:31:15,Failed
626,63,278,Debit Card,1528.82,EUR,2024-12-18 02:31:15,Successful
627,63,29,Bank Transfer,1904.54,JPY,2025-07-24 02:31:15,Pending
628,63,260,Debit Card,837.78,JPY,2025-10-20 02:31:15,Successful
629,64,210,PayPal,3216.12,USD,2025-05-14 02:31:15,Successful
630,64,267,Bank Transfer,4260.13,EUR,2025-09-09 02:31:15,Successful
631,64,212,Debit Card,2157.1,USD,2025-08-21 02:31:15,Pending
632,64,299,PayPal,555.83,THB,2025-02-08 02:31:15,Failed
633,64,220,PayPal,2346.44,USD,2025-01-08 02:31:15,Successful
634,64,291,Debit Card,3222.36,JPY,2025-09-24 02:31:15,Pending
635,64,280,Credit Card,2231.42,THB,2025-07-03 02:31:15,Failed
636,64,271,PayPal,4269.48,JPY,2024-11-08 02:31:15,Pending
637,64,232,PayPal,1658.48,EUR,2025-07-05 02:31:15,Successful
638,64,272,Debit Card,766.95,USD,2025-08-14 02:31:15,Successful
639,64,281,Debit Card,2302.88,EUR,2025-04-07 02:31:15,Successful
640,64,281,PayPal,4826.71,THB,2025-03-15 02:31:15,Failed
641,65,241,Bank Transfer,1398.54,USD,2025-09-16 02:31:15,Successful
642,65,248,PayPal,4149.29,USD,2025-07-14 02:31:15,Failed
643,66,201,Debit Card,546.94,THB,2025-05-03 02:31:15,Failed
644,66,253,Credit Card,3418.2,EUR,2025-08-04 02:31:15,Successful
645,66,4,Bank Transfer,4287.55,THB,2025-09-14 02:31:15,Failed
646,66,264,Credit Card,4039.09,THB,2025-08-31 02:31:15,Successful
647,66,294,Credit Card,4168.82,THB,2025-08-27 02:31:15,Successful
648,66,128,Bank Transfer,1923.97,USD,2025-01-07 02:31:15,Pending
649,66,161,PayPal,4595.4,USD,2025-10-21 02:31:15,Successful
650,66,256,Debit Card,4522.23,JPY,2025-08-28 02:31:15,Successful
651,66,104,PayPal,700.39,JPY,2025-10-07 02:31:15,Successful
652,66,111,Bank Transfer,4126.26,JPY,2025-02-20 02:31:15,Successful
653,66,244,Bank Transfer,3447.74,THB,2025-05-04 02:31:15,Successful
654,66,275,Debit Card,1447.41,JPY,2025-08-17 02:31:15,Successful
655,66,236,Debit Card,3271.66,JPY,2025-04-05 02:31:15,Pending
656,66,235,Bank Transfer,398.8,EUR,2025-04-19 02:31:15,Successful
657,66,293,Bank Transfer,1077.34,THB,2024-12-14 02:31:15,Pending
658,66,270,Credit Card,4948.08,EUR,2025-03-01 02:31:15,Pending
659,66,273,Bank Transfer,1785.77,EUR,2025-04-17 02:31:15,Failed
660,66,143,Debit Card,227.71,THB,2025-10-17 02:31:15,Failed
661,66,264,Credit Card,4062.4,JPY,2025-02-03 02:31:15,Failed
662,67,273,Debit Card,4872.5,USD,2025-06-28 02:31:15,Pending
663,67,199,Debit Card,1405.98,USD,2025-07-12 02:31:15,Pending
664,67,211,Bank Transfer,1838.54,THB,2025-08-03 02:31:15,Successful
665,67,254,PayPal,4050.43,EUR,2025-01-03 02:31:15,Successful
666,67,297,PayPal,4743.04,THB,2025-01-17 02:31:15,Successful
667,67,242,Bank Transfer,2756.41,THB,2025-02-23 02:31:15,Successful
668,67,261,Credit Card,375.22,THB,2025-10-22 02:31:15,Pending
669,67,291,Bank Transfer,103.35,THB,2025-08-27 02:31:15,Failed
670,67,247,Debit Card,4602.03,EUR,2025-10-02 02:31:15,Successful
671,67,296,Debit Card,2974.38,THB,2025-09-06 02:31:15,Pending
672,67,258,PayPal,4806.74,EUR,2024-11-06 02:31:15,Pending
673,67,217,Bank Transfer,2971.48,EUR,2025-05-31 02:31:15,Failed
674,67,224,Debit Card,4881.72,JPY,2024-12-09 02:31:15,Failed
675,67,261,PayPal,953.59,EUR,2025-07-10 02:31:15,Pending
676,67,281,Debit Card,1954.08,EUR,2025-08-28 02:31:15,Successful
677,68,252,Credit Card,4749.06,JPY,2025-01-15 02:31:15,Successful
678,68,95,Debit Card,3051.7,THB,2024-12-09 02:31:15,Pending
679,68,296,Credit Card,4689.77,THB,2025-05-16 02:31:15,Pending
680,68,217,Credit Card,1266.18,EUR,2025-08-08 02:31:15,Pending
681,68,247,Credit Card,4126.14,EUR,2025-03-18 02:31:15,Successful
682,68,246,PayPal,1127.45,USD,2025-05-06 02:31:15,Failed
683,68,203,Credit Card,3630.03,USD,2025-04-18 02:31:15,Failed
684,69,202,Bank Transfer,4848.6,JPY,2025-02-22 02:31:15,Failed
685,69,257,PayPal,2775.52,USD,2025-03-01 02:31:15,Pending
686,69,189,Debit Card,897.02,USD,2025-10-15 02:31:15,Failed
687,69,236,Credit Card,1661.71,USD,2025-09-25 02:31:15,Failed
688,69,260,Debit Card,4450.86,THB,2025-09-24 02:31:15,Pending
689,69,240,Credit Card,1755.96,JPY,2024-11-06 02:31:15,Successful
690,70,286,Bank Transfer,4717.97,THB,2024-12-26 02:31:15,Failed
691,70,254,Debit Card,362.42,EUR,2025-07-19 02:31:15,Successful
692,70,228,Bank Transfer,3516.26,EUR,2024-11-28 02:31:15,Failed
693,70,237,PayPal,1263.99,USD,2025-04-14 02:31:15,Pending
694,70,299,Bank Transfer,852.59,EUR,2025-10-31 02:31:15,Failed
695,70,107,Credit Card,1543.29,JPY,2025-07-22 02:31:15,Successful
696,70,244,Credit Card,1114.07,EUR,2025-09-21 02:31:15,Failed
697,70,278,Credit Card,1610.93,JPY,2025-03-05 02:31:15,Failed
698,70,222,PayPal,546.57,JPY,2025-07-30 02:31:15,Failed
699,71,287,Bank Transfer,1910.07,JPY,2025-10-10 02:31:15,Failed
700,71,105,Bank Transfer,2378.78,THB,2025-06-17 02:31:15,Pending
701,71,247,Credit Card,840.54,USD,2025-09-19 02:31:15,Pending
702,71,249,PayPal,4060.08,JPY,2025-01-04 02:31:15,Successful
703,71,266,Credit Card,4219.91,JPY,2025-01-31 02:31:15,Pending
704,71,228,Bank Transfer,2906.3,THB,2025-03-03 02:31:15,Failed
705,71,165,Credit Card,2034.54,USD,2025-02-17 02:31:15,Pending
706,71,266,Debit Card,689.38,JPY,2025-08-05 02:31:15,Successful
707,71,278,Debit Card,4061.46,THB,2025-10-11 02:31:15,Failed
708,71,231,Credit Card,4942.57,JPY,2025-07-21 02:31:15,Pending
709,71,279,Debit Card,4187.13,EUR,2025-05-22 02:31:15,Pending
710,71,7,Credit Card,526.43,JPY,2025-01-23 02:31:15,Failed
711,71,123,PayPal,2646.47,USD,2024-11-08 02:31:15,Pending
712,72,148,Bank Transfer,651.34,THB,2025-08-18 02:31:15,Pending
713,72,210,Credit Card,4632.15,USD,2025-06-08 02:31:15,Pending
714,72,97,PayPal,4401.68,EUR,2025-04-19 02:31:15,Pending
715,72,230,Bank Transfer,2902.91,JPY,2025-10-13 02:31:15,Successful
716,72,273,PayPal,2074.57,JPY,2025-10-13 02:31:15,Failed
717,72,246,PayPal,3483.52,USD,2025-03-03 02:31:15,Failed
718,72,207,PayPal,199.14,EUR,2025-05-26 02:31:15,Failed
719,72,208,Bank Transfer,4305.35,USD,2025-07-08 02:31:15,Successful
720,73,24,PayPal,4873.68,JPY,2025-05-21 02:31:15,Failed
721,73,256,Bank Transfer,3064.4,USD,2025-07-28 02:31:15,Failed
722,73,270,Debit Card,4575.82,JPY,2025-02-26 02:31:15,Pending
723,73,259,PayPal,4122.99,THB,2025-09-29 02:31:15,Failed
724,73,221,Bank Transfer,764.68,USD,2025-08-05 02:31:15,Successful
725,73,107,Debit Card,4201.19,THB,2025-10-16 02:31:15,Failed
726,73,39,Credit Card,4598.35,THB,2025-06-14 02:31:15,Failed
727,73,280,Bank Transfer,2575.12,USD,2024-11-18 02:31:15,Successful
728,73,199,Debit Card,1925.09,JPY,2025-08-03 02:31:15,Failed
729,74,197,PayPal,1786.82,EUR,2024-11-14 02:31:15,Successful
730,74,210,PayPal,234.51,USD,2025-08-10 02:31:15,Pending
731,74,24,Debit Card,4299.84,THB,2024-11-20 02:31:15,Successful
732,74,277,PayPal,3292.78,USD,2024-11-17 02:31:15,Successful
733,74,270,Bank Transfer,4566.43,THB,2024-12-29 02:31:15,Successful
734,74,297,Debit Card,1336.71,EUR,2024-11-02 02:31:15,Pending
735,74,242,PayPal,2176.65,JPY,2025-05-07 02:31:15,Failed
736,74,288,PayPal,1169.22,EUR,2024-11-20 02:31:15,Pending
737,74,128,Bank Transfer,2963.99,USD,2025-02-13 02:31:15,Pending
738,74,217,PayPal,2851.14,EUR,2025-06-02 02:31:15,Pending
739,74,157,Credit Card,2460.52,EUR,2025-06-13 02:31:15,Pending
740,74,203,PayPal,4321.31,EUR,2024-12-01 02:31:15,Pending
741,74,296,PayPal,1022.96,THB,2025-10-03 02:31:15,Pending
742,75,201,Bank Transfer,3336.6,THB,2025-10-19 02:31:15,Pending
743,75,111,Bank Transfer,4987.6,EUR,2025-04-01 02:31:15,Failed
744,75,298,Bank Transfer,3709.99,THB,2025-05-10 02:31:15,Pending
745,75,289,Debit Card,3462.96,JPY,2024-11-23 02:31:15,Failed
746,75,244,PayPal,4242.55,THB,2025-06-04 02:31:15,Successful
747,75,132,Bank Transfer,726.93,EUR,2025-01-19 02:31:15,Successful
748,76,213,PayPal,3306.73,THB,2025-05-04 02:31:15,Successful
749,76,23,PayPal,2160.32,EUR,2025-04-25 02:31:15,Failed
750,76,299,PayPal,2372.43,USD,2025-03-06 02:31:15,Successful
751,77,153,Credit Card,2413.88,THB,2025-02-18 02:31:15,Successful
752,77,204,Bank Transfer,2696.21,JPY,2025-10-05 02:31:15,Successful
753,77,216,Debit Card,4962.5,EUR,2025-04-06 02:31:15,Pending
754,77,69,Bank Transfer,801.8,THB,2025-09-21 02:31:15,Failed
755,77,276,PayPal,3192.06,THB,2025-05-25 02:31:15,Pending
756,77,177,Credit Card,123.1,EUR,2025-07-17 02:31:15,Successful
757,77,220,Debit Card,2498.93,USD,2025-08-27 02:31:15,Pending
758,77,229,Bank Transfer,3204.09,JPY,2025-03-27 02:31:15,Failed
759,78,253,Bank Transfer,122.88,THB,2025-04-24 02:31:15,Successful
760,78,298,PayPal,3808.55,THB,2025-10-23 02:31:15,Pending
761,78,201,Credit Card,3170.77,THB,2025-07-09 02:31:15,Pending
762,79,256,PayPal,1629.25,USD,2025-04-19 02:31:15,Pending
763,79,223,PayPal,918.4,USD,2025-06-02 02:31:15,Failed
764,79,35,Bank Transfer,3666.38,EUR,2025-03-24 02:31:15,Pending
765,79,235,Debit Card,1779.39,JPY,2025-05-02 02:31:15,Successful
766,79,269,Debit Card,4745.61,JPY,2025-10-23 02:31:15,Successful
767,79,261,Debit Card,3663.13,THB,2025-07-16 02:31:15,Pending
768,79,262,Credit Card,2989.49,THB,2025-08-30 02:31:15,Failed
769,79,197,Credit Card,1938.44,EUR,2025-02-01 02:31:15,Pending
770,79,252,Credit Card,3010.23,USD,2024-11-28 02:31:15,Successful
771,79,66,Credit Card,336.35,USD,2025-04-02 02:31:15,Failed
772,79,258,Bank Transfer,705.62,EUR,2025-03-04 02:31:15,Pending
773,79,277,Debit Card,1106.93,USD,2025-05-31 02:31:15,Failed
774,79,223,Credit Card,3346.17,EUR,2024-12-18 02:31:15,Pending
775,79,236,Debit Card,2152.25,USD,2025-02-13 02:31:15,Pending
776,79,64,Credit Card,1485.26,USD,2025-02-20 02:31:15,Successful
777,79,95,Debit Card,3912.0,THB,2025-05-02 02:31:15,Pending
778,79,228,Bank Transfer,1547.22,USD,2025-01-25 02:31:15,Failed
779,79,105,Debit Card,3472.2,JPY,2025-05-16 02:31:15,Successful
780,79,111,Credit Card,162.47,USD,2025-09-06 02:31:15,Pending
781,79,121,Bank Transfer,830.81,USD,2025-02-13 02:31:15,Successful
782,79,225,Credit Card,4533.42,THB,2025-03-13 02:31:15,Failed
783,79,29,PayPal,2374.96,USD,2025-08-04 02:31:15,Successful
784,79,210,PayPal,1865.05,EUR,2025-03-28 02:31:15,Pending
785,79,189,Credit Card,565.49,USD,2025-10-28 02:31:15,Successful
786,79,288,Debit Card,1710.44,JPY,2024-12-18 02:31:15,Failed
787,79,290,Credit Card,1925.85,EUR,2025-07-31 02:31:15,Successful
788,79,207,Bank Transfer,2061.23,JPY,2025-06-15 02:31:15,Failed
789,79,299,Bank Transfer,4019.51,THB,2025-09-05 02:31:15,Successful
790,79,221,Credit Card,4909.69,THB,2025-09-09 02:31:15,Failed
791,79,238,Bank Transfer,4031.1,JPY,2025-08-01 02:31:15,Pending
792,79,287,Bank Transfer,3917.91,USD,2024-11-16 02:31:15,Pending
793,80,277,Debit Card,2467.09,JPY,2025-09-05 02:31:15,Failed
794,80,221,Bank Transfer,325.26,EUR,2024-12-01 02:31:15,Failed
795,80,256,Credit Card,3552.38,THB,2024-11-24 02:31:15,Failed
796,80,166,Credit Card,2220.95,THB,2025-02-28 02:31:15,Failed
797,80,233,Bank Transfer,828.41,USD,2025-10-27 02:31:15,Pending
798,80,271,Debit Card,2577.28,JPY,2025-02-21 02:31:15,Successful
799,81,228,Credit Card,3782.01,EUR,2025-07-01 02:31:15,Failed
800,81,281,PayPal,346.72,THB,2025-01-24 02:31:15,Pending
801,81,64,Bank Transfer,2076.06,THB,2025-09-22 02:31:15,Failed
802,81,253,Bank Transfer,4026.18,JPY,2025-09-17 02:31:15,Failed
803,81,235,Bank Transfer,1648.7,JPY,2024-12-02 02:31:15,Successful
804,81,265,Credit Card,2076.85,USD,2025-01-20 02:31:15,Pending
805,81,250,Credit Card,4146.95,EUR,2025-02-14 02:31:15,Pending
806,81,255,Debit Card,3307.52,JPY,2025-05-11 02:31:15,Failed
807,81,39,Credit Card,4101.28,JPY,2025-05-16 02:31:15,Pending
808,81,248,Bank Transfer,3611.62,EUR,2025-03-15 02:31:15,Successful
809,81,217,Credit Card,3820.67,THB,2025-10-31 02:31:15,Failed
810,82,208,PayPal,4166.43,EUR,2025-01-25 02:31:15,Pending
811,82,254,PayPal,3540.27,USD,2025-08-09 02:31:15,Failed
812,82,166,Debit Card,4127.01,JPY,2025-09-08 02:31:15,Failed
813,82,199,Debit Card,1018.96,JPY,2025-07-14 02:31:15,Failed
814,82,111,Debit Card,3612.26,USD,2025-04-03 02:31:15,Successful
815,82,234,Credit Card,3883.51,JPY,2025-03-12 02:31:15,Pending
816,82,227,Debit Card,4822.89,USD,2025-02-03 02:31:15,Pending
817,82,254,Credit Card,2810.81,JPY,2025-01-06 02:31:15,Failed
818,83,228,Debit Card,3489.91,THB,2025-08-28 02:31:15,Successful
819,83,189,Bank Transfer,3321.86,EUR,2025-02-16 02:31:15,Failed
820,83,256,Bank Transfer,4899.55,THB,2025-06-14 02:31:15,Failed
821,83,223,PayPal,4855.41,JPY,2025-08-25 02:31:15,Successful
822,83,248,Bank Transfer,3052.37,EUR,2024-11-07 02:31:15,Pending
823,83,201,PayPal,3588.18,THB,2025-07-22 02:31:15,Successful
824,83,213,PayPal,3464.4,THB,2024-11-03 02:31:15,Pending
825,84,218,Debit Card,2569.08,EUR,2024-11-03 02:31:15,Successful
826,84,264,PayPal,2855.17,JPY,2024-11-21 02:31:15,Pending
827,84,140,PayPal,4399.64,JPY,2025-10-26 02:31:15,Pending
828,84,177,Credit Card,223.83,THB,2025-10-05 02:31:15,Pending
829,84,55,Credit Card,1079.52,THB,2025-06-08 02:31:15,Pending
830,84,104,PayPal,817.5,USD,2024-11-13 02:31:15,Failed
831,84,188,Debit Card,3792.61,USD,2025-05-02 02:31:15,Failed
832,84,222,Credit Card,3118.93,THB,2024-12-05 02:31:15,Pending
833,84,297,Bank Transfer,1264.22,EUR,2024-11-12 02:31:15,Pending
834,84,300,Credit Card,4639.78,JPY,2025-04-02 02:31:15,Pending
835,84,123,PayPal,4832.58,USD,2025-10-26 02:31:15,Pending
836,84,260,PayPal,1095.13,JPY,2025-07-09 02:31:15,Pending
837,84,260,PayPal,3800.03,THB,2025-07-25 02:31:15,Failed
838,85,247,Bank Transfer,969.39,USD,2025-07-29 02:31:15,Successful
839,85,245,Credit Card,1948.27,JPY,2025-06-12 02:31:15,Pending
840,85,72,PayPal,737.33,EUR,2025-10-30 02:31:15,Failed
841,85,285,Bank Transfer,3577.48,THB,2025-10-12 02:31:15,Successful
842,85,35,PayPal,3024.71,EUR,2025-02-23 02:31:15,Pending
843,85,140,PayPal,457.12,EUR,2025-02-05 02:31:15,Successful
844,85,253,Debit Card,2650.97,THB,2025-04-03 02:31:15,Pending
845,86,251,Bank Transfer,550.53,THB,2025-07-15 02:31:15,Pending
846,86,299,PayPal,1722.23,EUR,2025-07-13 02:31:15,Pending
847,86,4,Bank Transfer,4983.49,USD,2025-09-04 02:31:15,Pending
848,87,233,PayPal,2283.77,THB,2025-10-12 02:31:15,Pending
849,87,280,PayPal,1968.73,USD,2025-04-18 02:31:15,Failed
850,87,223,PayPal,221.06,EUR,2025-02-11 02:31:15,Pending
851,87,81,Bank Transfer,2485.34,EUR,2024-12-03 02:31:15,Successful
852,87,201,PayPal,2618.08,USD,2025-08-08 02:31:15,Pending
853,87,217,Credit Card,3171.97,THB,2024-11-23 02:31:15,Pending
854,88,242,Debit Card,4338.26,JPY,2025-09-09 02:31:15,Successful
855,88,4,Bank Transfer,3268.15,USD,2024-11-15 02:31:15,Successful
856,88,244,Credit Card,2350.2,EUR,2025-10-13 02:31:15,Successful
857,88,228,Credit Card,365.91,EUR,2025-01-20 02:31:15,Successful
858,89,278,Debit Card,4563.83,JPY,2025-04-17 02:31:15,Failed
859,89,246,Bank Transfer,2221.82,USD,2025-04-16 02:31:15,Pending
860,89,284,Credit Card,2720.69,USD,2025-01-06 02:31:15,Successful
861,89,300,Credit Card,1852.73,USD,2025-06-06 02:31:15,Pending
862,89,273,PayPal,3072.17,EUR,2025-03-22 02:31:15,Failed
863,89,217,Bank Transfer,4128.4,USD,2025-03-04 02:31:15,Successful
864,89,226,Debit Card,768.27,JPY,2025-01-26 02:31:15,Failed
865,89,296,Debit Card,1560.48,EUR,2025-10-27 02:31:15,Pending
866,89,242,Debit Card,703.85,USD,2025-01-12 02:31:15,Pending
867,89,226,Bank Transfer,2732.05,USD,2025-05-29 02:31:15,Successful
868,89,220,PayPal,1137.51,THB,2025-08-11 02:31:15,Successful
869,89,101,Debit Card,3122.74,EUR,2025-07-25 02:31:15,Successful
870,90,127,Debit Card,3387.79,USD,2025-01-24 02:31:15,Failed
871,90,261,Credit Card,1524.2,USD,2025-06-26 02:31:15,Successful
872,90,287,Debit Card,3655.39,JPY,2025-05-16 02:31:15,Failed
873,90,207,Debit Card,3389.35,THB,2025-09-11 02:31:15,Failed
874,90,229,Credit Card,4510.58,EUR,2025-02-26 02:31:15,Failed
875,90,281,PayPal,3120.08,EUR,2024-11-11 02:31:15,Pending
876,90,289,Debit Card,2871.2,EUR,2025-05-24 02:31:15,Failed
877,90,300,Debit Card,123.68,THB,2025-07-11 02:31:15,Pending
878,90,247,Bank Transfer,1455.73,EUR,2025-08-25 02:31:15,Pending
879,90,290,PayPal,4401.64,JPY,2025-03-18 02:31:15,Failed
880,90,262,PayPal,2486.16,USD,2025-08-04 02:31:15,Pending
881,90,166,Credit Card,4224.79,THB,2025-01-30 02:31:15,Successful
882,90,299,PayPal,3694.37,USD,2025-09-24 02:31:15,Successful
883,90,242,Credit Card,4081.95,JPY,2025-01-03 02:31:15,Successful
884,91,276,Credit Card,2802.81,JPY,2024-12-02 02:31:15,Successful
885,91,201,PayPal,2023.24,EUR,2025-08-25 02:31:15,Failed
886,91,246,Credit Card,2044.25,USD,2024-11-27 02:31:15,Successful
887,91,153,Debit Card,3810.31,THB,2025-03-18 02:31:15,Successful
888,91,246,Debit Card,2875.15,THB,2025-02-27 02:31:15,Failed
889,91,198,Credit Card,1172.21,JPY,2025-07-06 02:31:15,Successful
890,91,221,PayPal,1910.23,USD,2024-11-24 02:31:15,Successful
891,91,218,PayPal,2001.66,JPY,2025-10-09 02:31:15,Successful
892,91,268,PayPal,605.8,EUR,2025-06-20 02:31:15,Pending
893,91,7,Debit Card,1945.63,JPY,2025-04-28 02:31:15,Pending
894,91,197,Credit Card,2631.65,JPY,2025-07-10 02:31:15,Pending
895,91,128,Bank Transfer,1829.2,EUR,2025-02-25 02:31:15,Failed
896,91,156,Credit Card,2559.0,THB,2025-03-21 02:31:15,Successful
897,92,211,Debit Card,477.73,EUR,2025-07-16 02:31:15,Successful
898,92,157,Debit Card,871.05,USD,2024-11-28 02:31:15,Successful
899,92,97,Bank Transfer,4074.75,USD,2025-02-28 02:31:15,Pending
900,92,291,Bank Transfer,2447.2,THB,2024-12-05 02:31:15,Failed
901,92,225,Credit Card,1293.98,THB,2025-01-12 02:31:15,Pending
902,92,72,Debit Card,760.15,USD,2025-01-12 02:31:15,Successful
903,92,235,Credit Card,915.07,THB,2025-02-10 02:31:15,Failed
904,92,37,Credit Card,4404.69,EUR,2025-09-19 02:31:15,Successful
905,92,140,Bank Transfer,3071.98,JPY,2025-02-28 02:31:15,Successful
906,92,41,Debit Card,4168.78,THB,2025-01-07 02:31:15,Successful
907,92,211,PayPal,921.84,EUR,2025-03-14 02:31:15,Pending
908,92,37,Credit Card,1226.09,JPY,2025-08-26 02:31:15,Successful
909,93,267,Credit Card,1091.51,JPY,2025-08-17 02:31:15,Pending
910,93,209,Credit Card,969.37,USD,2025-02-02 02:31:15,Pending
911,93,166,Credit Card,556.63,THB,2024-12-28 02:31:15,Pending
912,93,97,Credit Card,4495.15,JPY,2025-02-07 02:31:15,Failed
913,94,95,PayPal,4386.64,JPY,2025-07-07 02:31:15,Failed
914,94,107,Bank Transfer,1817.54,USD,2025-03-29 02:31:15,Successful
915,95,264,PayPal,2437.99,THB,2025-09-20 02:31:15,Failed
916,95,275,Bank Transfer,1363.24,USD,2024-11-03 02:31:15,Pending
917,95,208,Credit Card,2932.14,USD,2025-02-08 02:31:15,Successful
918,95,233,Bank Transfer,3307.28,EUR,2025-04-06 02:31:15,Failed
919,95,283,Credit Card,858.42,EUR,2025-06-21 02:31:15,Pending
920,95,201,Bank Transfer,2866.88,EUR,2024-11-18 02:31:15,Failed
921,95,285,Debit Card,2124.82,JPY,2025-08-02 02:31:15,Failed
922,96,35,Bank Transfer,1343.51,EUR,2025-01-10 02:31:15,Failed
923,96,258,Bank Transfer,3705.33,USD,2025-07-07 02:31:15,Failed
924,96,230,Debit Card,591.37,JPY,2025-05-12 02:31:15,Pending
925,96,210,Credit Card,887.62,USD,2025-09-16 02:31:15,Successful
926,96,177,Bank Transfer,4636.72,JPY,2025-09-17 02:31:15,Successful
927,96,257,PayPal,1186.67,USD,2024-12-25 02:31:15,Successful
928,96,296,Bank Transfer,4660.36,JPY,2024-12-22 02:31:15,Pending
929,96,229,PayPal,3586.87,USD,2025-08-04 02:31:15,Pending
930,97,268,Bank Transfer,2250.96,THB,2024-11-30 02:31:15,Pending
931,97,222,PayPal,1054.26,THB,2024-12-22 02:31:15,Successful
932,97,300,Credit Card,1862.73,USD,2025-08-13 02:31:15,Successful
933,97,255,PayPal,3920.4,EUR,2024-11-24 02:31:15,Failed
934,97,297,Bank Transfer,2971.79,USD,2024-11-06 02:31:15,Successful
935,97,244,Credit Card,2793.0,EUR,2025-05-08 02:31:15,Failed
936,97,21,Debit Card,3071.18,THB,2025-03-14 02:31:15,Failed
937,97,123,Credit Card,1379.43,JPY,2025-02-15 02:31:15,Successful
938,97,236,Credit Card,2565.53,EUR,2025-09-03 02:31:15,Pending
939,97,273,PayPal,4392.95,EUR,2024-11-11 02:31:15,Failed
940,98,259,Bank Transfer,2859.53,THB,2025-05-12 02:31:15,Failed
941,98,293,Bank Transfer,4492.97,USD,2025-02-28 02:31:15,Successful
942,98,230,PayPal,431.02,THB,2024-11-20 02:31:15,Pending
943,98,221,Debit Card,4020.79,JPY,2025-05-05 02:31:15,Pending
944,98,95,Credit Card,3534.01,EUR,2025-06-27 02:31:15,Failed
945,98,229,Credit Card,2054.76,EUR,2025-09-24 02:31:15,Pending
946,98,295,Debit Card,2435.12,EUR,2025-07-13 02:31:15,Pending
947,98,256,PayPal,995.64,THB,2025-02-19 02:31:15,Pending
948,98,206,Debit Card,1250.82,THB,2025-06-19 02:31:15,Successful
949,98,250,Debit Card,1093.56,THB,2024-12-20 02:31:15,Failed
950,98,227,Debit Card,3916.8,USD,2025-09-22 02:31:15,Pending
951,98,123,Bank Transfer,3107.75,USD,2025-02-28 02:31:15,Failed
952,98,251,PayPal,2512.47,EUR,2025-02-23 02:31:15,Successful
953,98,231,PayPal,2049.61,THB,2025-10-05 02:31:15,Pending
954,98,105,Bank Transfer,2443.77,USD,2025-02-17 02:31:15,Failed
955,98,290,Bank Transfer,4315.96,THB,2025-03-12 02:31:15,Successful
956,98,206,Bank Transfer,1646.69,USD,2025-10-26 02:31:15,Pending
957,98,245,Debit Card,1959.2,USD,2025-05-19 02:31:15,Failed
958,98,237,PayPal,1017.05,EUR,2025-07-03 02:31:15,Failed
959,98,256,Bank Transfer,4796.78,EUR,2025-04-28 02:31:15,Successful
960,98,294,Bank Transfer,2177.32,JPY,2024-11-08 02:31:15,Failed
961,99,198,PayPal,4286.2,EUR,2025-03-16 02:31:15,Successful
962,99,226,Debit Card,4898.44,THB,2025-09-11 02:31:15,Pending
963,99,201,PayPal,4040.03,JPY,2025-04-20 02:31:15,Successful
964,99,286,Debit Card,4020.18,THB,2025-03-04 02:31:15,Successful
965,99,281,Debit Card,2165.45,THB,2024-12-14 02:31:15,Pending
966,99,258,PayPal,3948.13,EUR,2025-06-26 02:31:15,Pending
967,99,197,Credit Card,2052.17,THB,2025-10-02 02:31:15,Successful
968,99,213,PayPal,2435.04,USD,2025-03-16 02:31:15,Pending
969,99,224,PayPal,1372.87,EUR,2025-01-19 02:31:15,Pending
970,99,299,PayPal,1786.29,JPY,2025-08-31 02:31:15,Failed
971,99,261,Debit Card,2926.58,THB,2025-06-09 02:31:15,Failed
972,99,66,PayPal,3398.64,JPY,2025-03-18 02:31:15,Successful
973,99,298,Bank Transfer,3106.95,JPY,2024-12-13 02:31:15,Successful
974,99,209,Debit Card,3238.85,EUR,2025-03-31 02:31:15,Pending
975,99,225,Bank Transfer,4259.61,USD,2025-09-22 02:31:15,Successful
976,99,69,PayPal,1218.27,EUR,2024-12-02 02:31:15,Failed
977,100,269,PayPal,3066.39,JPY,2025-06-16 02:31:15,Failed
978,100,217,PayPal,3764.69,JPY,2025-04-04 02:31:15,Successful
979,100,69,Debit Card,4285.64,THB,2025-07-04 02:31:15,Pending
980,101,254,PayPal,4708.14,USD,2025-07-17 02:31:15,Successful
981,101,289,Bank Transfer,604.75,USD,2025-03-04 02:31:15,Pending
982,101,197,Credit Card,229.19,JPY,2025-02-06 02:31:15,Successful
983,101,270,Credit Card,1386.02,THB,2025-09-19 02:31:15,Pending
984,101,272,Bank Transfer,1615.92,THB,2025-06-09 02:31:15,Failed
985,101,204,Debit Card,743.26,THB,2025-10-18 02:31:15,Successful
986,101,255,PayPal,4315.81,EUR,2025-03-03 02:31:15,Failed
987,102,228,PayPal,2787.87,THB,2024-11-09 02:31:15,Pending
988,102,288,Debit Card,2995.07,JPY,2024-12-13 02:31:15,Pending
989,103,294,Bank Transfer,2664.95,EUR,2025-05-08 02:31:15,Failed
990,103,235,Debit Card,4043.07,JPY,2025-05-28 02:31:15,Failed
991,103,253,Bank Transfer,1373.05,EUR,2025-10-27 02:31:15,Successful
992,103,283,Debit Card,1785.04,JPY,2025-02-01 02:31:15,Successful
993,103,101,Bank Transfer,4740.09,JPY,2025-06-01 02:31:15,Successful
994,103,249,Bank Transfer,4010.03,THB,2025-10-29 02:31:15,Pending
995,103,281,PayPal,1024.0,JPY,2025-04-13 02:31:15,Successful
996,103,37,Debit Card,3603.2,JPY,2025-04-22 02:31:15,Successful
997,103,291,PayPal,488.13,THB,2025-02-10 02:31:15,Pending
998,104,234,PayPal,1494.92,EUR,2025-04-04 02:31:15,Successful
999,104,277,Credit Card,993.8,EUR,2025-09-06 02:31:15,Pending
1000,104,223,Bank Transfer,3126.87,EUR,2024-11-08 02:31:15,Pending
1001,104,254,Bank Transfer,1020.17,USD,2025-08-16 02:31:15,Successful
1002,104,256,Credit Card,1011.09,USD,2025-06-10 02:31:15,Failed
1003,104,299,Debit Card,3604.46,USD,2025-07-05 02:31:15,Successful
1004,104,296,Debit Card,172.15,THB,2025-05-10 02:31:15,Failed
1005,104,223,PayPal,3950.05,JPY,2025-04-25 02:31:15,Failed
1006,104,252,Credit Card,1718.22,THB,2025-10-04 02:31:15,Failed
1007,104,225,Bank Transfer,449.79,JPY,2025-08-01 02:31:15,Successful
1008,104,235,PayPal,4104.53,USD,2025-08-31 02:31:15,Pending
1009,104,139,Debit Card,1985.51,JPY,2025-06-28 02:31:15,Pending
1010,104,233,Credit Card,1075.98,USD,2025-02-08 02:31:15,Pending
1011,104,281,Debit Card,2416.85,EUR,2025-05-20 02:31:15,Successful
1012,104,279,Credit Card,3749.15,USD,2025-06-25 02:31:15,Failed
1013,105,143,PayPal,1073.75,USD,2024-11-25 02:31:15,Successful
1014,105,246,Credit Card,1256.23,JPY,2025-05-19 02:31:15,Successful
1015,105,229,Debit Card,3992.51,USD,2025-04-13 02:31:15,Successful
1016,105,273,Credit Card,4847.29,JPY,2024-11-14 02:31:15,Pending
1017,105,95,Debit Card,1919.85,USD,2025-06-27 02:31:15,Successful
1018,105,289,Bank Transfer,547.87,EUR,2024-12-16 02:31:15,Successful
1019,105,7,Credit Card,1842.04,THB,2024-11-07 02:31:15,Pending
1020,105,39,Credit Card,716.55,THB,2025-05-23 02:31:15,Pending
1021,105,266,PayPal,4047.07,JPY,2025-07-26 02:31:15,Successful
1022,105,251,Bank Transfer,1855.02,THB,2025-06-26 02:31:15,Successful
1023,105,204,Bank Transfer,3562.47,EUR,2025-01-28 02:31:15,Pending
1024,105,161,Bank Transfer,1029.9,THB,2025-01-27 02:31:15,Failed
1025,105,239,PayPal,3688.77,EUR,2024-12-30 02:31:15,Pending
1026,105,217,Debit Card,437.5,THB,2025-03-16 02:31:15,Failed
1027,106,201,PayPal,2753.87,JPY,2025-11-01 02:31:15,Pending
1028,106,252,Bank Transfer,3694.92,USD,2024-12-19 02:31:15,Failed
1029,106,273,Debit Card,1671.4,USD,2024-11-29 02:31:15,Pending
1030,107,254,Bank Transfer,1030.36,JPY,2025-01-23 02:31:15,Successful
1031,107,294,PayPal,1680.74,EUR,2025-09-06 02:31:15,Successful
1032,107,294,Credit Card,314.51,THB,2025-08-02 02:31:15,Successful
1033,107,286,Debit Card,624.57,THB,2025-09-12 02:31:15,Successful
1034,107,260,Bank Transfer,3323.81,EUR,2025-10-07 02:31:15,Failed
1035,108,97,Debit Card,3069.17,USD,2025-10-26 02:31:15,Successful
1036,108,270,Bank Transfer,4649.18,USD,2025-03-07 02:31:15,Pending
1037,108,29,Credit Card,1868.54,JPY,2025-04-27 02:31:15,Pending
1038,108,295,Credit Card,4135.85,EUR,2025-02-04 02:31:15,Successful
1039,109,128,Credit Card,4188.84,USD,2025-07-14 02:31:15,Pending
1040,109,201,Credit Card,596.0,THB,2025-02-02 02:31:15,Failed
1041,109,226,Debit Card,1046.29,THB,2025-01-14 02:31:15,Pending
1042,109,299,Debit Card,2836.28,JPY,2025-09-08 02:31:15,Pending
1043,109,228,PayPal,3405.01,JPY,2025-09-09 02:31:15,Successful
1044,109,275,Debit Card,2794.83,EUR,2024-11-30 02:31:15,Successful
1045,109,217,Bank Transfer,4674.25,EUR,2025-01-24 02:31:15,Failed
1046,109,276,PayPal,2120.48,JPY,2025-05-20 02:31:15,Pending
1047,109,258,Debit Card,2859.41,THB,2025-04-23 02:31:15,Pending
1048,109,217,PayPal,1864.04,JPY,2025-03-17 02:31:15,Failed
1049,110,219,Credit Card,3658.94,EUR,2024-12-31 02:31:15,Successful
1050,110,7,Debit Card,4967.72,EUR,2025-10-29 02:31:15,Failed
1051,110,139,Debit Card,1152.63,EUR,2025-10-21 02:31:15,Pending
1052,110,127,PayPal,4603.65,THB,2025-09-14 02:31:15,Successful
1053,110,198,Bank Transfer,1842.71,THB,2025-06-19 02:31:15,Failed
1054,110,156,Debit Card,1241.67,EUR,2025-09-15 02:31:15,Pending
1055,110,254,Bank Transfer,2888.42,THB,2025-09-23 02:31:15,Pending
1056,111,35,PayPal,3985.23,THB,2025-02-25 02:31:15,Pending
1057,111,64,Credit Card,3016.63,EUR,2025-10-13 02:31:15,Pending
1058,111,262,Bank Transfer,484.54,USD,2025-05-14 02:31:15,Failed
1059,111,276,Bank Transfer,2140.96,USD,2025-07-08 02:31:15,Pending
1060,111,277,Credit Card,3206.05,JPY,2025-10-05 02:31:15,Failed
1061,111,262,Credit Card,1664.65,THB,2025-05-18 02:31:15,Pending
1062,111,242,Debit Card,850.67,JPY,2025-03-18 02:31:15,Pending
1063,111,233,Credit Card,1188.22,EUR,2025-04-14 02:31:15,Successful
1064,111,239,Debit Card,1747.22,JPY,2025-01-13 02:31:15,Pending
1065,111,295,Credit Card,2785.95,EUR,2025-09-19 02:31:15,Failed
1066,111,257,Bank Transfer,3891.74,THB,2025-08-24 02:31:15,Failed
1067,111,254,Debit Card,2490.52,THB,2025-01-18 02:31:15,Pending
1068,111,217,Debit Card,1287.34,EUR,2025-03-26 02:31:15,Failed
1069,111,224,Credit Card,651.4,JPY,2025-03-30 02:31:15,Failed
1070,111,249,PayPal,1033.4,EUR,2025-01-01 02:31:15,Pending
1071,111,290,Credit Card,3871.44,THB,2025-05-06 02:31:15,Pending
1072,111,276,Bank Transfer,3153.59,JPY,2025-10-10 02:31:15,Successful
1073,111,24,Debit Card,3458.26,THB,2025-09-19 02:31:15,Successful
1074,111,101,Credit Card,1290.94,THB,2025-06-07 02:31:15,Successful
1075,111,241,PayPal,3499.6,USD,2025-05-29 02:31:15,Failed
1076,111,156,Bank Transfer,211.47,THB,2025-01-30 02:31:15,Successful
1077,111,229,Debit Card,2777.48,EUR,2025-01-25 02:31:15,Failed
1078,111,236,Debit Card,3505.85,USD,2025-04-23 02:31:15,Pending
1079,111,300,Credit Card,1351.74,USD,2025-06-09 02:31:15,Successful
1080,111,139,PayPal,360.12,USD,2025-09-28 02:31:15,Failed
1081,111,230,PayPal,3348.61,EUR,2025-09-07 02:31:15,Successful
1082,111,66,PayPal,4350.31,JPY,2025-07-06 02:31:15,Failed
1083,112,295,Credit Card,4528.97,JPY,2024-12-31 02:31:15,Pending
1084,112,224,Credit Card,1013.45,JPY,2025-01-18 02:31:15,Pending
1085,112,4,Credit Card,294.79,EUR,2025-05-15 02:31:15,Failed
1086,112,242,Bank Transfer,3747.51,USD,2025-05-08 02:31:15,Pending
1087,112,104,PayPal,1841.35,EUR,2025-07-04 02:31:15,Pending
1088,112,259,PayPal,4078.28,EUR,2025-04-17 02:31:15,Successful
1089,112,242,PayPal,1205.36,EUR,2025-04-14 02:31:15,Pending
1090,112,285,Debit Card,530.2,JPY,2025-02-08 02:31:15,Pending
1091,112,37,Debit Card,2144.93,THB,2025-03-28 02:31:15,Failed
1092,113,215,PayPal,2300.93,THB,2025-07-19 02:31:15,Pending
1093,113,72,Debit Card,2947.05,THB,2025-08-23 02:31:15,Failed
1094,113,223,Debit Card,2207.32,THB,2024-12-01 02:31:15,Pending
1095,113,224,Debit Card,1655.73,USD,2025-07-30 02:31:15,Failed
1096,113,256,Debit Card,3662.69,EUR,2025-04-04 02:31:15,Failed
1097,113,207,PayPal,2270.72,EUR,2025-08-16 02:31:15,Successful
1098,113,229,Credit Card,744.57,USD,2024-12-23 02:31:15,Pending
1099,113,35,PayPal,3067.46,THB,2024-12-31 02:31:15,Successful
1100,113,23,Debit Card,3468.15,EUR,2025-09-22 02:31:15,Pending
1101,114,206,Bank Transfer,757.02,JPY,2024-11-02 02:31:15,Pending
1102,114,211,PayPal,1001.48,JPY,2025-02-23 02:31:15,Failed
1103,114,216,Debit Card,902.55,THB,2025-10-16 02:31:15,Failed
1104,114,244,Credit Card,4634.63,JPY,2025-07-11 02:31:15,Pending
1105,114,212,Debit Card,3813.11,USD,2025-08-03 02:31:15,Failed
1106,114,37,Bank Transfer,3470.53,JPY,2025-06-28 02:31:15,Failed
1107,115,297,Bank Transfer,3903.45,JPY,2025-05-25 02:31:15,Failed
1108,115,161,Credit Card,2651.18,JPY,2025-03-13 02:31:15,Successful
1109,115,148,Debit Card,2641.64,JPY,2025-10-12 02:31:15,Pending
1110,115,23,Bank Transfer,2629.02,USD,2025-07-27 02:31:15,Failed
1111,115,127,Bank Transfer,2050.4,EUR,2025-06-08 02:31:15,Failed
1112,115,233,Debit Card,2170.06,USD,2024-11-13 02:31:15,Pending
1113,115,243,Debit Card,2371.54,JPY,2025-09-16 02:31:15,Pending
1114,115,234,Credit Card,980.88,THB,2025-04-14 02:31:15,Failed
1115,115,226,PayPal,2309.34,THB,2025-03-14 02:31:15,Pending
1116,116,259,Debit Card,4424.49,USD,2025-06-26 02:31:15,Failed
1117,116,245,Debit Card,3620.04,USD,2025-09-16 02:31:15,Successful
1118,116,251,Bank Transfer,3206.95,USD,2025-02-06 02:31:15,Pending
1119,116,288,Bank Transfer,3661.68,THB,2025-04-22 02:31:15,Pending
1120,117,246,Bank Transfer,315.14,THB,2025-05-14 02:31:15,Pending
1121,118,215,Debit Card,894.41,THB,2025-08-02 02:31:15,Pending
1122,118,211,Credit Card,2155.95,EUR,2025-03-18 02:31:15,Failed
1123,118,282,Debit Card,676.01,THB,2025-07-21 02:31:15,Successful
1124,118,276,PayPal,159.82,JPY,2025-02-19 02:31:15,Pending
1125,118,166,Credit Card,3079.12,JPY,2025-07-03 02:31:15,Successful
1126,118,199,Bank Transfer,2323.32,JPY,2025-09-22 02:31:15,Pending
1127,118,227,Credit Card,1299.09,EUR,2024-12-19 02:31:15,Pending
1128,118,23,Debit Card,339.7,THB,2025-10-04 02:31:15,Pending
1129,118,39,PayPal,279.93,USD,2024-11-25 02:31:15,Pending
1130,118,201,PayPal,1722.44,USD,2025-10-07 02:31:15,Successful
1131,118,255,Bank Transfer,4969.3,THB,2024-11-22 02:31:15,Failed
1132,118,283,Debit Card,4834.84,EUR,2025-10-14 02:31:15,Successful
1133,118,101,PayPal,1681.83,JPY,2025-09-28 02:31:15,Failed
1134,118,156,Credit Card,1534.88,THB,2025-08-31 02:31:15,Pending
1135,118,289,PayPal,1713.12,JPY,2025-02-06 02:31:15,Successful
1136,118,243,Debit Card,3099.06,USD,2025-01-13 02:31:15,Pending
1137,118,251,Credit Card,2469.95,EUR,2025-03-28 02:31:15,Pending
1138,118,256,PayPal,1372.33,EUR,2025-08-27 02:31:15,Pending
1139,118,72,Bank Transfer,2646.56,JPY,2025-02-22 02:31:15,Successful
1140,119,23,Debit Card,3572.08,THB,2025-11-01 02:31:15,Successful
1141,119,272,Credit Card,2377.94,USD,2025-07-18 02:31:15,Pending
1142,119,132,Bank Transfer,2128.8,EUR,2025-05-06 02:31:15,Pending
1143,119,230,Debit Card,155.36,THB,2024-11-13 02:31:15,Failed
1144,119,271,PayPal,3971.96,EUR,2025-06-01 02:31:15,Pending
1145,119,282,PayPal,3858.46,USD,2024-11-15 02:31:15,Failed
1146,119,218,PayPal,2040.64,USD,2025-08-04 02:31:15,Successful
1147,119,209,PayPal,4185.74,JPY,2025-03-04 02:31:15,Successful
1148,119,239,Debit Card,2459.33,JPY,2025-01-31 02:31:15,Failed
1149,119,35,Bank Transfer,3941.55,JPY,2025-10-04 02:31:15,Pending
1150,119,228,PayPal,2868.22,EUR,2025-01-21 02:31:15,Pending
1151,119,258,Credit Card,1120.49,EUR,2025-05-04 02:31:15,Successful
1152,119,280,Debit Card,1474.25,USD,2025-05-12 02:31:15,Failed
1153,119,256,Debit Card,2897.81,JPY,2025-07-29 02:31:15,Pending
1154,119,271,Credit Card,4336.51,EUR,2024-11-05 02:31:15,Failed
1155,119,101,Credit Card,1430.34,USD,2025-02-20 02:31:15,Successful
1156,119,246,PayPal,2314.34,EUR,2025-07-14 02:31:15,Pending
1157,119,299,PayPal,957.56,EUR,2025-10-13 02:31:15,Successful
1158,119,220,Credit Card,2274.49,USD,2025-02-27 02:31:15,Pending
1159,119,209,Debit Card,1032.04,JPY,2025-02-06 02:31:15,Failed
1160,119,257,PayPal,802.15,USD,2025-02-10 02:31:15,Pending
1161,120,210,Debit Card,1105.42,USD,2025-03-11 02:31:15,Failed
1162,120,280,Credit Card,120.14,USD,2024-11-15 02:31:15,Pending
1163,120,50,Credit Card,1733.12,USD,2025-09-10 02:31:15,Pending
1164,120,41,PayPal,210.15,EUR,2024-12-09 02:31:15,Successful
1165,120,259,PayPal,1082.72,EUR,2025-06-13 02:31:15,Pending
1166,121,244,PayPal,3886.66,USD,2025-06-15 02:31:15,Successful
1167,121,230,Debit Card,1440.82,USD,2024-12-18 02:31:15,Pending
1168,121,259,Credit Card,1112.23,EUR,2025-01-24 02:31:15,Failed
1169,121,104,PayPal,793.63,EUR,2025-01-12 02:31:15,Successful
1170,121,157,Debit Card,449.09,EUR,2025-01-29 02:31:15,Failed
1171,121,283,Credit Card,737.36,JPY,2024-11-21 02:31:15,Successful
1172,121,222,Credit Card,1979.64,USD,2025-03-28 02:31:15,Failed
1173,121,294,Debit Card,3552.92,JPY,2024-12-21 02:31:15,Failed
1174,121,257,PayPal,1728.43,THB,2024-11-01 02:31:15,Pending
1175,121,228,Credit Card,4871.04,JPY,2025-01-15 02:31:15,Successful
1176,121,289,Credit Card,4082.97,JPY,2025-09-13 02:31:15,Failed
1177,121,228,PayPal,3453.94,JPY,2025-03-06 02:31:15,Successful
1178,121,209,Debit Card,804.24,EUR,2025-04-29 02:31:15,Failed
1179,121,231,Debit Card,3528.11,EUR,2025-05-19 02:31:15,Failed
1180,122,229,Bank Transfer,248.29,JPY,2025-09-05 02:31:15,Failed
1181,122,230,Bank Transfer,2360.08,THB,2025-06-10 02:31:15,Failed
1182,122,246,Debit Card,2588.95,JPY,2024-11-01 02:31:15,Successful
1183,122,197,PayPal,2825.13,USD,2025-05-31 02:31:15,Pending
1184,122,232,Bank Transfer,2064.0,JPY,2025-07-02 02:31:15,Pending
1185,122,189,Debit Card,2784.95,JPY,2025-04-19 02:31:15,Successful
1186,122,81,PayPal,1120.37,JPY,2025-03-24 02:31:15,Pending
1187,122,241,PayPal,2768.18,THB,2025-08-05 02:31:15,Pending
1188,122,116,Credit Card,3722.9,JPY,2025-09-04 02:31:15,Pending
1189,122,218,Bank Transfer,1694.35,USD,2025-03-19 02:31:15,Successful
1190,122,81,PayPal,4783.83,USD,2024-12-30 02:31:15,Successful
1191,123,294,Bank Transfer,1704.3,USD,2025-09-16 02:31:15,Successful
1192,123,201,Debit Card,4447.58,USD,2025-08-18 02:31:15,Pending
1193,123,256,Debit Card,2319.57,EUR,2025-04-16 02:31:15,Pending
1194,123,266,Bank Transfer,1058.77,EUR,2025-06-01 02:31:15,Pending
1195,123,241,PayPal,4600.66,JPY,2025-05-09 02:31:15,Successful
1196,123,247,Credit Card,3096.3,JPY,2025-08-28 02:31:15,Failed
1197,123,296,Credit Card,1909.19,USD,2025-11-01 02:31:15,Pending
1198,123,217,PayPal,637.52,EUR,2025-10-17 02:31:15,Successful
1199,123,235,Bank Transfer,3540.89,JPY,2024-12-16 02:31:15,Failed
1200,123,201,Bank Transfer,2089.56,JPY,2025-01-26 02:31:15,Successful
1201,123,161,Debit Card,2426.87,THB,2025-01-21 02:31:15,Failed
1202,123,257,PayPal,4215.82,THB,2025-06-07 02:31:15,Pending
1203,123,255,Debit Card,757.96,USD,2024-12-05 02:31:15,Successful
1204,123,234,Debit Card,3634.56,JPY,2024-11-30 02:31:15,Failed
1205,123,229,Debit Card,514.85,JPY,2025-03-13 02:31:15,Pending
1206,123,274,Bank Transfer,3153.92,JPY,2025-02-14 02:31:15,Failed
1207,123,210,Bank Transfer,1985.1,THB,2025-07-29 02:31:15,Failed
1208,123,197,Credit Card,2931.9,THB,2024-11-02 02:31:15,Pending
1209,124,210,PayPal,2113.11,EUR,2025-10-15 02:31:15,Successful
1210,124,177,Bank Transfer,3553.92,USD,2025-01-08 02:31:15,Failed
1211,124,104,Credit Card,796.23,EUR,2025-03-08 02:31:15,Pending
1212,124,288,Credit Card,2664.45,USD,2025-06-29 02:31:15,Failed
1213,124,199,Credit Card,3451.96,EUR,2024-12-23 02:31:15,Successful
1214,124,55,PayPal,2721.66,USD,2025-03-06 02:31:15,Failed
1215,124,121,Bank Transfer,2912.43,EUR,2025-03-31 02:31:15,Failed
1216,124,300,PayPal,1517.12,USD,2024-11-11 02:31:15,Pending
1217,124,259,PayPal,3662.16,EUR,2025-10-01 02:31:15,Pending
1218,124,250,Bank Transfer,2932.89,USD,2024-11-30 02:31:15,Failed
1219,124,116,Credit Card,1505.4,USD,2025-08-29 02:31:15,Pending
1220,124,220,Credit Card,4272.08,EUR,2025-06-25 02:31:15,Successful
1221,124,262,PayPal,1448.56,EUR,2025-10-25 02:31:15,Pending
1222,125,23,Credit Card,3058.73,THB,2024-11-29 02:31:15,Failed
1223,125,69,PayPal,4058.42,EUR,2024-11-08 02:31:15,Successful
1224,125,281,Bank Transfer,985.97,USD,2025-05-10 02:31:15,Successful
1225,125,258,Debit Card,3018.17,THB,2025-02-21 02:31:15,Failed
1226,125,221,Bank Transfer,1265.94,JPY,2024-12-10 02:31:15,Successful
1227,126,228,Debit Card,2931.01,EUR,2025-10-05 02:31:15,Pending
1228,126,279,PayPal,3801.87,USD,2025-10-06 02:31:15,Successful
1229,126,201,Bank Transfer,2053.85,EUR,2025-03-03 02:31:15,Pending
1230,126,238,Debit Card,1961.02,JPY,2025-03-04 02:31:15,Failed
1231,126,262,Debit Card,2699.17,JPY,2025-10-26 02:31:15,Failed
1232,126,287,Bank Transfer,1971.82,EUR,2025-02-03 02:31:15,Pending
1233,126,217,Credit Card,577.09,EUR,2025-03-25 02:31:15,Pending
1234,126,274,PayPal,1741.34,EUR,2025-09-12 02:31:15,Failed
1235,126,44,Bank Transfer,2359.43,THB,2024-11-22 02:31:15,Pending
1236,126,247,Debit Card,2647.77,THB,2025-05-25 02:31:15,Pending
1237,126,249,Credit Card,3396.73,USD,2025-10-26 02:31:15,Failed
1238,126,223,Credit Card,2673.79,JPY,2025-05-06 02:31:15,Successful
1239,127,256,PayPal,1334.29,USD,2025-10-20 02:31:15,Pending
1240,127,177,Credit Card,378.72,THB,2024-12-30 02:31:15,Pending
1241,127,211,Credit Card,3569.57,USD,2025-09-18 02:31:15,Pending
1242,127,256,Debit Card,1942.2,THB,2025-09-06 02:31:15,Pending
1243,127,213,Debit Card,1341.35,JPY,2024-11-28 02:31:15,Successful
1244,127,39,Bank Transfer,4621.21,EUR,2025-03-28 02:31:15,Pending
1245,127,223,PayPal,1360.95,USD,2025-06-13 02:31:15,Successful
1246,127,230,Bank Transfer,2004.09,USD,2025-06-22 02:31:15,Failed
1247,127,235,Debit Card,2258.82,JPY,2025-07-22 02:31:15,Pending
1248,127,266,Bank Transfer,974.37,JPY,2025-09-07 02:31:15,Successful
1249,127,201,Bank Transfer,1170.09,USD,2025-03-20 02:31:15,Pending
1250,127,220,PayPal,606.11,USD,2025-09-26 02:31:15,Pending
1251,127,226,PayPal,3908.46,USD,2025-02-20 02:31:15,Successful
1252,127,292,Credit Card,4671.18,JPY,2025-06-18 02:31:15,Successful
1253,127,189,PayPal,4532.63,USD,2025-02-11 02:31:15,Pending
1254,127,261,Bank Transfer,2442.88,JPY,2025-09-27 02:31:15,Pending
1255,127,259,Debit Card,116.21,JPY,2025-08-31 02:31:15,Pending
1256,127,220,PayPal,1733.85,EUR,2025-04-10 02:31:15,Successful
1257,127,222,Credit Card,1890.24,EUR,2025-09-21 02:31:15,Failed
1258,127,286,PayPal,3274.18,THB,2025-01-22 02:31:15,Successful
1259,127,271,Bank Transfer,3337.6,EUR,2024-11-10 02:31:15,Failed
1260,127,161,Credit Card,3190.02,EUR,2025-02-25 02:31:15,Successful
1261,127,104,Bank Transfer,3703.09,THB,2025-10-14 02:31:15,Successful
1262,127,223,Credit Card,3626.72,THB,2025-02-24 02:31:15,Failed
1263,127,153,Credit Card,3984.42,EUR,2025-02-19 02:31:15,Pending
1264,127,107,Bank Transfer,4836.21,USD,2025-10-14 02:31:15,Failed
1265,127,267,Credit Card,1754.82,USD,2025-04-08 02:31:15,Successful
1266,127,281,Debit Card,4054.81,JPY,2024-11-19 02:31:15,Pending
1267,127,123,Debit Card,3731.15,THB,2025-09-26 02:31:15,Successful
1268,127,239,Debit Card,2495.58,USD,2025-03-05 02:31:15,Pending
1269,127,271,Credit Card,1289.14,THB,2025-10-25 02:31:15,Successful
1270,127,274,Credit Card,4532.85,USD,2025-03-13 02:31:15,Pending
1271,127,280,Debit Card,4193.23,USD,2025-09-08 02:31:15,Successful
1272,127,274,Bank Transfer,3015.39,THB,2025-09-30 02:31:15,Successful
1273,127,111,Bank Transfer,1752.98,JPY,2025-05-19 02:31:15,Successful
1274,127,275,Debit Card,1675.79,THB,2025-10-09 02:31:15,Pending
1275,127,72,Debit Card,1743.97,USD,2025-06-14 02:31:15,Successful
1276,127,132,Bank Transfer,923.45,EUR,2025-01-22 02:31:15,Successful
1277,127,265,Bank Transfer,1293.86,USD,2025-08-25 02:31:15,Successful
1278,127,297,Bank Transfer,3910.54,USD,2025-02-25 02:31:15,Successful
1279,127,218,Credit Card,135.4,USD,2024-11-05 02:31:15,Pending
1280,127,255,PayPal,2139.49,JPY,2024-11-12 02:31:15,Successful
1281,127,81,Debit Card,801.13,EUR,2025-02-07 02:31:15,Failed
1282,127,177,Bank Transfer,1272.34,THB,2024-12-24 02:31:15,Pending
1283,127,298,Credit Card,3021.73,JPY,2024-12-23 02:31:15,Successful
1284,127,218,PayPal,1804.48,USD,2025-01-20 02:31:15,Successful
1285,127,225,Debit Card,675.79,USD,2024-12-20 02:31:15,Failed
1286,127,143,Debit Card,2374.66,THB,2025-06-13 02:31:15,Successful
1287,127,93,Debit Card,652.13,THB,2024-11-16 02:31:15,Failed
1288,127,236,Bank Transfer,963.99,USD,2025-10-05 02:31:15,Pending
1289,127,277,PayPal,1496.82,JPY,2025-06-26 02:31:15,Failed
1290,127,239,Bank Transfer,312.26,USD,2025-01-30 02:31:15,Successful
1291,128,261,Debit Card,3948.91,JPY,2025-02-11 02:31:15,Successful
1292,128,107,Credit Card,4485.89,JPY,2025-01-02 02:31:15,Pending
1293,128,177,PayPal,2153.42,EUR,2025-07-07 02:31:15,Successful
1294,129,251,PayPal,1216.13,THB,2025-04-04 02:31:15,Successful
1295,129,204,Bank Transfer,4467.69,USD,2025-03-05 02:31:15,Pending
1296,129,230,Bank Transfer,366.26,JPY,2025-08-19 02:31:15,Successful
1297,129,209,Bank Transfer,972.5,EUR,2025-08-24 02:31:15,Failed
1298,129,241,Debit Card,3196.9,EUR,2025-07-21 02:31:15,Failed
1299,129,207,Debit Card,257.26,USD,2025-06-11 02:31:15,Successful
1300,129,253,Credit Card,4273.09,JPY,2025-04-01 02:31:15,Successful
1301,129,300,PayPal,1177.28,EUR,2024-12-27 02:31:15,Successful
1302,129,97,Debit Card,2932.8,THB,2025-09-18 02:31:15,Failed
1303,129,218,Bank Transfer,4324.78,THB,2025-01-03 02:31:15,Failed
1304,129,217,Bank Transfer,1467.94,JPY,2025-06-28 02:31:15,Successful
1305,129,35,PayPal,2227.82,THB,2025-01-03 02:31:15,Successful
1306,129,44,Credit Card,2147.08,USD,2025-10-12 02:31:15,Failed
1307,129,238,Credit Card,2185.92,JPY,2025-03-01 02:31:15,Pending
1308,130,259,Credit Card,2316.96,THB,2025-09-20 02:31:15,Pending
1309,130,298,Credit Card,3496.48,JPY,2025-07-13 02:31:15,Successful
1310,130,197,PayPal,1549.37,USD,2025-10-24 02:31:15,Failed
1311,130,245,PayPal,892.83,JPY,2025-01-13 02:31:15,Pending
1312,130,213,Credit Card,4884.46,JPY,2025-08-23 02:31:15,Pending
1313,130,244,Bank Transfer,1006.23,EUR,2024-12-16 02:31:15,Failed
1314,130,217,Credit Card,4315.87,USD,2025-04-18 02:31:15,Pending
1315,130,283,PayPal,2701.51,EUR,2025-03-28 02:31:15,Failed
1316,130,219,Debit Card,3959.69,USD,2024-12-19 02:31:15,Failed
1317,130,246,Credit Card,2622.21,EUR,2025-10-06 02:31:15,Successful
1318,130,228,Bank Transfer,1891.4,USD,2025-04-28 02:31:15,Failed
1319,130,255,Debit Card,3276.05,USD,2025-01-18 02:31:15,Pending
1320,130,44,Debit Card,778.19,EUR,2025-07-02 02:31:15,Pending
1321,130,97,Credit Card,3280.29,THB,2025-07-09 02:31:15,Failed
1322,130,139,PayPal,4499.87,JPY,2025-06-13 02:31:15,Successful
1323,130,297,Credit Card,1926.79,JPY,2025-02-26 02:31:15,Pending
1324,130,23,Credit Card,2403.8,EUR,2025-03-15 02:31:15,Pending
1325,130,121,PayPal,4019.53,USD,2025-07-28 02:31:15,Failed
1326,130,256,Credit Card,492.83,THB,2025-06-07 02:31:15,Successful
1327,130,254,Credit Card,907.35,USD,2024-11-10 02:31:15,Successful
1328,130,242,Bank Transfer,837.44,THB,2025-02-08 02:31:15,Pending
1329,131,105,Credit Card,1536.53,THB,2025-03-04 02:31:15,Failed
1330,131,203,Bank Transfer,2274.91,USD,2025-06-05 02:31:15,Successful
1331,131,252,Credit Card,207.98,THB,2025-02-08 02:31:15,Pending
1332,131,128,PayPal,2117.29,EUR,2024-12-01 02:31:15,Pending
1333,131,105,PayPal,2482.13,JPY,2025-03-12 02:31:15,Failed
1334,131,24,Debit Card,4501.58,EUR,2025-08-06 02:31:15,Failed
1335,131,211,Debit Card,2472.79,EUR,2025-10-08 02:31:15,Successful
1336,131,213,PayPal,1493.47,THB,2024-12-20 02:31:15,Successful
1337,131,206,PayPal,993.17,THB,2024-11-04 02:31:15,Pending
1338,131,268,Debit Card,890.15,USD,2025-10-11 02:31:15,Failed
1339,132,242,Debit Card,2260.35,EUR,2025-07-30 02:31:15,Successful
1340,132,267,Credit Card,3361.21,EUR,2025-08-18 02:31:15,Failed
1341,132,140,Bank Transfer,2745.35,THB,2025-02-01 02:31:15,Failed
1342,132,203,Credit Card,4610.13,JPY,2025-02-19 02:31:15,Successful
1343,132,283,Bank Transfer,4646.28,THB,2025-10-30 02:31:15,Pending
1344,132,277,PayPal,3271.5,EUR,2025-03-04 02:31:15,Failed
1345,132,7,Debit Card,4017.92,JPY,2025-05-12 02:31:15,Pending
1346,132,121,Credit Card,3685.04,USD,2025-08-22 02:31:15,Pending
1347,132,251,Credit Card,1609.6,JPY,2024-12-20 02:31:15,Successful
1348,132,241,Bank Transfer,1851.23,EUR,2025-10-04 02:31:15,Pending
1349,132,23,Debit Card,2958.81,THB,2025-06-12 02:31:15,Successful
1350,132,240,Credit Card,509.59,JPY,2024-11-20 02:31:15,Pending
1351,132,294,Credit Card,4881.61,JPY,2025-07-25 02:31:15,Failed
1352,132,261,PayPal,3055.54,USD,2024-11-25 02:31:15,Failed
1353,132,205,Bank Transfer,824.94,JPY,2025-04-26 02:31:15,Failed
1354,133,228,PayPal,159.73,EUR,2025-05-06 02:31:15,Failed
1355,133,259,Bank Transfer,4384.08,USD,2025-07-14 02:31:15,Pending
1356,134,132,Bank Transfer,3733.49,JPY,2025-03-20 02:31:15,Failed
1357,134,240,Debit Card,4047.8,JPY,2025-04-03 02:31:15,Successful
1358,134,236,Credit Card,803.83,EUR,2025-03-03 02:31:15,Pending
1359,134,258,PayPal,423.97,JPY,2025-09-17 02:31:15,Successful
1360,135,282,Bank Transfer,3230.15,EUR,2025-04-03 02:31:15,Successful
1361,135,231,Bank Transfer,3580.21,THB,2025-07-22 02:31:15,Successful
1362,135,202,Bank Transfer,1518.37,JPY,2025-10-11 02:31:15,Failed
1363,135,7,PayPal,2521.09,JPY,2025-07-10 02:31:15,Successful
1364,135,216,Credit Card,854.72,EUR,2024-12-09 02:31:15,Pending
1365,135,260,Bank Transfer,708.47,EUR,2025-04-02 02:31:15,Successful
1366,135,292,Bank Transfer,4543.29,THB,2025-10-18 02:31:15,Successful
1367,135,268,PayPal,2515.95,USD,2024-12-30 02:31:15,Pending
1368,135,72,PayPal,2947.22,JPY,2025-06-22 02:31:15,Pending
1369,135,291,Bank Transfer,4873.87,USD,2025-04-24 02:31:15,Pending
1370,135,292,Credit Card,4241.87,THB,2025-01-08 02:31:15,Successful
1371,135,290,Debit Card,1666.44,THB,2025-05-03 02:31:15,Successful
1372,135,201,Credit Card,1436.08,JPY,2024-12-11 02:31:15,Failed
1373,135,217,Credit Card,1520.3,USD,2025-02-11 02:31:15,Successful
1374,135,268,Debit Card,3846.98,THB,2025-01-27 02:31:15,Failed
1375,135,121,PayPal,4151.43,EUR,2025-06-16 02:31:15,Pending
1376,135,189,PayPal,569.58,EUR,2025-08-20 02:31:15,Successful
1377,135,174,Debit Card,2639.04,EUR,2025-02-26 02:31:15,Failed
1378,135,7,PayPal,4612.45,THB,2025-09-10 02:31:15,Successful
1379,135,281,Debit Card,2566.58,THB,2025-01-19 02:31:15,Pending
1380,135,216,Credit Card,2145.0,USD,2025-09-03 02:31:15,Successful
1381,135,235,Credit Card,2449.64,EUR,2024-11-13 02:31:15,Failed
1382,135,50,Debit Card,4103.49,EUR,2025-08-05 02:31:15,Pending
1383,135,246,PayPal,240.92,USD,2025-07-11 02:31:15,Successful
1384,135,274,Debit Card,3471.43,EUR,2025-08-29 02:31:15,Successful
1385,135,274,Debit Card,4907.44,JPY,2024-11-13 02:31:15,Successful
1386,135,189,Credit Card,192.15,JPY,2025-03-26 02:31:15,Successful
1387,136,272,Debit Card,628.31,USD,2025-03-06 02:31:15,Successful
1388,136,297,PayPal,312.08,EUR,2024-11-25 02:31:15,Successful
1389,136,246,Credit Card,3933.62,THB,2025-01-05 02:31:15,Successful
1390,136,21,Debit Card,3385.94,USD,2025-09-16 02:31:15,Successful
1391,136,4,PayPal,4749.08,EUR,2025-05-05 02:31:15,Successful
1392,136,228,Debit Card,2574.06,USD,2025-09-12 02:31:15,Pending
1393,136,41,Credit Card,2691.31,THB,2025-06-10 02:31:15,Successful
1394,136,218,Credit Card,4870.54,USD,2025-07-15 02:31:15,Pending
1395,136,206,Bank Transfer,1895.67,THB,2025-03-21 02:31:15,Pending
1396,136,235,Credit Card,986.16,EUR,2025-04-21 02:31:15,Failed
1397,136,66,Debit Card,2619.83,JPY,2025-09-05 02:31:15,Failed
1398,137,197,Credit Card,2382.92,THB,2025-02-21 02:31:15,Failed
1399,137,251,PayPal,2829.95,USD,2025-09-20 02:31:15,Failed
1400,137,254,Bank Transfer,667.04,EUR,2025-03-13 02:31:15,Pending
1401,137,216,PayPal,3466.53,JPY,2025-07-09 02:31:15,Pending
1402,137,278,Bank Transfer,1523.89,JPY,2025-07-28 02:31:15,Successful
1403,137,23,Bank Transfer,4701.5,EUR,2025-08-02 02:31:15,Successful
1404,137,207,Bank Transfer,3393.27,JPY,2025-03-22 02:31:15,Pending
1405,137,236,Credit Card,684.17,JPY,2025-04-10 02:31:15,Pending
1406,137,206,Credit Card,3733.02,THB,2025-09-29 02:31:15,Failed
1407,137,277,Debit Card,1759.3,JPY,2025-08-31 02:31:15,Successful
1408,137,288,Bank Transfer,3653.48,EUR,2024-11-01 02:31:15,Pending
1409,137,35,PayPal,3805.88,JPY,2025-05-03 02:31:15,Failed
1410,138,157,Bank Transfer,4938.86,EUR,2025-08-18 02:31:15,Failed
1411,138,209,Credit Card,698.73,JPY,2025-02-20 02:31:15,Successful
1412,138,234,Debit Card,245.65,USD,2025-09-28 02:31:15,Failed
1413,138,177,Credit Card,4863.16,JPY,2024-12-27 02:31:15,Pending
1414,138,230,PayPal,848.41,USD,2025-09-23 02:31:15,Pending
1415,138,157,Bank Transfer,3984.38,THB,2025-06-04 02:31:15,Pending
1416,138,277,Bank Transfer,2502.23,EUR,2025-01-28 02:31:15,Failed
1417,138,278,Credit Card,4767.64,USD,2025-03-26 02:31:15,Successful
1418,138,229,Bank Transfer,2305.57,JPY,2025-03-20 02:31:15,Failed
1419,138,233,Credit Card,261.01,EUR,2024-11-05 02:31:15,Successful
1420,138,261,Bank Transfer,2210.34,EUR,2025-04-16 02:31:15,Failed
1421,138,279,Credit Card,2887.39,JPY,2024-11-29 02:31:15,Pending
1422,138,300,Bank Transfer,2431.96,THB,2025-02-15 02:31:15,Successful
1423,138,166,Bank Transfer,1390.62,JPY,2024-12-21 02:31:15,Pending
1424,138,299,PayPal,3855.71,EUR,2025-05-21 02:31:15,Successful
1425,138,239,Credit Card,2993.27,THB,2025-04-28 02:31:15,Failed
1426,138,256,Credit Card,3849.45,EUR,2025-04-21 02:31:15,Successful
1427,138,139,Bank Transfer,1791.2,EUR,2025-04-05 02:31:15,Failed
1428,138,157,Credit Card,3340.08,THB,2025-07-04 02:31:15,Pending
1429,138,230,PayPal,3003.41,USD,2025-05-29 02:31:15,Successful
1430,138,236,PayPal,931.92,EUR,2025-10-13 02:31:15,Failed
1431,138,267,Bank Transfer,2883.44,JPY,2025-06-18 02:31:15,Successful
1432,138,256,Bank Transfer,2981.15,EUR,2025-04-22 02:31:15,Pending
1433,139,234,Bank Transfer,1679.86,USD,2025-02-24 02:31:15,Successful
1434,139,266,Debit Card,1746.24,EUR,2025-08-08 02:31:15,Pending
1435,140,156,PayPal,1880.34,JPY,2025-07-21 02:31:15,Failed
1436,140,202,Credit Card,4217.86,THB,2025-06-07 02:31:15,Failed
1437,140,228,Credit Card,1556.87,JPY,2025-07-09 02:31:15,Pending
1438,140,199,Credit Card,3616.76,USD,2025-01-02 02:31:15,Failed
1439,140,285,PayPal,429.62,JPY,2025-03-28 02:31:15,Successful
1440,140,29,PayPal,3998.69,EUR,2025-02-16 02:31:15,Failed
1441,140,288,Bank Transfer,3350.94,EUR,2025-07-22 02:31:15,Failed
1442,140,276,Bank Transfer,1331.2,JPY,2024-11-23 02:31:15,Pending
1443,140,221,Debit Card,4416.39,THB,2025-01-10 02:31:15,Failed
1444,140,222,Debit Card,3337.95,JPY,2025-06-17 02:31:15,Pending
1445,140,140,Bank Transfer,4679.72,USD,2025-02-07 02:31:15,Successful
1446,140,210,PayPal,2366.18,THB,2025-08-16 02:31:15,Pending
1447,141,213,PayPal,4236.2,JPY,2025-05-22 02:31:15,Successful
1448,141,230,Debit Card,4245.24,EUR,2025-06-08 02:31:15,Pending
1449,141,72,Debit Card,1356.59,THB,2025-04-08 02:31:15,Successful
1450,141,291,Credit Card,834.82,USD,2025-06-29 02:31:15,Failed
1451,141,143,Bank Transfer,2478.37,JPY,2025-03-30 02:31:15,Pending
1452,141,227,Credit Card,1089.75,EUR,2025-08-24 02:31:15,Successful
1453,141,270,PayPal,3969.38,EUR,2024-11-29 02:31:15,Pending
1454,141,232,Debit Card,3257.04,USD,2025-02-26 02:31:15,Successful
1455,141,210,Credit Card,4311.96,USD,2025-05-25 02:31:15,Pending
1456,141,269,PayPal,4349.14,JPY,2025-04-29 02:31:15,Pending
1457,141,281,Credit Card,2044.79,THB,2025-07-04 02:31:15,Successful
1458,141,208,Credit Card,2657.59,EUR,2025-02-20 02:31:15,Successful
1459,141,69,Debit Card,3039.12,EUR,2025-05-17 02:31:15,Pending
1460,141,286,Bank Transfer,4048.62,THB,2025-03-30 02:31:15,Successful
1461,141,300,Debit Card,623.39,THB,2025-06-14 02:31:15,Failed
1462,141,72,Bank Transfer,1346.1,USD,2025-02-23 02:31:15,Pending
1463,141,189,PayPal,3528.13,USD,2025-05-23 02:31:15,Pending
1464,141,209,Bank Transfer,2426.79,THB,2025-06-12 02:31:15,Successful
1465,141,24,PayPal,2428.59,EUR,2025-05-28 02:31:15,Successful
1466,141,165,Credit Card,4223.22,USD,2024-11-13 02:31:15,Pending
1467,141,140,Debit Card,1339.62,JPY,2025-05-27 02:31:15,Pending
1468,141,298,PayPal,4525.47,USD,2025-02-01 02:31:15,Successful
1469,141,279,Bank Transfer,2003.51,JPY,2025-06-24 02:31:15,Failed
1470,141,205,Credit Card,4687.98,THB,2025-06-02 02:31:15,Successful
1471,141,217,Debit Card,4587.86,EUR,2024-12-07 02:31:15,Failed
1472,142,239,Credit Card,1442.78,USD,2025-02-23 02:31:15,Failed
1473,142,283,Bank Transfer,4639.84,EUR,2025-03-30 02:31:15,Successful
1474,142,123,Debit Card,3522.56,USD,2025-05-05 02:31:15,Failed
1475,142,161,PayPal,2320.98,USD,2025-10-06 02:31:15,Pending
1476,142,289,Debit Card,3187.77,THB,2025-10-31 02:31:15,Failed
1477,142,286,Debit Card,3178.65,EUR,2025-01-11 02:31:15,Successful
1478,142,69,Credit Card,873.33,THB,2025-01-01 02:31:15,Pending
1479,142,267,Bank Transfer,3983.95,EUR,2025-03-15 02:31:15,Failed
1480,143,235,Debit Card,1377.33,EUR,2025-06-10 02:31:15,Successful
1481,143,277,Credit Card,2131.03,THB,2025-04-14 02:31:15,Failed
1482,143,217,Debit Card,201.6,USD,2025-01-20 02:31:15,Pending
1483,143,253,Debit Card,4543.54,JPY,2025-07-23 02:31:15,Failed
1484,143,223,Debit Card,343.94,JPY,2024-12-29 02:31:15,Failed
1485,143,234,Debit Card,536.4,EUR,2025-08-06 02:31:15,Pending
1486,143,4,Credit Card,169.16,JPY,2025-03-14 02:31:15,Pending
1487,143,214,Bank Transfer,680.71,THB,2025-07-27 02:31:15,Failed
1488,143,188,PayPal,3757.57,JPY,2025-08-27 02:31:15,Failed
1489,144,225,Debit Card,3040.41,EUR,2024-11-20 02:31:15,Successful
1490,144,188,Bank Transfer,983.81,THB,2025-10-18 02:31:15,Failed
1491,144,267,PayPal,1253.88,JPY,2025-06-27 02:31:15,Failed
1492,144,105,Bank Transfer,520.12,JPY,2025-08-25 02:31:15,Failed
1493,144,231,Bank Transfer,3465.58,JPY,2024-11-04 02:31:15,Failed
1494,145,95,PayPal,457.97,USD,2025-10-06 02:31:15,Failed
1495,145,215,Debit Card,2407.57,EUR,2024-12-26 02:31:15,Pending
1496,145,143,Credit Card,126.27,JPY,2025-05-31 02:31:15,Failed
1497,146,157,PayPal,747.97,USD,2025-01-08 02:31:15,Successful
1498,146,72,PayPal,932.35,JPY,2025-05-12 02:31:15,Failed
1499,146,271,Debit Card,539.28,JPY,2025-08-21 02:31:15,Failed
1500,146,271,Credit Card,1635.02,THB,2025-02-19 02:31:15,Failed
1501,146,140,PayPal,4638.56,EUR,2025-06-20 02:31:15,Pending
1502,146,257,PayPal,2633.17,JPY,2025-08-09 02:31:15,Failed
1503,146,218,Bank Transfer,3842.01,THB,2025-01-21 02:31:15,Pending
1504,146,216,Bank Transfer,360.79,THB,2025-10-05 02:31:15,Successful
1505,146,299,Debit Card,275.73,EUR,2025-08-10 02:31:15,Pending
1506,146,105,Bank Transfer,2238.51,JPY,2025-10-12 02:31:15,Failed
1507,146,231,PayPal,4945.21,JPY,2025-03-12 02:31:15,Failed
1508,147,280,Credit Card,4244.61,THB,2025-08-30 02:31:15,Failed
1509,147,270,Credit Card,1098.3,EUR,2025-08-01 02:31:15,Successful
1510,147,220,PayPal,2859.91,THB,2025-01-07 02:31:15,Successful
1511,147,23,Debit Card,2140.45,USD,2025-06-28 02:31:15,Failed
1512,147,227,Credit Card,4448.1,USD,2025-06-09 02:31:15,Pending
1513,147,287,Credit Card,2031.43,USD,2025-05-20 02:31:15,Successful
1514,147,222,Credit Card,497.21,JPY,2025-03-14 02:31:15,Pending
1515,148,247,PayPal,3011.6,USD,2025-05-17 02:31:15,Successful
1516,148,4,Bank Transfer,1692.09,THB,2025-07-16 02:31:15,Successful
1517,148,261,PayPal,1683.54,USD,2025-09-26 02:31:15,Pending
1518,149,222,Bank Transfer,553.5,EUR,2025-08-02 02:31:15,Successful
1519,149,241,Bank Transfer,537.02,THB,2025-08-10 02:31:15,Failed
1520,149,234,Bank Transfer,1496.19,THB,2025-09-01 02:31:15,Failed
1521,149,238,Bank Transfer,4025.39,EUR,2024-11-16 02:31:15,Pending
1522,149,270,Debit Card,1859.32,USD,2025-04-27 02:31:15,Pending
1523,149,236,Debit Card,2499.15,JPY,2025-03-03 02:31:15,Failed
1524,149,246,Bank Transfer,542.09,JPY,2025-04-27 02:31:15,Pending
1525,149,279,Debit Card,2227.12,JPY,2025-09-15 02:31:15,Successful
1526,149,208,PayPal,4869.03,THB,2024-12-05 02:31:15,Pending
1527,149,218,Debit Card,4660.27,USD,2025-06-06 02:31:15,Failed
1528,149,232,Bank Transfer,488.0,JPY,2025-06-01 02:31:15,Successful
1529,149,255,Debit Card,3453.14,EUR,2025-06-27 02:31:15,Pending
1530,149,225,Bank Transfer,1547.86,USD,2025-01-23 02:31:15,Successful
1531,149,217,Credit Card,2615.73,JPY,2025-04-04 02:31:15,Successful
1532,149,37,Bank Transfer,3338.19,EUR,2025-05-04 02:31:15,Failed
1533,149,198,Credit Card,3866.37,USD,2025-09-04 02:31:15,Pending
1534,150,229,Bank Transfer,979.81,THB,2025-04-14 02:31:15,Successful
1535,150,251,Credit Card,2139.63,EUR,2025-05-25 02:31:15,Pending
1536,150,256,Bank Transfer,3811.04,JPY,2024-12-17 02:31:15,Failed
1537,150,35,PayPal,4836.93,THB,2025-07-16 02:31:15,Successful
1538,150,236,Credit Card,3760.44,EUR,2024-11-22 02:31:15,Successful
1539,150,266,Bank Transfer,2718.44,USD,2025-04-13 02:31:15,Successful
1540,150,29,Credit Card,941.5,JPY,2025-03-11 02:31:15,Pending
1541,150,250,Bank Transfer,4357.02,JPY,2025-05-30 02:31:15,Pending
1542,150,281,PayPal,3484.25,JPY,2025-05-31 02:31:15,Successful
1543,150,153,Debit Card,762.06,THB,2025-09-05 02:31:15,Successful
1544,150,116,Debit Card,4309.16,THB,2025-02-28 02:31:15,Pending
1545,150,259,Debit Card,3283.73,JPY,2024-12-16 02:31:15,Pending
1546,150,252,Debit Card,521.86,JPY,2025-08-18 02:31:15,Failed
1547,151,258,Bank Transfer,206.9,THB,2025-08-15 02:31:15,Pending
1548,151,204,Bank Transfer,4822.95,JPY,2025-10-22 02:31:15,Failed
1549,151,210,Debit Card,1086.56,JPY,2025-10-06 02:31:15,Failed
1550,151,254,Credit Card,603.05,JPY,2025-04-03 02:31:15,Failed
1551,151,213,PayPal,281.38,JPY,2025-02-26 02:31:15,Pending
1552,151,281,Bank Transfer,1236.34,USD,2025-02-04 02:31:15,Successful
1553,151,236,Bank Transfer,2924.38,USD,2025-06-17 02:31:15,Pending
1554,151,213,Bank Transfer,4456.79,USD,2025-02-21 02:31:15,Pending
1555,151,234,PayPal,2296.79,JPY,2025-10-22 02:31:15,Successful
1556,151,270,PayPal,3658.42,JPY,2025-05-09 02:31:15,Failed
1557,151,64,Debit Card,2587.42,EUR,2024-12-28 02:31:15,Pending
1558,152,140,Bank Transfer,742.68,EUR,2024-11-02 02:31:15,Failed
1559,152,242,Bank Transfer,4182.1,EUR,2025-03-05 02:31:15,Successful
1560,152,188,Debit Card,1484.04,USD,2024-11-25 02:31:15,Failed
1561,152,250,Debit Card,949.13,THB,2024-12-26 02:31:15,Failed
1562,152,35,Credit Card,3988.06,JPY,2025-05-30 02:31:15,Successful
1563,153,239,Debit Card,2828.47,USD,2025-05-02 02:31:15,Failed
1564,153,143,PayPal,3416.95,THB,2025-02-17 02:31:15,Successful
1565,153,299,Credit Card,1754.9,USD,2024-12-20 02:31:15,Successful
1566,153,204,Credit Card,2853.71,JPY,2025-06-22 02:31:15,Failed
1567,153,261,PayPal,3869.93,EUR,2025-08-16 02:31:15,Pending
1568,153,273,Credit Card,3561.38,JPY,2025-03-12 02:31:15,Successful
1569,153,230,Credit Card,3930.1,USD,2025-01-18 02:31:15,Successful
1570,153,259,Credit Card,918.53,USD,2025-07-19 02:31:15,Failed
1571,153,132,Debit Card,3668.91,JPY,2025-02-15 02:31:15,Failed
1572,153,250,Credit Card,856.05,EUR,2025-05-14 02:31:15,Successful
1573,153,50,Credit Card,4258.12,JPY,2025-04-03 02:31:15,Successful
1574,153,253,Debit Card,4190.59,JPY,2025-05-11 02:31:15,Failed
1575,153,35,Debit Card,517.65,EUR,2025-04-03 02:31:15,Failed
1576,153,207,Debit Card,842.89,JPY,2025-07-08 02:31:15,Successful
1577,153,107,Bank Transfer,2125.71,JPY,2025-03-12 02:31:15,Pending
1578,153,282,PayPal,4724.33,JPY,2025-08-19 02:31:15,Successful
1579,153,207,Credit Card,515.41,EUR,2025-04-10 02:31:15,Successful
1580,153,209,Bank Transfer,401.19,USD,2024-11-28 02:31:15,Pending
1581,154,241,Debit Card,4522.3,USD,2024-12-13 02:31:15,Pending
1582,154,211,PayPal,2154.6,EUR,2025-05-25 02:31:15,Failed
1583,154,37,Credit Card,4152.32,THB,2024-11-08 02:31:15,Failed
1584,155,29,Bank Transfer,3255.01,JPY,2024-11-09 02:31:15,Failed
1585,155,244,Bank Transfer,3899.46,EUR,2025-09-19 02:31:15,Successful
1586,155,153,PayPal,2010.97,THB,2025-02-08 02:31:15,Pending
1587,155,293,PayPal,1147.3,EUR,2025-02-08 02:31:15,Failed
1588,155,156,Debit Card,214.77,EUR,2025-07-01 02:31:15,Failed
1589,155,263,Bank Transfer,4936.08,USD,2025-10-02 02:31:15,Failed
1590,155,211,PayPal,3172.25,EUR,2025-08-30 02:31:15,Successful
1591,155,225,Credit Card,2298.81,USD,2025-03-14 02:31:15,Failed
1592,155,217,Debit Card,4046.4,THB,2025-05-06 02:31:15,Failed
1593,155,140,PayPal,3367.92,THB,2024-11-01 02:31:15,Failed
1594,155,140,Debit Card,615.61,THB,2025-05-01 02:31:15,Failed
1595,155,254,Credit Card,818.11,JPY,2025-04-05 02:31:15,Successful
1596,155,210,Credit Card,404.75,THB,2025-03-03 02:31:15,Successful
1597,155,140,Bank Transfer,482.56,JPY,2025-01-04 02:31:15,Pending
1598,155,261,Bank Transfer,4372.87,JPY,2024-12-11 02:31:15,Failed
1599,155,211,Bank Transfer,3476.19,JPY,2025-04-02 02:31:15,Successful
1600,155,204,Debit Card,2578.35,JPY,2024-11-02 02:31:15,Failed
1601,155,253,Debit Card,4843.36,USD,2024-11-11 02:31:15,Successful
1602,155,225,Bank Transfer,2419.44,THB,2025-01-19 02:31:15,Failed
1603,155,269,Credit Card,3047.84,JPY,2025-09-06 02:31:15,Successful
1604,155,253,PayPal,2901.65,USD,2025-02-07 02:31:15,Successful
1605,155,157,Credit Card,1920.19,EUR,2025-05-30 02:31:15,Failed
1606,155,197,Bank Transfer,237.09,THB,2025-08-21 02:31:15,Pending
1607,155,297,Bank Transfer,338.39,EUR,2025-06-09 02:31:15,Successful
1608,155,299,Debit Card,4113.71,JPY,2025-10-31 02:31:15,Successful
1609,156,241,PayPal,431.07,USD,2025-04-02 02:31:15,Failed
1610,156,101,PayPal,2872.24,EUR,2025-04-22 02:31:15,Failed
1611,157,209,Debit Card,3833.56,JPY,2025-03-16 02:31:15,Pending
1612,157,166,Bank Transfer,830.01,EUR,2025-09-17 02:31:15,Pending
1613,157,7,Bank Transfer,1997.45,JPY,2025-05-12 02:31:15,Pending
1614,157,243,Credit Card,4794.59,JPY,2025-06-12 02:31:15,Pending
1615,157,35,Credit Card,4343.17,USD,2025-01-13 02:31:15,Pending
1616,157,140,PayPal,2849.12,USD,2024-12-07 02:31:15,Pending
1617,157,277,Credit Card,1042.89,USD,2025-01-14 02:31:15,Pending
1618,157,216,Debit Card,3777.74,USD,2025-09-01 02:31:15,Pending
1619,158,204,Debit Card,4815.65,EUR,2025-07-19 02:31:15,Successful
1620,158,254,Bank Transfer,514.77,EUR,2025-04-10 02:31:15,Pending
1621,158,228,Credit Card,2508.22,USD,2025-05-11 02:31:15,Failed
1622,158,259,Debit Card,2133.19,EUR,2025-04-20 02:31:15,Failed
1623,158,275,Credit Card,661.76,USD,2025-01-28 02:31:15,Successful
1624,158,148,PayPal,805.77,EUR,2025-09-17 02:31:15,Successful
1625,158,271,PayPal,4765.61,THB,2025-10-02 02:31:15,Pending
1626,158,245,PayPal,989.14,USD,2025-06-02 02:31:15,Failed
1627,159,234,Credit Card,1668.2,JPY,2025-05-20 02:31:15,Failed
1628,159,274,Bank Transfer,4713.73,USD,2025-10-06 02:31:15,Successful
1629,159,242,Debit Card,3785.46,THB,2025-02-22 02:31:15,Pending
1630,159,157,Bank Transfer,4751.85,EUR,2025-10-01 02:31:15,Failed
1631,160,203,Bank Transfer,2810.29,USD,2025-02-27 02:31:15,Successful
1632,160,189,Bank Transfer,3204.35,USD,2025-06-17 02:31:15,Pending
1633,160,234,Credit Card,1306.95,THB,2025-05-30 02:31:15,Pending
1634,160,199,Bank Transfer,2285.31,THB,2025-08-21 02:31:15,Failed
1635,160,292,Debit Card,3931.92,JPY,2025-01-21 02:31:15,Failed
1636,160,123,Credit Card,104.91,JPY,2024-12-19 02:31:15,Failed
1637,160,201,Debit Card,102.66,JPY,2025-06-15 02:31:15,Pending
1638,160,237,PayPal,4213.49,JPY,2025-05-06 02:31:15,Pending
1639,160,37,Debit Card,2967.28,EUR,2025-10-09 02:31:15,Successful
1640,160,219,Credit Card,1573.13,JPY,2024-11-09 02:31:15,Successful
1641,160,95,Debit Card,3652.86,EUR,2025-03-25 02:31:15,Successful
1642,160,208,PayPal,4431.26,EUR,2024-12-11 02:31:15,Failed
1643,161,285,Bank Transfer,1437.76,EUR,2025-05-11 02:31:15,Successful
1644,161,270,Bank Transfer,4799.06,EUR,2025-10-24 02:31:15,Pending
1645,161,201,Debit Card,3267.57,USD,2024-12-25 02:31:15,Failed
1646,161,204,Credit Card,4517.08,THB,2025-04-04 02:31:15,Pending
1647,161,257,Bank Transfer,3836.08,USD,2024-12-04 02:31:15,Pending
1648,161,280,Credit Card,2739.38,JPY,2024-11-22 02:31:15,Successful
1649,162,69,PayPal,4862.99,JPY,2024-12-29 02:31:15,Failed
1650,162,239,Bank Transfer,968.21,USD,2025-08-30 02:31:15,Failed
1651,162,244,PayPal,4687.61,JPY,2025-10-28 02:31:15,Successful
1652,162,201,Credit Card,3816.26,EUR,2025-07-26 02:31:15,Successful
1653,162,270,PayPal,4061.23,THB,2025-07-05 02:31:15,Failed
1654,162,64,PayPal,280.3,JPY,2024-11-06 02:31:15,Pending
1655,162,300,Debit Card,134.96,JPY,2025-09-06 02:31:15,Failed
1656,162,39,Bank Transfer,935.34,THB,2024-11-29 02:31:15,Pending
1657,162,284,Debit Card,420.27,THB,2025-09-29 02:31:15,Successful
1658,162,262,PayPal,4674.46,THB,2025-02-07 02:31:15,Pending
1659,162,296,PayPal,1040.07,USD,2024-11-12 02:31:15,Pending
1660,162,225,PayPal,3435.33,JPY,2025-10-31 02:31:15,Failed
1661,162,225,Credit Card,4283.91,EUR,2025-03-25 02:31:15,Failed
1662,162,236,PayPal,696.42,JPY,2025-02-21 02:31:15,Failed
1663,162,255,Credit Card,4430.63,THB,2025-10-08 02:31:15,Failed
1664,162,132,Bank Transfer,2708.81,EUR,2025-10-30 02:31:15,Failed
1665,162,280,Debit Card,1740.06,USD,2025-07-09 02:31:15,Pending
1666,162,101,Bank Transfer,4793.1,THB,2025-07-24 02:31:15,Successful
1667,162,296,PayPal,1622.95,USD,2025-10-18 02:31:15,Failed
1668,162,243,Bank Transfer,4059.49,EUR,2025-06-26 02:31:15,Successful
1669,162,214,Credit Card,2420.52,EUR,2025-10-05 02:31:15,Failed
1670,163,204,Debit Card,4723.38,JPY,2025-09-14 02:31:15,Pending
1671,163,282,Bank Transfer,2936.78,USD,2025-10-01 02:31:15,Successful
1672,163,251,Bank Transfer,1635.07,USD,2025-08-28 02:31:15,Successful
1673,163,199,Bank Transfer,368.47,JPY,2025-09-29 02:31:15,Successful
1674,163,139,Credit Card,2840.36,EUR,2025-04-20 02:31:15,Failed
1675,163,199,Credit Card,3124.78,JPY,2025-07-05 02:31:15,Pending
1676,164,229,Credit Card,2321.72,JPY,2025-03-27 02:31:15,Pending
1677,164,161,Credit Card,1764.12,USD,2025-03-14 02:31:15,Pending
1678,165,206,PayPal,2980.29,USD,2025-09-10 02:31:15,Successful
1679,165,247,Credit Card,3005.14,THB,2025-01-12 02:31:15,Successful
1680,165,230,PayPal,1841.42,JPY,2024-12-19 02:31:15,Failed
1681,165,281,Debit Card,1291.45,USD,2025-10-02 02:31:15,Successful
1682,165,225,PayPal,2964.16,EUR,2025-05-26 02:31:15,Pending
1683,165,239,Debit Card,822.3,EUR,2024-12-28 02:31:15,Failed
1684,165,139,PayPal,1907.27,USD,2025-02-09 02:31:15,Pending
1685,165,69,Debit Card,380.86,USD,2025-03-30 02:31:15,Failed
1686,165,280,Debit Card,4884.9,THB,2025-09-27 02:31:15,Failed
1687,165,295,Debit Card,3372.51,JPY,2024-12-29 02:31:15,Pending
1688,166,284,PayPal,4274.84,EUR,2024-12-21 02:31:15,Failed
1689,166,245,Bank Transfer,1710.23,USD,2025-03-14 02:31:15,Successful
1690,166,289,Bank Transfer,1175.09,USD,2024-12-09 02:31:15,Successful
1691,166,235,Debit Card,2386.03,THB,2025-07-02 02:31:15,Failed
1692,166,206,PayPal,4055.63,JPY,2025-07-19 02:31:15,Failed
1693,166,121,Debit Card,4147.81,USD,2025-04-30 02:31:15,Successful
1694,166,29,Credit Card,1853.64,USD,2025-08-21 02:31:15,Failed
1695,166,294,Bank Transfer,1052.58,EUR,2025-10-10 02:31:15,Successful
1696,166,238,Debit Card,1069.34,THB,2025-07-12 02:31:15,Failed
1697,166,259,Debit Card,1765.11,THB,2025-08-02 02:31:15,Successful
1698,166,97,Credit Card,962.78,EUR,2025-09-11 02:31:15,Successful
1699,166,224,Debit Card,1956.72,USD,2025-05-12 02:31:15,Successful
1700,166,166,PayPal,2335.4,EUR,2025-04-25 02:31:15,Pending
1701,166,261,Debit Card,4711.69,JPY,2024-11-02 02:31:15,Successful
1702,166,261,Credit Card,807.72,THB,2025-07-27 02:31:15,Successful
1703,166,243,Bank Transfer,3502.33,EUR,2024-12-30 02:31:15,Failed
1704,166,156,Debit Card,4612.97,THB,2025-01-31 02:31:15,Failed
1705,166,198,Debit Card,1705.63,USD,2024-12-14 02:31:15,Failed
1706,166,215,Debit Card,4272.36,JPY,2025-07-17 02:31:15,Pending
1707,166,29,Credit Card,3944.86,USD,2025-08-08 02:31:15,Pending
1708,166,121,Bank Transfer,3781.41,EUR,2025-02-19 02:31:15,Pending
1709,166,241,Bank Transfer,977.09,EUR,2025-02-05 02:31:15,Pending
1710,166,267,Bank Transfer,3606.68,JPY,2025-03-04 02:31:15,Failed
1711,167,225,Bank Transfer,3226.72,USD,2025-07-18 02:31:15,Successful
1712,167,128,Debit Card,2315.19,THB,2025-04-13 02:31:15,Successful
1713,167,230,PayPal,2182.61,JPY,2025-01-13 02:31:15,Successful
1714,167,197,PayPal,1347.19,USD,2025-08-25 02:31:15,Successful
1715,167,299,PayPal,2278.08,EUR,2025-07-07 02:31:15,Pending
1716,167,50,Credit Card,2379.74,EUR,2025-03-28 02:31:15,Failed
1717,167,296,Bank Transfer,2219.28,EUR,2025-02-20 02:31:15,Failed
1718,167,29,PayPal,1973.62,THB,2025-03-20 02:31:15,Successful
1719,167,107,PayPal,3262.24,EUR,2025-09-20 02:31:15,Failed
1720,167,234,Credit Card,3950.78,THB,2025-09-12 02:31:15,Successful
1721,167,217,Credit Card,1865.16,THB,2025-05-15 02:31:15,Successful
1722,168,177,PayPal,1325.12,EUR,2025-07-27 02:31:15,Pending
1723,168,166,Debit Card,4992.18,EUR,2025-10-28 02:31:15,Failed
1724,168,291,PayPal,4129.31,JPY,2025-04-08 02:31:15,Pending
1725,168,290,Credit Card,2412.82,THB,2025-04-12 02:31:15,Successful
1726,168,271,Debit Card,3644.35,THB,2025-03-04 02:31:15,Successful
1727,168,215,Bank Transfer,3640.3,JPY,2025-05-11 02:31:15,Successful
1728,168,214,PayPal,4244.43,JPY,2024-11-09 02:31:15,Failed
1729,168,209,Debit Card,2249.54,USD,2025-04-24 02:31:15,Successful
1730,168,282,Debit Card,1597.3,USD,2025-02-19 02:31:15,Pending
1731,168,251,PayPal,1765.13,JPY,2025-03-29 02:31:15,Pending
1732,168,207,Bank Transfer,3837.92,EUR,2025-05-19 02:31:15,Pending
1733,168,294,Credit Card,2881.13,USD,2025-08-22 02:31:15,Successful
1734,168,228,PayPal,2884.14,JPY,2025-04-20 02:31:15,Successful
1735,168,39,Bank Transfer,412.18,JPY,2025-07-28 02:31:15,Failed
1736,168,279,Credit Card,1711.32,JPY,2024-12-09 02:31:15,Failed
1737,168,253,Credit Card,939.98,THB,2025-10-16 02:31:15,Pending
1738,168,238,Bank Transfer,231.51,THB,2025-09-27 02:31:15,Failed
1739,168,276,PayPal,1108.87,EUR,2024-11-29 02:31:15,Pending
1740,168,221,Credit Card,2327.85,EUR,2025-02-09 02:31:15,Successful
1741,168,161,Debit Card,1701.18,JPY,2025-04-15 02:31:15,Successful
1742,168,213,Credit Card,732.77,JPY,2025-03-02 02:31:15,Pending
1743,168,268,Credit Card,2006.07,THB,2025-08-27 02:31:15,Successful
1744,168,177,PayPal,2217.78,JPY,2025-08-12 02:31:15,Pending
1745,168,267,PayPal,2978.71,JPY,2025-06-13 02:31:15,Successful
1746,168,245,Credit Card,4956.32,JPY,2025-09-30 02:31:15,Failed
1747,169,292,Debit Card,2676.7,JPY,2025-03-11 02:31:15,Failed
1748,169,215,Credit Card,3712.72,EUR,2024-12-06 02:31:15,Failed
1749,169,264,PayPal,3531.55,EUR,2025-04-15 02:31:15,Pending
1750,169,72,Debit Card,2133.76,THB,2024-12-20 02:31:15,Pending
1751,169,229,Bank Transfer,2343.36,THB,2024-11-09 02:31:15,Pending
1752,169,156,Credit Card,2028.4,USD,2025-07-02 02:31:15,Successful
1753,169,211,PayPal,4424.52,EUR,2024-11-25 02:31:15,Successful
1754,169,95,Debit Card,4552.81,JPY,2025-01-22 02:31:15,Successful
1755,169,285,PayPal,475.01,USD,2025-02-16 02:31:15,Failed
1756,170,225,Bank Transfer,2309.59,EUR,2025-07-18 02:31:15,Pending
1757,170,72,Credit Card,2364.62,USD,2024-12-09 02:31:15,Pending
1758,170,229,Bank Transfer,1967.66,JPY,2025-07-25 02:31:15,Failed
1759,170,226,Credit Card,152.61,USD,2024-11-03 02:31:15,Successful
1760,170,234,PayPal,3384.45,JPY,2025-02-26 02:31:15,Failed
1761,170,37,Credit Card,504.49,THB,2024-11-01 02:31:15,Failed
1762,171,204,Debit Card,2406.86,EUR,2025-08-11 02:31:15,Successful
1763,171,161,Credit Card,3074.24,THB,2025-06-04 02:31:15,Successful
1764,171,227,Bank Transfer,925.42,USD,2024-11-20 02:31:15,Failed
1765,171,283,Debit Card,2259.22,THB,2025-07-14 02:31:15,Pending
1766,171,229,Credit Card,4474.17,THB,2025-03-20 02:31:15,Pending
1767,171,243,Credit Card,4198.86,USD,2025-04-16 02:31:15,Pending
1768,171,270,PayPal,2275.53,USD,2025-10-08 02:31:15,Failed
1769,171,211,Debit Card,4651.22,EUR,2025-07-02 02:31:15,Successful
1770,172,217,Credit Card,178.59,USD,2025-10-25 02:31:15,Failed
1771,172,280,Debit Card,3431.8,USD,2025-07-12 02:31:15,Successful
1772,172,127,Debit Card,3647.66,USD,2025-04-03 02:31:15,Pending
1773,172,153,Credit Card,4096.56,EUR,2025-01-18 02:31:15,Pending
1774,173,225,Debit Card,3160.9,JPY,2025-03-27 02:31:15,Successful
1775,173,247,Debit Card,1147.52,EUR,2025-05-20 02:31:15,Successful
1776,173,116,Credit Card,2070.48,EUR,2025-10-26 02:31:15,Failed
1777,173,35,Debit Card,2348.0,USD,2024-11-30 02:31:15,Failed
1778,173,140,PayPal,315.3,THB,2025-04-05 02:31:15,Failed
1779,173,233,Bank Transfer,4917.2,USD,2024-11-02 02:31:15,Pending
1780,173,270,Debit Card,1334.51,USD,2024-12-29 02:31:15,Failed
1781,173,189,Bank Transfer,3421.71,THB,2025-05-15 02:31:15,Successful
1782,173,225,PayPal,4892.31,JPY,2025-09-28 02:31:15,Failed
1783,173,251,Credit Card,3081.81,JPY,2025-04-20 02:31:15,Pending
1784,173,4,Debit Card,2566.76,USD,2025-07-05 02:31:15,Successful
1785,173,254,Credit Card,1613.36,JPY,2025-06-30 02:31:15,Pending
1786,173,226,Credit Card,393.62,EUR,2025-02-19 02:31:15,Failed
1787,173,226,Debit Card,843.19,THB,2024-12-08 02:31:15,Successful
1788,174,101,Debit Card,4624.7,JPY,2025-05-17 02:31:15,Successful
1789,174,35,PayPal,1655.94,USD,2025-02-08 02:31:15,Failed
1790,174,256,PayPal,3777.7,THB,2025-05-16 02:31:15,Failed
1791,174,188,Debit Card,1108.51,USD,2024-11-26 02:31:15,Successful
1792,174,265,Debit Card,3079.51,JPY,2025-02-08 02:31:15,Failed
1793,174,282,Debit Card,2267.57,USD,2025-09-29 02:31:15,Failed
1794,174,228,Credit Card,4772.94,USD,2024-12-12 02:31:15,Successful
1795,174,189,Debit Card,715.25,THB,2025-01-02 02:31:15,Pending
1796,174,252,Debit Card,1257.92,USD,2025-03-28 02:31:15,Pending
1797,174,105,Bank Transfer,1626.17,THB,2025-06-29 02:31:15,Failed
1798,174,256,Debit Card,3068.67,EUR,2025-06-08 02:31:15,Pending
1799,174,294,Bank Transfer,4841.86,THB,2025-06-15 02:31:15,Failed
1800,174,221,Credit Card,4759.96,EUR,2025-04-12 02:31:15,Failed
1801,174,235,Debit Card,2406.5,JPY,2025-02-16 02:31:15,Pending
1802,174,263,Bank Transfer,3825.59,JPY,2025-10-22 02:31:15,Failed
1803,174,294,Bank Transfer,4284.81,EUR,2025-01-01 02:31:15,Pending
1804,174,105,Debit Card,2808.98,THB,2025-06-23 02:31:15,Failed
1805,174,72,Bank Transfer,1598.65,EUR,2025-04-23 02:31:15,Pending
1806,174,161,Bank Transfer,452.5,THB,2025-03-06 02:31:15,Successful
1807,174,93,Debit Card,4589.05,USD,2025-10-26 02:31:15,Pending
1808,174,64,PayPal,2508.12,JPY,2025-04-13 02:31:15,Pending
1809,174,140,PayPal,1981.78,EUR,2024-12-08 02:31:15,Pending
1810,174,197,Credit Card,2103.06,USD,2025-08-30 02:31:15,Failed
1811,174,66,Debit Card,1051.72,JPY,2025-06-24 02:31:15,Pending
1812,174,24,PayPal,2597.08,JPY,2024-12-11 02:31:15,Pending
1813,174,230,PayPal,3512.63,JPY,2025-03-29 02:31:15,Pending
1814,174,279,Debit Card,1287.53,USD,2025-04-30 02:31:15,Pending
1815,174,245,Credit Card,3517.61,THB,2025-06-21 02:31:15,Pending
1816,174,287,Bank Transfer,4726.9,THB,2025-06-24 02:31:15,Successful
1817,175,254,Debit Card,160.45,USD,2024-12-07 02:31:15,Pending
1818,175,271,Bank Transfer,2048.57,USD,2025-02-09 02:31:15,Successful
1819,175,210,Bank Transfer,912.54,JPY,2025-06-25 02:31:15,Pending
1820,175,234,PayPal,2553.17,JPY,2025-01-05 02:31:15,Failed
1821,175,223,Bank Transfer,3787.07,USD,2025-09-07 02:31:15,Pending
1822,175,204,PayPal,4089.72,EUR,2025-07-17 02:31:15,Pending
1823,175,228,Bank Transfer,3525.14,USD,2025-08-07 02:31:15,Failed
1824,175,206,Credit Card,574.67,JPY,2025-02-06 02:31:15,Failed
1825,175,210,PayPal,3691.91,THB,2025-08-03 02:31:15,Failed
1826,176,201,Debit Card,3549.83,THB,2025-02-25 02:31:15,Successful
1827,176,253,Credit Card,2308.24,THB,2025-07-29 02:31:15,Successful
1828,176,300,Credit Card,3774.59,THB,2025-06-22 02:31:15,Failed
1829,176,4,Bank Transfer,3171.5,USD,2024-12-11 02:31:15,Successful
1830,176,207,Credit Card,1536.32,JPY,2025-08-30 02:31:15,Failed
1831,176,104,Credit Card,1776.54,THB,2025-03-02 02:31:15,Failed
1832,176,64,Credit Card,146.58,EUR,2025-10-29 02:31:15,Pending
1833,176,55,Credit Card,574.53,USD,2025-04-23 02:31:15,Pending
1834,176,64,PayPal,4667.43,JPY,2025-05-13 02:31:15,Pending
1835,176,227,Bank Transfer,1749.1,EUR,2025-05-24 02:31:15,Successful
1836,176,236,PayPal,3358.88,JPY,2024-12-24 02:31:15,Successful
1837,176,238,PayPal,4378.08,USD,2025-10-31 02:31:15,Failed
1838,177,267,Bank Transfer,3653.58,THB,2025-10-19 02:31:15,Pending
1839,177,116,Credit Card,4358.13,EUR,2024-11-08 02:31:15,Successful
1840,177,127,PayPal,2314.4,JPY,2025-02-11 02:31:15,Failed
1841,177,231,Debit Card,115.33,EUR,2025-10-24 02:31:15,Pending
1842,177,35,PayPal,4379.83,EUR,2024-11-19 02:31:15,Failed
1843,177,277,Debit Card,3073.14,JPY,2024-12-23 02:31:15,Successful
1844,177,248,PayPal,2196.79,JPY,2024-11-29 02:31:15,Pending
1845,177,189,Credit Card,3697.96,EUR,2024-12-26 02:31:15,Successful
1846,177,254,Debit Card,4362.31,USD,2025-08-28 02:31:15,Failed
1847,177,161,Credit Card,1576.61,JPY,2025-08-07 02:31:15,Failed
1848,177,209,Credit Card,2462.63,THB,2025-06-30 02:31:15,Successful
1849,178,253,Debit Card,3790.94,USD,2025-09-08 02:31:15,Failed
1850,178,50,Credit Card,885.15,EUR,2025-04-19 02:31:15,Failed
1851,178,298,Debit Card,3623.96,JPY,2024-11-23 02:31:15,Successful
1852,178,177,Debit Card,4621.41,JPY,2025-09-16 02:31:15,Pending
1853,178,104,PayPal,4372.51,USD,2024-12-07 02:31:15,Failed
1854,178,157,Bank Transfer,4559.82,JPY,2024-12-02 02:31:15,Pending
1855,178,299,Bank Transfer,4061.39,THB,2025-06-22 02:31:15,Successful
1856,178,297,PayPal,529.63,USD,2025-05-11 02:31:15,Pending
1857,178,201,Debit Card,3748.63,USD,2025-01-12 02:31:15,Failed
1858,178,274,Debit Card,4281.32,JPY,2025-01-10 02:31:15,Pending
1859,178,234,Credit Card,1622.91,THB,2025-04-17 02:31:15,Failed
1860,178,250,PayPal,3879.28,THB,2025-02-08 02:31:15,Pending
1861,178,263,Debit Card,622.27,USD,2025-01-30 02:31:15,Failed
1862,178,222,PayPal,809.03,EUR,2025-07-12 02:31:15,Failed
1863,178,239,Bank Transfer,822.38,EUR,2025-08-19 02:31:15,Pending
1864,178,251,Credit Card,3034.51,EUR,2025-02-17 02:31:15,Pending
1865,178,296,Credit Card,1439.92,JPY,2024-12-13 02:31:15,Successful
1866,178,140,Bank Transfer,1528.33,JPY,2025-10-02 02:31:15,Failed
1867,178,275,Debit Card,4156.64,THB,2025-07-09 02:31:15,Pending
1868,178,132,Credit Card,4623.47,THB,2025-02-25 02:31:15,Pending
1869,178,283,Bank Transfer,1565.6,THB,2025-10-21 02:31:15,Pending
1870,178,21,Bank Transfer,1753.31,JPY,2025-05-07 02:31:15,Failed
1871,178,218,Bank Transfer,451.93,EUR,2025-06-10 02:31:15,Pending
1872,178,64,Debit Card,3535.43,JPY,2025-09-13 02:31:15,Successful
1873,178,279,PayPal,3786.11,USD,2024-11-03 02:31:15,Failed
1874,178,235,Bank Transfer,3307.71,THB,2025-03-20 02:31:15,Pending
1875,178,199,Bank Transfer,1526.3,THB,2025-07-17 02:31:15,Successful
1876,178,279,Debit Card,3703.06,USD,2025-04-30 02:31:15,Pending
1877,178,279,Credit Card,3423.76,THB,2025-04-23 02:31:15,Failed
1878,178,221,Debit Card,4637.33,USD,2025-05-03 02:31:15,Failed
1879,178,278,Debit Card,4730.81,USD,2025-02-11 02:31:15,Pending
1880,178,249,PayPal,3007.62,THB,2024-12-15 02:31:15,Pending
1881,179,251,Bank Transfer,1300.5,USD,2025-07-01 02:31:15,Failed
1882,179,222,Bank Transfer,1583.18,THB,2024-12-02 02:31:15,Pending
1883,179,44,Bank Transfer,3901.66,USD,2025-03-09 02:31:15,Pending
1884,179,247,Bank Transfer,1448.56,JPY,2025-04-27 02:31:15,Successful
1885,179,284,Credit Card,671.48,USD,2025-02-24 02:31:15,Pending
1886,180,267,Debit Card,212.83,JPY,2025-06-14 02:31:15,Pending
1887,180,201,Credit Card,3992.28,THB,2025-04-19 02:31:15,Failed
1888,180,244,Bank Transfer,1561.98,THB,2025-09-12 02:31:15,Failed
1889,180,253,Credit Card,3597.46,THB,2025-04-08 02:31:15,Pending
1890,180,276,Credit Card,2029.6,JPY,2025-09-30 02:31:15,Pending
1891,180,268,Credit Card,3792.19,THB,2024-11-29 02:31:15,Successful
1892,180,213,Debit Card,4323.82,THB,2025-10-30 02:31:15,Pending
1893,180,37,Bank Transfer,4022.51,USD,2025-10-12 02:31:15,Successful
1894,180,231,Debit Card,3297.94,USD,2025-01-18 02:31:15,Failed
1895,180,292,Credit Card,514.59,USD,2025-02-15 02:31:15,Failed
1896,180,292,PayPal,4834.75,THB,2025-03-30 02:31:15,Pending
1897,180,295,Credit Card,1316.85,USD,2025-02-09 02:31:15,Failed
1898,180,235,Bank Transfer,785.29,JPY,2024-11-11 02:31:15,Failed
1899,180,254,PayPal,3070.24,THB,2024-11-14 02:31:15,Successful
1900,180,104,Credit Card,1261.79,THB,2025-08-21 02:31:15,Failed
1901,180,231,Debit Card,4791.37,THB,2025-01-03 02:31:15,Failed
1902,180,156,PayPal,729.61,JPY,2025-09-24 02:31:15,Pending
1903,180,220,PayPal,1377.3,THB,2025-04-11 02:31:15,Failed
1904,180,229,Credit Card,4729.23,JPY,2024-11-11 02:31:15,Successful
1905,180,247,Debit Card,445.73,EUR,2024-12-12 02:31:15,Pending
1906,180,272,Debit Card,3600.78,THB,2025-04-01 02:31:15,Successful
1907,180,140,PayPal,4963.0,JPY,2025-04-21 02:31:15,Successful
1908,180,202,Debit Card,479.87,USD,2025-02-02 02:31:15,Successful
1909,181,235,Bank Transfer,423.2,USD,2025-04-30 02:31:15,Failed
1910,181,298,PayPal,817.02,THB,2025-06-14 02:31:15,Successful
1911,181,197,Credit Card,1948.06,THB,2025-04-22 02:31:15,Successful
1912,181,199,Credit Card,961.08,EUR,2025-01-04 02:31:15,Failed
1913,181,165,Credit Card,2691.9,EUR,2025-01-23 02:31:15,Failed
1914,181,234,Credit Card,4493.19,THB,2025-05-23 02:31:15,Failed
1915,181,157,Debit Card,1791.35,JPY,2025-03-02 02:31:15,Pending
1916,181,128,Debit Card,1369.4,THB,2024-11-30 02:31:15,Successful
1917,181,139,Debit Card,1956.12,EUR,2025-10-05 02:31:15,Pending
1918,181,281,PayPal,3566.76,THB,2024-11-19 02:31:15,Pending
1919,181,229,Bank Transfer,3563.26,THB,2025-03-22 02:31:15,Failed
1920,182,267,Bank Transfer,2560.92,EUR,2025-03-27 02:31:15,Pending
1921,183,210,Debit Card,1595.42,USD,2025-05-29 02:31:15,Failed
1922,183,268,PayPal,4241.7,USD,2025-09-23 02:31:15,Pending
1923,183,123,Debit Card,4729.85,THB,2025-01-11 02:31:15,Successful
1924,183,104,Credit Card,3742.71,JPY,2025-10-27 02:31:15,Failed
1925,183,237,Debit Card,2450.31,USD,2025-04-08 02:31:15,Successful
1926,183,252,Debit Card,4563.34,USD,2024-11-01 02:31:15,Failed
1927,183,253,PayPal,1296.71,USD,2024-12-26 02:31:15,Failed
1928,183,282,Debit Card,3405.16,THB,2025-08-04 02:31:15,Successful
1929,183,165,PayPal,4213.1,EUR,2025-10-06 02:31:15,Failed
1930,183,262,Bank Transfer,1957.56,EUR,2025-09-05 02:31:15,Failed
1931,183,236,Debit Card,4175.46,USD,2025-06-06 02:31:15,Failed
1932,183,256,Bank Transfer,1538.37,THB,2025-10-31 02:31:15,Pending
1933,183,35,Bank Transfer,1165.57,EUR,2024-12-07 02:31:15,Pending
1934,183,278,Credit Card,4683.53,JPY,2025-10-03 02:31:15,Failed
1935,183,234,Credit Card,3116.1,EUR,2025-06-02 02:31:15,Failed
1936,183,276,Credit Card,125.26,THB,2025-04-10 02:31:15,Failed
1937,183,262,Credit Card,596.56,JPY,2025-07-23 02:31:15,Successful
1938,183,247,Debit Card,2112.52,JPY,2025-10-29 02:31:15,Successful
1939,183,23,PayPal,1207.87,JPY,2025-04-24 02:31:15,Failed
1940,184,286,PayPal,2198.87,THB,2025-01-31 02:31:15,Failed
1941,185,205,Credit Card,4947.91,JPY,2025-08-11 02:31:15,Successful
1942,185,246,PayPal,3760.75,USD,2025-05-02 02:31:15,Pending
1943,185,240,Debit Card,642.26,EUR,2025-10-12 02:31:15,Successful
1944,185,295,Bank Transfer,2163.17,EUR,2025-10-16 02:31:15,Successful
1945,185,243,Debit Card,4747.04,EUR,2025-09-02 02:31:15,Failed
1946,185,35,Bank Transfer,2795.61,THB,2025-05-19 02:31:15,Failed
1947,185,55,Bank Transfer,743.95,USD,2025-10-22 02:31:15,Successful
1948,186,212,Debit Card,1786.19,USD,2024-11-16 02:31:15,Successful
1949,186,276,Credit Card,3423.72,EUR,2025-03-27 02:31:15,Pending
1950,186,242,Credit Card,2228.21,EUR,2025-06-10 02:31:15,Failed
1951,186,153,Credit Card,3828.41,THB,2024-12-20 02:31:15,Successful
1952,186,258,Debit Card,1322.39,USD,2025-06-20 02:31:15,Pending
1953,186,276,Debit Card,3365.02,JPY,2025-07-23 02:31:15,Failed
1954,186,64,Credit Card,3535.61,THB,2025-07-28 02:31:15,Pending
1955,186,207,Debit Card,1223.98,THB,2025-04-10 02:31:15,Successful
1956,187,207,PayPal,4952.95,THB,2025-03-28 02:31:15,Successful
1957,187,266,Debit Card,545.58,USD,2025-04-21 02:31:15,Failed
1958,187,218,PayPal,3530.78,THB,2025-07-11 02:31:15,Failed
1959,187,290,Bank Transfer,2448.06,JPY,2024-12-07 02:31:15,Successful
1960,187,239,PayPal,639.27,EUR,2025-06-11 02:31:15,Failed
1961,188,228,Bank Transfer,1310.15,USD,2025-07-31 02:31:15,Successful
1962,189,220,Credit Card,355.44,EUR,2025-07-16 02:31:15,Failed
1963,189,189,Bank Transfer,1472.78,USD,2025-03-26 02:31:15,Successful
1964,189,224,PayPal,4746.81,EUR,2025-05-14 02:31:15,Failed
1965,189,217,Credit Card,574.75,USD,2024-11-17 02:31:15,Pending
1966,189,265,Debit Card,1722.94,EUR,2025-01-04 02:31:15,Pending
1967,189,101,PayPal,1267.44,EUR,2025-07-17 02:31:15,Pending
1968,189,128,Bank Transfer,527.43,USD,2025-08-27 02:31:15,Pending
1969,189,4,Credit Card,301.09,THB,2025-07-26 02:31:15,Pending
1970,190,217,Bank Transfer,4634.95,USD,2025-01-26 02:31:15,Pending
1971,190,128,PayPal,1577.23,JPY,2025-07-21 02:31:15,Pending
1972,190,211,Debit Card,314.67,THB,2025-04-01 02:31:15,Pending
1973,190,212,PayPal,4468.77,EUR,2025-04-28 02:31:15,Failed
1974,190,210,Credit Card,4563.16,USD,2025-02-27 02:31:15,Failed
1975,190,282,Credit Card,917.98,EUR,2024-11-10 02:31:15,Successful
1976,190,254,PayPal,322.68,USD,2024-11-11 02:31:15,Successful
1977,190,161,Bank Transfer,2525.63,USD,2025-08-09 02:31:15,Failed
1978,190,204,Bank Transfer,2856.24,JPY,2025-04-10 02:31:15,Pending
1979,190,132,PayPal,1113.93,USD,2025-08-12 02:31:15,Pending
1980,190,246,Debit Card,3001.35,USD,2025-02-12 02:31:15,Failed
1981,190,263,PayPal,1586.71,THB,2025-06-03 02:31:15,Pending
1982,191,287,PayPal,2805.54,THB,2025-07-10 02:31:15,Successful
1983,191,228,Debit Card,1530.03,THB,2025-06-12 02:31:15,Successful
1984,191,204,PayPal,4379.58,USD,2024-12-08 02:31:15,Successful
1985,191,238,Debit Card,2719.52,USD,2024-12-04 02:31:15,Failed
1986,191,197,PayPal,1690.35,EUR,2025-08-25 02:31:15,Failed
1987,191,254,PayPal,1690.71,USD,2024-12-16 02:31:15,Successful
1988,191,291,PayPal,1174.47,EUR,2025-08-03 02:31:15,Failed
1989,191,295,Credit Card,2733.2,USD,2024-11-14 02:31:15,Failed
1990,191,39,PayPal,4363.13,THB,2025-03-20 02:31:15,Successful
1991,191,287,PayPal,1417.09,JPY,2025-08-14 02:31:15,Failed
1992,191,285,Debit Card,3676.08,JPY,2025-04-27 02:31:15,Successful
1993,191,297,Bank Transfer,559.09,THB,2025-03-11 02:31:15,Successful
1994,191,253,Debit Card,1025.41,JPY,2025-08-01 02:31:15,Pending
1995,191,288,PayPal,203.13,THB,2025-08-03 02:31:15,Failed
1996,191,281,Debit Card,440.33,USD,2025-03-28 02:31:15,Successful
1997,191,263,Bank Transfer,4554.74,JPY,2025-09-11 02:31:15,Pending
1998,191,238,Debit Card,3661.15,USD,2024-12-28 02:31:15,Successful
1999,191,300,Bank Transfer,1981.55,USD,2025-10-26 02:31:15,Pending
2000,191,201,Credit Card,747.68,USD,2025-06-17 02:31:15,Successful
2001,192,220,Credit Card,3982.76,USD,2025-09-08 02:31:15,Pending
2002,192,41,PayPal,4278.33,USD,2025-07-21 02:31:15,Successful
2003,192,225,Bank Transfer,3822.39,JPY,2025-08-10 02:31:15,Failed
2004,192,278,PayPal,2446.65,THB,2025-10-04 02:31:15,Pending
2005,192,143,PayPal,3174.68,USD,2025-10-22 02:31:15,Successful
2006,192,69,Credit Card,2768.75,USD,2025-02-13 02:31:15,Failed
2007,192,258,Debit Card,105.93,THB,2025-10-20 02:31:15,Successful
2008,192,221,Bank Transfer,1988.38,EUR,2024-12-01 02:31:15,Failed
2009,192,287,Debit Card,4616.29,JPY,2024-11-15 02:31:15,Pending
2010,192,95,Credit Card,2509.92,USD,2025-07-10 02:31:15,Successful
2011,192,300,PayPal,1850.81,EUR,2025-09-02 02:31:15,Failed
2012,192,24,Credit Card,4488.37,THB,2025-08-02 02:31:15,Failed
2013,192,273,PayPal,3038.1,JPY,2025-08-17 02:31:15,Pending
2014,192,271,PayPal,3161.32,EUR,2025-05-07 02:31:15,Successful
2015,192,189,PayPal,4589.55,EUR,2025-06-19 02:31:15,Pending
2016,192,140,Credit Card,3965.4,THB,2024-12-01 02:31:15,Successful
2017,192,236,PayPal,824.12,JPY,2025-03-02 02:31:15,Successful
2018,192,285,Credit Card,2931.43,EUR,2025-08-19 02:31:15,Successful
2019,192,264,PayPal,4974.38,THB,2025-04-18 02:31:15,Failed
2020,192,288,PayPal,2521.61,JPY,2024-11-11 02:31:15,Failed
2021,192,37,PayPal,777.28,THB,2025-04-19 02:31:15,Failed
2022,192,264,Bank Transfer,2739.86,JPY,2025-02-02 02:31:15,Pending
2023,192,251,Debit Card,1984.67,JPY,2025-02-05 02:31:15,Pending
2024,192,97,Debit Card,3545.16,THB,2025-04-30 02:31:15,Successful
2025,192,285,Debit Card,4970.14,USD,2025-04-30 02:31:15,Pending
2026,192,148,Bank Transfer,4792.32,USD,2025-10-02 02:31:15,Failed
2027,192,81,PayPal,4258.88,THB,2025-06-04 02:31:15,Failed
2028,192,266,Debit Card,4192.74,JPY,2025-06-30 02:31:15,Successful
2029,192,239,Debit Card,373.74,THB,2025-09-02 02:31:15,Pending
2030,192,235,Debit Card,1949.56,USD,2024-11-10 02:31:15,Failed
2031,192,37,PayPal,365.01,USD,2024-11-27 02:31:15,Pending
2032,192,207,Credit Card,2436.45,THB,2025-10-17 02:31:15,Successful
2033,192,215,PayPal,792.26,THB,2025-09-23 02:31:15,Successful
2034,192,254,Bank Transfer,833.61,THB,2025-03-06 02:31:15,Pending
2035,193,276,Debit Card,3765.72,EUR,2025-03-06 02:31:15,Failed
2036,193,143,PayPal,2275.47,USD,2025-06-08 02:31:15,Successful
2037,193,255,Debit Card,394.0,USD,2024-12-27 02:31:15,Successful
2038,193,209,Debit Card,153.25,JPY,2024-11-18 02:31:15,Failed
2039,193,66,PayPal,4603.84,EUR,2024-11-03 02:31:15,Successful
2040,193,284,Bank Transfer,4664.11,EUR,2025-09-15 02:31:15,Pending
2041,193,107,Bank Transfer,4891.84,THB,2025-07-16 02:31:15,Failed
2042,193,260,Credit Card,1172.64,THB,2025-01-19 02:31:15,Pending
2043,194,286,Credit Card,4101.14,JPY,2025-03-02 02:31:15,Failed
2044,194,270,Bank Transfer,4153.54,THB,2025-10-05 02:31:15,Failed
2045,195,55,Bank Transfer,1054.18,USD,2025-09-09 02:31:15,Successful
2046,195,229,PayPal,3055.63,EUR,2025-10-18 02:31:15,Successful
2047,195,55,PayPal,897.53,USD,2025-09-29 02:31:15,Successful
2048,195,139,Credit Card,3806.96,EUR,2025-07-28 02:31:15,Pending
2049,196,277,Debit Card,3228.11,USD,2025-07-01 02:31:15,Failed
2050,196,221,Credit Card,4885.65,USD,2025-01-17 02:31:15,Failed
2051,196,104,Credit Card,335.44,USD,2025-05-27 02:31:15,Successful
2052,196,174,PayPal,3783.23,JPY,2025-02-18 02:31:15,Successful
2053,197,272,PayPal,3784.03,EUR,2025-08-27 02:31:15,Pending
2054,197,50,Credit Card,1723.46,USD,2025-02-17 02:31:15,Successful
2055,197,229,Credit Card,2977.16,JPY,2025-03-02 02:31:15,Pending
2056,197,292,Credit Card,1521.58,THB,2024-11-17 02:31:15,Failed
2057,198,254,Credit Card,4437.5,USD,2025-07-06 02:31:15,Successful
2058,198,300,Debit Card,3867.25,THB,2025-02-18 02:31:15,Pending
2059,198,148,PayPal,2292.65,THB,2025-05-12 02:31:15,Failed
2060,198,254,PayPal,3155.01,JPY,2025-10-12 02:31:15,Pending
2061,198,157,Bank Transfer,1271.64,USD,2025-08-15 02:31:15,Pending
2062,198,281,Bank Transfer,577.29,USD,2025-08-20 02:31:15,Failed
2063,198,44,Credit Card,2544.67,JPY,2025-05-25 02:31:15,Successful
2064,198,265,PayPal,891.22,EUR,2025-01-10 02:31:15,Failed
2065,198,177,PayPal,537.22,THB,2024-11-03 02:31:15,Failed
2066,198,198,PayPal,4932.1,EUR,2025-03-20 02:31:15,Pending
2067,198,81,Debit Card,4705.16,JPY,2025-10-12 02:31:15,Failed
2068,198,268,PayPal,2064.6,THB,2025-03-21 02:31:15,Failed
2069,198,217,PayPal,1931.05,JPY,2025-02-15 02:31:15,Failed
2070,198,188,PayPal,4399.3,USD,2024-12-19 02:31:15,Pending
2071,198,271,Credit Card,3731.11,THB,2024-11-08 02:31:15,Pending
2072,198,81,Credit Card,857.35,USD,2025-06-06 02:31:15,Failed
2073,198,157,Debit Card,2893.66,USD,2025-07-10 02:31:15,Failed
2074,198,299,Bank Transfer,3378.84,EUR,2025-03-08 02:31:15,Failed
2075,198,128,Bank Transfer,634.68,THB,2025-09-07 02:31:15,Failed
2076,198,256,Bank Transfer,1077.41,EUR,2025-09-29 02:31:15,Failed
2077,198,230,PayPal,4982.55,JPY,2025-07-16 02:31:15,Pending
2078,198,251,Bank Transfer,660.2,JPY,2025-10-13 02:31:15,Pending
2079,198,239,Debit Card,4747.82,THB,2024-12-09 02:31:15,Successful
2080,198,64,PayPal,2884.21,JPY,2025-10-01 02:31:15,Failed
2081,198,247,Bank Transfer,4894.95,THB,2025-10-05 02:31:15,Successful
2082,198,107,Credit Card,4767.96,JPY,2025-06-16 02:31:15,Failed
2083,198,156,Debit Card,509.6,USD,2025-06-14 02:31:15,Failed
2084,198,93,Credit Card,1561.85,JPY,2025-04-01 02:31:15,Pending
2085,198,201,Debit Card,3381.26,EUR,2025-07-30 02:31:15,Successful
2086,198,153,Credit Card,4485.29,JPY,2025-05-10 02:31:15,Failed
2087,199,265,Debit Card,1073.17,JPY,2025-02-28 02:31:15,Failed
2088,199,282,Debit Card,4831.39,JPY,2025-05-04 02:31:15,Pending
2089,199,50,Bank Transfer,4132.78,THB,2025-09-23 02:31:15,Pending
2090,199,199,Debit Card,1686.29,EUR,2025-10-25 02:31:15,Successful
2091,199,132,Bank Transfer,4675.72,JPY,2025-05-23 02:31:15,Successful
2092,200,210,Bank Transfer,1387.73,USD,2025-03-16 02:31:15,Successful
2093,200,204,Bank Transfer,3230.69,USD,2025-10-14 02:31:15,Successful
2094,200,254,Debit Card,2158.86,THB,2024-12-29 02:31:15,Failed
2095,200,228,Debit Card,1805.62,THB,2024-11-19 02:31:15,Pending
2096,200,224,Credit Card,1914.26,EUR,2025-10-24 02:31:15,Failed
2097,200,111,PayPal,2560.22,USD,2024-11-08 02:31:15,Failed
2098,200,269,Bank Transfer,2128.86,EUR,2025-05-05 02:31:15,Pending
2099,200,218,Bank Transfer,2663.53,EUR,2025-09-04 02:31:15,Successful
2100,200,261,Bank Transfer,2199.08,THB,2025-01-22 02:31:15,Pending
2101,200,289,Debit Card,2759.54,JPY,2025-06-09 02:31:15,Pending
2102,200,121,Bank Transfer,3207.13,USD,2025-09-18 02:31:15,Successful
2103,200,281,Credit Card,3283.16,JPY,2025-09-09 02:31:15,Failed
2104,201,254,Credit Card,3204.27,USD,2024-11-25 02:31:15,Failed
2105,201,217,Bank Transfer,1138.17,JPY,2025-01-23 02:31:15,Failed
2106,201,66,Credit Card,1058.25,JPY,2025-08-30 02:31:15,Failed
2107,202,287,Bank Transfer,2123.38,JPY,2025-10-29 02:31:15,Failed
2108,202,272,Debit Card,2587.05,EUR,2024-11-29 02:31:15,Failed
2109,202,157,PayPal,4208.57,JPY,2024-11-22 02:31:15,Successful
2110,202,255,Credit Card,4510.92,JPY,2025-10-16 02:31:15,Successful
2111,203,251,Credit Card,851.54,EUR,2025-02-09 02:31:15,Pending
2112,203,264,PayPal,1741.94,JPY,2025-07-01 02:31:15,Pending
2113,203,279,Bank Transfer,1044.04,JPY,2025-10-06 02:31:15,Pending
2114,204,249,Bank Transfer,731.47,JPY,2025-08-05 02:31:15,Failed
2115,204,254,PayPal,2634.66,JPY,2025-07-06 02:31:15,Successful
2116,204,204,Debit Card,2570.86,JPY,2024-12-15 02:31:15,Failed
2117,204,217,Debit Card,4748.63,THB,2025-09-15 02:31:15,Successful
2118,204,148,Credit Card,2243.36,THB,2025-10-18 02:31:15,Pending
2119,204,289,Credit Card,2901.79,USD,2025-08-27 02:31:15,Failed
2120,204,226,PayPal,1014.12,THB,2025-06-02 02:31:15,Successful
2121,204,220,Debit Card,3658.93,JPY,2025-06-21 02:31:15,Pending
2122,204,271,Credit Card,1447.33,THB,2024-12-15 02:31:15,Successful
2123,204,251,Credit Card,643.56,USD,2025-09-08 02:31:15,Successful
2124,205,286,PayPal,1383.77,THB,2025-09-15 02:31:15,Successful
2125,205,231,Bank Transfer,4238.66,THB,2025-04-15 02:31:15,Successful
2126,205,274,Bank Transfer,3997.66,JPY,2025-09-25 02:31:15,Failed
2127,205,236,Credit Card,1130.45,JPY,2025-04-23 02:31:15,Failed
2128,205,220,Bank Transfer,4061.89,THB,2025-06-02 02:31:15,Successful
2129,206,69,Debit Card,3332.37,USD,2025-09-02 02:31:15,Failed
2130,206,234,PayPal,2471.16,USD,2025-08-12 02:31:15,Pending
2131,206,37,PayPal,4640.26,THB,2024-12-26 02:31:15,Successful
2132,206,267,Credit Card,2638.18,THB,2025-07-14 02:31:15,Failed
2133,206,285,Credit Card,4503.0,USD,2025-05-18 02:31:15,Successful
2134,206,269,Debit Card,508.87,THB,2025-06-17 02:31:15,Failed
2135,206,24,Bank Transfer,1076.26,USD,2025-05-07 02:31:15,Pending
2136,207,202,PayPal,2388.51,JPY,2025-03-23 02:31:15,Pending
2137,207,139,Bank Transfer,4619.51,EUR,2025-08-05 02:31:15,Successful
2138,207,35,PayPal,4813.17,USD,2025-01-07 02:31:15,Pending
2139,207,275,PayPal,911.7,THB,2025-02-25 02:31:15,Failed
2140,207,270,Bank Transfer,2176.31,EUR,2025-05-22 02:31:15,Pending
2141,207,189,Credit Card,3075.75,JPY,2025-07-22 02:31:15,Pending
2142,207,254,PayPal,1932.41,USD,2025-03-16 02:31:15,Successful
2143,207,220,Credit Card,4794.68,EUR,2025-01-05 02:31:15,Failed
2144,207,275,PayPal,3059.02,EUR,2025-04-12 02:31:15,Successful
2145,207,242,Credit Card,981.53,EUR,2025-03-27 02:31:15,Successful
2146,207,69,PayPal,1302.06,THB,2024-11-30 02:31:15,Failed
2147,207,66,PayPal,810.69,EUR,2025-08-31 02:31:15,Successful
2148,207,292,PayPal,3472.63,EUR,2025-07-15 02:31:15,Failed
2149,207,226,PayPal,4503.85,USD,2025-04-18 02:31:15,Failed
2150,207,189,Debit Card,2683.59,USD,2025-01-18 02:31:15,Failed
2151,207,299,Credit Card,2912.35,JPY,2024-11-17 02:31:15,Failed
2152,207,201,PayPal,4085.63,THB,2025-07-24 02:31:15,Successful
2153,208,273,Bank Transfer,2543.39,EUR,2025-03-31 02:31:15,Successful
2154,208,269,Credit Card,2318.65,EUR,2025-01-03 02:31:15,Failed
2155,208,127,Debit Card,2924.43,EUR,2025-10-23 02:31:15,Pending
2156,208,132,Credit Card,4567.05,EUR,2025-08-26 02:31:15,Failed
2157,208,157,Credit Card,4489.56,USD,2025-05-13 02:31:15,Pending
2158,208,220,Credit Card,440.33,USD,2025-04-03 02:31:15,Pending
2159,209,199,PayPal,1445.9,EUR,2025-04-11 02:31:15,Successful
2160,209,235,PayPal,2519.71,USD,2025-04-14 02:31:15,Failed
2161,209,259,Bank Transfer,2517.35,USD,2025-04-24 02:31:15,Pending
2162,209,264,Credit Card,243.51,USD,2025-10-27 02:31:15,Successful
2163,209,208,Credit Card,4968.35,JPY,2025-07-09 02:31:15,Successful
2164,209,55,Credit Card,1036.68,EUR,2025-01-30 02:31:15,Successful
2165,209,275,Credit Card,1372.47,USD,2025-09-06 02:31:15,Successful
2166,209,81,PayPal,467.71,EUR,2024-11-14 02:31:15,Pending
2167,209,211,Bank Transfer,1422.57,THB,2025-08-23 02:31:15,Pending
2168,210,69,Bank Transfer,687.52,EUR,2025-08-18 02:31:15,Pending
2169,210,228,Bank Transfer,3220.83,USD,2025-02-07 02:31:15,Pending
2170,210,201,Debit Card,2931.64,JPY,2025-06-11 02:31:15,Failed
2171,210,177,Bank Transfer,1206.57,EUR,2025-06-03 02:31:15,Pending
2172,210,44,Credit Card,1829.75,THB,2024-11-29 02:31:15,Pending
2173,210,209,Debit Card,3505.33,USD,2025-02-21 02:31:15,Successful
2174,210,256,Debit Card,164.33,THB,2025-03-07 02:31:15,Failed
2175,210,275,Debit Card,2489.46,EUR,2025-07-18 02:31:15,Pending
2176,210,235,PayPal,3826.39,EUR,2024-11-04 02:31:15,Failed
2177,210,238,Debit Card,4254.25,USD,2025-08-27 02:31:15,Successful
2178,210,247,PayPal,1989.32,JPY,2024-12-19 02:31:15,Pending
2179,210,215,Debit Card,3922.1,THB,2025-09-27 02:31:15,Failed
2180,210,234,Bank Transfer,904.56,EUR,2025-01-10 02:31:15,Pending
2181,210,261,Credit Card,821.72,USD,2025-09-06 02:31:15,Successful
2182,210,283,Credit Card,4481.08,THB,2025-06-18 02:31:15,Successful
2183,210,72,Bank Transfer,3343.24,JPY,2025-05-05 02:31:15,Failed
2184,210,271,Credit Card,4641.95,USD,2025-05-04 02:31:15,Failed
2185,210,95,Debit Card,838.04,JPY,2025-02-14 02:31:15,Failed
2186,210,286,Credit Card,2262.57,EUR,2025-09-12 02:31:15,Successful
2187,210,107,Bank Transfer,3686.81,JPY,2025-07-25 02:31:15,Failed
2188,211,132,Debit Card,2073.19,EUR,2025-02-03 02:31:15,Pending
2189,211,37,Bank Transfer,2641.23,USD,2024-11-18 02:31:15,Successful
2190,211,251,Debit Card,4798.96,THB,2025-09-04 02:31:15,Successful
2191,211,95,Credit Card,2918.63,THB,2025-09-29 02:31:15,Pending
2192,212,269,Credit Card,1449.75,JPY,2025-04-15 02:31:15,Failed
2193,212,7,Credit Card,1177.45,EUR,2025-02-21 02:31:15,Successful
2194,212,234,Debit Card,3950.07,EUR,2024-12-10 02:31:15,Failed
2195,212,35,PayPal,3696.02,USD,2025-07-30 02:31:15,Pending
2196,212,104,Bank Transfer,3721.54,THB,2025-08-06 02:31:15,Failed
2197,212,268,Credit Card,916.56,EUR,2025-03-13 02:31:15,Successful
2198,212,287,Credit Card,3363.55,JPY,2025-05-14 02:31:15,Successful
2199,212,242,Debit Card,4874.42,USD,2025-08-06 02:31:15,Pending
2200,212,225,Credit Card,3010.63,JPY,2025-01-07 02:31:15,Successful
2201,212,284,Bank Transfer,4378.77,JPY,2025-09-06 02:31:15,Successful
2202,213,199,Credit Card,2879.61,EUR,2025-07-08 02:31:15,Pending
2203,213,254,Debit Card,3799.46,USD,2025-09-11 02:31:15,Failed
2204,213,157,PayPal,2317.82,EUR,2025-01-26 02:31:15,Failed
2205,213,229,Bank Transfer,1342.33,JPY,2025-10-26 02:31:15,Failed
2206,213,217,PayPal,3579.77,JPY,2025-09-05 02:31:15,Failed
2207,213,272,Credit Card,824.71,JPY,2025-07-12 02:31:15,Pending
2208,213,230,Debit Card,1850.25,USD,2025-06-29 02:31:15,Pending
2209,213,225,Bank Transfer,1861.16,USD,2025-07-25 02:31:15,Failed
2210,213,50,Credit Card,4830.72,JPY,2025-02-05 02:31:15,Successful
2211,213,35,PayPal,4560.6,EUR,2025-05-16 02:31:15,Failed
2212,213,95,Bank Transfer,4731.81,EUR,2025-05-27 02:31:15,Successful
2213,213,269,Credit Card,2939.63,EUR,2024-12-23 02:31:15,Successful
2214,213,289,Bank Transfer,3997.13,EUR,2025-06-07 02:31:15,Successful
2215,213,81,Credit Card,2544.74,THB,2025-03-08 02:31:15,Pending
2216,213,209,Debit Card,2663.61,EUR,2024-12-17 02:31:15,Pending
2217,213,204,Debit Card,1587.86,EUR,2025-09-29 02:31:15,Failed
2218,213,256,Credit Card,2323.91,THB,2025-06-10 02:31:15,Pending
2219,214,198,Credit Card,360.65,EUR,2025-10-30 02:31:15,Failed
2220,214,253,PayPal,3335.24,USD,2025-10-07 02:31:15,Failed
2221,214,293,Debit Card,1816.07,EUR,2025-02-17 02:31:15,Pending
2222,214,259,Debit Card,4773.06,EUR,2025-08-20 02:31:15,Pending
2223,214,232,Debit Card,2217.05,USD,2025-06-06 02:31:15,Successful
2224,214,205,Credit Card,2418.57,EUR,2025-06-27 02:31:15,Pending
2225,214,254,Bank Transfer,2170.56,USD,2025-06-21 02:31:15,Failed
2226,214,101,PayPal,949.18,JPY,2024-11-19 02:31:15,Failed
2227,214,226,Debit Card,3448.27,THB,2025-06-26 02:31:15,Successful
2228,214,199,Bank Transfer,2815.99,EUR,2025-05-29 02:31:15,Successful
2229,215,217,PayPal,2876.66,JPY,2025-01-26 02:31:15,Successful
2230,215,297,Bank Transfer,3933.79,JPY,2025-09-13 02:31:15,Successful
2231,215,245,Bank Transfer,3501.25,EUR,2025-03-07 02:31:15,Failed
2232,215,276,Bank Transfer,2386.11,JPY,2025-03-10 02:31:15,Successful
2233,215,263,Credit Card,4791.71,JPY,2025-09-17 02:31:15,Successful
2234,215,278,PayPal,3954.5,EUR,2025-08-28 02:31:15,Pending
2235,215,127,PayPal,362.33,JPY,2025-08-29 02:31:15,Failed
2236,216,206,Credit Card,2367.76,JPY,2025-10-05 02:31:15,Successful
2237,216,244,Credit Card,1423.86,USD,2025-05-15 02:31:15,Pending
2238,216,201,Credit Card,4127.51,JPY,2024-11-13 02:31:15,Failed
2239,216,107,Credit Card,695.07,USD,2024-11-07 02:31:15,Successful
2240,216,210,Debit Card,2854.04,JPY,2025-08-24 02:31:15,Successful
2241,216,128,Debit Card,1574.37,EUR,2025-10-29 02:31:15,Failed
2242,216,105,Debit Card,662.07,USD,2025-08-15 02:31:15,Pending
2243,217,268,Credit Card,2647.13,THB,2025-07-20 02:31:15,Successful
2244,217,201,Bank Transfer,220.82,JPY,2025-04-15 02:31:15,Successful
2245,217,228,Credit Card,1569.63,JPY,2025-07-30 02:31:15,Successful
2246,217,281,PayPal,4126.26,JPY,2024-11-30 02:31:15,Pending
2247,217,256,Credit Card,2218.53,USD,2025-07-30 02:31:15,Successful
2248,217,220,Debit Card,936.8,THB,2025-03-03 02:31:15,Failed
2249,217,72,PayPal,1518.3,USD,2025-01-04 02:31:15,Failed
2250,217,24,PayPal,3371.73,JPY,2025-04-18 02:31:15,Pending
2251,217,230,Credit Card,2373.42,JPY,2025-08-18 02:31:15,Successful
2252,217,277,PayPal,2339.7,JPY,2025-10-27 02:31:15,Pending
2253,217,35,PayPal,267.01,JPY,2025-10-11 02:31:15,Failed
2254,217,274,Debit Card,2392.74,JPY,2025-06-13 02:31:15,Successful
2255,217,174,Debit Card,1852.96,THB,2025-05-07 02:31:15,Pending
2256,217,140,Bank Transfer,2613.92,THB,2024-12-01 02:31:15,Successful
2257,217,202,PayPal,3314.07,EUR,2025-03-11 02:31:15,Pending
2258,218,201,Debit Card,1463.87,EUR,2025-04-14 02:31:15,Successful
2259,218,243,Bank Transfer,1944.96,JPY,2024-12-26 02:31:15,Pending
2260,218,226,Debit Card,2922.59,EUR,2025-08-27 02:31:15,Pending
2261,218,174,PayPal,2985.38,EUR,2025-01-06 02:31:15,Pending
2262,218,256,Bank Transfer,431.09,USD,2025-08-12 02:31:15,Successful
2263,218,245,Credit Card,3359.78,JPY,2024-11-19 02:31:15,Failed
2264,218,230,PayPal,3823.56,THB,2025-09-09 02:31:15,Successful
2265,218,139,Bank Transfer,3803.49,JPY,2025-09-30 02:31:15,Successful
2266,218,279,PayPal,660.92,USD,2025-03-20 02:31:15,Failed
2267,218,252,Credit Card,4625.4,EUR,2025-09-07 02:31:15,Pending
2268,218,260,Bank Transfer,1950.38,THB,2025-07-24 02:31:15,Failed
2269,218,260,Bank Transfer,2243.82,EUR,2025-07-09 02:31:15,Successful
2270,219,300,Debit Card,2226.91,THB,2025-09-18 02:31:15,Pending
2271,219,265,Credit Card,3182.67,USD,2025-07-20 02:31:15,Successful
2272,219,215,Debit Card,4477.13,EUR,2025-04-07 02:31:15,Pending
2273,219,290,Credit Card,1769.49,JPY,2025-07-27 02:31:15,Successful
2274,219,242,Bank Transfer,2554.17,EUR,2024-12-20 02:31:15,Pending
2275,219,35,Debit Card,4027.82,JPY,2025-03-28 02:31:15,Pending
2276,220,265,Bank Transfer,4382.49,USD,2025-08-28 02:31:15,Pending
2277,220,66,PayPal,594.47,JPY,2025-07-06 02:31:15,Successful
2278,220,230,PayPal,210.46,EUR,2025-06-26 02:31:15,Failed
2279,220,249,PayPal,432.97,THB,2025-06-07 02:31:15,Successful
2280,220,278,Debit Card,4280.66,EUR,2025-04-11 02:31:15,Pending
2281,220,257,Credit Card,2775.11,USD,2025-01-07 02:31:15,Failed
2282,220,215,PayPal,3300.84,USD,2025-05-12 02:31:15,Failed
2283,220,211,PayPal,1082.51,USD,2025-08-22 02:31:15,Successful
2284,220,4,PayPal,4628.45,USD,2025-07-04 02:31:15,Failed
2285,220,202,Credit Card,4047.74,USD,2025-05-08 02:31:15,Successful
2286,220,289,Bank Transfer,3030.92,USD,2025-01-23 02:31:15,Failed
2287,220,241,Debit Card,1425.49,USD,2025-09-09 02:31:15,Successful
2288,220,244,Bank Transfer,2587.26,EUR,2025-03-26 02:31:15,Failed
2289,220,242,PayPal,3929.56,THB,2025-10-22 02:31:15,Successful
2290,220,271,Credit Card,3890.7,THB,2025-02-01 02:31:15,Pending
2291,221,285,Bank Transfer,3441.51,USD,2025-01-23 02:31:15,Failed
2292,221,285,Credit Card,1996.91,JPY,2024-11-10 02:31:15,Successful
2293,221,239,Bank Transfer,3536.56,THB,2025-09-03 02:31:15,Failed
2294,221,253,Credit Card,4496.02,EUR,2025-05-05 02:31:15,Successful
2295,221,270,PayPal,2238.97,USD,2025-07-03 02:31:15,Successful
2296,221,289,Credit Card,2984.23,THB,2025-04-04 02:31:15,Pending
2297,221,66,Credit Card,4955.6,USD,2025-06-27 02:31:15,Successful
2298,221,209,Credit Card,377.61,JPY,2025-08-01 02:31:15,Failed
2299,221,125,Credit Card,1639.22,THB,2025-06-05 02:31:15,Successful
2300,221,215,Bank Transfer,2445.64,USD,2024-11-30 02:31:15,Successful
2301,221,220,Credit Card,1325.97,THB,2025-02-21 02:31:15,Pending
2302,221,121,PayPal,4498.44,THB,2025-03-19 02:31:15,Pending
2303,221,205,PayPal,4712.99,EUR,2024-12-02 02:31:15,Successful
2304,222,227,PayPal,1662.41,USD,2025-10-05 02:31:15,Failed
2305,222,234,Bank Transfer,3556.96,JPY,2025-06-11 02:31:15,Successful
2306,222,289,Debit Card,4569.04,THB,2025-05-29 02:31:15,Pending
2307,222,247,Debit Card,701.47,THB,2025-10-14 02:31:15,Successful
2308,222,284,Bank Transfer,3284.55,JPY,2025-09-04 02:31:15,Successful
2309,222,279,Bank Transfer,4197.99,EUR,2025-06-12 02:31:15,Pending
2310,222,300,Bank Transfer,1572.02,USD,2025-10-02 02:31:15,Failed
2311,223,286,Bank Transfer,2527.25,JPY,2025-04-19 02:31:15,Failed
2312,223,267,Credit Card,1199.8,JPY,2025-07-30 02:31:15,Pending
2313,223,174,Bank Transfer,2709.21,EUR,2025-10-16 02:31:15,Pending
2314,223,268,PayPal,4692.4,EUR,2025-06-20 02:31:15,Pending
2315,223,208,Debit Card,3810.54,EUR,2024-12-18 02:31:15,Failed
2316,223,276,Bank Transfer,3934.8,USD,2025-09-07 02:31:15,Pending
2317,223,153,Bank Transfer,4767.12,EUR,2025-02-01 02:31:15,Failed
2318,223,275,Bank Transfer,2905.75,EUR,2025-08-10 02:31:15,Failed
2319,223,157,Bank Transfer,3753.61,THB,2025-08-26 02:31:15,Successful
2320,224,223,PayPal,4017.99,EUR,2025-09-19 02:31:15,Successful
2321,224,224,PayPal,1753.91,JPY,2025-10-13 02:31:15,Pending
2322,224,288,PayPal,1872.3,EUR,2024-12-02 02:31:15,Pending
2323,224,23,Credit Card,709.1,EUR,2025-06-19 02:31:15,Successful
2324,224,35,Bank Transfer,2367.35,JPY,2025-10-28 02:31:15,Failed
2325,224,217,Credit Card,4832.84,JPY,2024-12-10 02:31:15,Pending
2326,224,225,Debit Card,2102.19,USD,2025-06-13 02:31:15,Pending
2327,224,299,PayPal,4771.14,JPY,2025-08-01 02:31:15,Failed
2328,224,239,PayPal,1371.75,JPY,2025-08-28 02:31:15,Successful
2329,224,259,Debit Card,819.82,USD,2025-07-05 02:31:15,Successful
2330,224,282,Credit Card,1002.85,JPY,2025-01-09 02:31:15,Failed
2331,224,223,Credit Card,2811.7,THB,2025-10-01 02:31:15,Pending
2332,224,211,PayPal,4878.88,USD,2024-11-19 02:31:15,Failed
2333,224,263,Credit Card,3042.84,EUR,2025-09-07 02:31:15,Successful
2334,224,209,Bank Transfer,654.59,USD,2025-07-03 02:31:15,Successful
2335,224,241,PayPal,2894.79,JPY,2025-09-26 02:31:15,Pending
2336,224,197,Bank Transfer,4391.68,THB,2025-10-20 02:31:15,Failed
2337,224,228,PayPal,1741.43,JPY,2024-12-03 02:31:15,Failed
2338,225,245,Bank Transfer,4718.15,EUR,2024-12-18 02:31:15,Successful
2339,225,242,Debit Card,1904.68,EUR,2025-08-17 02:31:15,Pending
2340,225,229,Credit Card,620.54,THB,2025-05-25 02:31:15,Pending
2341,225,166,PayPal,4705.71,JPY,2025-01-07 02:31:15,Successful
2342,225,221,Debit Card,1967.34,USD,2025-09-23 02:31:15,Successful
2343,225,224,Bank Transfer,2740.94,USD,2025-02-04 02:31:15,Successful
2344,225,234,Bank Transfer,3330.07,JPY,2025-05-23 02:31:15,Failed
2345,225,69,Debit Card,4196.44,EUR,2025-06-30 02:31:15,Failed
2346,225,283,Debit Card,4015.13,EUR,2025-07-06 02:31:15,Failed
2347,226,232,PayPal,3766.12,USD,2024-11-12 02:31:15,Successful
2348,226,265,Bank Transfer,3690.71,JPY,2025-04-30 02:31:15,Successful
2349,226,243,PayPal,2846.24,USD,2025-04-30 02:31:15,Pending
2350,226,292,Bank Transfer,3065.57,JPY,2025-04-01 02:31:15,Successful
2351,227,229,Debit Card,4636.01,THB,2025-04-07 02:31:15,Pending
2352,227,139,Debit Card,3067.17,EUR,2025-05-11 02:31:15,Failed
2353,228,97,Credit Card,499.38,JPY,2025-02-16 02:31:15,Successful
2354,228,293,Bank Transfer,3199.89,THB,2025-08-01 02:31:15,Failed
2355,228,153,Credit Card,917.18,JPY,2025-06-20 02:31:15,Pending
2356,228,210,Bank Transfer,3739.98,THB,2025-10-15 02:31:15,Failed
2357,228,201,Credit Card,3481.23,USD,2025-08-26 02:31:15,Pending
2358,228,123,Bank Transfer,4530.88,EUR,2025-08-28 02:31:15,Failed
2359,228,23,Debit Card,3588.72,USD,2025-05-13 02:31:15,Failed
2360,228,209,Credit Card,4971.26,USD,2025-09-25 02:31:15,Pending
2361,228,270,PayPal,4754.6,JPY,2024-12-14 02:31:15,Failed
2362,228,242,Bank Transfer,1517.53,JPY,2024-11-08 02:31:15,Successful
2363,228,128,Debit Card,3646.17,USD,2025-08-16 02:31:15,Successful
2364,228,205,PayPal,3402.14,JPY,2025-04-21 02:31:15,Failed
2365,228,44,Bank Transfer,965.94,EUR,2025-09-13 02:31:15,Successful
2366,228,21,PayPal,2517.14,USD,2025-01-17 02:31:15,Pending
2367,228,213,Bank Transfer,1497.76,JPY,2025-05-22 02:31:15,Successful
2368,228,256,Debit Card,305.48,THB,2025-03-26 02:31:15,Pending
2369,228,289,PayPal,2918.18,EUR,2025-09-12 02:31:15,Failed
2370,228,210,PayPal,911.4,EUR,2025-06-14 02:31:15,Failed
2371,229,66,Bank Transfer,1195.8,THB,2025-06-07 02:31:15,Failed
2372,229,123,Credit Card,4630.13,EUR,2025-08-21 02:31:15,Successful
2373,229,127,Debit Card,2805.6,THB,2025-10-18 02:31:15,Pending
2374,229,24,Credit Card,4803.3,THB,2025-10-29 02:31:15,Failed
2375,229,37,Credit Card,1910.75,EUR,2025-01-13 02:31:15,Failed
2376,230,240,Bank Transfer,2652.38,JPY,2025-06-03 02:31:15,Successful
2377,230,148,Credit Card,2277.58,JPY,2025-02-22 02:31:15,Failed
2378,230,254,Credit Card,4336.06,EUR,2024-11-24 02:31:15,Successful
2379,230,261,PayPal,4037.84,THB,2025-09-24 02:31:15,Failed
2380,230,224,Debit Card,2584.59,EUR,2025-03-14 02:31:15,Pending
2381,230,225,Credit Card,3563.37,EUR,2025-10-13 02:31:15,Failed
2382,231,121,Credit Card,4668.6,EUR,2025-07-27 02:31:15,Pending
2383,231,238,Credit Card,4750.99,USD,2025-06-29 02:31:15,Successful
2384,231,288,Bank Transfer,4373.36,THB,2024-11-22 02:31:15,Successful
2385,231,264,PayPal,2403.57,JPY,2025-07-29 02:31:15,Pending
2386,231,281,Bank Transfer,1484.74,THB,2024-12-11 02:31:15,Successful
2387,231,259,Debit Card,115.67,USD,2025-02-23 02:31:15,Pending
2388,231,212,Debit Card,3578.95,USD,2025-04-01 02:31:15,Pending
2389,231,213,PayPal,3105.55,THB,2024-12-10 02:31:15,Failed
2390,231,286,Bank Transfer,2699.26,THB,2025-06-01 02:31:15,Successful
2391,231,201,PayPal,3373.08,JPY,2024-12-14 02:31:15,Failed
2392,231,239,PayPal,2762.73,EUR,2025-09-13 02:31:15,Successful
2393,232,111,Credit Card,4818.3,EUR,2025-04-01 02:31:15,Failed
2394,233,248,PayPal,1312.24,JPY,2025-09-03 02:31:15,Successful
2395,233,35,Bank Transfer,4785.95,USD,2025-05-08 02:31:15,Pending
2396,233,237,Bank Transfer,3553.61,JPY,2025-02-24 02:31:15,Pending
2397,233,207,Bank Transfer,3467.39,USD,2025-06-06 02:31:15,Failed
2398,233,189,Debit Card,4460.07,JPY,2025-10-01 02:31:15,Pending
2399,233,24,PayPal,1381.87,EUR,2025-04-05 02:31:15,Failed
2400,233,233,Bank Transfer,2183.48,EUR,2025-10-05 02:31:15,Failed
2401,233,289,Bank Transfer,3668.12,EUR,2024-12-11 02:31:15,Successful
2402,234,247,PayPal,2293.42,THB,2025-01-12 02:31:15,Successful
2403,234,116,Debit Card,3919.8,USD,2024-12-22 02:31:15,Pending
2404,234,215,PayPal,733.16,USD,2025-10-22 02:31:15,Failed
2405,234,201,Credit Card,3924.12,EUR,2025-05-05 02:31:15,Pending
2406,234,29,Credit Card,3309.16,THB,2025-04-30 02:31:15,Pending
2407,234,280,Debit Card,4927.56,JPY,2025-07-07 02:31:15,Failed
2408,234,211,Debit Card,4562.2,EUR,2025-04-04 02:31:15,Successful
2409,234,241,Debit Card,4706.07,USD,2025-10-22 02:31:15,Pending
2410,234,286,Credit Card,2557.35,JPY,2025-10-11 02:31:15,Successful
2411,234,262,PayPal,1577.19,THB,2024-12-13 02:31:15,Pending
2412,234,41,Debit Card,265.51,USD,2025-04-22 02:31:15,Pending
2413,234,197,Bank Transfer,742.85,EUR,2025-09-19 02:31:15,Successful
2414,234,270,Credit Card,2572.1,JPY,2025-10-22 02:31:15,Successful
2415,234,243,Debit Card,568.23,JPY,2025-07-25 02:31:15,Pending
2416,235,269,PayPal,3945.38,JPY,2025-02-12 02:31:15,Pending
2417,235,111,Credit Card,1580.55,JPY,2025-07-21 02:31:15,Successful
2418,235,289,PayPal,4849.39,JPY,2025-04-23 02:31:15,Failed
2419,235,93,Bank Transfer,556.01,JPY,2025-01-18 02:31:15,Failed
2420,235,21,Bank Transfer,1493.67,THB,2025-04-20 02:31:15,Successful
2421,236,299,Bank Transfer,3665.03,EUR,2025-01-26 02:31:15,Pending
2422,236,278,Credit Card,2316.12,USD,2025-04-12 02:31:15,Successful
2423,236,279,Bank Transfer,1912.13,USD,2024-12-07 02:31:15,Failed
2424,236,285,PayPal,804.48,USD,2025-09-14 02:31:15,Pending
2425,237,267,Debit Card,1117.64,JPY,2025-01-02 02:31:15,Successful
2426,237,35,Credit Card,792.52,JPY,2025-02-07 02:31:15,Pending
2427,237,161,Debit Card,388.77,JPY,2025-06-25 02:31:15,Failed
2428,237,121,PayPal,3728.5,THB,2025-10-14 02:31:15,Failed
2429,237,259,Bank Transfer,4370.0,EUR,2024-11-13 02:31:15,Successful
2430,237,254,Bank Transfer,2773.38,EUR,2024-12-03 02:31:15,Successful
2431,237,199,PayPal,2360.72,JPY,2025-02-11 02:31:15,Pending
2432,237,261,Credit Card,4614.03,JPY,2024-11-08 02:31:15,Successful
2433,237,107,Bank Transfer,723.68,USD,2025-08-11 02:31:15,Pending
2434,237,81,Credit Card,914.37,JPY,2025-09-04 02:31:15,Successful
2435,237,143,Bank Transfer,2526.4,JPY,2025-08-22 02:31:15,Pending
2436,237,216,Bank Transfer,2057.09,EUR,2025-09-02 02:31:15,Failed
2437,237,271,PayPal,3627.72,EUR,2025-02-07 02:31:15,Failed
2438,237,228,PayPal,2862.67,THB,2025-08-21 02:31:15,Failed
2439,237,212,Debit Card,4033.79,EUR,2025-02-09 02:31:15,Pending
2440,237,251,PayPal,2413.34,THB,2025-05-16 02:31:15,Pending
2441,237,300,Debit Card,904.77,JPY,2025-10-27 02:31:15,Failed
2442,237,217,Bank Transfer,978.21,JPY,2025-09-28 02:31:15,Successful
2443,237,203,PayPal,3537.18,THB,2024-11-11 02:31:15,Successful
2444,237,93,Bank Transfer,1722.07,USD,2024-12-17 02:31:15,Failed
2445,238,224,Debit Card,427.18,THB,2025-05-09 02:31:15,Pending
2446,238,104,Credit Card,4646.61,EUR,2025-06-09 02:31:15,Failed
2447,238,262,PayPal,1899.65,JPY,2025-06-24 02:31:15,Pending
2448,238,81,Debit Card,479.63,THB,2025-09-10 02:31:15,Pending
2449,238,239,Debit Card,1471.93,EUR,2025-01-17 02:31:15,Successful
2450,239,278,Debit Card,4004.73,JPY,2025-05-16 02:31:15,Pending
2451,240,64,PayPal,4836.63,JPY,2025-07-17 02:31:15,Successful
2452,240,125,Credit Card,3938.49,THB,2025-09-16 02:31:15,Pending
2453,240,231,Debit Card,802.33,JPY,2025-11-01 02:31:15,Failed
2454,241,235,Credit Card,4490.17,USD,2025-08-23 02:31:15,Pending
2455,241,246,Bank Transfer,2184.49,JPY,2025-05-18 02:31:15,Failed
2456,241,257,Credit Card,1279.79,JPY,2025-04-22 02:31:15,Failed
2457,241,256,Bank Transfer,1839.46,EUR,2025-02-03 02:31:15,Successful
2458,241,283,Debit Card,4781.26,EUR,2024-11-02 02:31:15,Successful
2459,242,214,Bank Transfer,2846.38,JPY,2024-11-11 02:31:15,Failed
2460,242,244,Credit Card,2833.73,JPY,2024-12-03 02:31:15,Failed
2461,242,125,Debit Card,223.95,EUR,2025-03-08 02:31:15,Pending
2462,242,255,PayPal,3669.61,THB,2024-12-21 02:31:15,Pending
2463,242,250,Debit Card,1974.04,THB,2025-10-27 02:31:15,Successful
2464,242,35,Bank Transfer,1868.86,THB,2025-10-30 02:31:15,Pending
2465,242,252,PayPal,1709.41,EUR,2025-06-25 02:31:15,Pending
2466,242,234,Credit Card,3073.19,USD,2024-12-05 02:31:15,Failed
2467,242,233,Bank Transfer,2051.64,EUR,2025-06-14 02:31:15,Pending
2468,242,247,Credit Card,4858.59,USD,2025-03-05 02:31:15,Pending
2469,242,247,Bank Transfer,2502.47,JPY,2024-12-05 02:31:15,Pending
2470,243,269,Credit Card,287.15,USD,2024-12-23 02:31:15,Pending
2471,243,21,Debit Card,3557.63,THB,2025-08-26 02:31:15,Successful
2472,243,207,Bank Transfer,4186.92,USD,2025-10-04 02:31:15,Failed
2473,243,234,Credit Card,1639.76,EUR,2025-07-25 02:31:15,Pending
2474,243,279,Credit Card,1730.06,EUR,2024-11-03 02:31:15,Successful
2475,243,294,PayPal,2630.07,JPY,2025-04-02 02:31:15,Pending
2476,243,222,Credit Card,418.28,THB,2025-06-18 02:31:15,Successful
2477,243,139,Debit Card,2272.65,EUR,2024-12-25 02:31:15,Successful
2478,244,207,Bank Transfer,947.54,USD,2025-05-26 02:31:15,Failed
2479,244,279,PayPal,676.8,JPY,2025-01-15 02:31:15,Pending
2480,244,105,Credit Card,2874.33,JPY,2025-09-17 02:31:15,Successful
2481,244,206,Credit Card,994.25,USD,2025-07-29 02:31:15,Failed
2482,244,201,Credit Card,3856.94,USD,2025-07-13 02:31:15,Pending
2483,244,4,PayPal,2355.71,THB,2025-05-28 02:31:15,Pending
2484,244,177,Debit Card,3762.3,THB,2025-05-27 02:31:15,Successful
2485,244,211,Bank Transfer,3558.98,THB,2025-06-12 02:31:15,Successful
2486,244,204,PayPal,2128.52,THB,2025-06-15 02:31:15,Successful
2487,244,227,Debit Card,4898.46,EUR,2024-11-09 02:31:15,Failed
2488,244,289,PayPal,552.82,EUR,2025-01-09 02:31:15,Failed
2489,244,132,PayPal,3884.62,JPY,2024-12-13 02:31:15,Pending
2490,245,201,Debit Card,279.98,JPY,2025-08-14 02:31:15,Pending
2491,245,270,Debit Card,4969.4,JPY,2025-05-08 02:31:15,Pending
2492,245,297,PayPal,1116.49,EUR,2025-09-16 02:31:15,Pending
2493,245,278,Debit Card,1365.25,JPY,2025-06-21 02:31:15,Successful
2494,245,217,Credit Card,2633.45,THB,2025-03-03 02:31:15,Successful
2495,245,4,Bank Transfer,2975.42,EUR,2025-01-17 02:31:15,Failed
2496,245,235,Credit Card,1679.62,USD,2024-12-14 02:31:15,Failed
2497,246,256,Credit Card,877.88,JPY,2025-05-14 02:31:15,Failed
2498,246,256,Credit Card,1016.85,EUR,2025-05-29 02:31:15,Successful
2499,246,221,Bank Transfer,2779.21,USD,2025-03-22 02:31:15,Pending
2500,246,230,Bank Transfer,3008.52,JPY,2025-04-11 02:31:15,Failed
2501,246,247,Debit Card,1337.62,EUR,2024-12-29 02:31:15,Failed
2502,246,240,Bank Transfer,3424.92,EUR,2025-10-12 02:31:15,Successful
2503,246,240,Credit Card,2162.83,EUR,2025-01-10 02:31:15,Failed
2504,246,97,Credit Card,903.73,THB,2025-06-01 02:31:15,Pending
2505,246,217,Debit Card,4762.32,THB,2025-08-27 02:31:15,Pending
2506,246,177,PayPal,3963.99,USD,2025-09-16 02:31:15,Failed
2507,246,231,Debit Card,4027.3,JPY,2025-04-13 02:31:15,Successful
2508,246,281,Bank Transfer,104.13,THB,2025-07-22 02:31:15,Successful
2509,246,268,PayPal,1606.88,THB,2025-07-04 02:31:15,Successful
2510,246,284,Bank Transfer,541.82,THB,2025-08-15 02:31:15,Pending
2511,246,225,PayPal,124.23,THB,2025-05-09 02:31:15,Successful
2512,246,254,Bank Transfer,2794.16,JPY,2024-11-09 02:31:15,Successful
2513,246,268,Bank Transfer,3375.34,JPY,2024-11-05 02:31:15,Successful
2514,246,277,Credit Card,1999.11,EUR,2025-08-25 02:31:15,Failed
2515,246,254,PayPal,4500.3,JPY,2024-12-31 02:31:15,Failed
2516,246,243,Credit Card,1799.65,USD,2025-07-11 02:31:15,Pending
2517,246,153,Debit Card,3862.44,EUR,2025-04-30 02:31:15,Failed
2518,246,153,Credit Card,3091.78,JPY,2025-09-23 02:31:15,Pending
2519,246,300,Debit Card,776.59,THB,2025-10-10 02:31:15,Successful
2520,246,300,PayPal,2233.46,EUR,2025-04-19 02:31:15,Pending
2521,246,143,Debit Card,2185.99,EUR,2025-05-26 02:31:15,Failed
2522,246,35,Bank Transfer,270.65,JPY,2025-08-02 02:31:15,Successful
2523,247,228,Bank Transfer,3443.46,USD,2025-03-08 02:31:15,Successful
2524,247,253,PayPal,3461.72,USD,2024-12-01 02:31:15,Failed
2525,247,214,Credit Card,888.33,THB,2025-01-11 02:31:15,Pending
2526,247,281,Bank Transfer,3462.86,USD,2025-02-26 02:31:15,Pending
2527,247,211,Bank Transfer,2170.04,USD,2025-05-30 02:31:15,Failed
2528,247,279,PayPal,3736.12,USD,2024-12-27 02:31:15,Failed
2529,248,201,PayPal,3926.92,EUR,2025-02-01 02:31:15,Failed
2530,248,255,Credit Card,3948.92,JPY,2025-02-02 02:31:15,Failed
2531,248,210,Credit Card,836.9,EUR,2024-11-04 02:31:15,Pending
2532,248,252,PayPal,1068.3,JPY,2025-03-24 02:31:15,Successful
2533,248,127,Bank Transfer,1480.4,USD,2025-02-24 02:31:15,Failed
2534,248,276,PayPal,345.36,EUR,2025-06-25 02:31:15,Failed
2535,248,210,PayPal,3407.48,USD,2025-01-28 02:31:15,Failed
2536,248,288,Debit Card,1536.87,JPY,2025-10-24 02:31:15,Failed
2537,248,258,PayPal,1558.65,USD,2024-12-31 02:31:15,Successful
2538,248,216,PayPal,3686.33,JPY,2025-06-27 02:31:15,Successful
2539,248,216,Credit Card,2721.43,THB,2025-08-19 02:31:15,Pending
2540,248,251,Bank Transfer,2212.39,EUR,2025-05-09 02:31:15,Failed
2541,248,203,Debit Card,4602.0,JPY,2025-10-12 02:31:15,Successful
2542,248,225,PayPal,1926.7,THB,2024-12-25 02:31:15,Pending
2543,248,217,Credit Card,1971.37,USD,2025-05-13 02:31:15,Pending
2544,249,231,PayPal,2170.4,USD,2025-07-30 02:31:15,Pending
2545,249,198,PayPal,3635.81,USD,2025-03-25 02:31:15,Successful
2546,249,121,Debit Card,2897.39,EUR,2024-12-21 02:31:15,Pending
2547,249,4,Debit Card,3501.86,USD,2025-04-24 02:31:15,Pending
2548,249,153,Bank Transfer,1154.53,JPY,2025-06-14 02:31:15,Pending
2549,249,245,Debit Card,1456.58,USD,2024-12-27 02:31:15,Failed
2550,249,23,Debit Card,3423.22,EUR,2025-10-30 02:31:15,Failed
2551,249,44,Debit Card,191.72,JPY,2024-11-30 02:31:15,Successful
2552,249,23,PayPal,1408.56,EUR,2025-09-13 02:31:15,Successful
2553,249,174,Debit Card,188.56,EUR,2025-07-11 02:31:15,Successful
2554,249,97,PayPal,3668.0,JPY,2025-01-04 02:31:15,Failed
2555,249,244,PayPal,2753.14,JPY,2025-01-20 02:31:15,Successful
2556,249,268,PayPal,1768.92,EUR,2025-03-19 02:31:15,Successful
2557,249,216,Bank Transfer,4286.34,JPY,2025-07-17 02:31:15,Pending
2558,249,249,Debit Card,3397.63,EUR,2025-04-09 02:31:15,Successful
2559,249,234,Credit Card,3193.78,EUR,2025-09-20 02:31:15,Successful
2560,249,203,PayPal,1589.76,EUR,2025-03-15 02:31:15,Pending
2561,250,240,Bank Transfer,244.87,THB,2024-12-17 02:31:15,Failed
2562,250,291,Bank Transfer,2135.43,USD,2025-06-09 02:31:15,Pending
2563,250,242,Bank Transfer,4949.43,JPY,2025-01-30 02:31:15,Successful
2564,250,282,Bank Transfer,3074.9,USD,2025-09-13 02:31:15,Failed
2565,251,260,Debit Card,1135.4,USD,2025-01-13 02:31:15,Failed
2566,251,259,Debit Card,4337.98,JPY,2025-01-24 02:31:15,Failed
2567,251,298,PayPal,3781.28,JPY,2024-12-30 02:31:15,Failed
2568,251,35,PayPal,3875.45,USD,2024-11-26 02:31:15,Pending
2569,251,209,PayPal,2561.29,JPY,2025-07-09 02:31:15,Failed
2570,251,210,Bank Transfer,3808.46,EUR,2025-03-16 02:31:15,Successful
2571,251,261,Debit Card,2060.27,USD,2025-02-02 02:31:15,Failed
2572,251,295,Bank Transfer,3315.33,USD,2025-04-19 02:31:15,Pending
2573,251,249,Bank Transfer,4873.81,JPY,2025-07-28 02:31:15,Pending
2574,251,269,Credit Card,3132.49,THB,2024-12-24 02:31:15,Pending
2575,252,209,Credit Card,3037.88,JPY,2025-10-21 02:31:15,Failed
2576,252,256,Debit Card,915.65,JPY,2024-11-16 02:31:15,Successful
2577,252,262,PayPal,211.33,JPY,2025-01-23 02:31:15,Pending
2578,252,253,Debit Card,4266.51,THB,2025-03-12 02:31:15,Failed
2579,253,224,Debit Card,958.53,THB,2025-05-20 02:31:15,Successful
2580,253,278,PayPal,417.58,USD,2025-07-19 02:31:15,Pending
2581,253,281,Bank Transfer,2350.05,JPY,2025-07-01 02:31:15,Successful
2582,253,44,Bank Transfer,2551.05,USD,2024-12-27 02:31:15,Failed
2583,253,261,Debit Card,1299.83,USD,2025-10-29 02:31:15,Pending
2584,253,206,Credit Card,3441.92,JPY,2025-02-08 02:31:15,Failed
2585,253,37,Bank Transfer,444.79,JPY,2025-06-21 02:31:15,Pending
2586,253,296,Credit Card,3607.39,USD,2025-03-22 02:31:15,Failed
2587,253,153,Credit Card,1535.52,JPY,2025-10-12 02:31:15,Failed
2588,253,206,Bank Transfer,3611.46,JPY,2025-03-27 02:31:15,Successful
2589,253,293,Credit Card,815.32,EUR,2025-01-09 02:31:15,Successful
2590,253,156,Debit Card,1895.68,EUR,2025-08-21 02:31:15,Successful
2591,253,105,Bank Transfer,1129.42,USD,2025-05-17 02:31:15,Pending
2592,253,295,Credit Card,2345.39,JPY,2025-06-29 02:31:15,Failed
2593,253,229,PayPal,1546.93,JPY,2025-05-16 02:31:15,Failed
2594,254,35,PayPal,2884.33,USD,2025-08-22 02:31:15,Successful
2595,254,273,PayPal,227.11,EUR,2025-01-17 02:31:15,Failed
2596,254,153,PayPal,1602.65,THB,2025-01-15 02:31:15,Pending
2597,254,268,PayPal,2428.9,JPY,2024-11-22 02:31:15,Failed
2598,254,274,Debit Card,3744.29,THB,2025-08-18 02:31:15,Pending
2599,254,298,PayPal,4309.82,EUR,2024-12-10 02:31:15,Successful
2600,254,202,Credit Card,4269.5,EUR,2025-08-18 02:31:15,Pending
2601,254,107,Credit Card,1371.16,JPY,2025-03-02 02:31:15,Pending
2602,255,269,Debit Card,4864.78,THB,2025-01-05 02:31:15,Pending
2603,255,232,PayPal,2664.35,JPY,2025-02-26 02:31:15,Pending
2604,255,295,Debit Card,4366.83,JPY,2025-08-04 02:31:15,Failed
2605,255,177,Bank Transfer,169.74,USD,2025-05-10 02:31:15,Successful
2606,255,299,PayPal,1111.5,THB,2025-06-12 02:31:15,Pending
2607,255,229,Credit Card,3284.98,EUR,2025-02-19 02:31:15,Failed
2608,255,97,Credit Card,4215.89,THB,2025-07-21 02:31:15,Failed
2609,255,286,Credit Card,2052.61,USD,2025-05-17 02:31:15,Pending
2610,255,240,Credit Card,1430.22,USD,2025-10-04 02:31:15,Failed
2611,255,29,Debit Card,1298.99,THB,2024-11-13 02:31:15,Pending
2612,255,81,Debit Card,1218.87,JPY,2025-08-03 02:31:15,Successful
2613,256,242,PayPal,2804.68,USD,2025-07-27 02:31:15,Pending
2614,256,225,Credit Card,4540.09,THB,2025-02-07 02:31:15,Failed
2615,256,260,Credit Card,1117.89,THB,2025-01-06 02:31:15,Pending
2616,256,203,Bank Transfer,2374.93,USD,2025-05-22 02:31:15,Pending
2617,257,201,Credit Card,1062.49,USD,2025-03-20 02:31:15,Successful
2618,257,235,Bank Transfer,1067.24,THB,2024-12-30 02:31:15,Failed
2619,257,230,PayPal,2889.71,JPY,2025-09-05 02:31:15,Pending
2620,257,239,Bank Transfer,3909.24,THB,2025-01-04 02:31:15,Pending
2621,257,225,Bank Transfer,4961.96,EUR,2025-04-07 02:31:15,Pending
2622,257,230,PayPal,2513.77,THB,2025-05-17 02:31:15,Pending
2623,258,264,Bank Transfer,2619.58,EUR,2025-06-19 02:31:15,Pending
2624,258,177,Debit Card,1771.6,EUR,2024-12-16 02:31:15,Failed
2625,258,240,Credit Card,4888.42,THB,2025-02-25 02:31:15,Successful
2626,258,254,PayPal,4477.5,JPY,2025-02-21 02:31:15,Successful
2627,259,205,Debit Card,421.24,JPY,2024-11-22 02:31:15,Failed
2628,259,244,Credit Card,4633.95,JPY,2025-05-10 02:31:15,Pending
2629,259,285,Debit Card,1048.62,USD,2025-07-06 02:31:15,Successful
2630,259,72,PayPal,2558.72,EUR,2025-02-03 02:31:15,Failed
2631,259,300,Credit Card,3455.26,THB,2025-01-13 02:31:15,Pending
2632,259,226,Debit Card,1686.45,THB,2025-04-13 02:31:15,Successful
2633,259,282,Debit Card,3089.6,THB,2025-05-19 02:31:15,Pending
2634,259,64,Bank Transfer,3302.1,JPY,2025-06-17 02:31:15,Successful
2635,259,69,PayPal,2412.71,EUR,2025-04-26 02:31:15,Successful
2636,259,272,PayPal,1735.24,EUR,2025-05-24 02:31:15,Failed
2637,259,238,PayPal,2183.96,JPY,2025-04-02 02:31:15,Successful
2638,259,216,Bank Transfer,371.01,JPY,2025-05-04 02:31:15,Pending
2639,259,252,Debit Card,4877.43,EUR,2025-10-23 02:31:15,Pending
2640,259,244,Debit Card,1122.18,EUR,2025-06-04 02:31:15,Failed
2641,259,228,Credit Card,1677.04,JPY,2025-05-19 02:31:15,Pending
2642,259,230,Debit Card,4007.63,JPY,2025-06-14 02:31:15,Successful
2643,259,210,Credit Card,1291.38,EUR,2025-03-01 02:31:15,Pending
2644,259,166,Bank Transfer,4765.02,USD,2024-11-29 02:31:15,Failed
2645,259,263,Bank Transfer,1324.25,JPY,2025-10-02 02:31:15,Successful
2646,259,289,Credit Card,3234.18,EUR,2025-01-30 02:31:15,Failed
2647,260,128,Bank Transfer,4625.67,USD,2025-03-05 02:31:15,Successful
2648,260,282,Credit Card,1690.27,JPY,2025-08-16 02:31:15,Successful
2649,260,277,PayPal,2913.03,USD,2025-03-22 02:31:15,Successful
2650,260,278,PayPal,2906.39,EUR,2025-01-20 02:31:15,Pending
2651,260,37,PayPal,3478.89,THB,2025-09-28 02:31:15,Pending
2652,260,252,PayPal,4790.28,EUR,2025-03-18 02:31:15,Pending
2653,260,204,Debit Card,1002.29,JPY,2025-07-08 02:31:15,Failed
2654,260,242,PayPal,1731.76,EUR,2025-06-24 02:31:15,Pending
2655,260,161,Credit Card,787.32,JPY,2025-03-28 02:31:15,Failed
2656,260,64,Bank Transfer,4010.68,USD,2025-02-12 02:31:15,Failed
2657,260,243,Credit Card,2872.0,USD,2025-02-16 02:31:15,Failed
2658,260,228,Bank Transfer,1484.97,EUR,2024-12-12 02:31:15,Successful
2659,260,228,Credit Card,2870.0,USD,2025-02-02 02:31:15,Successful
2660,260,264,Credit Card,2912.23,JPY,2024-12-24 02:31:15,Pending
2661,260,255,Debit Card,3784.35,JPY,2025-06-13 02:31:15,Failed
2662,260,245,Bank Transfer,4457.84,THB,2024-12-03 02:31:15,Failed
2663,260,239,Credit Card,990.2,EUR,2025-03-14 02:31:15,Pending
2664,260,300,Bank Transfer,4458.05,JPY,2025-01-11 02:31:15,Failed
2665,260,107,Credit Card,3156.08,JPY,2025-10-23 02:31:15,Successful
2666,260,165,Debit Card,1679.68,THB,2025-06-22 02:31:15,Successful
2667,260,263,PayPal,2708.58,THB,2025-01-11 02:31:15,Failed
2668,260,207,Debit Card,1025.35,THB,2025-07-19 02:31:15,Failed
2669,260,236,Debit Card,594.39,USD,2025-08-28 02:31:15,Pending
2670,260,203,PayPal,4777.84,EUR,2025-05-24 02:31:15,Successful
2671,260,271,Debit Card,1088.34,THB,2025-03-29 02:31:15,Failed
2672,260,127,Debit Card,4687.88,THB,2025-05-04 02:31:15,Successful
2673,260,230,Debit Card,4400.42,JPY,2025-08-30 02:31:15,Failed
2674,260,189,Credit Card,2275.37,THB,2025-04-21 02:31:15,Successful
2675,260,271,Bank Transfer,2248.88,THB,2025-07-19 02:31:15,Failed
2676,260,64,Credit Card,554.97,THB,2025-02-15 02:31:15,Pending
2677,260,286,Credit Card,898.13,THB,2025-09-01 02:31:15,Failed
2678,260,269,PayPal,3773.44,EUR,2025-04-03 02:31:15,Successful
2679,260,284,Debit Card,4927.25,EUR,2025-03-02 02:31:15,Failed
2680,260,254,Credit Card,4729.99,USD,2025-10-29 02:31:15,Failed
2681,260,216,Bank Transfer,2061.51,USD,2025-05-04 02:31:15,Failed
2682,260,116,PayPal,4199.02,JPY,2024-12-03 02:31:15,Failed
2683,260,261,Debit Card,4998.56,USD,2024-12-03 02:31:15,Pending
2684,260,274,Bank Transfer,4392.11,USD,2025-06-14 02:31:15,Pending
2685,260,166,PayPal,322.31,THB,2025-08-03 02:31:15,Pending
2686,260,244,Credit Card,726.95,THB,2025-08-22 02:31:15,Pending
2687,260,125,Bank Transfer,3835.21,USD,2024-12-31 02:31:15,Successful
2688,260,55,PayPal,1921.35,JPY,2025-08-13 02:31:15,Failed
2689,260,261,Debit Card,955.72,THB,2024-11-24 02:31:15,Successful
2690,260,244,PayPal,4407.48,USD,2025-08-10 02:31:15,Successful
2691,260,203,Bank Transfer,1099.98,JPY,2024-12-16 02:31:15,Failed
2692,260,189,PayPal,3147.38,USD,2025-10-19 02:31:15,Failed
2693,260,235,Credit Card,4455.22,USD,2025-08-20 02:31:15,Failed
2694,260,157,Credit Card,2743.43,THB,2025-08-13 02:31:15,Successful
2695,260,269,Credit Card,1808.47,THB,2025-09-15 02:31:15,Failed
2696,260,224,Credit Card,650.81,JPY,2025-03-09 02:31:15,Failed
2697,260,258,Bank Transfer,758.59,USD,2025-05-26 02:31:15,Failed
2698,260,216,Bank Transfer,4507.79,EUR,2025-08-28 02:31:15,Failed
2699,260,240,PayPal,4788.84,USD,2025-03-02 02:31:15,Failed
2700,260,199,Debit Card,716.58,THB,2025-08-20 02:31:15,Successful
2701,260,297,Credit Card,3741.61,JPY,2025-06-10 02:31:15,Pending
2702,260,50,Credit Card,1323.92,EUR,2025-07-30 02:31:15,Pending
2703,260,233,PayPal,1710.27,JPY,2024-11-24 02:31:15,Pending
2704,260,223,PayPal,3823.48,THB,2025-05-18 02:31:15,Failed
2705,260,55,PayPal,3339.89,USD,2025-04-18 02:31:15,Pending
2706,261,297,Credit Card,3991.55,THB,2025-10-25 02:31:15,Successful
2707,261,296,Credit Card,4193.36,THB,2025-08-11 02:31:15,Failed
2708,261,240,PayPal,157.39,JPY,2025-02-27 02:31:15,Failed
2709,261,275,Debit Card,3180.69,JPY,2025-03-15 02:31:15,Successful
2710,261,50,Bank Transfer,3144.43,JPY,2025-09-02 02:31:15,Pending
2711,261,165,PayPal,3311.76,EUR,2025-05-13 02:31:15,Successful
2712,261,278,PayPal,1770.82,JPY,2025-01-24 02:31:15,Failed
2713,261,237,Credit Card,3373.26,EUR,2025-02-09 02:31:15,Failed
2714,261,226,Credit Card,3931.58,JPY,2024-12-08 02:31:15,Successful
2715,261,262,Debit Card,563.46,JPY,2025-09-06 02:31:15,Successful
2716,261,298,PayPal,718.87,EUR,2025-05-28 02:31:15,Failed
2717,261,207,Bank Transfer,2811.16,USD,2025-02-16 02:31:15,Successful
2718,261,237,Bank Transfer,4118.13,THB,2025-08-21 02:31:15,Pending
2719,261,283,Debit Card,3901.97,THB,2025-05-04 02:31:15,Pending
2720,261,288,Debit Card,2858.13,USD,2025-02-02 02:31:15,Failed
2721,261,210,Debit Card,3499.1,THB,2025-04-24 02:31:15,Successful
2722,262,201,Credit Card,3433.94,THB,2025-08-16 02:31:15,Pending
2723,262,244,Bank Transfer,4305.65,EUR,2025-10-07 02:31:15,Failed
2724,262,239,PayPal,2009.88,JPY,2025-03-03 02:31:15,Failed
2725,262,210,PayPal,766.99,EUR,2025-11-01 02:31:15,Successful
2726,262,254,PayPal,3570.87,EUR,2025-07-18 02:31:15,Pending
2727,262,111,Credit Card,390.19,JPY,2025-08-22 02:31:15,Successful
2728,262,270,Bank Transfer,4129.96,THB,2025-04-15 02:31:15,Successful
2729,262,269,Bank Transfer,2015.9,THB,2025-06-27 02:31:15,Failed
2730,262,203,Credit Card,1208.89,EUR,2025-08-22 02:31:15,Failed
2731,262,235,Credit Card,3657.3,THB,2025-07-19 02:31:15,Failed
2732,262,282,Debit Card,3393.97,EUR,2025-10-27 02:31:15,Pending
2733,262,256,Credit Card,2651.04,USD,2024-12-15 02:31:15,Pending
2734,262,256,Bank Transfer,1237.69,JPY,2025-06-02 02:31:15,Successful
2735,262,278,Bank Transfer,853.02,EUR,2025-06-15 02:31:15,Successful
2736,262,221,Bank Transfer,4206.09,EUR,2025-09-05 02:31:15,Pending
2737,262,250,Bank Transfer,2186.96,THB,2024-11-03 02:31:15,Pending
2738,263,258,Bank Transfer,3816.45,THB,2025-02-07 02:31:15,Successful
2739,263,234,Credit Card,4988.27,EUR,2025-07-01 02:31:15,Pending
2740,263,116,Bank Transfer,4199.87,JPY,2025-03-31 02:31:15,Successful
2741,263,231,Credit Card,4339.32,EUR,2025-06-13 02:31:15,Failed
2742,263,37,PayPal,2156.26,EUR,2025-05-03 02:31:15,Successful
2743,263,230,Credit Card,595.54,JPY,2025-06-30 02:31:15,Pending
2744,263,221,Bank Transfer,1184.8,JPY,2024-11-26 02:31:15,Failed
2745,263,264,Credit Card,4986.78,JPY,2025-01-18 02:31:15,Pending
2746,263,140,Bank Transfer,3072.48,JPY,2025-10-11 02:31:15,Pending
2747,263,37,Credit Card,2992.68,USD,2025-01-11 02:31:15,Successful
2748,263,232,Credit Card,4836.98,THB,2025-05-01 02:31:15,Pending
2749,263,104,Bank Transfer,4094.89,USD,2025-05-08 02:31:15,Pending
2750,263,206,Bank Transfer,4275.94,USD,2025-04-11 02:31:15,Pending
2751,263,37,Bank Transfer,3378.43,USD,2025-07-14 02:31:15,Pending
2752,263,104,Debit Card,218.31,EUR,2025-09-12 02:31:15,Failed
2753,263,212,Bank Transfer,4029.29,JPY,2025-06-25 02:31:15,Failed
2754,263,226,PayPal,1826.65,THB,2025-06-13 02:31:15,Failed
2755,263,37,Credit Card,1690.11,EUR,2025-08-11 02:31:15,Successful
2756,263,105,PayPal,3729.45,EUR,2025-08-05 02:31:15,Failed
2757,263,204,Credit Card,1735.44,THB,2025-05-23 02:31:15,Failed
2758,263,244,Credit Card,4579.44,USD,2024-12-09 02:31:15,Failed
2759,263,156,PayPal,3146.82,THB,2025-04-20 02:31:15,Successful
2760,263,271,PayPal,4294.28,JPY,2025-05-06 02:31:15,Failed
2761,263,105,Bank Transfer,4489.32,THB,2025-08-07 02:31:15,Failed
2762,263,274,Credit Card,646.25,EUR,2025-02-15 02:31:15,Pending
2763,263,275,PayPal,3808.18,THB,2025-04-12 02:31:15,Pending
2764,263,218,Credit Card,1073.24,USD,2024-11-02 02:31:15,Pending
2765,264,254,Bank Transfer,4275.82,THB,2025-05-11 02:31:15,Pending
2766,264,277,PayPal,2044.11,JPY,2025-09-09 02:31:15,Pending
2767,264,244,PayPal,3105.76,USD,2025-05-20 02:31:15,Successful
2768,264,210,Bank Transfer,4148.06,THB,2025-01-25 02:31:15,Successful
2769,264,270,PayPal,229.16,THB,2024-11-11 02:31:15,Successful
2770,264,228,Debit Card,4388.17,JPY,2024-12-05 02:31:15,Successful
2771,264,252,Debit Card,160.85,THB,2025-10-22 02:31:15,Pending
2772,264,229,Bank Transfer,4205.86,JPY,2025-01-21 02:31:15,Pending
2773,264,217,Debit Card,2120.39,JPY,2024-12-15 02:31:15,Pending
2774,264,297,Bank Transfer,3759.28,EUR,2025-06-20 02:31:15,Failed
2775,264,249,PayPal,1886.12,THB,2025-05-22 02:31:15,Pending
2776,264,104,PayPal,477.5,THB,2025-05-21 02:31:15,Pending
2777,264,299,Debit Card,3998.23,THB,2025-09-13 02:31:15,Pending
2778,264,227,Bank Transfer,2723.26,USD,2024-12-27 02:31:15,Successful
2779,264,256,PayPal,3616.07,THB,2025-03-08 02:31:15,Failed
2780,264,4,Credit Card,2355.17,JPY,2025-02-20 02:31:15,Pending
2781,265,64,Bank Transfer,416.82,THB,2025-10-21 02:31:15,Pending
2782,265,228,Bank Transfer,2839.08,USD,2025-05-08 02:31:15,Failed
2783,265,24,Debit Card,412.51,EUR,2025-09-29 02:31:15,Pending
2784,265,97,PayPal,2891.79,USD,2024-11-01 02:31:15,Pending
2785,265,202,Bank Transfer,2211.07,THB,2025-04-13 02:31:15,Successful
2786,265,255,Bank Transfer,1618.14,EUR,2025-05-16 02:31:15,Successful
2787,265,233,Bank Transfer,806.74,EUR,2025-10-29 02:31:15,Pending
2788,265,148,Credit Card,3589.36,EUR,2025-01-05 02:31:15,Successful
2789,265,249,Credit Card,3107.87,JPY,2025-08-11 02:31:15,Pending
2790,265,39,Debit Card,1319.12,THB,2025-08-01 02:31:15,Successful
2791,265,214,Bank Transfer,3670.47,EUR,2025-09-17 02:31:15,Successful
2792,265,258,Bank Transfer,2912.61,JPY,2025-04-07 02:31:15,Failed
2793,265,44,Bank Transfer,778.7,EUR,2025-07-31 02:31:15,Successful
2794,265,223,PayPal,1840.27,JPY,2025-06-25 02:31:15,Failed
2795,265,229,Credit Card,1004.38,JPY,2025-07-22 02:31:15,Successful
2796,265,66,PayPal,4929.62,USD,2025-05-12 02:31:15,Failed
2797,266,300,Credit Card,2666.95,USD,2024-12-26 02:31:15,Successful
2798,266,212,Credit Card,3445.28,USD,2025-08-07 02:31:15,Successful
2799,266,298,Credit Card,122.84,JPY,2025-05-29 02:31:15,Successful
2800,266,256,PayPal,4310.86,THB,2025-07-28 02:31:15,Pending
2801,266,35,Bank Transfer,990.75,THB,2025-05-09 02:31:15,Successful
2802,266,249,Debit Card,3038.62,THB,2025-03-21 02:31:15,Pending
2803,266,204,Debit Card,2585.91,JPY,2025-10-17 02:31:15,Pending
2804,266,227,Credit Card,4682.94,USD,2025-05-26 02:31:15,Failed
2805,266,297,Credit Card,1810.36,THB,2025-01-03 02:31:15,Pending
2806,266,263,Debit Card,4511.13,JPY,2025-07-26 02:31:15,Pending
2807,266,229,Debit Card,4986.98,EUR,2025-03-14 02:31:15,Pending
2808,266,23,Bank Transfer,3941.91,USD,2024-11-24 02:31:15,Pending
2809,266,241,Credit Card,1757.89,EUR,2025-08-21 02:31:15,Successful
2810,266,211,Bank Transfer,1022.87,JPY,2025-10-11 02:31:15,Failed
2811,266,125,Credit Card,4591.39,JPY,2024-11-29 02:31:15,Pending
2812,266,246,Credit Card,4254.09,USD,2024-11-27 02:31:15,Pending
2813,266,66,PayPal,4568.15,JPY,2025-01-26 02:31:15,Pending
2814,266,241,Debit Card,1484.55,THB,2025-03-17 02:31:15,Successful
2815,266,223,PayPal,4726.81,JPY,2025-04-09 02:31:15,Failed
2816,266,262,Bank Transfer,503.71,USD,2025-02-23 02:31:15,Successful
2817,266,222,PayPal,2850.14,JPY,2025-05-29 02:31:15,Failed
2818,266,23,PayPal,3877.13,USD,2025-02-04 02:31:15,Successful
2819,266,211,Debit Card,4739.22,EUR,2025-01-05 02:31:15,Pending
2820,266,277,Debit Card,3240.57,USD,2025-02-01 02:31:15,Successful
2821,266,228,Credit Card,4837.16,JPY,2025-07-28 02:31:15,Failed
2822,266,217,Credit Card,4136.36,JPY,2025-02-14 02:31:15,Pending
2823,266,228,Debit Card,2592.85,USD,2025-07-15 02:31:15,Successful
2824,266,246,Bank Transfer,4754.83,THB,2024-11-02 02:31:15,Failed
2825,266,227,Credit Card,3598.77,JPY,2025-07-19 02:31:15,Pending
2826,266,95,Credit Card,321.65,JPY,2025-07-19 02:31:15,Pending
2827,266,298,Credit Card,4629.13,USD,2025-07-01 02:31:15,Pending
2828,266,239,PayPal,4923.57,JPY,2025-07-08 02:31:15,Failed
2829,267,258,Bank Transfer,319.31,THB,2024-12-30 02:31:15,Successful
2830,267,247,PayPal,4421.53,JPY,2024-11-18 02:31:15,Pending
2831,267,233,PayPal,1103.89,EUR,2025-04-06 02:31:15,Pending
2832,267,234,Credit Card,2137.85,JPY,2025-04-22 02:31:15,Failed
2833,267,266,Debit Card,4101.95,JPY,2025-06-25 02:31:15,Pending
2834,267,209,Credit Card,3170.03,JPY,2025-10-11 02:31:15,Pending
2835,267,282,Bank Transfer,731.55,THB,2025-09-26 02:31:15,Pending
2836,267,284,Credit Card,664.86,JPY,2025-09-28 02:31:15,Successful
2837,267,262,PayPal,920.1,EUR,2024-11-18 02:31:15,Pending
2838,267,204,Bank Transfer,1495.55,EUR,2025-06-09 02:31:15,Pending
2839,267,201,PayPal,631.61,USD,2025-04-13 02:31:15,Successful
2840,267,230,Credit Card,2818.27,JPY,2025-07-22 02:31:15,Successful
2841,267,221,Credit Card,2397.89,USD,2025-09-05 02:31:15,Successful
2842,267,157,Credit Card,4182.16,THB,2025-09-20 02:31:15,Pending
2843,267,105,Credit Card,1284.58,EUR,2025-03-22 02:31:15,Pending
2844,267,228,Debit Card,2265.92,USD,2024-11-27 02:31:15,Pending
2845,267,249,Debit Card,3865.89,EUR,2025-10-10 02:31:15,Pending
2846,267,290,Credit Card,4748.09,EUR,2025-06-26 02:31:15,Successful
2847,267,132,PayPal,2363.97,USD,2025-04-15 02:31:15,Failed
2848,267,256,Debit Card,4739.42,USD,2025-07-09 02:31:15,Successful
2849,268,295,Debit Card,1745.85,JPY,2025-10-20 02:31:15,Failed
2850,268,174,Credit Card,4232.77,EUR,2025-01-20 02:31:15,Successful
2851,268,261,Debit Card,2780.9,EUR,2025-10-03 02:31:15,Successful
2852,268,270,Credit Card,2108.63,USD,2024-12-20 02:31:15,Pending
2853,268,264,Debit Card,3647.99,EUR,2025-04-26 02:31:15,Successful
2854,268,201,Debit Card,4517.45,THB,2025-10-29 02:31:15,Failed
2855,268,292,Credit Card,2857.29,JPY,2025-01-15 02:31:15,Successful
2856,268,221,Debit Card,3834.66,USD,2025-01-17 02:31:15,Pending
2857,269,123,Credit Card,196.99,JPY,2025-01-13 02:31:15,Pending
2858,269,229,Bank Transfer,1484.1,JPY,2025-03-16 02:31:15,Pending
2859,269,157,Debit Card,3446.12,EUR,2025-05-09 02:31:15,Pending
2860,269,275,Bank Transfer,2447.73,THB,2025-03-14 02:31:15,Pending
2861,269,299,PayPal,1196.82,EUR,2024-12-10 02:31:15,Pending
2862,269,228,Debit Card,4818.89,JPY,2025-06-23 02:31:15,Successful
2863,269,101,PayPal,3726.03,JPY,2025-06-01 02:31:15,Successful
2864,269,242,Credit Card,2353.67,THB,2025-04-10 02:31:15,Successful
2865,269,101,PayPal,1119.69,JPY,2025-03-31 02:31:15,Failed
2866,269,157,Bank Transfer,3693.9,JPY,2025-04-17 02:31:15,Failed
2867,270,101,PayPal,1755.23,JPY,2025-08-25 02:31:15,Pending
2868,270,128,Debit Card,1305.43,THB,2025-01-14 02:31:15,Successful
2869,271,270,PayPal,4511.74,JPY,2025-04-24 02:31:15,Pending
2870,271,220,PayPal,1146.22,THB,2025-03-06 02:31:15,Successful
2871,271,197,Bank Transfer,1571.57,JPY,2025-10-06 02:31:15,Successful
2872,271,95,Debit Card,1754.65,THB,2024-11-29 02:31:15,Failed
2873,271,247,Bank Transfer,983.54,JPY,2025-10-20 02:31:15,Pending
2874,271,216,Debit Card,1991.26,THB,2025-06-15 02:31:15,Pending
2875,272,279,Debit Card,3242.07,THB,2025-08-16 02:31:15,Failed
2876,272,247,PayPal,2396.04,THB,2025-02-25 02:31:15,Failed
2877,273,273,Credit Card,3413.33,USD,2025-09-19 02:31:15,Successful
2878,273,250,Credit Card,4608.84,USD,2025-05-16 02:31:15,Successful
2879,273,253,PayPal,4664.66,EUR,2025-07-21 02:31:15,Pending
2880,273,35,Debit Card,4793.99,EUR,2025-09-29 02:31:15,Failed
2881,273,246,PayPal,2958.9,JPY,2025-03-03 02:31:15,Failed
2882,273,224,Debit Card,1519.73,USD,2025-01-18 02:31:15,Successful
2883,273,281,Debit Card,899.96,USD,2025-02-02 02:31:15,Pending
2884,273,259,Bank Transfer,875.57,JPY,2024-11-08 02:31:15,Failed
2885,273,132,Debit Card,4883.01,THB,2025-03-19 02:31:15,Successful
2886,273,274,Credit Card,764.43,JPY,2025-03-04 02:31:15,Failed
2887,273,29,Bank Transfer,935.24,USD,2025-01-05 02:31:15,Pending
2888,273,219,PayPal,4661.62,THB,2025-03-17 02:31:15,Successful
2889,273,201,Bank Transfer,4738.36,EUR,2025-05-12 02:31:15,Successful
2890,273,72,PayPal,437.56,THB,2024-12-17 02:31:15,Failed
2891,273,241,Bank Transfer,4592.14,USD,2024-11-24 02:31:15,Successful
2892,273,236,PayPal,1532.51,USD,2025-05-04 02:31:15,Pending
2893,273,209,Bank Transfer,178.18,JPY,2025-08-07 02:31:15,Failed
2894,273,242,PayPal,1040.91,EUR,2025-02-08 02:31:15,Successful
2895,273,293,Bank Transfer,1660.98,THB,2025-10-06 02:31:15,Pending
2896,273,21,Debit Card,3532.52,EUR,2025-03-17 02:31:15,Failed
2897,273,204,PayPal,298.23,JPY,2024-11-29 02:31:15,Successful
2898,273,206,PayPal,2801.24,THB,2024-12-17 02:31:15,Successful
2899,273,235,Credit Card,1583.28,THB,2025-03-06 02:31:15,Failed
2900,273,72,Bank Transfer,276.32,EUR,2024-11-10 02:31:15,Failed
2901,274,293,PayPal,1897.29,JPY,2025-04-07 02:31:15,Pending
2902,274,267,PayPal,748.47,EUR,2025-06-21 02:31:15,Pending
2903,274,283,Debit Card,2495.27,EUR,2025-09-20 02:31:15,Failed
2904,274,212,Credit Card,4046.83,EUR,2025-02-14 02:31:15,Successful
2905,274,205,Credit Card,4072.7,USD,2025-06-30 02:31:15,Successful
2906,274,41,Debit Card,1929.6,THB,2025-01-13 02:31:15,Successful
2907,274,216,Credit Card,4332.08,USD,2025-10-26 02:31:15,Pending
2908,274,256,PayPal,4363.78,USD,2025-08-14 02:31:15,Pending
2909,274,291,Bank Transfer,3191.91,EUR,2024-11-26 02:31:15,Successful
2910,274,41,Credit Card,375.22,THB,2025-07-22 02:31:15,Pending
2911,274,37,Credit Card,1009.32,USD,2025-10-31 02:31:15,Failed
2912,274,268,Debit Card,1130.07,USD,2025-04-17 02:31:15,Failed
2913,275,259,Debit Card,2432.62,THB,2024-11-04 02:31:15,Failed
2914,275,240,Debit Card,2399.13,USD,2025-03-20 02:31:15,Successful
2915,275,210,Credit Card,489.84,THB,2025-06-20 02:31:15,Successful
2916,275,41,Debit Card,3529.84,USD,2025-07-28 02:31:15,Successful
2917,275,289,PayPal,3805.8,THB,2025-08-10 02:31:15,Failed
2918,275,228,PayPal,3047.61,EUR,2025-07-13 02:31:15,Failed
2919,275,156,PayPal,4139.9,THB,2025-02-03 02:31:15,Successful
2920,275,248,PayPal,1479.1,THB,2025-09-29 02:31:15,Successful
2921,275,220,Credit Card,2520.22,USD,2024-12-19 02:31:15,Failed
2922,275,216,Credit Card,3402.77,JPY,2025-10-26 02:31:15,Pending
2923,275,210,Credit Card,1660.15,EUR,2024-11-09 02:31:15,Pending
2924,275,232,Credit Card,2889.09,EUR,2025-03-16 02:31:15,Failed
2925,275,199,Bank Transfer,1915.17,EUR,2025-02-24 02:31:15,Failed
2926,275,177,Debit Card,1217.75,THB,2025-10-11 02:31:15,Pending
2927,276,204,PayPal,2107.69,JPY,2025-05-19 02:31:15,Failed
2928,276,271,Bank Transfer,4356.54,JPY,2025-03-15 02:31:15,Successful
2929,276,265,Debit Card,3715.51,JPY,2025-04-01 02:31:15,Successful
2930,276,24,Debit Card,3962.5,JPY,2024-12-13 02:31:15,Successful
2931,277,246,Bank Transfer,1891.98,JPY,2024-11-28 02:31:15,Successful
2932,277,238,Debit Card,3005.39,THB,2025-07-13 02:31:15,Successful
2933,277,281,Credit Card,2017.33,THB,2025-06-16 02:31:15,Failed
2934,277,276,Debit Card,206.24,JPY,2025-08-12 02:31:15,Failed
2935,277,166,PayPal,1215.92,JPY,2024-12-26 02:31:15,Pending
2936,277,104,Bank Transfer,2221.0,THB,2025-02-25 02:31:15,Pending
2937,277,257,Credit Card,1831.51,USD,2025-09-28 02:31:15,Failed
2938,277,217,Bank Transfer,3078.31,THB,2025-07-04 02:31:15,Pending
2939,277,243,Bank Transfer,4037.75,JPY,2025-02-23 02:31:15,Successful
2940,277,139,PayPal,3194.39,EUR,2024-12-14 02:31:15,Failed
2941,277,29,Bank Transfer,3096.97,THB,2025-02-03 02:31:15,Failed
2942,277,298,PayPal,3651.31,THB,2025-04-26 02:31:15,Pending
2943,278,35,Bank Transfer,409.31,JPY,2025-04-26 02:31:15,Failed
2944,278,189,Debit Card,1126.33,EUR,2024-11-14 02:31:15,Successful
2945,278,235,PayPal,3205.97,JPY,2025-06-11 02:31:15,Pending
2946,279,289,PayPal,2928.38,EUR,2024-11-09 02:31:15,Successful
2947,280,265,Debit Card,4830.82,THB,2024-11-04 02:31:15,Pending
2948,280,262,Debit Card,4085.28,THB,2025-02-24 02:31:15,Pending
2949,280,300,Bank Transfer,4463.73,EUR,2025-02-13 02:31:15,Successful
2950,280,247,Bank Transfer,3775.94,EUR,2025-09-21 02:31:15,Pending
2951,281,229,Bank Transfer,2367.18,EUR,2025-09-28 02:31:15,Failed
2952,281,271,Bank Transfer,3909.42,EUR,2024-11-02 02:31:15,Successful
2953,281,265,PayPal,4254.09,USD,2025-03-04 02:31:15,Successful
2954,281,197,Debit Card,3202.04,EUR,2025-05-03 02:31:15,Pending
2955,281,268,Bank Transfer,2853.2,EUR,2025-05-22 02:31:15,Failed
2956,281,132,PayPal,3063.38,THB,2024-12-06 02:31:15,Successful
2957,281,248,Credit Card,1548.54,USD,2025-07-25 02:31:15,Pending
2958,281,39,PayPal,1316.31,JPY,2025-03-30 02:31:15,Pending
2959,281,231,Credit Card,1561.07,THB,2025-08-20 02:31:15,Failed
2960,281,277,Credit Card,241.22,JPY,2025-09-22 02:31:15,Failed
2961,282,289,Bank Transfer,3901.4,THB,2025-03-18 02:31:15,Pending
2962,283,271,Bank Transfer,2820.8,JPY,2025-05-25 02:31:15,Successful
2963,283,23,PayPal,2334.12,THB,2024-11-05 02:31:15,Pending
2964,283,270,Bank Transfer,1495.34,THB,2025-05-20 02:31:15,Successful
2965,283,295,Credit Card,356.88,EUR,2025-01-23 02:31:15,Failed
2966,284,212,PayPal,794.59,JPY,2025-01-24 02:31:15,Successful
2967,284,161,Bank Transfer,3267.01,JPY,2025-08-02 02:31:15,Failed
2968,284,215,Credit Card,3253.74,EUR,2025-01-16 02:31:15,Pending
2969,284,121,Credit Card,4427.97,USD,2024-11-01 02:31:15,Successful
2970,284,285,Bank Transfer,413.0,USD,2025-08-22 02:31:15,Successful
2971,284,208,Credit Card,2661.62,THB,2025-09-15 02:31:15,Failed
2972,284,247,PayPal,1756.97,JPY,2025-05-10 02:31:15,Successful
2973,284,23,Bank Transfer,2062.74,USD,2025-02-06 02:31:15,Failed
2974,284,226,Bank Transfer,3503.47,USD,2025-07-18 02:31:15,Failed
2975,284,213,Debit Card,664.72,EUR,2025-07-08 02:31:15,Successful
2976,285,247,Credit Card,3259.32,USD,2025-10-06 02:31:15,Pending
2977,285,72,Debit Card,2445.6,USD,2025-07-12 02:31:15,Successful
2978,285,271,Debit Card,4776.66,THB,2025-02-18 02:31:15,Failed
2979,285,239,PayPal,1998.87,JPY,2025-10-23 02:31:15,Pending
2980,285,293,PayPal,2511.91,JPY,2025-01-24 02:31:15,Successful
2981,285,238,Credit Card,1080.61,USD,2025-07-18 02:31:15,Successful
2982,285,279,Bank Transfer,135.05,USD,2025-01-08 02:31:15,Failed
2983,285,279,Debit Card,2046.19,THB,2025-01-31 02:31:15,Successful
2984,286,262,PayPal,1401.67,EUR,2025-02-13 02:31:15,Failed
2985,286,223,Debit Card,4190.63,EUR,2025-05-14 02:31:15,Successful
2986,286,284,PayPal,4499.85,JPY,2025-09-01 02:31:15,Pending
2987,286,238,PayPal,2313.08,JPY,2024-12-28 02:31:15,Pending
2988,286,66,Bank Transfer,1102.49,USD,2025-10-11 02:31:15,Failed
2989,286,132,Credit Card,3739.79,THB,2025-07-22 02:31:15,Pending
2990,286,260,PayPal,4181.36,THB,2025-01-02 02:31:15,Failed
2991,286,143,PayPal,2372.52,THB,2025-01-15 02:31:15,Failed
2992,286,157,Debit Card,2604.39,EUR,2025-10-26 02:31:15,Successful
2993,286,245,Debit Card,4315.75,THB,2025-02-19 02:31:15,Pending
2994,286,116,Bank Transfer,3627.85,JPY,2025-04-15 02:31:15,Pending
2995,287,273,Debit Card,4612.01,JPY,2025-01-18 02:31:15,Pending
2996,287,232,PayPal,3995.52,THB,2025-09-23 02:31:15,Pending
2997,287,226,Credit Card,4433.62,USD,2024-12-19 02:31:15,Successful
2998,287,228,Credit Card,4739.26,USD,2025-05-30 02:31:15,Failed
2999,287,251,Bank Transfer,3670.87,THB,2025-09-13 02:31:15,Successful
3000,287,259,PayPal,1155.01,THB,2025-03-30 02:31:15,Pending
3001,288,295,PayPal,472.89,JPY,2024-12-02 02:31:15,Successful
3002,288,208,PayPal,3875.17,USD,2025-05-31 02:31:15,Successful
3003,288,243,PayPal,2338.95,THB,2025-09-01 02:31:15,Pending
3004,288,221,Credit Card,4413.42,JPY,2025-08-04 02:31:15,Successful
3005,288,244,Credit Card,521.87,THB,2025-03-13 02:31:15,Pending
3006,289,174,PayPal,1423.33,JPY,2025-09-30 02:31:15,Pending
3007,289,228,Debit Card,1155.83,JPY,2024-11-19 02:31:15,Failed
3008,289,230,Credit Card,282.09,JPY,2025-03-08 02:31:15,Failed
3009,289,148,Debit Card,4867.24,USD,2024-11-30 02:31:15,Successful
3010,289,241,PayPal,3578.52,JPY,2025-07-21 02:31:15,Failed
3011,289,188,Credit Card,3389.09,THB,2025-07-04 02:31:15,Pending
3012,289,116,Bank Transfer,4070.73,USD,2025-01-17 02:31:15,Failed
3013,289,244,Bank Transfer,3980.62,USD,2025-06-08 02:31:15,Failed
3014,289,226,Credit Card,3030.44,JPY,2025-03-05 02:31:15,Pending
3015,289,270,Debit Card,1929.01,EUR,2025-01-23 02:31:15,Pending
3016,289,228,Debit Card,1671.49,EUR,2025-04-07 02:31:15,Successful
3017,289,294,Bank Transfer,1923.34,EUR,2025-06-05 02:31:15,Successful
3018,289,233,Bank Transfer,3410.98,JPY,2025-05-01 02:31:15,Failed
3019,289,223,Credit Card,3050.54,THB,2025-05-15 02:31:15,Failed
3020,289,189,Bank Transfer,2308.77,THB,2025-10-11 02:31:15,Failed
3021,289,245,Debit Card,3034.08,THB,2025-01-12 02:31:15,Successful
3022,290,64,Debit Card,4140.96,JPY,2025-09-21 02:31:15,Failed
3023,290,244,Credit Card,4953.47,USD,2025-02-08 02:31:15,Successful
3024,290,295,Credit Card,1348.11,THB,2025-07-08 02:31:15,Pending
3025,290,272,PayPal,2496.98,EUR,2025-04-24 02:31:15,Pending
3026,290,222,Bank Transfer,2663.29,JPY,2025-07-12 02:31:15,Pending
3027,290,223,PayPal,3774.15,USD,2025-07-09 02:31:15,Pending
3028,290,246,Bank Transfer,862.94,THB,2025-11-01 02:31:15,Pending
3029,290,39,Credit Card,2526.49,USD,2024-11-11 02:31:15,Failed
3030,290,286,Debit Card,3803.42,EUR,2025-07-17 02:31:15,Pending
3031,290,244,Credit Card,4762.6,THB,2025-10-20 02:31:15,Successful
3032,290,247,Credit Card,1549.34,THB,2025-07-29 02:31:15,Pending
3033,290,277,Credit Card,428.41,JPY,2025-09-02 02:31:15,Failed
3034,291,279,PayPal,3341.77,USD,2024-11-09 02:31:15,Pending
3035,291,300,PayPal,1781.53,EUR,2025-07-18 02:31:15,Failed
3036,291,177,Bank Transfer,3134.36,JPY,2024-12-11 02:31:15,Pending
3037,291,296,Credit Card,3427.68,USD,2025-02-19 02:31:15,Failed
3038,291,213,PayPal,252.1,JPY,2025-04-19 02:31:15,Pending
3039,291,256,Credit Card,2171.24,EUR,2024-11-16 02:31:15,Failed
3040,291,239,Credit Card,1961.84,JPY,2025-09-18 02:31:15,Failed
3041,291,270,PayPal,2764.3,USD,2025-06-29 02:31:15,Pending
3042,292,256,Credit Card,2327.96,EUR,2025-07-01 02:31:15,Pending
3043,292,223,Bank Transfer,268.28,EUR,2025-01-23 02:31:15,Pending
3044,292,157,Bank Transfer,1161.12,JPY,2025-09-14 02:31:15,Successful
3045,292,272,Debit Card,3007.8,USD,2025-02-15 02:31:15,Failed
3046,292,245,Credit Card,2560.16,JPY,2025-06-14 02:31:15,Pending
3047,292,217,Bank Transfer,4026.41,USD,2025-06-25 02:31:15,Pending
3048,292,251,Credit Card,3521.26,JPY,2025-08-04 02:31:15,Failed
3049,292,272,PayPal,4282.42,USD,2025-06-06 02:31:15,Pending
3050,292,210,PayPal,2190.98,THB,2025-09-23 02:31:15,Successful
3051,292,220,Bank Transfer,2482.61,USD,2025-04-17 02:31:15,Pending
3052,292,111,Debit Card,3885.07,USD,2025-05-31 02:31:15,Successful
3053,292,223,Debit Card,1766.35,JPY,2025-07-07 02:31:15,Pending
3054,292,143,Bank Transfer,4061.25,USD,2025-09-11 02:31:15,Successful
3055,292,174,Debit Card,746.8,USD,2025-03-22 02:31:15,Failed
3056,293,95,PayPal,3992.25,JPY,2025-10-22 02:31:15,Pending
3057,293,93,PayPal,3210.68,USD,2025-04-01 02:31:15,Failed
3058,293,29,Credit Card,1466.62,JPY,2025-09-28 02:31:15,Successful
3059,293,197,Credit Card,1387.6,EUR,2025-03-03 02:31:15,Failed
3060,294,298,Debit Card,4542.42,THB,2025-09-01 02:31:15,Successful
3061,294,116,Debit Card,523.25,THB,2024-11-26 02:31:15,Successful
3062,294,166,Bank Transfer,3333.32,EUR,2025-01-20 02:31:15,Failed
3063,294,253,Bank Transfer,427.41,THB,2025-01-07 02:31:15,Failed
3064,294,201,Credit Card,2842.37,THB,2025-07-21 02:31:15,Successful
3065,294,288,PayPal,752.75,JPY,2025-10-27 02:31:15,Failed
3066,294,268,Credit Card,2599.96,USD,2025-09-05 02:31:15,Pending
3067,294,275,PayPal,2969.31,USD,2025-05-30 02:31:15,Successful
3068,294,127,PayPal,4611.59,JPY,2025-07-15 02:31:15,Successful
3069,294,165,Bank Transfer,2443.55,THB,2025-09-12 02:31:15,Successful
3070,294,249,Bank Transfer,2809.86,USD,2025-08-19 02:31:15,Pending
3071,294,116,Debit Card,4303.44,THB,2025-09-28 02:31:15,Failed
3072,295,234,Credit Card,2874.17,THB,2024-12-16 02:31:15,Failed
3073,295,260,PayPal,4694.28,EUR,2025-04-07 02:31:15,Successful
3074,295,286,Bank Transfer,310.25,EUR,2025-04-13 02:31:15,Successful
3075,295,220,Debit Card,3391.11,EUR,2025-04-15 02:31:15,Failed
3076,295,221,Debit Card,3768.18,THB,2025-03-01 02:31:15,Pending
3077,295,242,Bank Transfer,3265.6,THB,2025-07-01 02:31:15,Pending
3078,295,259,PayPal,2535.95,USD,2025-03-25 02:31:15,Pending
3079,295,247,Credit Card,2144.85,USD,2024-11-06 02:31:15,Successful
3080,295,243,Credit Card,1910.65,JPY,2025-06-11 02:31:15,Failed
3081,295,300,PayPal,1587.13,EUR,2025-05-28 02:31:15,Failed
3082,295,245,Bank Transfer,1991.86,THB,2025-03-06 02:31:15,Failed
3083,295,276,Credit Card,3487.98,EUR,2025-02-02 02:31:15,Pending
3084,295,209,Credit Card,1332.81,EUR,2025-06-16 02:31:15,Failed
3085,295,221,Debit Card,1633.95,EUR,2025-07-02 02:31:15,Pending
3086,295,230,Debit Card,1807.71,EUR,2025-07-26 02:31:15,Failed
3087,295,265,Bank Transfer,1464.76,JPY,2024-11-24 02:31:15,Pending
3088,296,253,Debit Card,3864.74,THB,2024-11-14 02:31:15,Failed
3089,296,228,Debit Card,3466.81,EUR,2024-11-02 02:31:15,Pending
3090,296,66,PayPal,1101.88,JPY,2025-01-08 02:31:15,Pending
3091,296,95,Debit Card,674.33,EUR,2024-12-10 02:31:15,Successful
3092,296,197,Debit Card,3030.84,EUR,2025-07-31 02:31:15,Pending
3093,296,206,Bank Transfer,1937.49,JPY,2025-02-27 02:31:15,Pending
3094,296,244,PayPal,4669.17,JPY,2025-01-30 02:31:15,Failed
3095,296,35,Debit Card,1348.16,USD,2025-06-25 02:31:15,Successful
3096,296,177,Bank Transfer,4084.26,JPY,2025-10-31 02:31:15,Successful
3097,296,204,Debit Card,4078.76,EUR,2025-02-21 02:31:15,Failed
3098,296,229,PayPal,2604.48,JPY,2025-07-23 02:31:15,Failed
3099,296,197,Credit Card,4909.73,JPY,2025-01-01 02:31:15,Successful
3100,296,264,Bank Transfer,2242.14,EUR,2025-09-01 02:31:15,Successful
3101,297,95,Debit Card,702.29,USD,2025-10-11 02:31:15,Successful
3102,297,199,PayPal,626.56,EUR,2025-08-28 02:31:15,Successful
3103,297,157,Bank Transfer,1103.97,USD,2025-10-27 02:31:15,Successful
3104,297,121,PayPal,4886.5,EUR,2025-06-09 02:31:15,Failed
3105,297,174,Debit Card,1229.39,EUR,2025-01-23 02:31:15,Failed
3106,297,161,Debit Card,843.34,EUR,2025-07-12 02:31:15,Successful
3107,297,242,Bank Transfer,1095.39,USD,2025-08-11 02:31:15,Successful
3108,297,253,PayPal,4066.8,USD,2025-09-14 02:31:15,Successful
3109,297,268,Bank Transfer,1182.77,JPY,2024-12-24 02:31:15,Successful
3110,297,262,Debit Card,4596.37,EUR,2025-09-08 02:31:15,Successful
3111,297,166,Debit Card,3388.69,JPY,2025-01-09 02:31:15,Pending
3112,297,251,Bank Transfer,2286.21,THB,2025-09-11 02:31:15,Successful
3113,297,298,Bank Transfer,3590.88,JPY,2025-08-17 02:31:15,Pending
3114,297,220,Bank Transfer,4267.87,JPY,2025-10-21 02:31:15,Pending
3115,297,123,PayPal,1105.13,JPY,2025-03-23 02:31:15,Pending
3116,297,243,PayPal,1678.19,JPY,2025-02-15 02:31:15,Pending
3117,297,188,Bank Transfer,4207.27,THB,2025-04-25 02:31:15,Successful
3118,297,64,Credit Card,3044.67,JPY,2025-08-07 02:31:15,Failed
3119,298,214,Debit Card,1167.85,EUR,2025-04-08 02:31:15,Failed
3120,298,225,Debit Card,3603.18,THB,2025-04-21 02:31:15,Pending
3121,298,261,Bank Transfer,4807.21,THB,2024-12-06 02:31:15,Pending
3122,298,216,Credit Card,2316.0,USD,2025-04-16 02:31:15,Pending
3123,298,270,PayPal,1861.65,USD,2025-02-23 02:31:15,Failed
3124,299,197,Bank Transfer,4555.02,USD,2025-03-23 02:31:15,Failed
3125,299,242,PayPal,1219.93,EUR,2025-06-21 02:31:15,Failed
3126,299,275,Debit Card,925.85,THB,2025-10-14 02:31:15,Failed
3127,299,250,PayPal,335.09,THB,2025-09-16 02:31:15,Pending
3128,299,72,Debit Card,552.65,USD,2025-06-26 02:31:15,Successful
3129,299,242,PayPal,2320.19,EUR,2025-08-21 02:31:15,Failed
3130,299,116,PayPal,4367.94,THB,2025-07-07 02:31:15,Failed
3131,299,292,PayPal,916.48,USD,2025-07-06 02:31:15,Successful
3132,299,254,Credit Card,2905.78,THB,2025-06-07 02:31:15,Pending
3133,300,228,Bank Transfer,4715.88,THB,2025-07-04 02:31:15,Successful
3134,300,231,Debit Card,3052.91,USD,2025-09-28 02:31:15,Successful
3135,301,269,PayPal,4104.72,THB,2025-02-01 02:31:15,Successful
3136,301,249,Bank Transfer,2811.85,EUR,2025-08-02 02:31:15,Successful
3137,302,239,Debit Card,1303.67,USD,2025-05-19 02:31:15,Successful
3138,302,246,PayPal,2614.9,USD,2025-02-18 02:31:15,Pending
3139,302,290,Credit Card,2029.65,THB,2025-10-08 02:31:15,Failed
3140,302,249,Debit Card,4248.03,THB,2024-12-25 02:31:15,Failed
3141,302,101,PayPal,2365.79,JPY,2025-08-04 02:31:15,Pending
3142,303,177,Credit Card,3595.81,THB,2024-12-09 02:31:15,Pending
3143,303,274,Credit Card,428.66,JPY,2025-08-24 02:31:15,Successful
3144,303,206,PayPal,2357.79,JPY,2024-11-20 02:31:15,Failed
3145,303,174,Bank Transfer,4455.08,JPY,2024-12-05 02:31:15,Pending
3146,303,157,PayPal,3953.29,JPY,2025-06-26 02:31:15,Pending
3147,303,206,Bank Transfer,917.79,JPY,2025-08-29 02:31:15,Successful
3148,303,237,Debit Card,459.74,EUR,2025-06-02 02:31:15,Successful
3149,303,221,Bank Transfer,1974.6,EUR,2025-04-24 02:31:15,Successful
3150,303,291,PayPal,2487.39,USD,2025-07-14 02:31:15,Failed
3151,303,204,Debit Card,2304.71,THB,2024-12-04 02:31:15,Failed
3152,303,275,Bank Transfer,1298.01,USD,2025-07-08 02:31:15,Failed
3153,303,72,PayPal,2485.2,JPY,2024-11-02 02:31:15,Failed
3154,303,292,PayPal,4423.68,JPY,2025-08-27 02:31:15,Failed
3155,303,243,Credit Card,1302.29,THB,2024-12-09 02:31:15,Successful
3156,303,140,PayPal,1932.77,EUR,2025-03-08 02:31:15,Failed
3157,303,289,Bank Transfer,482.81,EUR,2025-05-04 02:31:15,Pending
3158,303,224,Bank Transfer,298.57,JPY,2025-09-28 02:31:15,Failed
3159,303,256,PayPal,1048.05,THB,2025-10-27 02:31:15,Successful
3160,303,251,Debit Card,3747.25,EUR,2025-10-02 02:31:15,Successful
3161,303,279,Debit Card,3190.31,EUR,2025-10-20 02:31:15,Failed
3162,303,270,Bank Transfer,1736.8,JPY,2025-05-08 02:31:15,Pending
3163,304,21,PayPal,1496.14,USD,2025-02-10 02:31:15,Pending
3164,304,246,Credit Card,4429.31,JPY,2025-03-25 02:31:15,Pending
3165,304,241,Credit Card,3364.97,USD,2025-08-15 02:31:15,Failed
3166,304,277,PayPal,3337.02,JPY,2024-12-11 02:31:15,Failed
3167,304,254,Debit Card,796.84,THB,2025-09-15 02:31:15,Pending
3168,304,121,Bank Transfer,1451.22,THB,2025-10-11 02:31:15,Successful
3169,304,287,PayPal,159.36,THB,2025-07-25 02:31:15,Failed
3170,304,215,Debit Card,2146.19,THB,2025-03-28 02:31:15,Pending
3171,304,245,PayPal,4953.09,THB,2025-11-01 02:31:15,Successful
3172,304,127,Debit Card,4308.32,EUR,2025-02-27 02:31:15,Successful
3173,305,140,Debit Card,2394.7,THB,2024-11-22 02:31:15,Failed
3174,305,249,Credit Card,491.85,JPY,2025-05-10 02:31:15,Pending
3175,305,223,PayPal,4267.91,EUR,2025-01-10 02:31:15,Pending
3176,305,213,PayPal,3194.47,EUR,2025-02-05 02:31:15,Successful
3177,305,264,PayPal,4050.33,THB,2025-07-09 02:31:15,Successful
3178,305,242,Bank Transfer,2468.64,EUR,2025-02-14 02:31:15,Failed
3179,305,244,Bank Transfer,4866.53,JPY,2025-10-06 02:31:15,Pending
3180,306,239,PayPal,4028.2,EUR,2025-09-08 02:31:15,Successful
3181,306,228,Debit Card,4237.99,THB,2025-06-27 02:31:15,Failed
3182,306,35,Debit Card,4637.65,EUR,2025-04-04 02:31:15,Pending
3183,306,157,Bank Transfer,2154.53,EUR,2025-06-01 02:31:15,Successful
3184,306,199,Debit Card,895.98,JPY,2024-11-27 02:31:15,Successful
3185,306,217,PayPal,4638.01,USD,2025-03-23 02:31:15,Failed
3186,307,214,Bank Transfer,854.83,JPY,2025-10-17 02:31:15,Failed
3187,307,104,PayPal,679.31,THB,2025-02-25 02:31:15,Failed
3188,307,105,Bank Transfer,2983.27,JPY,2025-03-26 02:31:15,Successful
3189,307,95,PayPal,1291.86,THB,2025-05-13 02:31:15,Successful
3190,307,35,PayPal,3007.89,USD,2025-09-11 02:31:15,Successful
3191,307,270,Credit Card,4001.35,USD,2025-08-17 02:31:15,Pending
3192,307,174,Bank Transfer,2513.98,USD,2024-11-09 02:31:15,Pending
3193,307,280,Debit Card,4960.0,USD,2025-03-05 02:31:15,Successful
3194,307,210,Credit Card,754.07,EUR,2024-11-19 02:31:15,Pending
3195,307,271,PayPal,3363.69,USD,2025-10-12 02:31:15,Successful
3196,307,220,PayPal,1717.69,USD,2025-01-07 02:31:15,Successful
3197,307,247,Credit Card,3110.38,THB,2025-08-06 02:31:15,Failed
3198,307,252,Bank Transfer,626.94,EUR,2024-12-21 02:31:15,Pending
3199,307,153,Credit Card,4175.83,EUR,2025-08-23 02:31:15,Successful
3200,307,286,Bank Transfer,3070.22,EUR,2025-08-13 02:31:15,Pending
3201,307,211,Credit Card,2532.44,THB,2024-11-14 02:31:15,Failed
3202,307,280,Credit Card,2027.63,EUR,2024-11-26 02:31:15,Successful
3203,307,253,Bank Transfer,4070.33,EUR,2025-02-14 02:31:15,Failed
3204,307,262,PayPal,3302.1,JPY,2025-04-01 02:31:15,Successful
3205,307,268,PayPal,3364.65,THB,2025-07-01 02:31:15,Failed
3206,307,50,Debit Card,3545.85,USD,2025-09-22 02:31:15,Successful
3207,307,206,Credit Card,823.63,JPY,2025-08-29 02:31:15,Successful
3208,307,215,Credit Card,1484.13,EUR,2024-11-14 02:31:15,Failed
3209,307,247,Debit Card,3621.34,JPY,2025-04-06 02:31:15,Successful
3210,307,127,PayPal,4693.44,THB,2025-03-04 02:31:15,Pending
3211,307,267,Credit Card,1884.63,JPY,2025-07-26 02:31:15,Failed
3212,307,291,Credit Card,339.67,EUR,2025-04-16 02:31:15,Successful
3213,307,252,Bank Transfer,2371.17,JPY,2024-11-03 02:31:15,Failed
3214,307,217,Bank Transfer,751.23,EUR,2024-11-04 02:31:15,Failed
3215,307,107,PayPal,4794.52,THB,2025-10-29 02:31:15,Successful
3216,307,275,PayPal,2137.43,JPY,2025-05-14 02:31:15,Successful
3217,307,201,Credit Card,4432.67,THB,2025-02-12 02:31:15,Pending
3218,307,289,Bank Transfer,4789.61,THB,2025-08-01 02:31:15,Failed
3219,307,125,Credit Card,3877.21,EUR,2024-11-02 02:31:15,Failed
3220,307,299,PayPal,1752.18,USD,2025-02-27 02:31:15,Pending
3221,307,218,Debit Card,1134.2,EUR,2024-11-18 02:31:15,Pending
3222,307,284,PayPal,2701.26,THB,2025-03-24 02:31:15,Pending
3223,308,139,Credit Card,2329.27,EUR,2025-01-30 02:31:15,Failed
3224,308,212,Credit Card,1493.98,USD,2025-04-07 02:31:15,Pending
3225,308,272,Credit Card,2425.14,JPY,2025-03-09 02:31:15,Pending
3226,308,211,Debit Card,4623.14,THB,2025-03-16 02:31:15,Failed
3227,309,215,PayPal,4468.41,USD,2025-07-07 02:31:15,Pending
3228,309,213,PayPal,2034.58,USD,2025-02-03 02:31:15,Successful
3229,309,203,Credit Card,1186.82,JPY,2025-07-02 02:31:15,Failed
3230,309,278,Credit Card,2207.05,USD,2025-06-14 02:31:15,Pending
3231,309,111,Bank Transfer,180.08,EUR,2024-12-29 02:31:15,Pending
3232,310,289,Credit Card,2533.51,THB,2025-02-01 02:31:15,Pending
3233,310,283,PayPal,3920.41,THB,2025-04-16 02:31:15,Pending
3234,310,243,PayPal,968.46,THB,2025-10-25 02:31:15,Pending
3235,310,201,Bank Transfer,490.42,THB,2025-03-01 02:31:15,Successful
3236,310,280,Credit Card,736.4,EUR,2025-08-07 02:31:15,Pending
3237,310,258,PayPal,3391.87,JPY,2025-08-11 02:31:15,Failed
3238,311,21,Debit Card,3672.89,EUR,2025-09-13 02:31:15,Failed
3239,311,64,PayPal,4989.64,USD,2025-09-23 02:31:15,Successful
3240,311,245,Credit Card,4279.85,USD,2025-07-02 02:31:15,Successful
3241,311,161,PayPal,4829.2,USD,2025-03-15 02:31:15,Failed
3242,311,201,Credit Card,2552.27,JPY,2025-02-13 02:31:15,Successful
3243,311,209,Bank Transfer,3373.19,EUR,2025-09-20 02:31:15,Failed
3244,312,268,Credit Card,1830.88,JPY,2025-07-28 02:31:15,Pending
3245,312,37,PayPal,3654.04,USD,2025-09-30 02:31:15,Successful
3246,312,227,Debit Card,1776.3,THB,2025-03-01 02:31:15,Pending
3247,312,116,PayPal,245.97,JPY,2025-03-25 02:31:15,Successful
3248,312,256,Bank Transfer,1140.56,THB,2024-12-19 02:31:15,Pending
3249,312,242,Bank Transfer,3889.97,USD,2025-07-08 02:31:15,Pending
3250,313,220,Bank Transfer,2831.54,JPY,2025-04-17 02:31:15,Failed
3251,313,220,PayPal,1075.65,USD,2025-10-14 02:31:15,Failed
3252,313,224,Debit Card,118.24,EUR,2025-10-24 02:31:15,Pending
3253,313,212,PayPal,3278.71,JPY,2025-10-29 02:31:15,Failed
3254,313,232,Bank Transfer,517.6,USD,2025-01-01 02:31:15,Pending
3255,313,284,Credit Card,3005.14,JPY,2025-02-21 02:31:15,Pending
3256,313,139,PayPal,686.79,USD,2024-12-10 02:31:15,Failed
3257,314,299,Debit Card,1629.09,JPY,2025-06-04 02:31:15,Successful
3258,314,280,Credit Card,369.07,EUR,2024-11-26 02:31:15,Successful
3259,314,260,PayPal,4096.9,THB,2025-06-11 02:31:15,Failed
3260,314,257,Bank Transfer,4908.42,EUR,2025-09-24 02:31:15,Failed
3261,314,210,PayPal,3719.28,JPY,2025-10-21 02:31:15,Successful
3262,314,246,PayPal,1705.99,USD,2025-08-23 02:31:15,Pending
3263,314,204,Credit Card,1876.41,USD,2025-06-19 02:31:15,Failed
3264,314,251,PayPal,4453.2,THB,2025-01-10 02:31:15,Successful
3265,314,217,Credit Card,1234.44,EUR,2025-05-26 02:31:15,Pending
3266,314,283,Credit Card,4076.73,EUR,2025-01-23 02:31:15,Pending
3267,314,296,PayPal,592.14,JPY,2025-10-12 02:31:15,Failed
3268,314,254,Bank Transfer,555.54,EUR,2025-06-17 02:31:15,Pending
3269,315,127,Credit Card,770.77,USD,2025-01-04 02:31:15,Successful
3270,315,294,Credit Card,4467.87,USD,2025-03-06 02:31:15,Failed
3271,315,143,Bank Transfer,2755.63,EUR,2025-08-12 02:31:15,Pending
3272,315,270,Debit Card,501.84,THB,2025-07-30 02:31:15,Pending
3273,315,211,Credit Card,3191.11,USD,2025-03-06 02:31:15,Successful
3274,316,258,Debit Card,929.91,THB,2025-04-07 02:31:15,Successful
3275,316,245,PayPal,2925.78,THB,2025-02-22 02:31:15,Pending
3276,316,271,Debit Card,390.92,THB,2024-12-23 02:31:15,Pending
3277,316,207,Bank Transfer,1043.11,EUR,2025-05-09 02:31:15,Successful
3278,316,239,Bank Transfer,4871.24,JPY,2025-01-09 02:31:15,Failed
3279,317,203,PayPal,1320.25,USD,2024-11-05 02:31:15,Failed
3280,317,235,PayPal,3276.85,JPY,2025-11-01 02:31:15,Successful
3281,317,292,Bank Transfer,2994.61,EUR,2024-11-13 02:31:15,Successful
3282,317,276,Debit Card,4090.79,USD,2024-11-23 02:31:15,Successful
3283,318,197,Debit Card,3584.23,THB,2025-06-27 02:31:15,Pending
3284,318,272,Credit Card,3683.14,JPY,2025-08-25 02:31:15,Successful
3285,318,255,PayPal,4801.06,USD,2024-12-03 02:31:15,Successful
3286,318,258,Credit Card,4166.86,USD,2025-04-04 02:31:15,Successful
3287,318,220,PayPal,1111.03,THB,2025-08-18 02:31:15,Pending
3288,318,225,Credit Card,4357.13,EUR,2025-04-05 02:31:15,Failed
3289,318,121,PayPal,2272.72,THB,2024-12-11 02:31:15,Successful
3290,318,233,Debit Card,2007.13,THB,2024-11-26 02:31:15,Pending
3291,318,201,Debit Card,2500.58,EUR,2025-03-23 02:31:15,Successful
3292,318,276,PayPal,114.98,JPY,2025-08-12 02:31:15,Successful
3293,318,210,Credit Card,3766.79,EUR,2025-07-20 02:31:15,Failed
3294,318,217,Credit Card,4418.4,THB,2025-06-09 02:31:15,Failed
3295,318,273,Debit Card,2188.15,USD,2025-03-04 02:31:15,Pending
3296,318,255,Credit Card,2973.77,EUR,2025-05-30 02:31:15,Pending
3297,318,254,Debit Card,2301.78,EUR,2025-03-02 02:31:15,Failed
3298,318,229,PayPal,886.25,THB,2025-03-22 02:31:15,Successful
3299,318,127,Credit Card,3926.94,JPY,2025-04-19 02:31:15,Successful
3300,318,279,Debit Card,638.14,EUR,2025-02-07 02:31:15,Failed
3301,318,253,Credit Card,1431.88,EUR,2025-04-09 02:31:15,Successful
3302,318,64,Credit Card,2879.06,USD,2025-07-01 02:31:15,Failed
3303,318,245,PayPal,4067.58,THB,2024-12-15 02:31:15,Failed
3304,318,251,Credit Card,830.57,USD,2025-05-18 02:31:15,Pending
3305,318,267,Bank Transfer,2882.96,USD,2025-02-28 02:31:15,Successful
3306,318,286,Debit Card,631.48,EUR,2025-03-29 02:31:15,Failed
3307,318,226,PayPal,2972.34,JPY,2024-11-24 02:31:15,Pending
3308,318,7,PayPal,570.84,JPY,2024-12-17 02:31:15,Successful
3309,318,235,Debit Card,1691.1,EUR,2025-05-03 02:31:15,Failed
3310,318,127,Debit Card,2709.18,JPY,2025-07-08 02:31:15,Failed
3311,319,251,Credit Card,3479.67,USD,2025-01-16 02:31:15,Successful
3312,319,255,Debit Card,2112.6,USD,2025-07-20 02:31:15,Failed
3313,319,228,Bank Transfer,2721.41,USD,2025-09-10 02:31:15,Pending
3314,319,81,Bank Transfer,3620.31,THB,2025-07-15 02:31:15,Successful
3315,319,222,PayPal,574.6,EUR,2025-10-27 02:31:15,Pending
3316,320,4,Bank Transfer,689.36,EUR,2024-12-07 02:31:15,Pending
3317,320,283,Bank Transfer,4476.2,USD,2025-05-11 02:31:15,Successful
3318,320,211,Credit Card,558.2,EUR,2024-12-30 02:31:15,Pending
3319,321,251,Debit Card,316.44,EUR,2025-01-28 02:31:15,Successful
3320,321,225,Credit Card,4638.52,JPY,2025-07-14 02:31:15,Failed
3321,321,204,PayPal,590.46,THB,2025-01-11 02:31:15,Failed
3322,321,203,Credit Card,2192.82,EUR,2025-05-03 02:31:15,Failed
3323,321,265,Debit Card,231.81,USD,2024-12-15 02:31:15,Pending
3324,321,157,Credit Card,3369.76,THB,2025-08-05 02:31:15,Successful
3325,322,264,Debit Card,3713.63,THB,2025-07-24 02:31:15,Successful
3326,322,93,Debit Card,749.88,JPY,2025-10-01 02:31:15,Pending
3327,322,189,Bank Transfer,1205.56,THB,2025-10-16 02:31:15,Successful
3328,323,44,Debit Card,1896.55,EUR,2024-11-15 02:31:15,Failed
3329,323,228,Debit Card,3470.79,THB,2025-03-04 02:31:15,Failed
3330,323,111,Credit Card,939.74,USD,2025-02-02 02:31:15,Successful
3331,323,211,Bank Transfer,631.77,THB,2025-07-16 02:31:15,Successful
3332,323,211,Debit Card,2133.76,JPY,2025-07-07 02:31:15,Pending
3333,323,240,Debit Card,1404.09,EUR,2025-03-15 02:31:15,Successful
3334,323,288,Debit Card,4772.73,JPY,2025-08-05 02:31:15,Pending
3335,323,166,Bank Transfer,1467.96,EUR,2024-12-26 02:31:15,Successful
3336,323,139,Credit Card,1061.72,EUR,2025-04-23 02:31:15,Pending
3337,323,240,Bank Transfer,4643.51,USD,2024-11-11 02:31:15,Successful
3338,323,228,Credit Card,1225.72,USD,2025-01-19 02:31:15,Failed
3339,323,219,Bank Transfer,4555.73,THB,2025-10-05 02:31:15,Pending
3340,323,249,Debit Card,2741.22,THB,2025-08-29 02:31:15,Successful
3341,323,229,Credit Card,2591.24,USD,2025-07-01 02:31:15,Pending
3342,324,35,Credit Card,1761.65,USD,2025-06-22 02:31:15,Failed
3343,324,246,PayPal,2789.65,THB,2025-10-10 02:31:15,Failed
3344,324,268,Bank Transfer,4266.2,THB,2025-08-22 02:31:15,Successful
3345,324,153,Credit Card,2637.98,JPY,2025-09-26 02:31:15,Failed
3346,324,247,Credit Card,3714.93,EUR,2025-03-11 02:31:15,Successful
3347,324,239,PayPal,4964.48,EUR,2025-10-17 02:31:15,Successful
3348,324,223,Credit Card,3922.23,USD,2025-10-17 02:31:15,Successful
3349,324,290,PayPal,908.13,USD,2025-09-20 02:31:15,Pending
3350,324,237,Debit Card,2455.82,USD,2025-03-22 02:31:15,Pending
3351,324,261,PayPal,380.51,USD,2025-08-17 02:31:15,Failed
3352,324,213,PayPal,1957.32,USD,2025-02-16 02:31:15,Pending
3353,324,209,PayPal,3787.39,EUR,2025-08-12 02:31:15,Successful
3354,324,207,Debit Card,3041.71,JPY,2025-06-07 02:31:15,Failed
3355,324,226,Credit Card,837.83,EUR,2025-02-18 02:31:15,Pending
3356,324,234,Credit Card,1639.16,JPY,2025-10-12 02:31:15,Pending
3357,324,280,Bank Transfer,2389.83,USD,2024-12-30 02:31:15,Successful
3358,324,274,Credit Card,3343.98,THB,2025-04-22 02:31:15,Failed
3359,324,205,PayPal,534.57,EUR,2025-02-03 02:31:15,Successful
3360,324,214,Bank Transfer,1950.83,USD,2025-07-04 02:31:15,Failed
3361,325,283,Debit Card,4008.73,THB,2025-05-21 02:31:15,Failed
3362,325,251,Credit Card,1894.43,THB,2025-01-10 02:31:15,Failed
3363,325,218,Credit Card,2807.46,USD,2024-12-16 02:31:15,Failed
3364,325,214,Credit Card,2092.99,THB,2025-04-05 02:31:15,Pending
3365,325,276,Bank Transfer,3128.65,USD,2024-12-17 02:31:15,Pending
3366,325,221,Debit Card,716.26,USD,2025-06-17 02:31:15,Successful
3367,325,253,Credit Card,4339.73,EUR,2025-02-04 02:31:15,Successful
3368,325,218,Credit Card,1381.88,EUR,2024-12-07 02:31:15,Successful
3369,325,250,Bank Transfer,2542.39,THB,2025-02-10 02:31:15,Successful
3370,325,272,Bank Transfer,3619.09,THB,2025-02-04 02:31:15,Pending
3371,325,298,Credit Card,2058.57,THB,2025-08-14 02:31:15,Pending
3372,325,253,Credit Card,793.35,JPY,2024-12-20 02:31:15,Pending
3373,325,50,PayPal,3657.35,EUR,2025-04-07 02:31:15,Failed
3374,326,37,Debit Card,201.48,JPY,2025-08-27 02:31:15,Failed
3375,326,273,Bank Transfer,1147.98,EUR,2025-06-26 02:31:15,Successful
3376,326,257,Bank Transfer,4379.88,JPY,2025-06-05 02:31:15,Pending
3377,326,240,Bank Transfer,867.69,EUR,2025-06-06 02:31:15,Successful
3378,326,143,Debit Card,2076.07,THB,2024-11-21 02:31:15,Failed
3379,326,292,PayPal,2763.0,THB,2025-06-04 02:31:15,Successful
3380,326,242,Credit Card,3376.46,JPY,2025-04-22 02:31:15,Failed
3381,326,256,Bank Transfer,3981.26,EUR,2025-02-12 02:31:15,Pending
3382,326,216,Credit Card,3882.98,USD,2025-04-27 02:31:15,Successful
3383,327,281,Debit Card,4169.04,EUR,2025-05-16 02:31:15,Pending
3384,327,222,Debit Card,2381.85,USD,2024-11-22 02:31:15,Pending
3385,327,201,PayPal,283.95,USD,2025-06-05 02:31:15,Successful
3386,327,259,Debit Card,4590.78,THB,2025-05-04 02:31:15,Successful
3387,327,291,PayPal,2976.9,USD,2025-04-13 02:31:15,Pending
3388,327,259,Debit Card,4052.85,USD,2025-09-16 02:31:15,Successful
3389,327,257,Bank Transfer,2678.44,USD,2025-01-27 02:31:15,Successful
3390,327,161,Debit Card,1281.37,USD,2024-12-13 02:31:15,Pending
3391,327,121,Debit Card,2513.65,THB,2025-04-08 02:31:15,Pending
3392,327,291,PayPal,4997.27,USD,2025-04-07 02:31:15,Successful
3393,327,278,Credit Card,4785.43,JPY,2025-05-18 02:31:15,Failed
3394,327,101,Credit Card,2362.39,JPY,2025-01-23 02:31:15,Pending
3395,327,165,Credit Card,152.29,THB,2025-07-18 02:31:15,Successful
3396,327,272,Credit Card,2971.84,EUR,2025-04-03 02:31:15,Successful
3397,327,188,Debit Card,4204.22,USD,2025-06-29 02:31:15,Pending
3398,327,224,Bank Transfer,1735.87,JPY,2025-06-19 02:31:15,Pending
3399,327,203,PayPal,4132.9,USD,2025-04-03 02:31:15,Successful
3400,327,261,Debit Card,2019.63,EUR,2025-08-25 02:31:15,Successful
3401,327,203,Credit Card,1625.02,USD,2025-08-30 02:31:15,Pending
3402,327,278,PayPal,633.4,EUR,2025-07-09 02:31:15,Successful
3403,327,128,Bank Transfer,2696.45,EUR,2025-10-19 02:31:15,Pending
3404,327,217,Debit Card,3806.95,JPY,2025-07-25 02:31:15,Successful
3405,327,233,Debit Card,4713.84,THB,2025-09-25 02:31:15,Successful
3406,328,234,Bank Transfer,1447.6,EUR,2025-04-01 02:31:15,Successful
3407,328,283,Credit Card,1350.22,USD,2024-11-10 02:31:15,Pending
3408,328,277,PayPal,737.26,JPY,2025-10-11 02:31:15,Failed
3409,328,212,Credit Card,3912.29,EUR,2025-07-03 02:31:15,Failed
3410,328,203,Bank Transfer,2200.48,USD,2025-02-09 02:31:15,Pending
3411,328,111,Credit Card,670.91,THB,2025-03-28 02:31:15,Successful
3412,328,204,Credit Card,4724.85,USD,2025-02-08 02:31:15,Successful
3413,328,217,PayPal,2013.89,USD,2025-10-19 02:31:15,Failed
3414,328,132,Debit Card,3456.05,USD,2025-05-21 02:31:15,Pending
3415,329,132,Debit Card,589.73,THB,2025-07-13 02:31:15,Failed
3416,329,198,PayPal,1843.4,JPY,2025-02-14 02:31:15,Pending
3417,329,123,Debit Card,2237.58,USD,2025-02-26 02:31:15,Pending
3418,329,276,Bank Transfer,2179.92,THB,2024-12-18 02:31:15,Successful
3419,329,269,PayPal,1522.96,USD,2025-09-03 02:31:15,Successful
3420,329,226,PayPal,4492.17,USD,2025-02-04 02:31:15,Failed
3421,329,239,Debit Card,1778.79,THB,2025-03-02 02:31:15,Pending
3422,329,294,Debit Card,2096.54,THB,2025-07-05 02:31:15,Pending
3423,329,285,PayPal,3111.09,USD,2025-10-05 02:31:15,Successful
3424,330,268,PayPal,2312.52,USD,2024-12-26 02:31:15,Successful
3425,330,254,PayPal,4966.63,USD,2025-06-06 02:31:15,Failed
3426,330,37,Debit Card,4681.31,JPY,2025-06-24 02:31:15,Pending
3427,330,283,Debit Card,2073.99,JPY,2024-12-17 02:31:15,Pending
3428,330,278,Bank Transfer,4360.94,EUR,2025-01-23 02:31:15,Pending
3429,330,246,Bank Transfer,539.31,EUR,2025-08-19 02:31:15,Pending
3430,330,201,PayPal,2938.47,THB,2025-08-18 02:31:15,Failed
3431,330,255,Credit Card,1542.6,EUR,2025-01-14 02:31:15,Pending
3432,330,278,Debit Card,4771.11,THB,2025-09-07 02:31:15,Successful
3433,330,105,Debit Card,1542.72,THB,2025-03-26 02:31:15,Failed
3434,330,229,Credit Card,2098.31,USD,2025-01-20 02:31:15,Failed
3435,330,281,Debit Card,2050.17,USD,2025-03-12 02:31:15,Failed
3436,330,295,Credit Card,3245.49,THB,2025-07-14 02:31:15,Failed
3437,330,229,Debit Card,2647.97,THB,2025-05-19 02:31:15,Pending
3438,330,206,PayPal,3285.93,THB,2024-11-30 02:31:15,Pending
3439,330,277,Credit Card,4196.26,EUR,2025-10-31 02:31:15,Failed
3440,330,258,Bank Transfer,4447.69,USD,2025-08-21 02:31:15,Pending
3441,330,204,Bank Transfer,1772.56,THB,2025-04-08 02:31:15,Pending
3442,330,123,PayPal,2768.05,THB,2025-03-24 02:31:15,Pending
3443,330,242,PayPal,558.14,JPY,2025-01-12 02:31:15,Failed
3444,330,295,PayPal,2093.93,USD,2025-07-14 02:31:15,Successful
3445,330,121,Bank Transfer,4062.84,USD,2024-11-22 02:31:15,Pending
3446,330,297,Debit Card,3855.81,EUR,2025-01-13 02:31:15,Failed
3447,330,286,Credit Card,1334.46,THB,2025-06-18 02:31:15,Failed
3448,330,275,Debit Card,1278.94,EUR,2025-02-14 02:31:15,Failed
3449,331,296,Credit Card,4287.72,THB,2025-03-02 02:31:15,Successful
3450,331,228,Credit Card,131.92,JPY,2024-12-29 02:31:15,Failed
3451,332,221,Bank Transfer,406.76,USD,2025-09-03 02:31:15,Failed
3452,332,239,Debit Card,467.78,THB,2024-12-23 02:31:15,Failed
3453,332,232,Credit Card,334.79,USD,2025-04-23 02:31:15,Pending
3454,332,157,Credit Card,3099.13,EUR,2025-09-21 02:31:15,Failed
3455,332,242,Credit Card,4303.4,EUR,2025-10-05 02:31:15,Failed
3456,332,234,Bank Transfer,3890.91,THB,2025-01-07 02:31:15,Failed
3457,332,257,Bank Transfer,3172.19,USD,2025-04-27 02:31:15,Successful
3458,332,203,PayPal,1423.6,JPY,2025-03-21 02:31:15,Failed
3459,332,253,PayPal,2014.62,USD,2024-11-01 02:31:15,Failed
3460,332,282,Debit Card,3657.5,JPY,2024-11-23 02:31:15,Successful
3461,332,294,Debit Card,1788.3,USD,2025-02-23 02:31:15,Pending
3462,332,282,Bank Transfer,4621.86,USD,2025-08-11 02:31:15,Pending
3463,332,294,Credit Card,3868.65,EUR,2025-10-21 02:31:15,Failed
3464,333,275,PayPal,429.07,THB,2025-07-23 02:31:15,Successful
3465,333,213,Bank Transfer,1237.35,THB,2025-05-25 02:31:15,Failed
3466,333,218,Debit Card,1092.83,JPY,2025-09-07 02:31:15,Failed
3467,333,232,Credit Card,2374.85,THB,2025-08-09 02:31:15,Pending
3468,333,272,Credit Card,485.11,THB,2025-11-01 02:31:15,Failed
3469,333,239,Credit Card,1172.47,JPY,2025-07-03 02:31:15,Pending
3470,333,218,PayPal,748.55,JPY,2025-01-26 02:31:15,Pending
3471,333,188,PayPal,1942.31,THB,2025-07-13 02:31:15,Failed
3472,333,229,Credit Card,4467.86,EUR,2025-05-28 02:31:15,Failed
3473,333,255,Credit Card,3657.33,THB,2025-01-09 02:31:15,Failed
3474,333,139,Credit Card,790.17,JPY,2025-06-04 02:31:15,Pending
3475,333,278,Credit Card,4868.08,USD,2025-03-26 02:31:15,Failed
3476,333,97,PayPal,4975.15,THB,2025-03-15 02:31:15,Successful
3477,333,272,PayPal,4176.8,JPY,2025-03-06 02:31:15,Pending
3478,333,246,Credit Card,4645.65,JPY,2025-02-19 02:31:15,Pending
3479,333,270,Debit Card,4584.34,USD,2025-10-25 02:31:15,Successful
3480,333,291,Credit Card,4403.09,THB,2025-09-10 02:31:15,Pending
3481,333,266,Debit Card,1379.38,JPY,2025-08-06 02:31:15,Pending
3482,333,299,PayPal,3699.29,JPY,2024-11-15 02:31:15,Pending
3483,333,276,Bank Transfer,1245.94,JPY,2025-07-06 02:31:15,Pending
3484,334,233,Debit Card,4395.55,THB,2025-01-27 02:31:15,Pending
3485,334,127,PayPal,2101.28,EUR,2025-07-07 02:31:15,Pending
3486,334,239,Bank Transfer,4802.86,USD,2025-02-22 02:31:15,Pending
3487,334,246,Bank Transfer,2073.63,USD,2025-03-14 02:31:15,Failed
3488,334,81,Credit Card,2073.03,JPY,2025-07-04 02:31:15,Failed
3489,335,209,Debit Card,4314.5,USD,2025-04-29 02:31:15,Successful
3490,335,295,Bank Transfer,2749.04,USD,2024-11-29 02:31:15,Successful
3491,335,243,Debit Card,1197.15,EUR,2025-05-18 02:31:15,Pending
3492,335,247,Debit Card,522.33,JPY,2024-11-19 02:31:15,Pending
3493,335,201,PayPal,172.68,EUR,2025-01-29 02:31:15,Failed
3494,335,206,Credit Card,3465.06,JPY,2025-01-14 02:31:15,Successful
3495,335,37,Credit Card,2661.9,THB,2025-09-25 02:31:15,Pending
3496,335,210,Debit Card,1704.22,JPY,2025-03-13 02:31:15,Pending
3497,335,243,Credit Card,2831.88,EUR,2025-07-04 02:31:15,Failed
3498,336,229,PayPal,3938.41,USD,2025-08-12 02:31:15,Successful
3499,336,277,Credit Card,4269.28,USD,2024-12-27 02:31:15,Pending
3500,336,254,Debit Card,3345.34,JPY,2024-12-30 02:31:15,Pending
3501,336,295,PayPal,2586.07,EUR,2024-12-05 02:31:15,Successful
3502,336,4,PayPal,4424.21,EUR,2024-12-24 02:31:15,Pending
3503,336,297,Credit Card,3271.63,EUR,2025-05-08 02:31:15,Failed
3504,336,243,Bank Transfer,4815.91,USD,2024-11-11 02:31:15,Pending
3505,336,39,Bank Transfer,549.16,THB,2025-07-04 02:31:15,Pending
3506,336,35,Bank Transfer,2293.14,JPY,2025-07-24 02:31:15,Pending
3507,337,293,Debit Card,228.47,JPY,2025-06-14 02:31:15,Failed
3508,337,97,Credit Card,4821.27,USD,2024-12-15 02:31:15,Pending
3509,337,39,Bank Transfer,2525.0,JPY,2025-04-19 02:31:15,Pending
3510,337,269,Debit Card,4299.42,JPY,2025-02-16 02:31:15,Failed
3511,337,214,Debit Card,4201.52,THB,2025-05-22 02:31:15,Pending
3512,338,234,Debit Card,2520.15,USD,2024-12-07 02:31:15,Pending
3513,338,235,PayPal,3439.66,USD,2025-04-11 02:31:15,Pending
3514,338,201,Debit Card,3443.46,THB,2025-04-27 02:31:15,Successful
3515,339,207,PayPal,4426.8,EUR,2025-04-16 02:31:15,Failed
3516,339,217,PayPal,3459.5,USD,2025-10-17 02:31:15,Pending
3517,339,262,Credit Card,922.81,THB,2025-05-10 02:31:15,Failed
3518,339,289,PayPal,1330.91,JPY,2025-03-11 02:31:15,Pending
3519,339,207,Bank Transfer,1060.93,EUR,2024-12-23 02:31:15,Failed
3520,339,255,Debit Card,3227.68,THB,2024-11-17 02:31:15,Pending
3521,339,228,PayPal,3968.72,THB,2025-07-25 02:31:15,Pending
3522,339,287,Credit Card,1766.91,THB,2025-06-21 02:31:15,Successful
3523,339,201,PayPal,1014.35,EUR,2025-02-27 02:31:15,Successful
3524,339,212,PayPal,2006.48,THB,2025-04-09 02:31:15,Pending
3525,339,271,Debit Card,4354.84,THB,2025-05-10 02:31:15,Pending
3526,340,206,PayPal,600.88,USD,2025-01-19 02:31:15,Pending
3527,340,256,Bank Transfer,1909.23,USD,2024-12-06 02:31:15,Failed
3528,340,189,PayPal,4785.67,EUR,2025-10-24 02:31:15,Pending
3529,340,259,PayPal,3804.34,EUR,2025-06-21 02:31:15,Successful
3530,340,209,Credit Card,1051.38,USD,2024-11-21 02:31:15,Pending
3531,340,206,Credit Card,4638.96,USD,2025-02-28 02:31:15,Pending
3532,340,277,Bank Transfer,907.59,THB,2025-02-07 02:31:15,Pending
3533,340,7,PayPal,2951.69,EUR,2025-10-13 02:31:15,Successful
3534,340,256,PayPal,1129.91,EUR,2025-09-17 02:31:15,Failed
3535,340,72,PayPal,2323.02,EUR,2025-05-18 02:31:15,Successful
3536,341,35,Credit Card,1161.32,THB,2025-04-28 02:31:15,Pending
3537,341,228,Debit Card,4105.94,JPY,2025-02-06 02:31:15,Successful
3538,341,254,Debit Card,4014.14,JPY,2025-05-23 02:31:15,Successful
3539,341,261,Credit Card,4803.02,EUR,2025-08-17 02:31:15,Pending
3540,341,259,Credit Card,1489.05,USD,2025-10-14 02:31:15,Failed
3541,341,255,Debit Card,2337.5,USD,2024-11-10 02:31:15,Pending
3542,341,255,Bank Transfer,2851.28,THB,2025-03-02 02:31:15,Successful
3543,341,227,PayPal,1868.83,THB,2025-02-11 02:31:15,Pending
3544,341,202,PayPal,2070.75,THB,2025-05-16 02:31:15,Pending
3545,341,243,Bank Transfer,2138.81,EUR,2025-01-07 02:31:15,Pending
3546,341,247,Bank Transfer,3982.25,JPY,2025-01-30 02:31:15,Failed
3547,341,278,PayPal,1563.39,THB,2025-08-23 02:31:15,Failed
3548,341,221,PayPal,2600.02,EUR,2025-01-28 02:31:15,Pending
3549,341,205,PayPal,3691.15,JPY,2025-04-29 02:31:15,Failed
3550,341,107,PayPal,971.1,THB,2025-05-30 02:31:15,Pending
3551,341,256,Credit Card,4841.41,JPY,2025-05-15 02:31:15,Successful
3552,341,286,Debit Card,4669.62,USD,2025-10-12 02:31:15,Successful
3553,341,264,Debit Card,4027.95,EUR,2024-12-09 02:31:15,Successful
3554,341,161,Debit Card,456.47,THB,2025-08-26 02:31:15,Pending
3555,342,277,Credit Card,4016.63,EUR,2025-09-27 02:31:15,Successful
3556,342,245,Credit Card,1687.49,JPY,2025-10-15 02:31:15,Pending
3557,342,227,Debit Card,3203.75,JPY,2025-01-21 02:31:15,Pending
3558,342,251,Debit Card,3441.78,EUR,2025-05-30 02:31:15,Failed
3559,342,245,Bank Transfer,1990.55,JPY,2025-08-20 02:31:15,Failed
3560,342,278,Debit Card,2173.05,JPY,2025-06-05 02:31:15,Pending
3561,342,217,Bank Transfer,833.55,USD,2025-08-27 02:31:15,Failed
3562,343,221,Debit Card,4604.28,EUR,2025-07-17 02:31:15,Successful
3563,343,269,Debit Card,4046.39,THB,2024-11-04 02:31:15,Pending
3564,343,35,Credit Card,3711.53,THB,2025-09-30 02:31:15,Successful
3565,343,209,Debit Card,3072.24,USD,2024-12-16 02:31:15,Failed
3566,344,277,Credit Card,389.02,USD,2025-09-16 02:31:15,Pending
3567,344,271,Debit Card,2135.3,JPY,2025-08-12 02:31:15,Successful
3568,344,123,Bank Transfer,1790.53,THB,2025-03-05 02:31:15,Failed
3569,344,209,Credit Card,3359.27,THB,2025-08-01 02:31:15,Failed
3570,344,269,Bank Transfer,2374.88,EUR,2025-04-30 02:31:15,Pending
3571,344,217,PayPal,2470.78,JPY,2025-08-14 02:31:15,Pending
3572,345,253,Credit Card,1694.63,USD,2025-02-13 02:31:15,Pending
3573,345,255,Bank Transfer,1973.82,THB,2025-09-10 02:31:15,Failed
3574,345,241,Credit Card,2791.93,THB,2025-03-21 02:31:15,Successful
3575,345,261,Bank Transfer,960.19,JPY,2024-11-15 02:31:15,Successful
3576,345,297,Debit Card,2270.2,THB,2025-01-16 02:31:15,Pending
3577,345,201,Debit Card,4787.79,USD,2025-05-19 02:31:15,Successful
3578,345,199,Debit Card,860.44,THB,2025-04-05 02:31:15,Successful
3579,345,201,Credit Card,3690.75,EUR,2024-11-30 02:31:15,Pending
3580,345,197,Credit Card,3237.75,THB,2025-01-22 02:31:15,Pending
3581,345,229,Debit Card,1258.63,THB,2025-05-19 02:31:15,Pending
3582,345,189,PayPal,3542.1,THB,2025-01-10 02:31:15,Pending
3583,345,128,Debit Card,1669.0,EUR,2025-06-18 02:31:15,Failed
3584,345,210,Credit Card,2496.61,JPY,2025-02-22 02:31:15,Successful
3585,345,294,Debit Card,4060.38,EUR,2025-06-28 02:31:15,Successful
3586,345,296,PayPal,1379.09,EUR,2025-01-10 02:31:15,Failed
3587,345,104,Credit Card,984.26,JPY,2024-12-27 02:31:15,Pending
3588,345,207,Bank Transfer,113.17,THB,2025-03-21 02:31:15,Successful
3589,345,228,Debit Card,371.64,THB,2024-11-25 02:31:15,Pending
3590,345,216,Bank Transfer,3822.75,JPY,2025-09-05 02:31:15,Successful
3591,345,224,Bank Transfer,3568.8,EUR,2025-08-23 02:31:15,Pending
3592,345,217,Debit Card,740.27,USD,2024-11-21 02:31:15,Successful
3593,345,244,Debit Card,3986.84,JPY,2025-10-05 02:31:15,Pending
3594,345,270,Debit Card,949.01,USD,2025-06-19 02:31:15,Pending
3595,345,251,Bank Transfer,3072.24,JPY,2025-02-09 02:31:15,Pending
3596,345,276,Bank Transfer,1811.63,THB,2024-11-12 02:31:15,Pending
3597,345,258,PayPal,3370.0,EUR,2025-07-30 02:31:15,Successful
3598,345,263,Bank Transfer,4629.08,USD,2025-07-21 02:31:15,Successful
3599,345,248,PayPal,4892.15,THB,2025-04-17 02:31:15,Pending
3600,345,198,Credit Card,4091.9,EUR,2025-09-06 02:31:15,Failed
3601,346,132,Credit Card,1799.75,THB,2025-07-17 02:31:15,Pending
3602,346,216,Credit Card,211.92,THB,2024-12-07 02:31:15,Pending
3603,346,229,Debit Card,3918.18,EUR,2024-11-27 02:31:15,Successful
3604,346,212,Credit Card,1583.67,JPY,2025-06-13 02:31:15,Pending
3605,346,286,Debit Card,377.77,THB,2025-10-30 02:31:15,Pending
3606,346,249,Bank Transfer,4961.67,USD,2025-07-17 02:31:15,Pending
3607,346,284,Bank Transfer,555.35,USD,2025-08-19 02:31:15,Failed
3608,346,247,Credit Card,3203.12,THB,2025-09-03 02:31:15,Successful
3609,346,69,Debit Card,678.59,JPY,2025-04-06 02:31:15,Failed
3610,346,227,Debit Card,362.17,USD,2025-09-03 02:31:15,Successful
3611,346,72,Bank Transfer,2073.21,THB,2025-08-01 02:31:15,Successful
3612,346,224,Credit Card,3125.79,USD,2025-03-18 02:31:15,Successful
3613,346,239,PayPal,3342.42,JPY,2025-06-27 02:31:15,Successful
3614,346,217,Debit Card,281.41,THB,2025-03-26 02:31:15,Failed
3615,347,246,PayPal,1121.17,USD,2024-11-28 02:31:15,Successful
3616,347,244,Bank Transfer,3288.07,EUR,2025-02-08 02:31:15,Successful
3617,347,189,Debit Card,3845.36,EUR,2025-08-03 02:31:15,Successful
3618,347,269,Credit Card,1493.81,JPY,2024-12-16 02:31:15,Pending
3619,347,177,Debit Card,4617.45,USD,2025-01-10 02:31:15,Pending
3620,348,97,PayPal,4911.72,THB,2024-12-31 02:31:15,Failed
3621,348,277,Bank Transfer,731.16,THB,2024-11-08 02:31:15,Failed
3622,348,263,PayPal,3635.71,USD,2024-12-01 02:31:15,Successful
3623,348,243,Debit Card,3606.8,EUR,2025-08-28 02:31:15,Pending
3624,348,292,Bank Transfer,4135.12,USD,2025-07-07 02:31:15,Failed
3625,348,125,Credit Card,795.21,THB,2025-03-29 02:31:15,Failed
3626,348,212,PayPal,2744.23,JPY,2025-05-28 02:31:15,Successful
3627,349,267,Debit Card,4247.08,EUR,2025-09-24 02:31:15,Pending
3628,349,177,Debit Card,225.66,JPY,2025-10-05 02:31:15,Failed
3629,349,218,Credit Card,1872.93,THB,2025-03-01 02:31:15,Successful
3630,349,177,Bank Transfer,1461.86,THB,2024-12-30 02:31:15,Pending
3631,349,209,Credit Card,2271.26,USD,2025-03-26 02:31:15,Failed
3632,349,238,Credit Card,2120.47,THB,2025-08-29 02:31:15,Failed
3633,349,29,Credit Card,1777.71,EUR,2025-08-12 02:31:15,Pending
3634,349,72,Credit Card,1187.0,EUR,2025-10-16 02:31:15,Successful
3635,349,97,Credit Card,711.0,EUR,2025-04-08 02:31:15,Failed
3636,349,253,Bank Transfer,1905.97,EUR,2024-12-18 02:31:15,Successful
3637,349,231,PayPal,2269.78,EUR,2025-04-25 02:31:15,Failed
3638,349,23,Bank Transfer,4233.18,THB,2025-06-26 02:31:15,Failed
3639,349,267,Credit Card,770.61,EUR,2025-03-10 02:31:15,Failed
3640,349,197,Credit Card,641.75,USD,2025-09-02 02:31:15,Pending
3641,349,293,Credit Card,289.78,USD,2025-04-04 02:31:15,Pending
3642,350,292,Debit Card,591.85,JPY,2025-06-13 02:31:15,Successful
3643,350,234,Bank Transfer,893.18,USD,2025-01-27 02:31:15,Successful
3644,350,230,Credit Card,4080.45,EUR,2025-03-17 02:31:15,Successful
3645,350,253,Debit Card,3004.46,USD,2025-05-10 02:31:15,Pending
3646,350,201,Credit Card,2370.93,THB,2025-02-14 02:31:15,Successful
3647,350,210,Bank Transfer,2319.52,THB,2025-10-05 02:31:15,Failed
3648,350,293,Debit Card,1727.48,USD,2025-06-07 02:31:15,Failed
3649,350,224,PayPal,2510.96,THB,2025-04-10 02:31:15,Successful
3650,350,258,Credit Card,3549.92,USD,2025-10-24 02:31:15,Pending
3651,350,225,Bank Transfer,990.46,EUR,2025-03-18 02:31:15,Failed
3652,350,223,Bank Transfer,3021.19,JPY,2025-10-17 02:31:15,Successful
3653,350,97,Credit Card,2850.16,EUR,2025-07-23 02:31:15,Pending
3654,350,156,Debit Card,3074.12,THB,2025-03-21 02:31:15,Failed
3655,350,282,Bank Transfer,4459.22,JPY,2025-08-17 02:31:15,Successful
3656,350,233,PayPal,2967.22,THB,2025-08-23 02:31:15,Pending
3657,350,204,Bank Transfer,193.0,USD,2025-06-18 02:31:15,Failed
3658,350,208,Bank Transfer,2185.26,EUR,2025-05-16 02:31:15,Pending
3659,350,274,Credit Card,3799.97,USD,2025-10-07 02:31:15,Failed
3660,350,254,Bank Transfer,3366.03,USD,2025-06-25 02:31:15,Successful
3661,350,143,Credit Card,3770.21,EUR,2025-01-06 02:31:15,Successful
3662,350,189,Credit Card,4120.68,EUR,2025-01-12 02:31:15,Successful
3663,350,97,PayPal,1321.52,USD,2025-05-23 02:31:15,Successful
3664,350,274,Credit Card,1352.06,USD,2025-01-04 02:31:15,Failed
3665,351,282,Bank Transfer,4653.38,JPY,2024-12-26 02:31:15,Pending
3666,351,201,Bank Transfer,3230.52,USD,2025-07-23 02:31:15,Failed
3667,351,242,Bank Transfer,3457.26,JPY,2025-04-20 02:31:15,Pending
3668,351,284,PayPal,600.07,JPY,2025-09-12 02:31:15,Successful
3669,351,161,Debit Card,2476.28,USD,2025-02-26 02:31:15,Failed
3670,351,116,PayPal,1316.38,THB,2025-05-20 02:31:15,Failed
3671,351,239,Debit Card,1133.58,EUR,2025-01-07 02:31:15,Pending
3672,351,251,Credit Card,4978.79,JPY,2025-10-25 02:31:15,Successful
3673,352,201,PayPal,909.2,JPY,2024-11-28 02:31:15,Successful
3674,352,254,Credit Card,1150.28,USD,2025-02-11 02:31:15,Failed
3675,352,64,Debit Card,617.89,JPY,2025-10-04 02:31:15,Successful
3676,352,24,Credit Card,3191.04,EUR,2025-09-14 02:31:15,Pending
3677,352,208,Credit Card,1252.53,JPY,2025-08-18 02:31:15,Successful
3678,352,225,Credit Card,4882.46,USD,2025-01-30 02:31:15,Pending
3679,352,205,PayPal,4646.24,USD,2025-09-26 02:31:15,Pending
3680,352,233,Bank Transfer,4481.4,EUR,2025-02-01 02:31:15,Successful
3681,352,101,Debit Card,3813.38,JPY,2025-05-03 02:31:15,Pending
3682,352,239,Debit Card,2898.33,JPY,2025-02-15 02:31:15,Failed
3683,352,259,Bank Transfer,4669.28,THB,2025-10-01 02:31:15,Successful
3684,352,300,PayPal,2746.47,JPY,2025-03-04 02:31:15,Failed
3685,353,226,Bank Transfer,3366.26,THB,2025-07-28 02:31:15,Failed
3686,353,256,Credit Card,1567.82,JPY,2025-09-16 02:31:15,Pending
3687,353,248,Credit Card,4677.33,JPY,2024-11-21 02:31:15,Pending
3688,353,282,PayPal,3978.17,JPY,2025-01-19 02:31:15,Pending
3689,353,24,Debit Card,2370.46,JPY,2025-01-09 02:31:15,Pending
3690,353,280,Bank Transfer,3356.46,USD,2025-06-18 02:31:15,Successful
3691,353,23,PayPal,1223.75,USD,2025-06-22 02:31:15,Successful
3692,353,263,Bank Transfer,651.22,JPY,2025-10-10 02:31:15,Failed
3693,353,270,Debit Card,967.44,EUR,2024-11-21 02:31:15,Pending
3694,353,228,Debit Card,1733.2,JPY,2025-05-04 02:31:15,Successful
3695,353,125,Bank Transfer,2947.07,JPY,2025-07-31 02:31:15,Failed
3696,353,280,Credit Card,4435.36,JPY,2024-11-07 02:31:15,Pending
3697,353,299,PayPal,4191.92,JPY,2025-04-19 02:31:15,Pending
3698,353,286,Debit Card,3629.74,JPY,2025-10-19 02:31:15,Failed
3699,353,286,Bank Transfer,2607.33,THB,2025-09-29 02:31:15,Failed
3700,353,24,Credit Card,849.45,EUR,2025-09-10 02:31:15,Failed
3701,354,165,Debit Card,883.06,EUR,2025-01-09 02:31:15,Successful
3702,354,269,Bank Transfer,1448.56,THB,2025-11-01 02:31:15,Pending
3703,354,251,Debit Card,1403.0,JPY,2025-02-02 02:31:15,Pending
3704,354,219,Debit Card,3108.99,JPY,2025-08-23 02:31:15,Failed
3705,354,199,Bank Transfer,2449.67,JPY,2024-12-28 02:31:15,Pending
3706,354,127,Credit Card,2182.08,USD,2025-09-17 02:31:15,Failed
3707,354,201,Credit Card,1150.81,USD,2025-01-05 02:31:15,Pending
3708,354,266,Debit Card,1852.96,THB,2025-07-20 02:31:15,Pending
3709,354,205,Bank Transfer,629.01,THB,2025-03-03 02:31:15,Pending
3710,354,219,Bank Transfer,4482.77,EUR,2025-07-29 02:31:15,Successful
3711,354,225,Credit Card,4599.92,EUR,2025-01-21 02:31:15,Pending
3712,354,228,Credit Card,2062.98,USD,2025-08-09 02:31:15,Failed
3713,354,231,PayPal,3777.33,JPY,2025-08-19 02:31:15,Failed
3714,355,296,Credit Card,3119.77,JPY,2025-05-23 02:31:15,Pending
3715,355,276,Credit Card,4377.91,EUR,2025-06-14 02:31:15,Successful
3716,355,234,Bank Transfer,2070.12,USD,2025-03-06 02:31:15,Pending
3717,355,250,Bank Transfer,4493.22,USD,2025-02-10 02:31:15,Successful
3718,355,221,PayPal,3013.28,USD,2025-01-26 02:31:15,Pending
3719,355,201,Credit Card,4344.86,JPY,2025-01-23 02:31:15,Successful
3720,355,297,Credit Card,1430.34,JPY,2025-06-16 02:31:15,Failed
3721,355,298,Credit Card,3957.66,EUR,2024-12-18 02:31:15,Successful
3722,355,21,Bank Transfer,3170.29,EUR,2025-01-26 02:31:15,Failed
3723,355,271,Debit Card,3524.52,JPY,2024-11-10 02:31:15,Pending
3724,356,253,Bank Transfer,1626.92,JPY,2025-01-15 02:31:15,Failed
3725,356,271,Credit Card,1703.9,EUR,2025-05-25 02:31:15,Pending
3726,356,288,Credit Card,642.17,THB,2024-12-30 02:31:15,Pending
3727,356,251,Debit Card,387.08,JPY,2025-05-01 02:31:15,Successful
3728,356,300,Bank Transfer,4456.85,USD,2025-05-06 02:31:15,Successful
3729,356,234,Credit Card,2424.96,JPY,2024-11-17 02:31:15,Pending
3730,356,231,Credit Card,1212.64,JPY,2025-07-18 02:31:15,Failed
3731,356,268,PayPal,1317.91,THB,2025-09-11 02:31:15,Pending
3732,356,235,PayPal,1705.5,USD,2025-04-21 02:31:15,Failed
3733,356,230,Credit Card,340.84,EUR,2025-08-24 02:31:15,Failed
3734,357,271,PayPal,976.74,EUR,2025-04-23 02:31:15,Failed
3735,357,288,PayPal,3949.03,JPY,2025-03-26 02:31:15,Failed
3736,357,35,Bank Transfer,345.01,JPY,2025-06-20 02:31:15,Successful
3737,357,224,Credit Card,4118.94,EUR,2025-05-24 02:31:15,Failed
3738,357,254,PayPal,2501.14,JPY,2025-05-11 02:31:15,Pending
3739,357,247,Credit Card,2898.93,EUR,2025-05-22 02:31:15,Successful
3740,357,206,Debit Card,3928.17,USD,2025-03-29 02:31:15,Successful
3741,357,209,Debit Card,4299.48,EUR,2025-06-22 02:31:15,Failed
3742,357,189,Bank Transfer,3938.07,THB,2025-04-01 02:31:15,Failed
3743,357,288,PayPal,365.54,JPY,2024-12-13 02:31:15,Failed
3744,357,205,PayPal,1221.62,USD,2025-10-28 02:31:15,Pending
3745,357,132,Bank Transfer,885.29,THB,2025-09-02 02:31:15,Successful
3746,357,166,Debit Card,1541.15,JPY,2025-03-27 02:31:15,Failed
3747,357,249,Bank Transfer,1622.02,THB,2025-05-24 02:31:15,Pending
3748,357,272,Credit Card,2011.7,USD,2025-09-22 02:31:15,Successful
3749,357,258,PayPal,3574.79,USD,2025-09-15 02:31:15,Failed
3750,357,294,PayPal,2713.7,JPY,2025-10-02 02:31:15,Successful
3751,358,217,Credit Card,630.9,JPY,2025-02-28 02:31:15,Pending
3752,358,245,Bank Transfer,4959.02,THB,2025-07-24 02:31:15,Successful
3753,358,228,Debit Card,2931.41,EUR,2025-03-19 02:31:15,Successful
3754,358,249,PayPal,2285.97,JPY,2025-06-20 02:31:15,Successful
3755,358,223,Bank Transfer,473.08,USD,2025-08-09 02:31:15,Successful
3756,358,296,Debit Card,2690.93,THB,2025-03-01 02:31:15,Failed
3757,358,272,Debit Card,2207.41,JPY,2025-02-02 02:31:15,Successful
3758,358,244,Bank Transfer,2815.13,THB,2025-04-27 02:31:15,Failed
3759,358,232,Debit Card,1617.84,USD,2024-11-23 02:31:15,Pending
3760,358,222,Debit Card,2566.97,EUR,2025-04-30 02:31:15,Failed
3761,358,280,Credit Card,254.03,JPY,2025-06-24 02:31:15,Failed
3762,358,229,PayPal,1497.51,JPY,2025-05-12 02:31:15,Pending
3763,358,243,Debit Card,4362.36,USD,2025-09-05 02:31:15,Successful
3764,358,282,Debit Card,855.4,JPY,2025-06-08 02:31:15,Pending
3765,358,262,Bank Transfer,3442.64,USD,2025-03-16 02:31:15,Failed
3766,358,128,Bank Transfer,3844.37,THB,2024-11-26 02:31:15,Failed
3767,358,298,Debit Card,2497.5,USD,2025-07-26 02:31:15,Pending
3768,358,257,Bank Transfer,3456.91,USD,2025-03-03 02:31:15,Failed
3769,358,201,Credit Card,3309.77,USD,2025-09-28 02:31:15,Pending
3770,358,203,Bank Transfer,4815.35,USD,2025-06-24 02:31:15,Failed
3771,358,259,Debit Card,262.68,THB,2025-05-19 02:31:15,Pending
3772,358,284,Debit Card,1407.15,THB,2025-05-16 02:31:15,Successful
3773,358,35,PayPal,157.89,USD,2025-02-11 02:31:15,Successful
3774,358,217,Bank Transfer,2258.65,EUR,2025-02-11 02:31:15,Successful
3775,359,243,Bank Transfer,1792.17,THB,2025-06-12 02:31:15,Failed
3776,359,244,PayPal,4592.27,EUR,2025-06-21 02:31:15,Failed
3777,359,212,Bank Transfer,362.09,THB,2025-02-01 02:31:15,Failed
3778,360,201,Credit Card,2428.05,THB,2025-03-16 02:31:15,Pending
3779,360,219,Credit Card,176.29,EUR,2025-07-01 02:31:15,Pending
3780,360,256,Credit Card,820.71,JPY,2025-02-17 02:31:15,Pending
3781,360,201,PayPal,4383.25,JPY,2024-12-18 02:31:15,Pending
3782,360,255,Bank Transfer,4942.04,THB,2024-11-13 02:31:15,Pending
3783,360,23,Credit Card,1599.77,EUR,2025-02-28 02:31:15,Pending
3784,360,254,Debit Card,4203.8,USD,2025-06-14 02:31:15,Failed
3785,360,204,Debit Card,1343.59,THB,2025-10-14 02:31:15,Successful
3786,360,209,Bank Transfer,3581.32,THB,2025-06-17 02:31:15,Successful
3787,360,266,Debit Card,4175.04,THB,2025-01-02 02:31:15,Failed
3788,360,235,Debit Card,2655.17,THB,2025-01-15 02:31:15,Successful
3789,361,35,Debit Card,4881.35,JPY,2025-10-17 02:31:15,Failed
3790,361,239,Debit Card,4724.14,THB,2025-08-05 02:31:15,Pending
3791,361,228,Credit Card,3587.28,THB,2025-08-08 02:31:15,Successful
3792,361,245,Credit Card,319.43,USD,2025-10-25 02:31:15,Successful
3793,361,295,Debit Card,961.07,USD,2025-10-24 02:31:15,Successful
3794,361,273,Bank Transfer,2360.41,JPY,2025-09-04 02:31:15,Successful
3795,361,228,Credit Card,2588.82,JPY,2025-04-18 02:31:15,Successful
3796,361,123,Credit Card,2783.93,EUR,2025-07-28 02:31:15,Failed
3797,361,222,Bank Transfer,4004.61,EUR,2025-10-01 02:31:15,Pending
3798,361,226,Debit Card,4498.93,EUR,2025-05-22 02:31:15,Pending
3799,361,220,Debit Card,3241.65,USD,2025-01-04 02:31:15,Pending
3800,361,233,Credit Card,3952.23,EUR,2025-03-31 02:31:15,Pending
3801,361,128,Debit Card,1055.44,EUR,2025-04-06 02:31:15,Pending
3802,362,298,PayPal,4177.08,USD,2025-10-15 02:31:15,Successful
3803,362,230,Debit Card,3693.34,USD,2025-03-12 02:31:15,Failed
3804,362,224,Debit Card,117.19,EUR,2025-05-17 02:31:15,Pending
3805,362,174,Bank Transfer,2243.92,USD,2025-05-16 02:31:15,Successful
3806,362,157,Credit Card,2235.97,JPY,2025-03-30 02:31:15,Failed
3807,362,292,Credit Card,461.75,JPY,2025-04-26 02:31:15,Failed
3808,362,279,Credit Card,3573.9,THB,2025-06-10 02:31:15,Successful
3809,362,29,Bank Transfer,2754.1,USD,2025-04-11 02:31:15,Pending
3810,362,202,PayPal,3884.89,JPY,2025-10-11 02:31:15,Pending
3811,362,229,Credit Card,1899.69,THB,2025-03-26 02:31:15,Failed
3812,362,287,Debit Card,1541.59,THB,2025-04-22 02:31:15,Pending
3813,362,116,Bank Transfer,880.6,JPY,2025-10-25 02:31:15,Pending
3814,362,293,Debit Card,2745.68,USD,2025-03-05 02:31:15,Pending
3815,362,41,Bank Transfer,3929.79,USD,2025-04-29 02:31:15,Successful
3816,362,177,PayPal,4033.97,JPY,2025-08-01 02:31:15,Failed
3817,363,286,Bank Transfer,4235.08,JPY,2025-04-22 02:31:15,Successful
3818,363,116,Debit Card,719.87,USD,2025-08-26 02:31:15,Failed
3819,363,289,PayPal,2327.31,THB,2025-04-21 02:31:15,Successful
3820,363,269,PayPal,4891.11,USD,2025-01-13 02:31:15,Failed
3821,364,248,Debit Card,4709.65,JPY,2025-05-01 02:31:15,Failed
3822,364,157,PayPal,4860.43,USD,2025-03-11 02:31:15,Failed
3823,364,240,Bank Transfer,1524.86,USD,2024-11-23 02:31:15,Pending
3824,364,257,Debit Card,2492.56,JPY,2024-12-28 02:31:15,Successful
3825,364,277,Credit Card,573.2,THB,2025-06-11 02:31:15,Successful
3826,365,251,Bank Transfer,4705.83,JPY,2025-06-18 02:31:15,Successful
3827,365,225,Debit Card,790.48,JPY,2025-05-14 02:31:15,Pending
3828,365,223,Credit Card,2301.47,EUR,2025-04-28 02:31:15,Failed
3829,365,148,Debit Card,615.66,EUR,2024-11-18 02:31:15,Failed
3830,365,211,PayPal,2481.92,USD,2025-05-22 02:31:15,Failed
3831,365,257,Debit Card,114.14,THB,2025-08-29 02:31:15,Failed
3832,365,165,Bank Transfer,4169.47,USD,2025-10-07 02:31:15,Successful
3833,365,282,Bank Transfer,1175.83,EUR,2025-04-06 02:31:15,Failed
3834,365,21,Credit Card,2350.85,THB,2025-08-24 02:31:15,Failed
3835,365,234,Bank Transfer,4960.21,THB,2025-01-19 02:31:15,Pending
3836,366,228,PayPal,4448.38,EUR,2025-10-30 02:31:15,Successful
3837,366,273,Credit Card,2478.83,THB,2025-08-11 02:31:15,Pending
3838,366,188,PayPal,3613.68,THB,2025-09-16 02:31:15,Successful
3839,367,289,Bank Transfer,455.19,EUR,2025-10-29 02:31:15,Failed
3840,367,161,Credit Card,388.7,EUR,2025-01-18 02:31:15,Pending
3841,367,256,Credit Card,548.19,EUR,2025-11-01 02:31:15,Pending
3842,367,248,Debit Card,4234.82,USD,2024-11-30 02:31:15,Successful
3843,368,259,PayPal,1011.06,USD,2025-10-10 02:31:15,Pending
3844,368,35,PayPal,1214.32,JPY,2025-10-05 02:31:15,Pending
3845,368,242,Debit Card,1078.09,USD,2025-03-10 02:31:15,Successful
3846,368,278,Bank Transfer,3008.88,USD,2025-10-30 02:31:15,Failed
3847,368,41,PayPal,4539.65,USD,2025-02-16 02:31:15,Pending
3848,368,189,PayPal,2852.69,EUR,2024-11-09 02:31:15,Failed
3849,368,223,Debit Card,4072.57,THB,2025-01-15 02:31:15,Pending
3850,368,24,Bank Transfer,2124.7,THB,2025-04-04 02:31:15,Failed
3851,369,220,Debit Card,3016.37,EUR,2025-03-05 02:31:15,Successful
3852,369,300,Bank Transfer,4198.03,USD,2024-12-17 02:31:15,Pending
3853,369,265,Debit Card,4889.28,THB,2025-05-26 02:31:15,Pending
3854,370,35,Credit Card,1144.77,USD,2025-10-14 02:31:15,Failed
3855,370,177,PayPal,322.48,EUR,2025-01-18 02:31:15,Pending
3856,370,247,Bank Transfer,1186.72,THB,2025-09-27 02:31:15,Failed
3857,370,239,PayPal,1145.35,EUR,2025-03-22 02:31:15,Failed
3858,370,230,Debit Card,1753.24,THB,2025-03-31 02:31:15,Pending
3859,370,290,Credit Card,2087.59,EUR,2025-01-26 02:31:15,Failed
3860,370,161,Credit Card,3752.13,JPY,2025-07-25 02:31:15,Pending
3861,370,275,Debit Card,4949.66,EUR,2025-06-01 02:31:15,Pending
3862,370,261,Debit Card,2781.1,THB,2025-05-23 02:31:15,Successful
3863,370,204,Bank Transfer,4613.57,EUR,2025-04-08 02:31:15,Successful
3864,370,298,Credit Card,1721.16,USD,2025-03-18 02:31:15,Failed
3865,370,281,PayPal,3552.97,JPY,2025-05-01 02:31:15,Failed
3866,370,219,PayPal,1826.95,EUR,2025-04-12 02:31:15,Successful
3867,370,298,Debit Card,2866.4,USD,2025-01-01 02:31:15,Successful
3868,370,148,PayPal,4521.34,EUR,2025-09-08 02:31:15,Successful
3869,370,225,Bank Transfer,3181.83,EUR,2025-10-18 02:31:15,Pending
3870,370,256,Credit Card,4458.47,USD,2025-09-20 02:31:15,Successful
3871,370,240,Bank Transfer,3916.65,JPY,2025-09-14 02:31:15,Pending
3872,370,69,Credit Card,797.39,EUR,2024-11-06 02:31:15,Failed
3873,371,205,Bank Transfer,364.52,THB,2025-08-07 02:31:15,Pending
3874,371,148,Credit Card,2090.0,EUR,2025-07-05 02:31:15,Failed
3875,371,279,PayPal,3523.3,USD,2024-11-17 02:31:15,Successful
3876,372,269,Credit Card,4475.55,THB,2025-07-31 02:31:15,Failed
3877,372,230,PayPal,3946.17,EUR,2025-10-02 02:31:15,Successful
3878,372,267,Debit Card,4313.66,USD,2025-09-22 02:31:15,Failed
3879,372,81,Credit Card,1752.58,THB,2025-05-08 02:31:15,Pending
3880,372,257,PayPal,2256.76,EUR,2025-10-16 02:31:15,Failed
3881,372,284,PayPal,314.75,JPY,2025-09-11 02:31:15,Failed
3882,372,284,Debit Card,4238.17,JPY,2025-01-01 02:31:15,Pending
3883,373,256,Credit Card,4660.68,EUR,2024-12-07 02:31:15,Successful
3884,373,277,Debit Card,3365.49,USD,2025-10-08 02:31:15,Successful
3885,373,285,Bank Transfer,1510.44,THB,2025-05-30 02:31:15,Pending
3886,373,23,Credit Card,1095.99,USD,2025-10-31 02:31:15,Failed
3887,373,216,PayPal,717.68,USD,2025-07-15 02:31:15,Failed
3888,373,287,Credit Card,2581.76,EUR,2025-09-30 02:31:15,Successful
3889,373,205,PayPal,3171.62,USD,2025-07-11 02:31:15,Pending
3890,373,258,PayPal,4414.45,THB,2025-01-26 02:31:15,Failed
3891,374,252,PayPal,3823.83,THB,2025-04-24 02:31:15,Pending
3892,374,288,PayPal,817.89,EUR,2025-04-17 02:31:15,Successful
3893,374,215,Credit Card,390.69,JPY,2025-01-14 02:31:15,Pending
3894,374,41,Credit Card,3256.21,JPY,2025-01-13 02:31:15,Failed
3895,374,271,Credit Card,461.07,JPY,2025-03-22 02:31:15,Failed
3896,374,245,PayPal,316.04,THB,2025-03-01 02:31:15,Pending
3897,374,104,PayPal,3502.5,THB,2025-07-13 02:31:15,Pending
3898,374,238,Debit Card,2894.35,EUR,2025-05-28 02:31:15,Pending
3899,374,143,PayPal,4323.25,USD,2025-10-31 02:31:15,Failed
3900,374,283,Bank Transfer,2346.53,THB,2025-05-14 02:31:15,Failed
3901,374,219,Credit Card,1168.03,EUR,2025-10-27 02:31:15,Successful
3902,375,267,Bank Transfer,1141.33,JPY,2025-05-25 02:31:15,Failed
3903,375,245,Debit Card,4504.34,THB,2025-06-08 02:31:15,Successful
3904,375,132,Bank Transfer,2732.47,THB,2025-01-07 02:31:15,Successful
3905,375,259,Debit Card,3341.31,THB,2025-07-12 02:31:15,Successful
3906,375,229,PayPal,1722.05,USD,2025-09-27 02:31:15,Successful
3907,375,156,Credit Card,2899.46,JPY,2024-11-20 02:31:15,Successful
3908,376,35,PayPal,1297.0,JPY,2025-02-13 02:31:15,Failed
3909,376,285,Debit Card,168.33,USD,2025-09-17 02:31:15,Failed
3910,376,300,Bank Transfer,2275.95,THB,2024-12-21 02:31:15,Successful
3911,376,215,PayPal,4492.29,EUR,2025-03-13 02:31:15,Failed
3912,376,213,Bank Transfer,1684.06,THB,2025-09-18 02:31:15,Successful
3913,377,189,Bank Transfer,1627.26,JPY,2025-10-09 02:31:15,Successful
3914,377,295,Debit Card,2153.49,THB,2025-10-28 02:31:15,Pending
3915,377,278,Debit Card,2342.11,EUR,2025-02-08 02:31:15,Successful
3916,377,263,Credit Card,1353.59,JPY,2025-10-20 02:31:15,Pending
3917,377,281,Debit Card,105.38,JPY,2025-09-04 02:31:15,Successful
3918,377,224,PayPal,4225.08,THB,2024-11-01 02:31:15,Pending
3919,377,132,Credit Card,986.57,JPY,2024-11-08 02:31:15,Successful
3920,377,223,Credit Card,3270.47,THB,2025-09-28 02:31:15,Failed
3921,377,166,Credit Card,2659.04,JPY,2025-10-30 02:31:15,Pending
3922,377,166,PayPal,2871.16,JPY,2025-09-08 02:31:15,Successful
3923,377,289,Bank Transfer,1136.04,EUR,2025-05-15 02:31:15,Pending
3924,377,227,Credit Card,3678.62,EUR,2025-01-14 02:31:15,Pending
3925,377,97,Bank Transfer,3482.31,JPY,2025-08-08 02:31:15,Pending
3926,377,235,Credit Card,1970.43,USD,2024-11-04 02:31:15,Successful
3927,377,188,PayPal,4594.12,JPY,2025-02-01 02:31:15,Pending
3928,377,237,Debit Card,429.13,JPY,2024-12-25 02:31:15,Successful
3929,377,243,Bank Transfer,4506.15,EUR,2025-05-16 02:31:15,Failed
3930,377,21,Credit Card,3321.05,THB,2025-08-07 02:31:15,Pending
3931,377,97,Bank Transfer,896.32,USD,2025-08-03 02:31:15,Pending
3932,377,123,Debit Card,3113.71,THB,2024-12-16 02:31:15,Successful
3933,377,237,Debit Card,3346.18,THB,2025-10-02 02:31:15,Failed
3934,377,246,Credit Card,1459.38,JPY,2025-06-12 02:31:15,Pending
3935,378,288,Debit Card,3682.6,USD,2025-09-29 02:31:15,Failed
3936,378,234,PayPal,2928.64,THB,2024-11-08 02:31:15,Successful
3937,378,177,Debit Card,3705.02,USD,2025-08-28 02:31:15,Successful
3938,378,189,Debit Card,4895.51,EUR,2024-11-01 02:31:15,Pending
3939,378,111,Debit Card,1173.19,THB,2025-08-27 02:31:15,Pending
3940,378,299,Bank Transfer,2540.33,THB,2024-11-10 02:31:15,Successful
3941,378,251,Debit Card,1927.36,THB,2025-10-11 02:31:15,Successful
3942,378,284,Credit Card,2147.85,USD,2025-04-07 02:31:15,Failed
3943,378,210,Bank Transfer,1065.5,USD,2025-05-09 02:31:15,Pending
3944,378,254,Debit Card,4681.02,JPY,2025-03-13 02:31:15,Failed
3945,378,252,PayPal,2049.63,USD,2024-12-24 02:31:15,Pending
3946,379,242,Debit Card,746.89,USD,2024-11-16 02:31:15,Successful
3947,380,262,Debit Card,4954.27,USD,2025-04-03 02:31:15,Pending
3948,380,189,Credit Card,2401.41,JPY,2024-12-25 02:31:15,Successful
3949,381,297,Debit Card,2952.0,THB,2025-09-01 02:31:15,Successful
3950,381,246,PayPal,1314.91,EUR,2025-09-28 02:31:15,Pending
3951,381,228,Bank Transfer,2020.22,THB,2025-01-15 02:31:15,Successful
3952,381,294,Debit Card,4700.54,JPY,2025-02-25 02:31:15,Successful
3953,381,127,Credit Card,1897.77,EUR,2025-04-02 02:31:15,Failed
3954,381,161,Bank Transfer,4774.83,USD,2025-04-19 02:31:15,Successful
3955,381,132,Bank Transfer,4656.32,USD,2025-01-13 02:31:15,Pending
3956,381,229,Bank Transfer,1874.05,USD,2025-05-30 02:31:15,Pending
3957,381,235,PayPal,3916.13,EUR,2025-06-01 02:31:15,Pending
3958,381,265,Credit Card,2260.78,JPY,2025-04-15 02:31:15,Successful
3959,382,259,PayPal,3062.83,THB,2025-07-09 02:31:15,Pending
3960,382,275,Bank Transfer,1784.57,EUR,2024-12-05 02:31:15,Pending
3961,382,297,Bank Transfer,919.65,THB,2025-08-27 02:31:15,Successful
3962,383,125,Bank Transfer,759.98,USD,2025-09-17 02:31:15,Failed
3963,383,249,Debit Card,1353.06,JPY,2024-11-26 02:31:15,Successful
3964,383,214,PayPal,4710.11,EUR,2025-06-18 02:31:15,Pending
3965,384,66,Debit Card,596.92,USD,2025-02-01 02:31:15,Pending
3966,384,275,Bank Transfer,4750.8,USD,2024-12-18 02:31:15,Failed
3967,384,37,Debit Card,3233.4,EUR,2024-11-02 02:31:15,Successful
3968,384,95,Bank Transfer,1391.98,THB,2025-01-19 02:31:15,Failed
3969,385,55,Debit Card,4448.07,EUR,2025-03-11 02:31:15,Successful
3970,385,249,PayPal,3366.88,EUR,2025-02-02 02:31:15,Successful
3971,385,4,Debit Card,1303.06,THB,2025-10-15 02:31:15,Pending
3972,385,259,Debit Card,479.99,EUR,2024-11-24 02:31:15,Pending
3973,385,256,Bank Transfer,2087.77,EUR,2025-06-18 02:31:15,Failed
3974,385,253,Bank Transfer,3913.97,JPY,2024-11-13 02:31:15,Pending
3975,385,268,PayPal,2546.96,JPY,2025-04-10 02:31:15,Pending
3976,385,295,PayPal,3636.55,EUR,2025-07-22 02:31:15,Failed
3977,385,237,Debit Card,2239.27,JPY,2025-06-16 02:31:15,Failed
3978,385,219,Bank Transfer,4662.85,JPY,2025-09-30 02:31:15,Failed
3979,385,236,Debit Card,4539.13,THB,2025-09-22 02:31:15,Successful
3980,386,229,PayPal,1499.2,USD,2025-01-31 02:31:15,Pending
3981,386,259,Credit Card,2906.16,EUR,2025-02-14 02:31:15,Successful
3982,387,273,PayPal,1008.29,JPY,2024-12-31 02:31:15,Successful
3983,387,23,PayPal,3953.98,EUR,2025-01-11 02:31:15,Failed
3984,387,249,Bank Transfer,1580.23,JPY,2025-07-31 02:31:15,Successful
3985,387,93,Debit Card,166.38,EUR,2025-08-24 02:31:15,Successful
3986,387,255,PayPal,3906.91,USD,2025-06-18 02:31:15,Successful
3987,387,256,Bank Transfer,700.45,EUR,2025-10-06 02:31:15,Pending
3988,387,240,PayPal,3288.26,THB,2025-06-28 02:31:15,Successful
3989,387,266,Bank Transfer,4101.23,EUR,2025-05-23 02:31:15,Failed
3990,387,279,Debit Card,3620.13,USD,2025-03-15 02:31:15,Pending
3991,387,127,Bank Transfer,1178.05,JPY,2025-07-09 02:31:15,Successful
3992,387,222,Credit Card,246.94,USD,2025-02-21 02:31:15,Pending
3993,387,296,PayPal,4606.79,THB,2025-09-01 02:31:15,Successful
3994,387,287,PayPal,3676.46,JPY,2025-09-15 02:31:15,Pending
3995,387,276,PayPal,1659.84,THB,2025-04-30 02:31:15,Pending
3996,387,166,PayPal,3721.71,THB,2025-03-25 02:31:15,Pending
3997,387,274,Bank Transfer,1372.83,JPY,2025-10-08 02:31:15,Successful
3998,387,125,Bank Transfer,1050.58,THB,2024-12-05 02:31:15,Pending
3999,387,143,Credit Card,3488.35,JPY,2025-05-11 02:31:15,Pending
4000,387,148,Debit Card,1190.57,JPY,2025-03-10 02:31:15,Failed
4001,387,220,Debit Card,2928.79,JPY,2024-11-17 02:31:15,Failed
4002,387,273,Bank Transfer,1022.67,JPY,2025-10-31 02:31:15,Successful
4003,388,105,PayPal,4564.03,USD,2024-12-14 02:31:15,Pending
4004,388,7,PayPal,4094.93,JPY,2025-01-31 02:31:15,Successful
4005,388,269,Credit Card,4645.1,EUR,2025-05-19 02:31:15,Pending
4006,388,21,Credit Card,278.2,THB,2025-02-27 02:31:15,Pending
4007,388,35,Debit Card,3674.49,USD,2025-05-27 02:31:15,Successful
4008,388,259,PayPal,2369.26,THB,2025-09-01 02:31:15,Failed
4009,388,239,Credit Card,3060.66,THB,2025-01-12 02:31:15,Pending
4010,388,206,Credit Card,3869.27,THB,2025-04-12 02:31:15,Pending
4011,388,266,Credit Card,2522.45,THB,2025-10-15 02:31:15,Successful
4012,388,272,Credit Card,1070.77,EUR,2025-05-06 02:31:15,Pending
4013,389,209,Debit Card,2638.68,JPY,2025-08-03 02:31:15,Pending
4014,389,289,Credit Card,3044.57,THB,2025-01-11 02:31:15,Pending
4015,389,198,Bank Transfer,3942.06,EUR,2025-08-28 02:31:15,Pending
4016,389,277,PayPal,4835.17,EUR,2024-11-29 02:31:15,Pending
4017,390,247,Debit Card,4556.77,THB,2025-08-07 02:31:15,Successful
4018,390,291,Bank Transfer,1211.51,THB,2025-02-07 02:31:15,Pending
4019,390,132,Debit Card,106.98,EUR,2025-03-04 02:31:15,Pending
4020,390,217,Debit Card,3931.11,THB,2025-08-27 02:31:15,Successful
4021,390,216,Bank Transfer,2191.43,EUR,2025-10-15 02:31:15,Failed
4022,390,247,Bank Transfer,549.03,USD,2025-01-23 02:31:15,Failed
4023,390,210,Credit Card,2606.11,JPY,2024-12-26 02:31:15,Failed
4024,390,250,Credit Card,3846.01,THB,2025-07-22 02:31:15,Failed
4025,390,263,Credit Card,583.48,JPY,2025-08-30 02:31:15,Successful
4026,391,229,Bank Transfer,588.91,THB,2025-01-20 02:31:15,Pending
4027,391,253,Debit Card,3559.83,JPY,2024-11-25 02:31:15,Pending
4028,391,107,Bank Transfer,4622.91,EUR,2025-02-01 02:31:15,Failed
4029,392,246,Bank Transfer,2444.53,EUR,2025-03-20 02:31:15,Failed
4030,392,4,Debit Card,811.23,THB,2024-11-13 02:31:15,Successful
4031,392,269,Debit Card,4766.19,USD,2024-12-12 02:31:15,Successful
4032,392,35,PayPal,1343.41,THB,2025-05-08 02:31:15,Pending
4033,392,197,Debit Card,3615.04,THB,2025-08-02 02:31:15,Pending
4034,392,283,PayPal,2084.63,JPY,2025-07-31 02:31:15,Pending
4035,392,289,PayPal,1134.21,USD,2025-04-16 02:31:15,Successful
4036,392,298,Bank Transfer,4336.02,THB,2025-09-28 02:31:15,Pending
4037,392,66,Credit Card,2704.71,EUR,2025-04-12 02:31:15,Pending
4038,392,247,Bank Transfer,1451.32,THB,2025-10-29 02:31:15,Failed
4039,392,297,PayPal,1222.66,EUR,2025-08-31 02:31:15,Pending
4040,392,259,PayPal,827.64,USD,2025-07-12 02:31:15,Failed
4041,392,127,Debit Card,2066.33,USD,2025-02-14 02:31:15,Failed
4042,392,104,Bank Transfer,1223.27,JPY,2024-11-30 02:31:15,Failed
4043,392,285,Bank Transfer,409.96,EUR,2025-03-03 02:31:15,Successful
4044,392,209,PayPal,1660.26,USD,2025-08-04 02:31:15,Pending
4045,392,295,Credit Card,1904.61,JPY,2025-06-17 02:31:15,Successful
4046,392,228,Credit Card,2874.51,EUR,2025-05-17 02:31:15,Failed
4047,392,279,PayPal,182.84,USD,2025-01-10 02:31:15,Pending
4048,392,206,Bank Transfer,3002.88,THB,2025-01-03 02:31:15,Failed
4049,392,285,Bank Transfer,2780.9,EUR,2025-07-30 02:31:15,Successful
4050,392,256,Bank Transfer,4036.8,THB,2025-10-23 02:31:15,Failed
4051,392,293,Debit Card,2229.52,THB,2024-11-25 02:31:15,Successful
4052,393,189,Credit Card,3151.47,JPY,2025-09-13 02:31:15,Successful
4053,393,269,Credit Card,833.39,USD,2025-07-21 02:31:15,Pending
4054,394,276,Debit Card,3784.3,JPY,2024-12-19 02:31:15,Failed
4055,394,35,Bank Transfer,2706.7,JPY,2025-04-08 02:31:15,Successful
4056,394,132,Bank Transfer,1156.54,THB,2025-03-28 02:31:15,Failed
4057,394,219,Bank Transfer,1233.49,THB,2025-08-26 02:31:15,Failed
4058,394,227,Bank Transfer,3407.26,USD,2025-03-11 02:31:15,Failed
4059,394,289,Bank Transfer,3278.87,JPY,2025-05-05 02:31:15,Successful
4060,394,244,Debit Card,4709.45,EUR,2025-07-21 02:31:15,Successful
4061,394,247,Credit Card,3186.83,JPY,2025-05-17 02:31:15,Failed
4062,394,197,Debit Card,251.3,EUR,2025-07-31 02:31:15,Successful
4063,394,213,Credit Card,809.19,THB,2025-09-01 02:31:15,Pending
4064,394,261,Credit Card,1824.67,USD,2025-05-07 02:31:15,Failed
4065,394,226,Bank Transfer,1434.21,EUR,2025-01-17 02:31:15,Pending
4066,394,240,Bank Transfer,4017.75,EUR,2025-03-01 02:31:15,Successful
4067,394,55,Credit Card,105.83,JPY,2025-01-18 02:31:15,Failed
4068,394,259,Bank Transfer,1600.23,JPY,2025-02-20 02:31:15,Failed
4069,395,247,PayPal,2904.74,JPY,2025-05-27 02:31:15,Successful
4070,395,140,Bank Transfer,4099.46,JPY,2025-05-08 02:31:15,Failed
4071,395,296,Credit Card,1358.96,EUR,2025-10-16 02:31:15,Successful
4072,395,293,Bank Transfer,1296.89,EUR,2024-11-09 02:31:15,Successful
4073,395,293,Bank Transfer,1075.98,JPY,2025-06-15 02:31:15,Pending
4074,395,300,Bank Transfer,3120.65,JPY,2025-03-21 02:31:15,Successful
4075,395,292,Credit Card,4425.39,EUR,2025-08-23 02:31:15,Pending
4076,396,221,Bank Transfer,1191.43,THB,2025-10-07 02:31:15,Pending
4077,396,268,PayPal,3008.47,USD,2025-08-02 02:31:15,Failed
4078,396,121,PayPal,639.6,THB,2025-03-10 02:31:15,Failed
4079,396,143,Debit Card,2190.18,THB,2025-09-22 02:31:15,Failed
4080,396,296,PayPal,4589.21,EUR,2024-12-23 02:31:15,Failed
4081,396,139,PayPal,4620.76,JPY,2024-11-30 02:31:15,Failed
4082,396,201,Debit Card,1562.83,EUR,2025-06-20 02:31:15,Failed
4083,396,248,Debit Card,1606.22,EUR,2025-09-25 02:31:15,Failed
4084,396,239,Credit Card,2038.06,THB,2024-12-25 02:31:15,Successful
4085,396,35,PayPal,1451.36,JPY,2025-06-09 02:31:15,Successful
4086,396,188,PayPal,4397.66,EUR,2025-10-24 02:31:15,Pending
4087,396,274,Debit Card,815.91,USD,2025-01-02 02:31:15,Failed
4088,396,247,Bank Transfer,728.69,JPY,2025-07-13 02:31:15,Pending
4089,396,64,PayPal,588.82,THB,2025-09-09 02:31:15,Successful
4090,396,272,Bank Transfer,732.53,THB,2025-09-04 02:31:15,Failed
4091,396,223,Credit Card,2446.76,EUR,2025-02-09 02:31:15,Failed
4092,396,260,Debit Card,1506.62,JPY,2025-04-26 02:31:15,Failed
4093,396,206,Bank Transfer,4021.73,THB,2025-08-29 02:31:15,Successful
4094,396,251,Debit Card,149.79,EUR,2025-06-12 02:31:15,Pending
4095,396,269,Bank Transfer,4256.46,JPY,2025-09-30 02:31:15,Successful
4096,396,97,Debit Card,2876.21,USD,2025-08-21 02:31:15,Pending
4097,396,218,PayPal,622.52,USD,2025-07-20 02:31:15,Pending
4098,396,224,Bank Transfer,1733.26,JPY,2025-05-03 02:31:15,Pending
4099,396,105,Bank Transfer,1032.54,EUR,2024-12-15 02:31:15,Pending
4100,396,121,Bank Transfer,4822.83,JPY,2025-09-22 02:31:15,Pending
4101,396,275,Debit Card,4727.47,EUR,2024-11-05 02:31:15,Failed
4102,396,189,PayPal,1026.85,EUR,2025-04-12 02:31:15,Failed
4103,396,203,Debit Card,514.75,THB,2025-01-28 02:31:15,Pending
4104,396,279,PayPal,335.48,THB,2025-06-03 02:31:15,Successful
4105,396,166,Debit Card,4161.19,THB,2024-11-23 02:31:15,Pending
4106,396,189,Debit Card,264.08,THB,2025-07-25 02:31:15,Failed
4107,396,242,Bank Transfer,1534.5,EUR,2025-04-07 02:31:15,Successful
4108,396,139,Credit Card,191.71,THB,2024-11-27 02:31:15,Failed
4109,396,177,Bank Transfer,2571.73,JPY,2025-01-29 02:31:15,Successful
4110,396,261,Credit Card,2805.63,EUR,2024-11-03 02:31:15,Pending
4111,396,271,Debit Card,2888.5,EUR,2025-04-20 02:31:15,Pending
4112,396,221,Credit Card,849.65,USD,2024-12-05 02:31:15,Pending
4113,396,241,Bank Transfer,2246.96,EUR,2025-09-30 02:31:15,Failed
4114,396,263,PayPal,1022.79,USD,2025-05-31 02:31:15,Successful
4115,396,280,PayPal,386.38,THB,2025-01-31 02:31:15,Failed
4116,396,277,Credit Card,900.51,EUR,2025-03-30 02:31:15,Failed
4117,396,225,PayPal,987.75,EUR,2025-08-12 02:31:15,Successful
4118,396,219,Debit Card,754.04,THB,2024-12-17 02:31:15,Successful
4119,396,35,Credit Card,767.83,THB,2025-05-16 02:31:15,Failed
4120,397,50,Credit Card,1156.08,USD,2025-07-07 02:31:15,Successful
4121,397,125,Debit Card,1066.62,JPY,2025-03-07 02:31:15,Failed
4122,397,72,Credit Card,3696.91,USD,2024-11-23 02:31:15,Failed
4123,398,264,Bank Transfer,1889.48,USD,2025-03-22 02:31:15,Failed
4124,398,205,Debit Card,3901.94,EUR,2025-05-24 02:31:15,Successful
4125,398,205,Credit Card,950.45,EUR,2025-07-17 02:31:15,Successful
4126,398,156,Credit Card,4713.65,THB,2025-07-06 02:31:15,Pending
4127,398,221,PayPal,4098.72,THB,2025-07-04 02:31:15,Successful
4128,398,206,Debit Card,1427.18,THB,2025-10-09 02:31:15,Successful
4129,398,294,PayPal,2346.42,USD,2025-09-16 02:31:15,Failed
4130,398,210,Debit Card,4792.3,THB,2025-06-05 02:31:15,Successful
4131,399,174,PayPal,386.6,JPY,2025-06-22 02:31:15,Pending
4132,399,44,Bank Transfer,3675.27,USD,2025-03-03 02:31:15,Pending
4133,399,24,Bank Transfer,1673.46,EUR,2025-04-04 02:31:15,Successful
4134,399,254,Debit Card,4635.73,USD,2025-04-18 02:31:15,Failed
4135,399,223,Debit Card,2730.43,JPY,2025-08-15 02:31:15,Pending
4136,399,235,Bank Transfer,3181.72,EUR,2025-02-16 02:31:15,Successful
4137,399,300,Debit Card,862.2,USD,2025-01-06 02:31:15,Pending
4138,399,217,PayPal,1987.86,EUR,2024-11-02 02:31:15,Failed
4139,399,238,Debit Card,4741.06,JPY,2025-06-27 02:31:15,Pending
4140,399,225,Debit Card,2311.71,USD,2025-07-29 02:31:15,Successful
4141,399,24,Debit Card,514.23,USD,2025-09-01 02:31:15,Pending
4142,399,201,Bank Transfer,4833.45,USD,2025-07-04 02:31:15,Pending
4143,399,220,PayPal,4914.35,JPY,2024-12-22 02:31:15,Successful
4144,399,116,Credit Card,2326.63,USD,2025-02-26 02:31:15,Failed
4145,399,244,Credit Card,4009.89,THB,2024-12-30 02:31:15,Successful
4146,399,241,PayPal,607.49,EUR,2024-11-11 02:31:15,Failed
4147,399,222,Debit Card,3031.07,USD,2025-02-22 02:31:15,Successful
4148,399,35,Debit Card,959.96,JPY,2025-04-17 02:31:15,Pending
4149,399,279,PayPal,1323.89,JPY,2025-07-31 02:31:15,Successful
4150,399,72,Credit Card,1867.51,EUR,2025-08-17 02:31:15,Successful
4151,399,290,Credit Card,1940.83,JPY,2024-11-19 02:31:15,Failed
4152,399,116,PayPal,2996.4,JPY,2025-07-26 02:31:15,Successful
4153,399,275,Credit Card,3492.54,THB,2025-07-21 02:31:15,Failed
4154,399,188,PayPal,1580.01,USD,2025-05-29 02:31:15,Pending
4155,399,294,Bank Transfer,2592.02,EUR,2025-10-26 02:31:15,Failed
4156,399,242,Bank Transfer,201.97,THB,2025-10-27 02:31:15,Failed
4157,399,286,Bank Transfer,3853.18,EUR,2025-09-26 02:31:15,Pending
4158,400,253,PayPal,1028.39,JPY,2025-02-20 02:31:15,Failed
4159,400,189,Debit Card,2046.58,THB,2025-08-12 02:31:15,Pending
4160,400,208,PayPal,2129.16,EUR,2025-07-30 02:31:15,Failed
4161,400,72,Bank Transfer,2423.41,THB,2025-08-12 02:31:15,Failed
4162,400,209,Debit Card,185.93,USD,2025-04-11 02:31:15,Failed
4163,400,208,Credit Card,794.62,THB,2025-10-18 02:31:15,Pending
4164,400,201,PayPal,2906.25,THB,2025-08-16 02:31:15,Pending
4165,400,250,PayPal,673.43,EUR,2025-04-05 02:31:15,Successful
4166,400,226,Credit Card,843.01,EUR,2025-05-24 02:31:15,Pending
4167,400,295,Bank Transfer,1239.7,THB,2025-03-09 02:31:15,Pending
4168,400,244,Debit Card,3264.19,THB,2024-12-18 02:31:15,Pending
4169,400,284,PayPal,3353.99,THB,2025-10-11 02:31:15,Failed
4170,400,210,Bank Transfer,472.39,EUR,2024-12-17 02:31:15,Pending
4171,400,4,Credit Card,3266.9,EUR,2025-09-13 02:31:15,Successful
4172,400,219,Debit Card,3646.87,THB,2024-12-01 02:31:15,Pending
4173,400,97,Credit Card,313.69,THB,2024-11-06 02:31:15,Successful
4174,400,251,Credit Card,4112.72,USD,2025-08-03 02:31:15,Successful
4175,400,219,Credit Card,4753.81,THB,2025-09-23 02:31:15,Failed
4176,400,243,PayPal,2605.67,USD,2024-11-02 02:31:15,Failed
4177,400,188,Debit Card,4361.68,JPY,2025-01-31 02:31:15,Failed
4178,400,267,Bank Transfer,1559.98,USD,2025-09-09 02:31:15,Pending
4179,400,240,Credit Card,2701.11,EUR,2025-01-21 02:31:15,Pending
4180,400,300,Credit Card,2008.37,EUR,2025-08-25 02:31:15,Pending
4181,400,37,Credit Card,308.64,JPY,2025-08-03 02:31:15,Pending
4182,400,252,Bank Transfer,2267.0,JPY,2025-06-29 02:31:15,Failed
4183,400,209,PayPal,3902.1,JPY,2024-12-10 02:31:15,Failed
4184,400,203,PayPal,4734.08,JPY,2025-05-26 02:31:15,Pending
4185,400,256,Credit Card,3019.39,THB,2025-07-13 02:31:15,Failed
4186,400,104,Debit Card,647.79,THB,2025-03-23 02:31:15,Successful
4187,400,268,Debit Card,468.01,THB,2025-10-24 02:31:15,Failed
4188,400,252,Credit Card,322.81,THB,2024-12-23 02:31:15,Failed
4189,400,174,Debit Card,3999.6,USD,2025-06-10 02:31:15,Pending
4190,400,50,Bank Transfer,4694.54,USD,2025-09-16 02:31:15,Failed
4191,401,125,Bank Transfer,851.78,JPY,2025-01-04 02:31:15,Pending
4192,401,249,PayPal,2919.3,USD,2024-12-03 02:31:15,Successful
4193,401,244,Debit Card,643.38,USD,2025-10-03 02:31:15,Successful
4194,401,253,Bank Transfer,2169.02,USD,2024-11-14 02:31:15,Pending
4195,401,257,Debit Card,3560.53,USD,2025-10-30 02:31:15,Failed
4196,401,213,Debit Card,3765.18,EUR,2025-07-25 02:31:15,Pending
4197,402,246,Bank Transfer,1023.91,USD,2025-10-31 02:31:15,Failed
4198,402,252,Credit Card,1700.52,THB,2025-06-16 02:31:15,Successful
4199,402,285,Debit Card,2794.18,USD,2025-05-04 02:31:15,Pending
4200,402,246,Debit Card,4632.03,THB,2024-11-29 02:31:15,Pending
4201,402,268,Credit Card,392.24,JPY,2025-02-01 02:31:15,Pending
4202,403,161,Bank Transfer,903.67,JPY,2025-03-23 02:31:15,Successful
4203,403,257,Debit Card,968.82,THB,2025-02-18 02:31:15,Pending
4204,403,258,Bank Transfer,3398.56,THB,2025-07-15 02:31:15,Failed
4205,403,249,Bank Transfer,4510.63,USD,2025-02-16 02:31:15,Failed
4206,403,64,Credit Card,4428.04,JPY,2025-08-03 02:31:15,Failed
4207,403,278,Bank Transfer,613.3,JPY,2025-01-23 02:31:15,Failed
4208,403,174,Credit Card,104.02,USD,2025-07-27 02:31:15,Successful
4209,403,55,Debit Card,1085.51,THB,2024-12-25 02:31:15,Successful
4210,403,265,Credit Card,3397.83,THB,2025-05-07 02:31:15,Successful
4211,403,116,Bank Transfer,3712.15,USD,2025-02-04 02:31:15,Failed
4212,403,276,PayPal,3570.41,USD,2025-04-08 02:31:15,Failed
4213,403,50,Bank Transfer,1989.65,USD,2025-03-30 02:31:15,Pending
4214,403,201,PayPal,4145.06,THB,2025-10-29 02:31:15,Pending
4215,404,66,Credit Card,4295.87,EUR,2025-06-28 02:31:15,Successful
4216,404,210,Debit Card,2388.74,JPY,2025-04-06 02:31:15,Successful
4217,404,35,Bank Transfer,4599.28,USD,2025-05-05 02:31:15,Pending
4218,404,298,Bank Transfer,2939.82,THB,2025-01-28 02:31:15,Pending
4219,404,213,PayPal,1814.72,JPY,2025-08-02 02:31:15,Pending
4220,404,262,Credit Card,4954.31,THB,2024-11-07 02:31:15,Failed
4221,405,293,Bank Transfer,1906.33,JPY,2025-02-01 02:31:15,Failed
4222,406,250,Debit Card,3097.01,EUR,2025-01-11 02:31:15,Successful
4223,406,246,Debit Card,1686.0,THB,2025-05-28 02:31:15,Pending
4224,406,223,Debit Card,1782.8,THB,2024-12-28 02:31:15,Failed
4225,406,189,Bank Transfer,3178.55,USD,2025-03-19 02:31:15,Pending
4226,406,241,PayPal,4444.31,USD,2025-03-19 02:31:15,Failed
4227,406,156,Bank Transfer,799.32,JPY,2025-03-30 02:31:15,Pending
4228,406,4,PayPal,408.35,JPY,2025-01-12 02:31:15,Pending
4229,406,235,Bank Transfer,2473.71,USD,2025-01-22 02:31:15,Pending
4230,406,37,Bank Transfer,1604.27,JPY,2025-06-24 02:31:15,Pending
4231,406,273,PayPal,3459.36,EUR,2025-04-08 02:31:15,Failed
4232,406,248,Credit Card,4772.68,THB,2024-12-25 02:31:15,Pending
4233,406,272,PayPal,651.47,JPY,2025-06-30 02:31:15,Failed
4234,406,244,Bank Transfer,2643.04,EUR,2025-07-19 02:31:15,Failed
4235,406,7,Credit Card,4986.48,EUR,2025-01-06 02:31:15,Pending
4236,406,218,Credit Card,1399.58,EUR,2025-10-27 02:31:15,Pending
4237,406,296,Debit Card,3348.12,JPY,2025-10-27 02:31:15,Failed
4238,406,285,Debit Card,679.51,USD,2025-08-10 02:31:15,Failed
4239,406,253,Debit Card,4809.78,USD,2025-04-12 02:31:15,Failed
4240,406,229,PayPal,2809.1,USD,2025-10-23 02:31:15,Pending
4241,406,227,Debit Card,1425.74,EUR,2025-05-02 02:31:15,Pending
4242,406,236,Credit Card,3873.84,USD,2025-01-21 02:31:15,Pending
4243,406,127,Debit Card,4387.18,USD,2025-05-17 02:31:15,Failed
4244,407,143,PayPal,3367.11,THB,2024-12-20 02:31:15,Pending
4245,407,197,Bank Transfer,1383.37,USD,2025-01-22 02:31:15,Failed
4246,407,278,Bank Transfer,4922.82,THB,2025-10-25 02:31:15,Successful
4247,408,189,Bank Transfer,3962.68,USD,2025-10-08 02:31:15,Successful
4248,408,270,Debit Card,325.03,EUR,2025-04-16 02:31:15,Pending
4249,408,277,Bank Transfer,598.93,EUR,2024-12-06 02:31:15,Successful
4250,408,229,Credit Card,4564.69,EUR,2025-04-17 02:31:15,Failed
4251,408,267,Credit Card,2833.99,THB,2025-03-22 02:31:15,Pending
4252,409,295,PayPal,2216.77,USD,2025-02-17 02:31:15,Failed
4253,409,295,Credit Card,3302.78,JPY,2025-08-11 02:31:15,Failed
4254,409,41,Credit Card,253.03,THB,2025-03-28 02:31:15,Failed
4255,410,226,Credit Card,333.27,EUR,2025-06-03 02:31:15,Failed
4256,410,247,PayPal,744.48,USD,2025-04-14 02:31:15,Failed
4257,410,274,PayPal,3359.8,JPY,2025-01-19 02:31:15,Failed
4258,410,81,PayPal,907.69,USD,2025-04-22 02:31:15,Successful
4259,410,267,Debit Card,672.46,EUR,2024-12-24 02:31:15,Pending
4260,410,280,Bank Transfer,4373.99,THB,2025-05-24 02:31:15,Failed
4261,410,23,Debit Card,1002.76,THB,2025-08-30 02:31:15,Pending
4262,410,257,Credit Card,1725.75,THB,2024-12-11 02:31:15,Pending
4263,410,261,PayPal,2253.93,USD,2025-06-22 02:31:15,Failed
4264,410,215,PayPal,2453.96,JPY,2025-05-30 02:31:15,Pending
4265,410,55,PayPal,3455.2,EUR,2025-04-25 02:31:15,Pending
4266,410,37,Debit Card,3043.83,EUR,2025-08-06 02:31:15,Successful
4267,410,291,Debit Card,2718.45,EUR,2025-10-29 02:31:15,Failed
4268,410,201,Credit Card,4850.3,EUR,2025-05-15 02:31:15,Pending
4269,410,243,PayPal,1168.99,THB,2024-11-07 02:31:15,Pending
4270,410,211,Credit Card,116.29,THB,2025-04-14 02:31:15,Successful
4271,410,35,Debit Card,4737.87,USD,2025-03-05 02:31:15,Successful
4272,410,280,Debit Card,3203.21,JPY,2025-02-21 02:31:15,Successful
4273,410,242,Bank Transfer,3884.76,THB,2024-12-20 02:31:15,Failed
4274,410,125,PayPal,3590.59,EUR,2025-01-22 02:31:15,Failed
4275,410,230,Debit Card,986.63,EUR,2025-08-06 02:31:15,Pending
4276,410,132,PayPal,785.72,EUR,2025-09-11 02:31:15,Failed
4277,410,246,Credit Card,4889.74,EUR,2025-02-24 02:31:15,Failed
4278,410,127,Credit Card,2298.27,USD,2025-05-13 02:31:15,Successful
4279,410,249,Credit Card,1880.04,USD,2025-06-22 02:31:15,Failed
4280,410,235,Bank Transfer,1605.56,JPY,2025-07-07 02:31:15,Failed
4281,410,236,Debit Card,1847.45,THB,2025-06-02 02:31:15,Failed
4282,410,44,PayPal,649.46,JPY,2025-09-02 02:31:15,Failed
4283,411,197,PayPal,3541.41,JPY,2025-07-22 02:31:15,Failed
4284,411,257,PayPal,4252.29,THB,2025-10-14 02:31:15,Failed
4285,411,157,Debit Card,2492.82,USD,2025-07-11 02:31:15,Successful
4286,411,157,Credit Card,2696.27,JPY,2025-09-20 02:31:15,Successful
4287,411,245,Debit Card,1274.27,THB,2025-03-28 02:31:15,Successful
4288,411,37,Bank Transfer,2579.54,THB,2025-01-20 02:31:15,Successful
4289,411,107,PayPal,3992.58,JPY,2025-01-27 02:31:15,Failed
4290,411,228,Debit Card,147.25,JPY,2025-07-30 02:31:15,Failed
4291,411,252,Credit Card,1635.96,USD,2025-03-19 02:31:15,Pending
4292,411,216,PayPal,2102.11,THB,2025-05-18 02:31:15,Pending
4293,412,256,Debit Card,2464.89,USD,2025-09-11 02:31:15,Pending
4294,412,223,Credit Card,1845.58,JPY,2025-07-28 02:31:15,Failed
4295,412,66,PayPal,4359.85,JPY,2025-09-18 02:31:15,Pending
4296,412,95,Bank Transfer,2269.2,JPY,2025-08-10 02:31:15,Pending
4297,412,273,Bank Transfer,2985.37,USD,2025-05-27 02:31:15,Successful
4298,412,205,Debit Card,4086.8,THB,2025-01-05 02:31:15,Pending
4299,412,260,PayPal,4454.43,JPY,2025-06-20 02:31:15,Failed
4300,412,268,Credit Card,3087.0,USD,2024-11-13 02:31:15,Successful
4301,412,266,Credit Card,336.3,EUR,2025-03-01 02:31:15,Successful
4302,412,249,Credit Card,2703.33,THB,2024-11-16 02:31:15,Pending
4303,412,283,PayPal,902.26,USD,2025-01-29 02:31:15,Pending
4304,412,261,Bank Transfer,3351.5,EUR,2025-06-07 02:31:15,Successful
4305,412,251,PayPal,2010.33,EUR,2024-12-19 02:31:15,Pending
4306,412,116,Bank Transfer,2955.91,JPY,2025-08-06 02:31:15,Pending
4307,412,198,PayPal,4137.04,JPY,2025-05-17 02:31:15,Pending
4308,412,245,PayPal,3795.75,THB,2025-02-09 02:31:15,Pending
4309,412,97,Credit Card,4228.68,USD,2025-08-02 02:31:15,Successful
4310,413,201,Credit Card,2261.43,JPY,2025-01-30 02:31:15,Pending
4311,413,274,Credit Card,4118.01,EUR,2025-02-04 02:31:15,Pending
4312,413,215,Debit Card,3232.56,JPY,2025-09-21 02:31:15,Failed
4313,413,290,Credit Card,4638.53,EUR,2025-06-20 02:31:15,Failed
4314,413,231,Credit Card,3970.55,THB,2025-03-29 02:31:15,Failed
4315,413,139,Debit Card,2663.05,JPY,2025-02-07 02:31:15,Successful
4316,413,228,Credit Card,992.9,THB,2024-12-10 02:31:15,Successful
4317,413,241,Debit Card,2688.0,EUR,2025-03-24 02:31:15,Pending
4318,414,292,Credit Card,3899.27,THB,2024-12-24 02:31:15,Failed
4319,414,105,Credit Card,1448.0,EUR,2025-01-10 02:31:15,Successful
4320,414,249,Credit Card,3715.65,THB,2025-09-09 02:31:15,Failed
4321,414,255,Bank Transfer,2927.75,EUR,2025-05-24 02:31:15,Successful
4322,414,24,Bank Transfer,4630.6,THB,2025-07-11 02:31:15,Failed
4323,414,290,Credit Card,3177.22,EUR,2025-02-16 02:31:15,Pending
4324,414,267,Credit Card,3797.27,JPY,2025-10-26 02:31:15,Pending
4325,415,271,PayPal,1056.28,JPY,2025-10-22 02:31:15,Pending
4326,415,212,Credit Card,697.12,THB,2025-01-06 02:31:15,Successful
4327,415,111,Credit Card,1318.24,THB,2025-01-12 02:31:15,Failed
4328,415,197,PayPal,758.57,EUR,2025-05-07 02:31:15,Successful
4329,415,198,Debit Card,3645.18,USD,2025-01-12 02:31:15,Successful
4330,415,288,PayPal,4149.12,USD,2025-02-17 02:31:15,Pending
4331,415,233,Credit Card,309.31,EUR,2025-10-01 02:31:15,Successful
4332,415,256,PayPal,1139.67,JPY,2025-07-19 02:31:15,Failed
4333,415,210,Credit Card,4538.31,JPY,2025-07-19 02:31:15,Failed
4334,415,238,Bank Transfer,785.32,JPY,2025-09-22 02:31:15,Successful
4335,415,209,PayPal,2597.32,JPY,2025-01-15 02:31:15,Successful
4336,415,299,Debit Card,1830.83,USD,2024-11-06 02:31:15,Successful
4337,415,37,PayPal,2768.31,JPY,2025-09-16 02:31:15,Failed
4338,415,267,PayPal,2306.78,THB,2025-09-18 02:31:15,Pending
4339,416,286,PayPal,4317.79,JPY,2025-07-02 02:31:15,Pending
4340,416,207,Bank Transfer,2883.69,EUR,2025-05-08 02:31:15,Successful
4341,416,221,Credit Card,1961.17,THB,2025-04-14 02:31:15,Pending
4342,416,268,Credit Card,3334.12,THB,2025-03-05 02:31:15,Failed
4343,416,41,Debit Card,2338.99,THB,2025-01-27 02:31:15,Pending
4344,416,219,Bank Transfer,4984.17,JPY,2025-04-06 02:31:15,Successful
4345,416,21,PayPal,4579.15,EUR,2025-08-03 02:31:15,Pending
4346,416,125,Credit Card,1950.78,EUR,2025-06-23 02:31:15,Successful
4347,416,243,Bank Transfer,475.06,USD,2024-12-17 02:31:15,Pending
4348,417,267,Bank Transfer,4798.61,EUR,2024-12-12 02:31:15,Successful
4349,417,212,PayPal,2723.52,EUR,2025-04-06 02:31:15,Failed
4350,417,252,Credit Card,4879.03,USD,2025-10-13 02:31:15,Successful
4351,417,228,Credit Card,763.31,THB,2025-10-28 02:31:15,Failed
4352,417,253,Debit Card,2484.37,THB,2025-03-30 02:31:15,Successful
4353,417,174,Credit Card,1390.16,EUR,2024-11-20 02:31:15,Failed
4354,417,231,Bank Transfer,668.69,THB,2025-01-02 02:31:15,Failed
4355,417,244,Debit Card,4640.17,JPY,2025-01-11 02:31:15,Successful
4356,417,123,Bank Transfer,2526.96,EUR,2024-11-11 02:31:15,Pending
4357,418,204,Credit Card,2891.37,THB,2025-02-16 02:31:15,Pending
4358,418,174,PayPal,4698.57,JPY,2025-06-16 02:31:15,Failed
4359,418,262,PayPal,648.24,THB,2025-05-17 02:31:15,Pending
4360,418,247,Bank Transfer,765.35,JPY,2025-08-30 02:31:15,Failed
4361,418,247,PayPal,4452.5,USD,2024-12-08 02:31:15,Failed
4362,418,198,Credit Card,3965.3,JPY,2025-06-16 02:31:15,Pending
4363,418,23,Credit Card,1095.17,THB,2025-01-03 02:31:15,Pending
4364,418,35,Credit Card,2585.56,THB,2025-01-25 02:31:15,Failed
4365,418,21,Bank Transfer,3294.31,EUR,2025-02-12 02:31:15,Successful
4366,418,121,Debit Card,1150.8,EUR,2025-03-03 02:31:15,Failed
4367,418,224,Credit Card,4164.06,USD,2025-07-05 02:31:15,Pending
4368,418,209,Credit Card,3064.71,USD,2025-05-07 02:31:15,Successful
4369,418,254,Bank Transfer,4849.69,THB,2025-01-26 02:31:15,Successful
4370,418,127,Bank Transfer,752.88,EUR,2025-08-08 02:31:15,Successful
4371,418,245,PayPal,432.32,THB,2025-07-05 02:31:15,Successful
4372,418,274,Credit Card,3648.39,EUR,2025-03-16 02:31:15,Failed
4373,418,294,Debit Card,135.88,EUR,2025-09-29 02:31:15,Successful
4374,418,219,Credit Card,3565.65,JPY,2024-11-13 02:31:15,Pending
4375,419,105,PayPal,588.55,THB,2025-08-12 02:31:15,Failed
4376,419,253,PayPal,4989.37,THB,2025-01-23 02:31:15,Pending
4377,419,236,Credit Card,391.54,JPY,2024-11-01 02:31:15,Pending
4378,419,203,PayPal,584.07,THB,2025-08-20 02:31:15,Failed
4379,419,140,Bank Transfer,237.99,JPY,2025-08-16 02:31:15,Pending
4380,419,125,Bank Transfer,4916.52,JPY,2025-07-20 02:31:15,Successful
4381,419,272,Debit Card,1928.65,JPY,2025-06-02 02:31:15,Successful
4382,419,166,Debit Card,1519.1,EUR,2024-11-11 02:31:15,Pending
4383,419,221,Debit Card,944.72,USD,2025-09-07 02:31:15,Pending
4384,419,254,Credit Card,273.69,EUR,2025-04-20 02:31:15,Pending
4385,419,259,Bank Transfer,586.16,JPY,2025-07-14 02:31:15,Successful
4386,419,227,Bank Transfer,158.8,JPY,2025-03-17 02:31:15,Pending
4387,419,228,Debit Card,374.84,THB,2025-10-15 02:31:15,Successful
4388,419,4,PayPal,3919.22,THB,2025-04-15 02:31:15,Failed
4389,419,29,Debit Card,443.38,EUR,2025-07-24 02:31:15,Failed
4390,419,225,Credit Card,148.88,JPY,2025-03-03 02:31:15,Pending
4391,419,174,PayPal,247.12,USD,2025-02-21 02:31:15,Successful
4392,419,282,Debit Card,1734.34,USD,2025-10-19 02:31:15,Failed
4393,419,203,Debit Card,3115.15,USD,2025-07-27 02:31:15,Successful
4394,419,161,Bank Transfer,941.16,USD,2025-09-07 02:31:15,Successful
4395,420,289,Bank Transfer,2875.22,JPY,2025-09-24 02:31:15,Pending
4396,420,220,Bank Transfer,2528.51,THB,2025-09-01 02:31:15,Successful
4397,420,226,PayPal,1649.45,EUR,2025-04-07 02:31:15,Successful
4398,420,128,Bank Transfer,643.7,THB,2025-01-25 02:31:15,Successful
4399,420,201,Bank Transfer,4187.75,JPY,2025-06-23 02:31:15,Failed
4400,420,241,Debit Card,2094.61,THB,2025-07-09 02:31:15,Failed
4401,420,236,PayPal,4298.46,THB,2025-07-30 02:31:15,Failed
4402,420,206,Debit Card,554.93,JPY,2025-10-25 02:31:15,Successful
4403,420,258,PayPal,987.31,EUR,2025-09-20 02:31:15,Successful
4404,420,204,Credit Card,2958.37,EUR,2025-03-18 02:31:15,Failed
4405,420,116,Debit Card,1941.56,USD,2025-07-18 02:31:15,Pending
4406,420,291,Debit Card,2161.26,EUR,2025-05-24 02:31:15,Successful
4407,420,174,Debit Card,4622.45,JPY,2025-04-06 02:31:15,Successful
4408,420,221,Bank Transfer,3053.12,EUR,2025-01-20 02:31:15,Successful
4409,420,157,Debit Card,1424.71,EUR,2024-11-12 02:31:15,Failed
4410,420,261,PayPal,648.54,USD,2025-08-26 02:31:15,Successful
4411,420,290,Credit Card,2917.37,USD,2025-05-22 02:31:15,Pending
4412,420,218,Credit Card,936.57,JPY,2025-01-29 02:31:15,Failed
4413,420,139,PayPal,3689.28,JPY,2025-06-24 02:31:15,Failed
4414,420,232,Bank Transfer,3976.7,JPY,2025-08-29 02:31:15,Successful
4415,420,224,Bank Transfer,1958.91,USD,2025-10-28 02:31:15,Pending
4416,420,298,PayPal,1628.61,EUR,2025-10-20 02:31:15,Pending
4417,420,252,Debit Card,2247.78,USD,2025-01-16 02:31:15,Successful
4418,421,201,Credit Card,2504.41,THB,2025-09-19 02:31:15,Failed
4419,421,246,PayPal,313.7,JPY,2025-01-13 02:31:15,Pending
4420,421,256,Debit Card,2025.89,THB,2025-07-23 02:31:15,Failed
4421,421,286,Debit Card,1465.15,EUR,2025-02-13 02:31:15,Failed
4422,421,296,PayPal,2300.33,USD,2025-02-16 02:31:15,Successful
4423,421,284,Credit Card,1197.61,JPY,2025-05-22 02:31:15,Failed
4424,421,239,Bank Transfer,1018.71,USD,2025-08-07 02:31:15,Successful
4425,421,210,Debit Card,1076.58,JPY,2024-11-15 02:31:15,Pending
4426,421,41,Debit Card,4344.48,EUR,2025-05-17 02:31:15,Successful
4427,421,209,Debit Card,3830.68,USD,2025-10-01 02:31:15,Successful
4428,421,290,Credit Card,2787.86,JPY,2025-06-27 02:31:15,Failed
4429,421,281,Bank Transfer,2321.84,USD,2024-12-23 02:31:15,Successful
4430,421,189,Credit Card,2629.17,USD,2025-08-31 02:31:15,Failed
4431,421,221,Credit Card,2090.35,USD,2025-10-21 02:31:15,Pending
4432,421,81,Credit Card,1983.97,THB,2025-07-04 02:31:15,Successful
4433,422,246,Bank Transfer,1087.55,JPY,2025-01-08 02:31:15,Pending
4434,422,239,Bank Transfer,3726.06,USD,2025-04-17 02:31:15,Successful
4435,422,201,PayPal,1570.99,USD,2025-01-25 02:31:15,Failed
4436,422,204,Bank Transfer,4999.88,JPY,2025-06-29 02:31:15,Successful
4437,422,251,Credit Card,212.98,EUR,2024-11-16 02:31:15,Successful
4438,422,230,Debit Card,2229.35,USD,2025-06-29 02:31:15,Failed
4439,422,189,Credit Card,4654.89,USD,2025-05-23 02:31:15,Successful
4440,422,268,PayPal,3502.08,EUR,2025-02-18 02:31:15,Successful
4441,422,229,PayPal,835.4,USD,2025-07-28 02:31:15,Pending
4442,422,256,PayPal,4044.11,USD,2025-09-27 02:31:15,Failed
4443,422,23,Debit Card,1687.32,THB,2025-06-12 02:31:15,Failed
4444,422,125,Bank Transfer,246.86,EUR,2025-04-23 02:31:15,Pending
4445,422,221,PayPal,1488.58,EUR,2025-04-08 02:31:15,Failed
4446,422,211,Bank Transfer,826.52,USD,2025-09-14 02:31:15,Successful
4447,423,269,Debit Card,1408.28,USD,2025-08-22 02:31:15,Pending
4448,424,235,Credit Card,3474.72,THB,2025-08-23 02:31:15,Pending
4449,424,286,Debit Card,2615.36,EUR,2025-11-01 02:31:15,Successful
4450,424,132,Bank Transfer,789.62,EUR,2025-02-18 02:31:15,Successful
4451,424,140,Bank Transfer,1384.19,EUR,2025-08-24 02:31:15,Failed
4452,424,210,Debit Card,3969.38,EUR,2024-12-10 02:31:15,Successful
4453,424,252,Bank Transfer,1626.71,THB,2025-05-09 02:31:15,Failed
4454,424,198,Credit Card,141.26,USD,2025-08-12 02:31:15,Pending
4455,424,265,Credit Card,4963.2,THB,2025-01-23 02:31:15,Pending
4456,424,271,PayPal,625.2,USD,2024-11-15 02:31:15,Failed
4457,424,225,Credit Card,3178.87,EUR,2025-05-08 02:31:15,Pending
4458,424,23,Credit Card,1505.64,JPY,2025-09-04 02:31:15,Successful
4459,424,224,Credit Card,2376.78,THB,2025-07-12 02:31:15,Successful
4460,424,222,PayPal,2189.71,USD,2025-10-05 02:31:15,Successful
4461,424,213,Debit Card,2851.63,THB,2025-03-12 02:31:15,Successful
4462,424,263,Credit Card,539.68,THB,2025-07-22 02:31:15,Successful
4463,424,264,Bank Transfer,436.35,USD,2025-08-29 02:31:15,Successful
4464,424,269,PayPal,4737.87,EUR,2025-10-27 02:31:15,Failed
4465,424,188,Bank Transfer,2232.61,EUR,2025-07-10 02:31:15,Pending
4466,424,261,PayPal,1629.08,USD,2025-05-29 02:31:15,Pending
4467,424,204,Debit Card,4479.78,JPY,2025-04-01 02:31:15,Successful
4468,424,281,PayPal,1975.81,USD,2025-09-08 02:31:15,Pending
4469,424,156,Credit Card,1731.19,USD,2025-04-28 02:31:15,Failed
4470,424,287,Debit Card,4823.79,EUR,2025-02-23 02:31:15,Successful
4471,424,218,PayPal,1250.9,JPY,2025-09-20 02:31:15,Failed
4472,424,274,Bank Transfer,2720.31,THB,2025-05-23 02:31:15,Successful
4473,424,235,Debit Card,4147.65,THB,2025-04-14 02:31:15,Failed
4474,424,72,Credit Card,2596.0,JPY,2024-11-06 02:31:15,Failed
4475,424,64,PayPal,4666.22,JPY,2025-08-15 02:31:15,Successful
4476,425,107,PayPal,4919.47,JPY,2025-04-06 02:31:15,Pending
4477,425,223,Bank Transfer,2602.12,EUR,2024-12-17 02:31:15,Failed
4478,425,50,Bank Transfer,2388.7,USD,2024-11-27 02:31:15,Successful
4479,425,293,Credit Card,3231.65,EUR,2025-10-25 02:31:15,Successful
4480,426,197,Bank Transfer,4877.34,USD,2025-02-13 02:31:15,Failed
4481,426,219,Bank Transfer,4967.77,THB,2025-08-29 02:31:15,Successful
4482,426,219,PayPal,4334.06,THB,2025-05-28 02:31:15,Successful
4483,426,261,PayPal,3657.69,JPY,2025-01-25 02:31:15,Successful
4484,426,267,Credit Card,839.0,EUR,2024-12-10 02:31:15,Failed
4485,426,234,PayPal,3062.55,EUR,2025-08-10 02:31:15,Failed
4486,427,253,PayPal,2916.68,THB,2025-10-24 02:31:15,Failed
4487,427,111,PayPal,4025.05,USD,2025-08-30 02:31:15,Successful
4488,427,285,Bank Transfer,3893.14,USD,2025-02-03 02:31:15,Successful
4489,427,293,Bank Transfer,1320.48,JPY,2025-07-05 02:31:15,Failed
4490,427,239,Debit Card,1753.08,EUR,2025-02-18 02:31:15,Pending
4491,427,258,Debit Card,3647.68,EUR,2025-01-05 02:31:15,Failed
4492,427,280,Credit Card,4966.05,JPY,2025-06-22 02:31:15,Successful
4493,427,261,PayPal,4249.04,USD,2025-10-10 02:31:15,Successful
4494,427,166,Credit Card,888.89,EUR,2025-05-26 02:31:15,Successful
4495,427,29,PayPal,503.08,THB,2025-06-28 02:31:15,Successful
4496,427,189,Credit Card,3570.34,USD,2025-05-26 02:31:15,Pending
4497,427,128,Bank Transfer,120.54,THB,2025-02-20 02:31:15,Successful
4498,427,286,Credit Card,3596.3,JPY,2025-10-05 02:31:15,Successful
4499,428,210,Debit Card,899.46,THB,2025-09-09 02:31:15,Pending
4500,428,297,Bank Transfer,2798.72,USD,2025-09-21 02:31:15,Successful
4501,428,217,PayPal,258.93,USD,2025-07-17 02:31:15,Failed
4502,428,230,Bank Transfer,4085.13,THB,2025-09-08 02:31:15,Pending
4503,428,278,Bank Transfer,3762.94,JPY,2024-12-03 02:31:15,Pending
4504,428,284,Bank Transfer,323.38,USD,2024-12-14 02:31:15,Failed
4505,429,165,Debit Card,3826.74,EUR,2024-11-16 02:31:15,Pending
4506,429,274,Credit Card,3636.62,EUR,2025-09-12 02:31:15,Pending
4507,429,111,PayPal,4242.46,JPY,2025-02-06 02:31:15,Failed
4508,429,263,PayPal,4614.2,USD,2025-09-23 02:31:15,Successful
4509,429,258,Bank Transfer,1769.56,EUR,2025-02-03 02:31:15,Successful
4510,429,252,Credit Card,210.91,THB,2025-01-20 02:31:15,Pending
4511,429,281,Bank Transfer,2660.67,USD,2025-03-05 02:31:15,Successful
4512,429,201,Bank Transfer,3033.85,USD,2025-07-08 02:31:15,Failed
4513,429,265,Credit Card,4732.92,USD,2025-03-28 02:31:15,Successful
4514,429,39,Credit Card,3918.07,JPY,2025-08-14 02:31:15,Successful
4515,429,269,Debit Card,3416.55,JPY,2025-06-26 02:31:15,Failed
4516,429,259,Bank Transfer,3896.98,THB,2025-02-26 02:31:15,Failed
4517,429,279,Debit Card,297.56,JPY,2025-01-19 02:31:15,Successful
4518,429,41,Credit Card,992.1,EUR,2025-01-25 02:31:15,Successful
4519,430,44,PayPal,3943.45,JPY,2025-02-18 02:31:15,Successful
4520,430,228,Credit Card,931.61,EUR,2024-11-24 02:31:15,Failed
4521,430,236,Debit Card,4012.17,THB,2025-07-15 02:31:15,Failed
4522,430,214,Debit Card,895.12,USD,2025-04-15 02:31:15,Pending
4523,430,250,Credit Card,3967.78,JPY,2024-12-28 02:31:15,Pending
4524,430,153,Bank Transfer,2802.28,JPY,2025-06-22 02:31:15,Failed
4525,430,127,Bank Transfer,197.62,JPY,2024-11-17 02:31:15,Pending
4526,430,199,PayPal,424.84,USD,2025-06-29 02:31:15,Pending
4527,430,261,PayPal,3515.21,THB,2025-09-17 02:31:15,Failed
4528,430,201,Credit Card,3705.42,JPY,2025-06-02 02:31:15,Successful
4529,430,210,Bank Transfer,456.23,JPY,2025-10-28 02:31:15,Successful
4530,430,286,Debit Card,1883.5,EUR,2025-08-13 02:31:15,Failed
4531,430,41,Debit Card,3543.8,USD,2024-12-19 02:31:15,Pending
4532,430,4,Debit Card,2931.65,EUR,2025-01-28 02:31:15,Failed
4533,430,217,Credit Card,1179.91,USD,2025-05-31 02:31:15,Successful
4534,430,223,Bank Transfer,3043.37,USD,2025-10-25 02:31:15,Failed
4535,430,288,Debit Card,329.57,USD,2025-04-27 02:31:15,Successful
4536,430,24,Bank Transfer,2433.73,EUR,2024-11-01 02:31:15,Pending
4537,430,280,Bank Transfer,3521.6,JPY,2024-11-01 02:31:15,Successful
4538,430,104,Debit Card,3371.96,EUR,2025-07-05 02:31:15,Failed
4539,430,257,Credit Card,558.01,EUR,2025-10-24 02:31:15,Successful
4540,431,188,PayPal,4569.21,JPY,2025-06-22 02:31:15,Successful
4541,431,221,Bank Transfer,2577.27,JPY,2025-08-31 02:31:15,Failed
4542,431,225,Bank Transfer,1309.23,EUR,2025-05-21 02:31:15,Pending
4543,431,23,Credit Card,770.4,USD,2025-03-17 02:31:15,Failed
4544,431,239,PayPal,4055.18,THB,2025-07-05 02:31:15,Pending
4545,431,104,PayPal,3848.88,JPY,2025-02-15 02:31:15,Successful
4546,431,256,PayPal,1875.17,THB,2025-04-23 02:31:15,Pending
4547,431,255,Credit Card,3835.89,JPY,2025-08-11 02:31:15,Successful
4548,431,245,Bank Transfer,192.42,EUR,2025-06-05 02:31:15,Failed
4549,431,229,PayPal,3881.34,JPY,2025-03-10 02:31:15,Failed
4550,431,35,Debit Card,279.72,USD,2025-03-20 02:31:15,Successful
4551,431,93,Credit Card,2357.39,USD,2025-02-18 02:31:15,Failed
4552,431,281,Credit Card,1872.1,EUR,2024-12-03 02:31:15,Failed
4553,431,300,Debit Card,2457.66,USD,2025-07-14 02:31:15,Successful
4554,431,239,Bank Transfer,1658.45,THB,2025-02-03 02:31:15,Successful
4555,431,121,Debit Card,4454.47,EUR,2025-09-25 02:31:15,Failed
4556,431,223,PayPal,3557.82,THB,2025-04-19 02:31:15,Successful
4557,431,225,Debit Card,2856.85,EUR,2025-06-22 02:31:15,Failed
4558,431,277,Bank Transfer,4908.2,JPY,2025-07-29 02:31:15,Pending
4559,432,201,PayPal,4985.46,JPY,2025-04-02 02:31:15,Failed
4560,432,241,PayPal,766.92,JPY,2024-12-02 02:31:15,Failed
4561,432,230,Debit Card,804.7,USD,2024-11-05 02:31:15,Successful
4562,432,223,PayPal,1120.4,JPY,2025-03-03 02:31:15,Failed
4563,432,209,Debit Card,1854.86,THB,2025-07-13 02:31:15,Pending
4564,432,221,Bank Transfer,3637.97,JPY,2024-12-26 02:31:15,Successful
4565,432,24,Bank Transfer,4490.01,USD,2025-06-20 02:31:15,Pending
4566,432,283,Bank Transfer,2997.48,THB,2025-08-03 02:31:15,Successful
4567,432,238,PayPal,3922.84,THB,2025-06-22 02:31:15,Successful
4568,432,228,PayPal,3962.21,THB,2025-03-04 02:31:15,Successful
4569,433,201,Bank Transfer,3736.8,EUR,2024-12-31 02:31:15,Failed
4570,434,216,Bank Transfer,4762.57,USD,2025-05-25 02:31:15,Successful
4571,434,271,PayPal,2116.32,USD,2025-03-04 02:31:15,Pending
4572,435,291,Bank Transfer,2549.08,EUR,2025-05-09 02:31:15,Failed
4573,435,227,Debit Card,2238.04,USD,2025-01-05 02:31:15,Pending
4574,435,260,Credit Card,1282.08,EUR,2025-08-18 02:31:15,Successful
4575,435,35,Bank Transfer,1129.28,JPY,2025-08-27 02:31:15,Failed
4576,435,213,Debit Card,983.29,THB,2025-08-04 02:31:15,Pending
4577,435,277,Debit Card,2462.51,USD,2025-09-24 02:31:15,Failed
4578,435,201,PayPal,3291.12,JPY,2025-03-28 02:31:15,Pending
4579,435,39,Credit Card,4846.69,USD,2025-03-30 02:31:15,Successful
4580,435,234,Credit Card,3919.25,THB,2024-12-21 02:31:15,Pending
4581,436,290,PayPal,658.7,EUR,2025-01-23 02:31:15,Failed
4582,436,208,Debit Card,258.67,THB,2025-09-09 02:31:15,Failed
4583,436,35,Credit Card,1115.92,THB,2025-07-29 02:31:15,Successful
4584,436,255,Debit Card,3759.7,USD,2025-09-14 02:31:15,Failed
4585,436,107,Debit Card,3425.18,EUR,2025-02-21 02:31:15,Successful
4586,436,271,Credit Card,2169.28,USD,2025-09-26 02:31:15,Failed
4587,436,189,Bank Transfer,4429.34,USD,2025-07-14 02:31:15,Successful
4588,436,239,Bank Transfer,4626.87,JPY,2025-10-12 02:31:15,Failed
4589,436,64,Credit Card,4712.68,EUR,2025-01-07 02:31:15,Successful
4590,436,209,Debit Card,1005.27,JPY,2025-07-31 02:31:15,Failed
4591,436,300,PayPal,1946.0,THB,2025-09-05 02:31:15,Failed
4592,436,218,Debit Card,2859.69,JPY,2025-03-25 02:31:15,Successful
4593,436,298,Credit Card,2745.66,USD,2025-04-12 02:31:15,Failed
4594,436,4,PayPal,398.24,EUR,2024-12-21 02:31:15,Pending
4595,436,281,PayPal,632.76,THB,2024-12-27 02:31:15,Successful
4596,436,223,Debit Card,2363.88,THB,2025-02-22 02:31:15,Successful
4597,436,229,Credit Card,884.32,USD,2025-04-17 02:31:15,Successful
4598,437,35,PayPal,3295.87,EUR,2025-01-17 02:31:15,Failed
4599,438,111,Credit Card,714.65,JPY,2025-04-01 02:31:15,Failed
4600,438,201,Bank Transfer,3264.82,THB,2025-03-14 02:31:15,Successful
4601,438,210,PayPal,1843.9,THB,2025-01-04 02:31:15,Failed
4602,438,210,PayPal,3154.8,EUR,2025-10-21 02:31:15,Failed
4603,438,247,Credit Card,2577.76,JPY,2025-05-31 02:31:15,Successful
4604,438,166,Bank Transfer,3766.1,EUR,2025-04-04 02:31:15,Successful
4605,438,281,Debit Card,318.51,USD,2024-11-26 02:31:15,Pending
4606,438,128,Credit Card,2868.72,THB,2025-01-01 02:31:15,Successful
4607,438,105,Debit Card,1012.24,USD,2025-04-25 02:31:15,Failed
4608,438,121,Debit Card,3136.51,EUR,2025-06-22 02:31:15,Pending
4609,438,199,Credit Card,2965.43,THB,2025-08-13 02:31:15,Failed
4610,438,107,Debit Card,1311.6,THB,2025-10-29 02:31:15,Successful
4611,438,209,Debit Card,1851.85,USD,2025-08-15 02:31:15,Failed
4612,438,294,PayPal,1785.86,USD,2025-09-04 02:31:15,Pending
4613,438,264,Debit Card,4947.62,EUR,2025-05-17 02:31:15,Pending
4614,438,274,Credit Card,1207.58,JPY,2025-01-08 02:31:15,Pending
4615,438,174,PayPal,3506.2,THB,2024-12-17 02:31:15,Successful
4616,438,197,Debit Card,1044.47,THB,2025-06-04 02:31:15,Successful
4617,438,281,Bank Transfer,4603.77,JPY,2025-08-26 02:31:15,Successful
4618,438,219,Credit Card,1799.42,THB,2025-08-31 02:31:15,Successful
4619,438,253,PayPal,3788.03,USD,2025-08-11 02:31:15,Pending
4620,438,111,Credit Card,2277.22,EUR,2024-12-30 02:31:15,Failed
4621,439,39,PayPal,4547.6,THB,2025-10-04 02:31:15,Successful
4622,439,241,Debit Card,1289.36,JPY,2025-04-10 02:31:15,Successful
4623,439,295,Credit Card,2457.5,EUR,2025-01-04 02:31:15,Failed
4624,439,111,PayPal,884.26,USD,2025-04-19 02:31:15,Successful
4625,439,251,PayPal,3240.49,THB,2025-03-17 02:31:15,Failed
4626,439,280,Credit Card,2971.19,THB,2025-04-13 02:31:15,Failed
4627,439,257,Credit Card,3544.65,USD,2025-02-28 02:31:15,Failed
4628,439,259,Debit Card,3640.48,THB,2025-03-30 02:31:15,Failed
4629,439,300,Bank Transfer,1660.66,JPY,2025-06-26 02:31:15,Failed
4630,439,234,Credit Card,4496.77,THB,2024-11-07 02:31:15,Successful
4631,439,143,Bank Transfer,690.28,THB,2025-10-19 02:31:15,Successful
4632,439,204,Debit Card,3333.24,EUR,2025-05-24 02:31:15,Successful
4633,440,266,PayPal,399.31,THB,2024-11-05 02:31:15,Successful
4634,440,275,Credit Card,1833.78,THB,2025-05-16 02:31:15,Failed
4635,440,230,Credit Card,1657.2,EUR,2025-07-17 02:31:15,Pending
4636,440,269,Debit Card,591.8,USD,2025-06-01 02:31:15,Successful
4637,440,256,Credit Card,2635.38,JPY,2025-02-26 02:31:15,Pending
4638,440,35,Bank Transfer,3224.79,EUR,2025-03-08 02:31:15,Pending
4639,440,233,Debit Card,1934.37,EUR,2025-08-26 02:31:15,Successful
4640,440,143,Credit Card,2558.42,THB,2024-11-04 02:31:15,Failed
4641,440,223,PayPal,3532.02,USD,2025-01-03 02:31:15,Successful
4642,440,64,Credit Card,1582.3,JPY,2025-02-22 02:31:15,Successful
4643,440,223,Bank Transfer,2514.28,JPY,2025-01-11 02:31:15,Successful
4644,440,205,Debit Card,4415.08,THB,2025-01-04 02:31:15,Pending
4645,440,202,Bank Transfer,1836.02,EUR,2024-12-20 02:31:15,Successful
4646,440,132,Debit Card,1767.44,EUR,2025-03-25 02:31:15,Failed
4647,441,39,Credit Card,4428.76,EUR,2024-12-11 02:31:15,Pending
4648,442,235,PayPal,3702.68,THB,2025-01-28 02:31:15,Successful
4649,442,188,PayPal,3527.41,JPY,2025-08-24 02:31:15,Failed
4650,442,189,Debit Card,188.15,EUR,2025-04-12 02:31:15,Failed
4651,442,66,Debit Card,3326.46,THB,2025-04-30 02:31:15,Failed
4652,442,214,Debit Card,4325.09,EUR,2025-04-24 02:31:15,Successful
4653,442,243,Bank Transfer,926.99,THB,2025-08-05 02:31:15,Successful
4654,442,239,PayPal,142.25,USD,2025-02-01 02:31:15,Successful
4655,442,157,PayPal,3673.75,JPY,2025-08-07 02:31:15,Failed
4656,442,256,Bank Transfer,943.31,JPY,2025-07-28 02:31:15,Pending
4657,442,297,PayPal,4415.98,USD,2025-09-16 02:31:15,Successful
4658,442,278,Debit Card,1303.85,EUR,2025-09-18 02:31:15,Failed
4659,442,275,Debit Card,3010.71,USD,2024-12-26 02:31:15,Pending
4660,443,276,Bank Transfer,2032.65,JPY,2025-10-12 02:31:15,Successful
4661,443,266,Bank Transfer,2052.66,EUR,2025-05-10 02:31:15,Successful
4662,444,294,PayPal,2208.51,THB,2025-09-28 02:31:15,Failed
4663,444,156,PayPal,3270.38,USD,2025-07-06 02:31:15,Pending
4664,444,64,Credit Card,344.52,USD,2025-01-11 02:31:15,Successful
4665,444,268,Debit Card,1916.6,THB,2025-01-30 02:31:15,Pending
4666,444,240,Debit Card,758.9,EUR,2025-03-09 02:31:15,Successful
4667,444,277,Credit Card,4753.22,THB,2025-04-20 02:31:15,Successful
4668,445,39,Credit Card,2157.37,USD,2025-02-04 02:31:15,Successful
4669,445,230,Bank Transfer,2480.68,USD,2025-05-21 02:31:15,Failed
4670,445,252,PayPal,2061.14,JPY,2025-10-04 02:31:15,Failed
4671,445,272,Bank Transfer,4364.51,JPY,2025-06-10 02:31:15,Successful
4672,445,37,PayPal,150.58,EUR,2025-07-08 02:31:15,Failed
4673,445,280,Debit Card,1079.44,JPY,2025-09-16 02:31:15,Failed
4674,445,211,Bank Transfer,3329.27,THB,2024-11-22 02:31:15,Successful
4675,445,280,Debit Card,4916.89,THB,2025-04-05 02:31:15,Successful
4676,445,261,Credit Card,3250.28,EUR,2025-06-10 02:31:15,Pending
4677,446,276,Credit Card,4828.49,EUR,2025-08-23 02:31:15,Successful
4678,446,125,Credit Card,2006.54,EUR,2025-06-07 02:31:15,Successful
4679,447,66,Debit Card,2352.86,JPY,2025-03-06 02:31:15,Pending
4680,447,251,Bank Transfer,2664.46,JPY,2025-03-31 02:31:15,Successful
4681,447,166,Bank Transfer,4307.4,THB,2025-06-26 02:31:15,Pending
4682,447,277,PayPal,982.3,USD,2025-06-12 02:31:15,Failed
4683,447,174,Credit Card,2419.57,EUR,2025-09-11 02:31:15,Pending
4684,447,132,Bank Transfer,196.89,USD,2025-02-21 02:31:15,Pending
4685,447,235,Debit Card,944.93,THB,2025-10-11 02:31:15,Successful
4686,447,280,PayPal,2845.77,JPY,2025-05-28 02:31:15,Failed
4687,447,298,PayPal,481.07,JPY,2025-08-07 02:31:15,Successful
4688,447,262,PayPal,1792.22,EUR,2025-07-24 02:31:15,Pending
4689,447,253,Bank Transfer,2905.74,JPY,2025-01-14 02:31:15,Successful
4690,447,44,Debit Card,1858.78,EUR,2025-01-31 02:31:15,Failed
4691,447,282,Debit Card,1954.65,THB,2025-04-01 02:31:15,Pending
4692,447,44,Credit Card,1476.28,JPY,2025-08-05 02:31:15,Successful
4693,448,254,Bank Transfer,3696.32,EUR,2025-09-30 02:31:15,Pending
4694,448,269,Credit Card,4898.34,USD,2025-01-01 02:31:15,Failed
4695,448,292,Debit Card,2554.21,EUR,2024-12-16 02:31:15,Failed
4696,448,93,Bank Transfer,3735.4,EUR,2025-08-04 02:31:15,Successful
4697,448,234,Bank Transfer,3657.95,THB,2025-05-21 02:31:15,Pending
4698,448,271,Credit Card,4192.62,USD,2025-01-08 02:31:15,Successful
4699,448,64,Bank Transfer,2714.79,EUR,2024-11-22 02:31:15,Failed
4700,448,246,Credit Card,1593.15,JPY,2025-09-14 02:31:15,Failed
4701,448,235,Debit Card,2332.49,EUR,2025-06-13 02:31:15,Successful
4702,448,210,Bank Transfer,351.02,JPY,2025-09-20 02:31:15,Pending
4703,448,143,Bank Transfer,4231.88,EUR,2025-04-03 02:31:15,Failed
4704,448,235,Bank Transfer,4260.49,THB,2024-11-19 02:31:15,Failed
4705,448,247,Debit Card,2080.25,USD,2025-04-27 02:31:15,Pending
4706,448,253,PayPal,4423.11,USD,2025-02-09 02:31:15,Failed
4707,448,174,Credit Card,4698.07,THB,2025-03-15 02:31:15,Failed
4708,448,201,Debit Card,2926.64,USD,2025-10-27 02:31:15,Pending
4709,448,220,PayPal,1739.16,JPY,2024-12-04 02:31:15,Pending
4710,448,280,Bank Transfer,200.13,THB,2025-04-29 02:31:15,Failed
4711,448,273,Bank Transfer,263.0,USD,2025-07-08 02:31:15,Pending
4712,448,284,Debit Card,2276.61,JPY,2025-01-02 02:31:15,Pending
4713,448,235,Debit Card,1135.24,JPY,2025-02-27 02:31:15,Pending
4714,448,244,Bank Transfer,3362.77,USD,2025-04-08 02:31:15,Failed
4715,448,297,Credit Card,2785.17,THB,2025-07-31 02:31:15,Pending
4716,448,269,Debit Card,2161.09,JPY,2025-01-11 02:31:15,Pending
4717,448,219,PayPal,3902.9,USD,2025-02-12 02:31:15,Failed
4718,448,243,Bank Transfer,1712.57,EUR,2024-11-20 02:31:15,Pending
4719,448,241,Credit Card,1997.33,THB,2025-01-12 02:31:15,Failed
4720,448,240,Debit Card,1592.93,THB,2024-11-10 02:31:15,Pending
4721,448,21,Bank Transfer,4938.32,USD,2025-05-24 02:31:15,Pending
4722,449,274,PayPal,4255.99,EUR,2025-01-13 02:31:15,Successful
4723,449,291,Debit Card,4159.34,JPY,2025-10-02 02:31:15,Failed
4724,449,66,Bank Transfer,3848.47,USD,2025-01-26 02:31:15,Failed
4725,449,222,Bank Transfer,245.72,JPY,2025-07-19 02:31:15,Successful
4726,449,283,Credit Card,3836.43,JPY,2025-08-10 02:31:15,Pending
4727,449,236,Credit Card,2425.38,THB,2025-02-14 02:31:15,Pending
4728,449,202,Credit Card,3397.23,THB,2025-02-23 02:31:15,Successful
4729,449,250,Debit Card,2151.53,EUR,2025-07-20 02:31:15,Successful
4730,449,235,Bank Transfer,543.14,USD,2025-02-01 02:31:15,Failed
4731,449,268,PayPal,3092.66,THB,2025-04-08 02:31:15,Pending
4732,449,249,PayPal,872.9,THB,2024-11-10 02:31:15,Pending
4733,449,280,Debit Card,4865.13,USD,2024-11-21 02:31:15,Successful
4734,449,123,PayPal,1582.19,USD,2025-09-05 02:31:15,Failed
4735,449,225,PayPal,3897.93,JPY,2025-03-16 02:31:15,Successful
4736,449,204,Bank Transfer,3034.19,USD,2024-12-21 02:31:15,Failed
4737,449,238,Bank Transfer,1030.27,EUR,2025-06-22 02:31:15,Pending
4738,449,97,Debit Card,4797.09,EUR,2025-07-06 02:31:15,Pending
4739,450,247,PayPal,3327.58,THB,2025-10-05 02:31:15,Pending
4740,450,166,Debit Card,3935.77,USD,2025-03-08 02:31:15,Pending
4741,450,253,Credit Card,2130.0,USD,2025-04-18 02:31:15,Pending
4742,450,261,Bank Transfer,4773.86,EUR,2024-11-27 02:31:15,Successful
4743,450,228,Credit Card,1784.33,USD,2025-09-10 02:31:15,Failed
4744,450,188,PayPal,4424.17,THB,2024-12-02 02:31:15,Pending
4745,451,282,Credit Card,1709.98,THB,2025-03-17 02:31:15,Successful
4746,451,111,Credit Card,2432.17,THB,2025-04-04 02:31:15,Pending
4747,451,201,PayPal,308.4,USD,2025-07-20 02:31:15,Successful
4748,451,177,Credit Card,2636.15,USD,2025-03-14 02:31:15,Successful
4749,451,290,Bank Transfer,836.09,THB,2024-12-29 02:31:15,Failed
4750,451,208,Debit Card,3291.28,EUR,2025-06-01 02:31:15,Pending
4751,451,207,PayPal,3786.1,USD,2024-11-28 02:31:15,Successful
4752,452,235,Bank Transfer,821.8,EUR,2025-01-16 02:31:15,Successful
4753,452,221,Bank Transfer,3193.59,USD,2025-09-24 02:31:15,Failed
4754,452,206,Credit Card,2172.61,USD,2024-12-29 02:31:15,Failed
4755,452,219,Credit Card,940.3,JPY,2025-04-08 02:31:15,Failed
4756,453,280,Debit Card,176.22,USD,2025-02-03 02:31:15,Successful
4757,453,208,Credit Card,1276.53,USD,2025-03-13 02:31:15,Successful
4758,453,201,Debit Card,4971.9,JPY,2025-07-25 02:31:15,Pending
4759,453,259,PayPal,1474.99,THB,2025-05-19 02:31:15,Pending
4760,453,161,Bank Transfer,3188.05,THB,2024-12-08 02:31:15,Failed
4761,453,242,PayPal,4991.77,JPY,2025-10-29 02:31:15,Successful
4762,453,277,Debit Card,153.66,EUR,2024-11-28 02:31:15,Pending
4763,453,215,Debit Card,1561.46,EUR,2025-07-14 02:31:15,Failed
4764,453,298,Credit Card,2969.28,THB,2025-07-10 02:31:15,Failed
4765,453,23,PayPal,1318.36,THB,2025-01-23 02:31:15,Failed
4766,453,286,Bank Transfer,2084.84,USD,2025-06-27 02:31:15,Pending
4767,453,239,Bank Transfer,3280.22,JPY,2025-11-01 02:31:15,Successful
4768,453,121,PayPal,1287.19,EUR,2025-08-25 02:31:15,Pending
4769,453,271,PayPal,305.94,EUR,2025-07-11 02:31:15,Pending
4770,453,288,Bank Transfer,1353.63,USD,2024-11-08 02:31:15,Pending
4771,453,93,Bank Transfer,3969.89,EUR,2024-11-19 02:31:15,Successful
4772,453,97,Debit Card,4381.15,EUR,2025-02-13 02:31:15,Pending
4773,453,104,Debit Card,682.4,JPY,2025-02-19 02:31:15,Successful
4774,453,273,PayPal,1454.58,JPY,2025-04-05 02:31:15,Successful
4775,454,235,Debit Card,4807.58,THB,2025-03-27 02:31:15,Successful
4776,454,217,Bank Transfer,2075.84,JPY,2024-12-27 02:31:15,Pending
4777,454,201,Bank Transfer,1490.15,USD,2025-08-27 02:31:15,Failed
4778,454,242,PayPal,2878.04,JPY,2024-11-25 02:31:15,Successful
4779,454,4,Debit Card,3767.62,EUR,2025-07-29 02:31:15,Pending
4780,454,72,Bank Transfer,1004.14,JPY,2025-01-17 02:31:15,Pending
4781,454,217,Debit Card,154.29,JPY,2025-04-12 02:31:15,Successful
4782,454,249,Bank Transfer,4748.28,JPY,2025-08-03 02:31:15,Successful
4783,455,300,PayPal,1947.08,THB,2025-01-04 02:31:15,Pending
4784,455,219,Debit Card,1155.15,JPY,2025-04-11 02:31:15,Pending
4785,455,39,Bank Transfer,3579.57,JPY,2024-12-24 02:31:15,Successful
4786,455,231,PayPal,4590.19,JPY,2025-10-26 02:31:15,Failed
4787,455,285,Credit Card,1310.59,THB,2025-10-07 02:31:15,Pending
4788,455,72,PayPal,4486.54,THB,2025-09-14 02:31:15,Failed
4789,456,240,Debit Card,3055.3,THB,2024-12-30 02:31:15,Successful
4790,456,240,Debit Card,4956.11,JPY,2025-10-27 02:31:15,Successful
4791,456,236,Credit Card,4494.34,EUR,2025-06-02 02:31:15,Successful
4792,456,64,Bank Transfer,4656.74,THB,2024-12-21 02:31:15,Pending
4793,456,256,Credit Card,4787.26,EUR,2024-12-03 02:31:15,Pending
4794,456,228,Debit Card,4279.24,EUR,2025-01-17 02:31:15,Successful
4795,456,253,Debit Card,1572.54,USD,2025-07-20 02:31:15,Pending
4796,456,213,Bank Transfer,1674.85,JPY,2025-08-26 02:31:15,Successful
4797,456,257,Bank Transfer,3257.69,JPY,2025-06-02 02:31:15,Successful
4798,457,231,Debit Card,1554.57,USD,2025-05-17 02:31:15,Pending
4799,457,279,Debit Card,372.49,THB,2025-07-05 02:31:15,Failed
4800,457,221,Debit Card,251.8,JPY,2025-03-28 02:31:15,Failed
4801,457,252,Credit Card,3149.69,EUR,2025-01-19 02:31:15,Pending
4802,457,72,Bank Transfer,713.0,USD,2024-12-04 02:31:15,Failed
4803,457,247,Bank Transfer,2716.35,USD,2025-09-19 02:31:15,Failed
4804,457,214,PayPal,1305.42,USD,2025-03-17 02:31:15,Pending
4805,457,64,Bank Transfer,2104.3,JPY,2025-01-13 02:31:15,Failed
4806,457,244,Bank Transfer,849.38,EUR,2025-10-29 02:31:15,Failed
4807,457,111,Debit Card,3997.47,EUR,2025-02-23 02:31:15,Failed
4808,457,272,Credit Card,3583.02,EUR,2025-07-09 02:31:15,Successful
4809,458,210,Debit Card,2462.59,EUR,2025-04-08 02:31:15,Successful
4810,458,227,Credit Card,353.97,JPY,2025-02-21 02:31:15,Successful
4811,458,223,Debit Card,459.05,EUR,2025-10-01 02:31:15,Successful
4812,458,251,Bank Transfer,522.19,THB,2025-10-09 02:31:15,Successful
4813,458,267,PayPal,4183.3,USD,2025-01-03 02:31:15,Successful
4814,458,261,Bank Transfer,1047.54,JPY,2025-10-12 02:31:15,Successful
4815,458,116,PayPal,3685.64,EUR,2025-05-27 02:31:15,Failed
4816,458,231,Bank Transfer,1504.39,USD,2025-06-16 02:31:15,Failed
4817,458,234,Bank Transfer,225.8,JPY,2025-08-28 02:31:15,Successful
4818,458,201,PayPal,4933.58,USD,2024-11-12 02:31:15,Failed
4819,458,234,Bank Transfer,1674.63,USD,2025-03-05 02:31:15,Pending
4820,458,252,Credit Card,4889.54,EUR,2025-09-17 02:31:15,Failed
4821,458,209,Debit Card,4808.97,THB,2025-01-30 02:31:15,Pending
4822,458,281,PayPal,484.44,EUR,2025-04-19 02:31:15,Successful
4823,459,238,PayPal,281.49,USD,2025-01-20 02:31:15,Failed
4824,459,41,Credit Card,1787.13,USD,2025-09-14 02:31:15,Failed
4825,459,148,Bank Transfer,1376.8,JPY,2024-11-24 02:31:15,Failed
4826,459,280,Debit Card,3051.16,USD,2025-04-12 02:31:15,Successful
4827,459,208,Bank Transfer,4124.16,USD,2025-10-07 02:31:15,Failed
4828,460,294,Credit Card,2980.38,USD,2025-05-26 02:31:15,Failed
4829,460,259,PayPal,674.43,EUR,2025-10-23 02:31:15,Successful
4830,460,215,Debit Card,973.23,USD,2024-11-18 02:31:15,Successful
4831,460,206,Bank Transfer,2028.92,THB,2025-10-12 02:31:15,Successful
4832,460,69,PayPal,4585.16,JPY,2024-11-16 02:31:15,Failed
4833,460,295,Credit Card,3334.35,USD,2025-08-16 02:31:15,Failed
4834,460,207,PayPal,871.49,EUR,2025-09-16 02:31:15,Failed
4835,460,249,PayPal,3491.04,THB,2025-07-20 02:31:15,Pending
4836,460,225,Debit Card,1778.47,JPY,2025-08-26 02:31:15,Successful
4837,460,116,Credit Card,4669.45,JPY,2025-06-01 02:31:15,Failed
4838,460,228,Credit Card,2565.37,USD,2025-03-25 02:31:15,Failed
4839,460,4,Credit Card,2577.39,JPY,2025-10-11 02:31:15,Pending
4840,460,201,Debit Card,301.03,USD,2024-12-30 02:31:15,Pending
4841,461,268,Credit Card,2750.17,EUR,2025-07-11 02:31:15,Successful
4842,461,268,Credit Card,1078.49,THB,2025-04-16 02:31:15,Failed
4843,461,259,Credit Card,571.62,EUR,2025-01-22 02:31:15,Failed
4844,461,276,Credit Card,1780.26,JPY,2025-07-01 02:31:15,Successful
4845,461,209,Credit Card,646.05,JPY,2025-10-16 02:31:15,Failed
4846,461,189,Bank Transfer,4013.73,THB,2025-08-18 02:31:15,Successful
4847,461,210,PayPal,1206.86,JPY,2024-11-19 02:31:15,Successful
4848,461,256,Bank Transfer,2439.29,EUR,2025-04-29 02:31:15,Pending
4849,461,246,PayPal,1551.7,USD,2025-02-02 02:31:15,Pending
4850,461,64,Debit Card,4600.82,THB,2025-09-22 02:31:15,Failed
4851,461,271,Credit Card,1517.45,USD,2024-12-20 02:31:15,Pending
4852,461,266,PayPal,3673.05,EUR,2025-03-31 02:31:15,Failed
4853,461,235,Bank Transfer,4989.23,THB,2025-04-07 02:31:15,Successful
4854,462,224,Debit Card,1700.91,JPY,2025-10-31 02:31:15,Failed
4855,462,101,Debit Card,4883.49,THB,2025-04-19 02:31:15,Successful
4856,462,299,PayPal,180.58,EUR,2025-02-26 02:31:15,Pending
4857,462,132,Bank Transfer,129.09,JPY,2025-02-10 02:31:15,Failed
4858,462,95,Credit Card,1720.16,USD,2025-04-14 02:31:15,Successful
4859,462,208,Credit Card,2041.51,THB,2025-03-24 02:31:15,Successful
4860,462,225,PayPal,315.68,USD,2024-12-05 02:31:15,Pending
4861,462,230,Bank Transfer,1403.31,USD,2024-12-17 02:31:15,Pending
4862,462,24,Credit Card,153.65,THB,2025-01-05 02:31:15,Successful
4863,462,244,Credit Card,4943.34,USD,2025-07-03 02:31:15,Pending
4864,462,265,Credit Card,801.5,THB,2025-10-21 02:31:15,Pending
4865,462,292,PayPal,1760.94,THB,2025-03-11 02:31:15,Failed
4866,462,279,Bank Transfer,3510.96,EUR,2025-07-06 02:31:15,Successful
4867,462,283,Debit Card,4848.96,USD,2025-10-07 02:31:15,Pending
4868,462,269,Bank Transfer,310.69,JPY,2025-05-07 02:31:15,Failed
4869,462,241,PayPal,3341.77,EUR,2025-06-15 02:31:15,Pending
4870,463,298,Debit Card,314.84,EUR,2025-01-20 02:31:15,Pending
4871,463,211,PayPal,3498.08,EUR,2025-07-09 02:31:15,Pending
4872,463,153,Credit Card,709.34,USD,2024-12-14 02:31:15,Pending
4873,463,228,Credit Card,3619.99,JPY,2025-05-07 02:31:15,Pending
4874,463,223,PayPal,2694.02,EUR,2025-06-10 02:31:15,Failed
4875,463,157,Bank Transfer,4903.72,THB,2025-08-08 02:31:15,Pending
4876,463,139,PayPal,832.1,JPY,2024-12-21 02:31:15,Failed
4877,463,275,Credit Card,1643.0,JPY,2025-04-21 02:31:15,Successful
4878,463,285,Debit Card,4850.59,JPY,2025-09-10 02:31:15,Failed
4879,463,274,Debit Card,1617.02,JPY,2025-10-17 02:31:15,Failed
4880,463,235,Credit Card,1552.03,THB,2025-03-31 02:31:15,Failed
4881,464,274,Credit Card,742.3,EUR,2025-09-30 02:31:15,Failed
4882,464,212,PayPal,233.15,EUR,2025-07-23 02:31:15,Pending
4883,464,252,Credit Card,432.47,THB,2024-11-19 02:31:15,Pending
4884,464,250,Credit Card,2173.49,USD,2025-05-24 02:31:15,Failed
4885,464,4,Credit Card,1799.62,JPY,2025-01-13 02:31:15,Successful
4886,464,279,PayPal,731.85,EUR,2025-05-31 02:31:15,Successful
4887,465,140,Debit Card,1301.95,EUR,2025-05-28 02:31:15,Failed
4888,465,272,PayPal,377.41,JPY,2025-06-19 02:31:15,Pending
4889,465,201,PayPal,1147.59,EUR,2024-11-11 02:31:15,Failed
4890,466,247,Credit Card,1664.66,JPY,2025-08-30 02:31:15,Pending
4891,466,21,Credit Card,3816.51,JPY,2025-03-24 02:31:15,Pending
4892,466,255,PayPal,4253.3,JPY,2025-01-08 02:31:15,Successful
4893,466,246,Bank Transfer,1717.48,USD,2025-01-22 02:31:15,Successful
4894,466,105,Debit Card,4417.42,JPY,2025-06-19 02:31:15,Pending
4895,466,97,Bank Transfer,2040.34,USD,2025-04-24 02:31:15,Pending
4896,466,69,Bank Transfer,340.96,THB,2025-06-30 02:31:15,Pending
4897,466,227,Bank Transfer,4253.07,USD,2025-01-28 02:31:15,Failed
4898,467,261,Debit Card,4292.14,USD,2025-01-17 02:31:15,Successful
4899,467,188,Debit Card,225.11,EUR,2025-03-25 02:31:15,Failed
4900,467,239,Debit Card,1163.37,THB,2024-11-13 02:31:15,Pending
4901,467,278,Bank Transfer,1142.24,THB,2025-07-17 02:31:15,Pending
4902,467,50,Bank Transfer,1516.57,USD,2025-07-29 02:31:15,Pending
4903,467,161,Debit Card,1678.58,THB,2025-04-13 02:31:15,Failed
4904,467,226,Bank Transfer,3124.83,THB,2025-06-22 02:31:15,Successful
4905,467,259,Bank Transfer,2419.65,THB,2024-12-18 02:31:15,Pending
4906,467,81,Debit Card,1196.79,EUR,2024-12-03 02:31:15,Successful
4907,467,229,Credit Card,769.64,THB,2025-10-21 02:31:15,Pending
4908,467,95,Credit Card,1331.67,USD,2025-09-29 02:31:15,Failed
4909,468,93,Debit Card,1216.97,THB,2025-02-10 02:31:15,Failed
4910,468,282,PayPal,777.67,EUR,2025-02-21 02:31:15,Pending
4911,468,269,Credit Card,3062.78,THB,2024-12-25 02:31:15,Successful
4912,468,35,Bank Transfer,1723.86,EUR,2025-09-19 02:31:15,Failed
4913,468,251,PayPal,3481.21,THB,2025-04-16 02:31:15,Successful
4914,468,232,Bank Transfer,1685.68,USD,2025-07-21 02:31:15,Pending
4915,468,242,Debit Card,709.15,USD,2025-04-14 02:31:15,Failed
4916,468,294,Debit Card,1145.88,THB,2025-07-30 02:31:15,Failed
4917,468,242,Debit Card,4576.69,JPY,2025-03-16 02:31:15,Failed
4918,468,217,Bank Transfer,1169.89,USD,2025-04-03 02:31:15,Pending
4919,468,285,Credit Card,4779.21,JPY,2025-06-02 02:31:15,Pending
4920,468,132,Bank Transfer,238.56,JPY,2025-10-31 02:31:15,Successful
4921,468,239,PayPal,356.56,JPY,2025-10-15 02:31:15,Failed
4922,469,161,PayPal,930.38,EUR,2025-08-24 02:31:15,Pending
4923,469,198,PayPal,515.59,USD,2024-12-09 02:31:15,Failed
4924,469,252,PayPal,3666.83,THB,2025-02-21 02:31:15,Failed
4925,469,250,Credit Card,3409.45,JPY,2025-03-04 02:31:15,Failed
4926,469,127,Debit Card,2197.34,JPY,2025-08-23 02:31:15,Failed
4927,469,165,Credit Card,4225.1,JPY,2025-08-12 02:31:15,Successful
4928,469,35,Credit Card,1301.04,JPY,2025-07-27 02:31:15,Pending
4929,469,256,PayPal,3208.03,JPY,2025-06-20 02:31:15,Failed
4930,470,220,Credit Card,1485.35,JPY,2025-06-18 02:31:15,Failed
4931,470,223,Bank Transfer,3263.88,THB,2025-09-09 02:31:15,Pending
4932,470,139,Debit Card,4906.61,JPY,2025-01-11 02:31:15,Pending
4933,470,259,PayPal,4226.36,USD,2025-06-23 02:31:15,Pending
4934,470,35,Bank Transfer,268.47,EUR,2025-05-25 02:31:15,Successful
4935,470,111,PayPal,3026.36,THB,2025-08-20 02:31:15,Failed
4936,470,257,Bank Transfer,1553.33,THB,2025-08-26 02:31:15,Pending
4937,471,220,Debit Card,4879.26,EUR,2025-04-20 02:31:15,Successful
4938,471,188,Debit Card,594.14,USD,2024-11-28 02:31:15,Successful
4939,472,288,PayPal,3118.0,EUR,2025-07-08 02:31:15,Failed
4940,472,234,Credit Card,120.01,USD,2025-07-31 02:31:15,Pending
4941,472,274,Bank Transfer,2240.99,THB,2025-08-23 02:31:15,Successful
4942,472,66,PayPal,4701.33,EUR,2025-08-05 02:31:15,Pending
4943,472,143,Debit Card,1770.94,JPY,2025-02-16 02:31:15,Pending
4944,472,244,Bank Transfer,414.65,THB,2025-08-28 02:31:15,Successful
4945,472,208,Bank Transfer,2676.71,JPY,2025-10-03 02:31:15,Failed
4946,472,174,PayPal,430.22,USD,2025-04-19 02:31:15,Pending
4947,473,210,Credit Card,4938.5,THB,2024-11-09 02:31:15,Pending
4948,473,277,PayPal,2920.12,EUR,2025-04-10 02:31:15,Failed
4949,473,139,Bank Transfer,3763.21,EUR,2025-04-15 02:31:15,Successful
4950,473,279,PayPal,2625.04,JPY,2024-12-17 02:31:15,Failed
4951,473,21,Bank Transfer,1044.71,THB,2025-10-31 02:31:15,Pending
4952,473,292,Bank Transfer,855.41,JPY,2025-09-01 02:31:15,Successful
4953,474,188,Credit Card,2912.26,THB,2025-04-02 02:31:15,Successful
4954,474,143,Bank Transfer,2063.8,USD,2025-09-12 02:31:15,Failed
4955,474,266,PayPal,1846.01,EUR,2025-03-16 02:31:15,Pending
4956,474,23,Bank Transfer,4760.31,EUR,2025-02-19 02:31:15,Pending
4957,474,66,Bank Transfer,1680.12,EUR,2025-02-22 02:31:15,Failed
4958,474,289,Credit Card,4956.87,THB,2025-06-24 02:31:15,Failed
4959,475,250,Bank Transfer,1445.53,USD,2025-10-06 02:31:15,Failed
4960,475,280,Bank Transfer,1754.13,JPY,2025-02-03 02:31:15,Successful
4961,475,199,PayPal,3448.14,EUR,2025-09-26 02:31:15,Failed
4962,475,24,Bank Transfer,1829.21,EUR,2025-09-08 02:31:15,Successful
4963,476,263,Debit Card,4469.69,EUR,2025-06-21 02:31:15,Successful
4964,476,279,Bank Transfer,4671.47,USD,2025-08-20 02:31:15,Successful
4965,476,29,Debit Card,2693.49,JPY,2025-10-24 02:31:15,Pending
4966,476,121,Debit Card,4198.84,JPY,2025-10-11 02:31:15,Pending
4967,477,228,Credit Card,2317.91,THB,2025-04-06 02:31:15,Successful
4968,477,233,Credit Card,4421.29,EUR,2025-06-17 02:31:15,Successful
4969,478,294,Debit Card,2612.2,JPY,2025-10-01 02:31:15,Successful
4970,478,274,Credit Card,4006.84,EUR,2025-10-08 02:31:15,Pending
4971,478,24,Debit Card,248.94,EUR,2025-09-27 02:31:15,Successful
4972,478,224,PayPal,3373.07,USD,2025-01-07 02:31:15,Failed
4973,478,284,Credit Card,4136.0,JPY,2024-12-31 02:31:15,Failed
4974,478,283,Bank Transfer,761.15,EUR,2025-05-13 02:31:15,Successful
4975,478,21,PayPal,636.63,EUR,2025-04-16 02:31:15,Pending
4976,478,248,PayPal,2680.47,EUR,2025-05-23 02:31:15,Successful
4977,479,111,Bank Transfer,1102.76,JPY,2024-11-13 02:31:15,Failed
4978,479,274,PayPal,4940.5,USD,2025-01-12 02:31:15,Failed
4979,479,275,Bank Transfer,3237.08,THB,2025-01-12 02:31:15,Failed
4980,479,157,Credit Card,4452.53,USD,2025-08-22 02:31:15,Pending
4981,479,97,Bank Transfer,105.34,EUR,2025-06-16 02:31:15,Successful
4982,479,272,Credit Card,4027.01,USD,2025-05-04 02:31:15,Pending
4983,479,280,Debit Card,1727.41,EUR,2024-12-24 02:31:15,Successful
4984,479,211,Bank Transfer,1036.93,EUR,2025-08-15 02:31:15,Successful
4985,479,166,Debit Card,572.21,JPY,2024-11-26 02:31:15,Failed
4986,480,123,Bank Transfer,1499.94,JPY,2025-03-11 02:31:15,Failed
4987,480,248,PayPal,4782.77,USD,2024-11-30 02:31:15,Failed
4988,480,210,Credit Card,2616.08,JPY,2025-06-18 02:31:15,Pending
4989,480,201,Debit Card,1087.19,THB,2024-12-26 02:31:15,Failed
4990,480,213,Bank Transfer,3512.02,EUR,2025-09-08 02:31:15,Pending
4991,480,293,Bank Transfer,879.95,THB,2025-08-07 02:31:15,Failed
4992,480,271,Credit Card,3710.46,EUR,2025-01-25 02:31:15,Failed
4993,480,282,PayPal,912.16,JPY,2025-02-28 02:31:15,Failed
4994,480,245,Debit Card,583.42,JPY,2025-07-26 02:31:15,Pending
4995,480,231,Credit Card,1981.35,THB,2025-01-03 02:31:15,Successful
4996,480,223,Credit Card,1920.5,USD,2025-03-07 02:31:15,Pending
4997,480,217,Debit Card,1545.02,THB,2025-04-20 02:31:15,Failed
4998,480,55,PayPal,2859.32,JPY,2024-12-18 02:31:15,Pending
4999,481,277,Credit Card,4674.46,THB,2025-07-04 02:31:15,Successful
5000,481,262,Bank Transfer,3652.17,THB,2024-12-02 02:31:15,Failed
5001,481,246,Credit Card,2306.52,USD,2025-08-16 02:31:15,Successful
5002,481,244,Debit Card,2410.48,USD,2025-10-14 02:31:15,Pending
5003,481,238,Bank Transfer,1650.16,EUR,2024-11-01 02:31:15,Pending
5004,481,21,Bank Transfer,372.58,EUR,2025-03-08 02:31:15,Failed
5005,481,241,PayPal,3546.01,USD,2024-12-15 02:31:15,Failed
5006,481,254,Bank Transfer,2532.36,EUR,2025-07-21 02:31:15,Pending
5007,481,148,Credit Card,4945.28,USD,2025-03-15 02:31:15,Pending
5008,481,23,Debit Card,2367.57,USD,2025-05-05 02:31:15,Pending
5009,481,204,Credit Card,1669.99,USD,2025-01-20 02:31:15,Pending
5010,481,296,PayPal,1911.01,JPY,2025-08-08 02:31:15,Failed
5011,481,268,Debit Card,2577.09,JPY,2025-04-05 02:31:15,Successful
5012,481,199,Credit Card,4320.1,USD,2024-11-16 02:31:15,Failed
5013,481,166,Bank Transfer,488.44,THB,2025-01-02 02:31:15,Failed
5014,481,273,Credit Card,983.99,USD,2024-12-13 02:31:15,Failed
5015,481,177,Credit Card,2781.19,USD,2025-08-14 02:31:15,Pending
5016,481,189,Bank Transfer,4251.94,USD,2025-02-13 02:31:15,Successful
5017,482,227,Credit Card,3279.39,JPY,2025-10-29 02:31:15,Failed
5018,482,95,Bank Transfer,3604.82,USD,2025-09-02 02:31:15,Successful
5019,482,289,Bank Transfer,2972.07,THB,2025-02-28 02:31:15,Successful
5020,482,293,Debit Card,1999.35,THB,2025-07-10 02:31:15,Failed
5021,483,272,Bank Transfer,3340.63,JPY,2025-10-09 02:31:15,Successful
5022,483,201,PayPal,316.77,JPY,2025-05-18 02:31:15,Failed
5023,483,197,Bank Transfer,4325.04,THB,2025-07-27 02:31:15,Failed
5024,483,228,PayPal,3483.53,USD,2025-02-25 02:31:15,Failed
5025,483,4,Debit Card,3724.7,THB,2024-11-30 02:31:15,Successful
5026,483,188,Credit Card,1682.23,EUR,2024-12-13 02:31:15,Successful
5027,483,277,PayPal,2255.89,USD,2025-05-02 02:31:15,Successful
5028,484,225,Credit Card,2671.51,THB,2025-02-10 02:31:15,Failed
5029,484,297,PayPal,1390.7,EUR,2025-04-27 02:31:15,Pending
5030,484,23,Debit Card,612.89,USD,2025-05-26 02:31:15,Successful
5031,484,284,PayPal,4450.04,USD,2024-12-03 02:31:15,Pending
5032,484,226,Credit Card,3787.46,THB,2024-12-05 02:31:15,Failed
5033,485,229,Credit Card,1072.42,JPY,2025-09-04 02:31:15,Failed
5034,485,69,Bank Transfer,4113.76,USD,2025-10-13 02:31:15,Pending
5035,485,228,Bank Transfer,4403.87,JPY,2024-12-20 02:31:15,Failed
5036,485,207,Credit Card,4381.18,THB,2025-07-06 02:31:15,Pending
5037,485,128,PayPal,4041.05,EUR,2025-05-03 02:31:15,Failed
5038,485,95,PayPal,1390.68,JPY,2025-01-11 02:31:15,Failed
5039,485,157,Credit Card,4583.4,THB,2025-03-30 02:31:15,Pending
5040,485,300,Bank Transfer,4773.52,USD,2025-09-29 02:31:15,Failed
5041,486,214,Debit Card,4694.4,EUR,2025-03-01 02:31:15,Successful
5042,486,128,Bank Transfer,2579.56,THB,2025-09-02 02:31:15,Failed
5043,487,272,Bank Transfer,1893.65,THB,2024-12-29 02:31:15,Pending
5044,487,245,Debit Card,3346.48,THB,2025-09-09 02:31:15,Pending
5045,487,50,Bank Transfer,4812.49,THB,2024-11-03 02:31:15,Successful
5046,487,248,Debit Card,2868.18,USD,2025-05-16 02:31:15,Pending
5047,487,208,PayPal,4616.66,EUR,2024-12-08 02:31:15,Successful
5048,487,4,Debit Card,1210.53,EUR,2025-09-16 02:31:15,Failed
5049,487,217,PayPal,437.97,EUR,2024-12-16 02:31:15,Pending
5050,487,35,PayPal,2733.97,JPY,2025-04-16 02:31:15,Successful
5051,487,107,Bank Transfer,4560.87,EUR,2025-06-05 02:31:15,Failed
5052,487,223,Bank Transfer,3574.19,JPY,2025-08-03 02:31:15,Pending
5053,487,209,Credit Card,1792.35,EUR,2025-01-27 02:31:15,Failed
5054,488,207,Credit Card,4615.73,JPY,2025-06-17 02:31:15,Pending
5055,488,105,Credit Card,2181.0,JPY,2025-10-31 02:31:15,Failed
5056,488,258,Credit Card,4746.69,THB,2025-09-23 02:31:15,Pending
5057,488,289,Credit Card,2082.0,USD,2024-12-06 02:31:15,Failed
5058,489,210,Credit Card,1216.84,EUR,2025-06-14 02:31:15,Pending
5059,489,271,Bank Transfer,1994.36,USD,2024-11-05 02:31:15,Pending
5060,489,153,PayPal,4104.76,THB,2024-11-11 02:31:15,Failed
5061,489,278,Bank Transfer,1510.23,THB,2025-01-03 02:31:15,Pending
5062,489,4,Debit Card,2726.47,EUR,2024-11-26 02:31:15,Pending
5063,490,300,Debit Card,4858.36,USD,2025-08-16 02:31:15,Failed
5064,490,97,PayPal,4849.3,USD,2025-01-11 02:31:15,Pending
5065,490,236,Bank Transfer,3564.69,THB,2025-09-03 02:31:15,Pending
5066,490,284,Debit Card,2136.52,JPY,2025-03-11 02:31:15,Successful
5067,490,165,Bank Transfer,4950.74,JPY,2025-03-24 02:31:15,Successful
5068,490,282,Credit Card,783.79,EUR,2025-04-14 02:31:15,Successful
5069,490,225,PayPal,952.09,USD,2025-08-25 02:31:15,Successful
5070,490,39,Debit Card,3432.24,THB,2025-06-17 02:31:15,Pending
5071,490,201,Credit Card,454.62,THB,2025-03-22 02:31:15,Failed
5072,490,139,Debit Card,4466.41,JPY,2025-05-02 02:31:15,Pending
5073,490,23,Credit Card,559.56,JPY,2024-12-22 02:31:15,Successful
5074,490,244,PayPal,833.63,EUR,2025-06-13 02:31:15,Failed
5075,490,230,Credit Card,1444.3,USD,2024-12-21 02:31:15,Successful
5076,490,156,Debit Card,1302.03,EUR,2025-09-30 02:31:15,Failed
5077,490,128,PayPal,4272.18,EUR,2025-03-24 02:31:15,Failed
5078,490,252,Debit Card,4355.91,JPY,2025-10-06 02:31:15,Successful
5079,490,260,Bank Transfer,1307.03,THB,2025-04-21 02:31:15,Successful
5080,490,230,Credit Card,2881.3,EUR,2024-12-07 02:31:15,Failed
5081,491,4,PayPal,1844.47,THB,2024-12-09 02:31:15,Successful
5082,491,121,Bank Transfer,3458.01,JPY,2025-06-20 02:31:15,Successful
5083,491,250,PayPal,3078.49,USD,2025-07-14 02:31:15,Pending
5084,491,223,PayPal,112.15,THB,2025-05-14 02:31:15,Failed
5085,491,123,Credit Card,3670.18,THB,2025-06-16 02:31:15,Failed
5086,491,242,PayPal,4387.52,JPY,2025-02-28 02:31:15,Successful
5087,491,198,Debit Card,2713.88,THB,2025-01-12 02:31:15,Successful
5088,491,211,PayPal,2397.23,THB,2025-07-05 02:31:15,Successful
5089,491,236,PayPal,4633.24,EUR,2025-04-22 02:31:15,Pending
5090,492,257,Credit Card,1931.58,JPY,2025-06-05 02:31:15,Pending
5091,492,271,Debit Card,829.2,USD,2025-09-04 02:31:15,Failed
5092,492,275,Bank Transfer,2677.32,JPY,2025-01-04 02:31:15,Failed
5093,492,208,Debit Card,411.29,USD,2025-06-06 02:31:15,Successful
5094,492,256,PayPal,1498.53,JPY,2025-02-21 02:31:15,Pending
5095,492,215,Bank Transfer,2182.14,THB,2025-10-06 02:31:15,Pending
5096,492,95,PayPal,2560.04,USD,2025-09-11 02:31:15,Pending
5097,492,35,Bank Transfer,4828.64,USD,2025-05-26 02:31:15,Successful
5098,492,251,Credit Card,1690.41,USD,2025-06-26 02:31:15,Successful
5099,492,258,Bank Transfer,2458.77,JPY,2025-08-06 02:31:15,Pending
5100,492,148,Credit Card,4731.91,USD,2025-02-26 02:31:15,Pending
5101,492,224,Credit Card,2789.08,USD,2025-10-09 02:31:15,Pending
5102,492,225,Bank Transfer,3191.22,EUR,2025-03-30 02:31:15,Failed
5103,493,125,Debit Card,1720.28,JPY,2025-10-05 02:31:15,Failed
5104,494,256,Credit Card,799.66,JPY,2025-01-09 02:31:15,Pending
5105,495,208,Debit Card,1297.52,USD,2025-04-25 02:31:15,Failed
5106,495,201,Debit Card,3562.97,THB,2025-10-26 02:31:15,Failed
5107,495,257,Credit Card,358.69,THB,2025-10-05 02:31:15,Successful
5108,495,220,Bank Transfer,4383.97,EUR,2024-11-10 02:31:15,Successful
5109,495,282,PayPal,4586.01,THB,2025-08-07 02:31:15,Failed
5110,495,217,Credit Card,569.6,THB,2025-10-19 02:31:15,Failed
5111,496,250,Bank Transfer,2453.96,USD,2025-05-24 02:31:15,Successful
5112,496,35,PayPal,1666.82,THB,2025-10-23 02:31:15,Successful
5113,496,253,Bank Transfer,2179.63,THB,2025-07-19 02:31:15,Pending
5114,496,231,Debit Card,730.75,THB,2025-06-12 02:31:15,Successful
5115,496,245,Credit Card,4956.95,THB,2025-01-05 02:31:15,Successful
5116,496,213,Debit Card,3357.71,USD,2025-04-25 02:31:15,Failed
5117,496,286,Debit Card,3309.57,USD,2024-11-27 02:31:15,Pending
5118,496,121,Credit Card,4266.65,USD,2025-07-18 02:31:15,Failed
5119,497,225,PayPal,1124.47,USD,2025-07-26 02:31:15,Successful
5120,497,211,Debit Card,1881.72,JPY,2025-09-03 02:31:15,Successful
5121,497,229,Debit Card,1291.96,EUR,2025-05-14 02:31:15,Failed
5122,497,229,PayPal,1732.96,THB,2025-05-30 02:31:15,Successful
5123,498,4,Bank Transfer,1562.17,EUR,2024-12-24 02:31:15,Failed
5124,498,208,Bank Transfer,3985.95,THB,2025-06-19 02:31:15,Pending
5125,498,238,Bank Transfer,2204.05,EUR,2025-08-04 02:31:15,Pending
5126,498,282,Credit Card,3675.44,EUR,2025-06-28 02:31:15,Failed
5127,498,199,Bank Transfer,3219.62,JPY,2024-12-16 02:31:15,Successful
5128,498,279,PayPal,3343.17,EUR,2025-08-03 02:31:15,Pending
5129,498,288,Bank Transfer,4168.85,EUR,2025-04-08 02:31:15,Successful
5130,498,300,PayPal,3472.95,JPY,2025-04-09 02:31:15,Failed
5131,498,225,PayPal,2857.33,USD,2025-06-18 02:31:15,Failed
5132,498,64,Bank Transfer,4806.16,EUR,2025-06-28 02:31:15,Pending
5133,499,258,Credit Card,3135.98,JPY,2025-04-02 02:31:15,Failed
5134,499,277,Credit Card,1406.35,EUR,2025-07-12 02:31:15,Successful
5135,499,240,Bank Transfer,4260.08,EUR,2025-08-12 02:31:15,Failed
5136,499,81,Bank Transfer,3909.53,EUR,2025-04-14 02:31:15,Failed
5137,499,213,PayPal,3367.92,EUR,2025-07-18 02:31:15,Pending
5138,499,281,Bank Transfer,723.68,EUR,2025-06-27 02:31:15,Successful
5139,499,208,PayPal,1092.49,JPY,2025-02-22 02:31:15,Pending
5140,500,128,Debit Card,1559.27,EUR,2025-03-03 02:31:15,Successful
5141,500,41,Debit Card,3240.67,JPY,2025-07-24 02:31:15,Pending
5142,500,236,Debit Card,1687.51,THB,2024-11-29 02:31:15,Failed
5143,500,260,Bank Transfer,2787.79,JPY,2025-06-28 02:31:15,Pending
5144,500,242,Credit Card,2123.5,USD,2025-04-14 02:31:15,Pending
5145,501,212,Debit Card,1550.57,JPY,2025-01-03 02:31:15,Pending
5146,501,284,Debit Card,3117.96,USD,2025-04-03 02:31:15,Successful
5147,501,253,PayPal,4316.18,USD,2025-09-11 02:31:15,Failed
5148,501,247,Debit Card,3503.73,USD,2025-10-18 02:31:15,Successful
5149,501,293,Credit Card,2535.8,THB,2025-03-04 02:31:15,Successful
5150,501,241,Bank Transfer,388.76,THB,2025-10-30 02:31:15,Successful
5151,501,239,PayPal,2727.9,JPY,2025-02-28 02:31:15,Pending
5152,501,290,Credit Card,2824.07,THB,2025-04-18 02:31:15,Pending
5153,501,235,PayPal,2911.82,USD,2025-08-26 02:31:15,Successful
5154,501,132,PayPal,2051.34,THB,2025-01-02 02:31:15,Failed
5155,501,204,Bank Transfer,2044.62,EUR,2024-12-08 02:31:15,Failed
5156,501,227,Debit Card,3768.46,THB,2025-04-17 02:31:15,Pending
5157,501,273,PayPal,1787.92,JPY,2025-07-19 02:31:15,Successful
5158,501,258,Credit Card,2354.05,EUR,2025-10-27 02:31:15,Successful
5159,501,256,Bank Transfer,4121.23,EUR,2025-02-16 02:31:15,Pending
5160,501,225,Credit Card,4968.03,USD,2025-08-01 02:31:15,Pending
5161,501,216,Bank Transfer,3542.33,JPY,2025-06-05 02:31:15,Pending
5162,501,294,Bank Transfer,533.31,JPY,2025-03-15 02:31:15,Pending
5163,501,37,Credit Card,2117.3,THB,2025-07-13 02:31:15,Failed
5164,501,66,Debit Card,3040.4,USD,2025-09-09 02:31:15,Failed
5165,501,280,Credit Card,932.06,USD,2025-09-04 02:31:15,Failed
5166,501,263,Debit Card,2881.66,EUR,2025-01-06 02:31:15,Successful
5167,501,214,Credit Card,1053.97,THB,2025-06-15 02:31:15,Failed
5168,501,228,Debit Card,2433.57,JPY,2025-02-28 02:31:15,Pending
5169,501,295,Debit Card,4789.29,EUR,2025-02-01 02:31:15,Successful
5170,501,207,PayPal,323.39,EUR,2025-09-17 02:31:15,Pending
5171,501,37,Credit Card,4779.57,JPY,2025-02-22 02:31:15,Pending
5172,502,276,Debit Card,284.72,EUR,2025-01-27 02:31:15,Successful
5173,502,55,Credit Card,2062.24,EUR,2025-01-09 02:31:15,Pending
5174,502,246,Credit Card,3881.13,USD,2025-05-26 02:31:15,Pending
5175,502,165,Debit Card,4478.8,USD,2025-08-16 02:31:15,Pending
5176,502,201,Bank Transfer,4280.76,USD,2025-04-09 02:31:15,Pending
5177,502,271,Credit Card,3765.15,USD,2024-12-19 02:31:15,Pending
5178,502,265,Credit Card,1307.59,THB,2025-08-31 02:31:15,Successful
5179,502,201,PayPal,2559.53,EUR,2025-05-31 02:31:15,Pending
5180,502,233,PayPal,4451.96,USD,2025-07-17 02:31:15,Failed
5181,502,234,Debit Card,465.97,USD,2024-11-10 02:31:15,Failed
5182,502,198,Credit Card,2479.75,USD,2025-07-19 02:31:15,Pending
5183,502,265,Bank Transfer,387.93,EUR,2025-02-28 02:31:15,Successful
5184,502,262,Credit Card,3974.51,USD,2025-07-20 02:31:15,Successful
5185,502,227,Credit Card,2956.54,EUR,2025-10-24 02:31:15,Successful
5186,502,220,PayPal,4540.44,USD,2025-08-11 02:31:15,Pending
5187,502,254,Credit Card,1517.71,USD,2025-08-26 02:31:15,Pending
5188,502,297,Bank Transfer,4270.31,EUR,2025-05-23 02:31:15,Successful
5189,502,271,Bank Transfer,4676.04,USD,2024-12-25 02:31:15,Successful
5190,502,256,Bank Transfer,2434.54,EUR,2025-02-23 02:31:15,Failed
5191,502,247,PayPal,4314.91,THB,2024-12-27 02:31:15,Successful
5192,502,228,Debit Card,2815.13,USD,2025-10-13 02:31:15,Pending
5193,502,259,Bank Transfer,1578.16,USD,2024-11-30 02:31:15,Failed
5194,502,209,Credit Card,3934.04,EUR,2025-08-07 02:31:15,Successful
5195,502,269,Debit Card,682.95,EUR,2025-10-08 02:31:15,Successful
5196,503,204,Debit Card,503.77,EUR,2025-07-13 02:31:15,Failed
5197,503,238,Credit Card,2113.73,JPY,2024-11-28 02:31:15,Successful
5198,503,132,Bank Transfer,425.5,EUR,2025-05-09 02:31:15,Failed
5199,503,278,Debit Card,4991.87,THB,2024-12-01 02:31:15,Failed
5200,503,188,PayPal,4477.76,USD,2025-08-22 02:31:15,Pending
5201,503,234,PayPal,1486.68,USD,2024-11-04 02:31:15,Failed
5202,503,219,PayPal,2650.92,EUR,2025-03-28 02:31:15,Failed
5203,503,204,PayPal,2582.75,THB,2025-10-03 02:31:15,Successful
5204,503,128,PayPal,619.24,EUR,2025-03-25 02:31:15,Failed
5205,503,221,PayPal,4701.49,JPY,2025-07-18 02:31:15,Failed
5206,503,210,PayPal,3913.65,EUR,2025-08-19 02:31:15,Successful
5207,503,259,Bank Transfer,3226.94,USD,2025-03-13 02:31:15,Successful
5208,503,139,Bank Transfer,2080.62,EUR,2025-04-08 02:31:15,Failed
5209,503,161,Credit Card,1369.05,USD,2025-03-03 02:31:15,Successful
5210,503,274,Credit Card,506.72,EUR,2025-09-06 02:31:15,Successful
5211,503,226,Credit Card,4935.46,JPY,2025-02-14 02:31:15,Pending
5212,503,216,Bank Transfer,4319.61,EUR,2025-10-12 02:31:15,Pending
5213,503,189,Bank Transfer,3912.34,USD,2025-10-30 02:31:15,Successful
5214,503,256,Bank Transfer,2104.97,USD,2024-11-22 02:31:15,Failed
5215,503,209,Credit Card,2480.72,THB,2025-10-29 02:31:15,Failed
5216,503,271,Bank Transfer,925.65,USD,2025-08-31 02:31:15,Failed
5217,503,209,Debit Card,786.03,THB,2025-01-23 02:31:15,Successful
5218,503,207,Debit Card,957.45,THB,2025-06-09 02:31:15,Successful
5219,503,215,PayPal,2408.11,THB,2025-02-05 02:31:15,Successful
5220,503,288,PayPal,4999.63,EUR,2025-10-16 02:31:15,Successful
5221,503,257,PayPal,552.12,EUR,2025-03-15 02:31:15,Pending
5222,504,221,Credit Card,1218.05,USD,2024-11-06 02:31:15,Successful
5223,504,271,Debit Card,1800.44,USD,2025-05-25 02:31:15,Successful
5224,504,125,PayPal,4839.19,JPY,2025-08-19 02:31:15,Successful
5225,504,277,Debit Card,4625.33,USD,2025-03-23 02:31:15,Failed
5226,504,281,Credit Card,3233.83,EUR,2025-02-24 02:31:15,Pending
5227,504,278,Credit Card,3034.1,JPY,2025-02-06 02:31:15,Successful
5228,504,291,Credit Card,725.37,USD,2025-09-25 02:31:15,Successful
5229,504,280,PayPal,601.4,EUR,2024-11-02 02:31:15,Failed
5230,504,277,Debit Card,1576.28,EUR,2025-08-29 02:31:15,Pending
5231,504,235,Credit Card,4656.19,EUR,2025-06-07 02:31:15,Failed
5232,504,205,Bank Transfer,4019.35,EUR,2024-12-15 02:31:15,Successful
5233,505,225,Credit Card,958.9,THB,2025-10-21 02:31:15,Failed
5234,505,64,Debit Card,3804.44,JPY,2025-01-19 02:31:15,Pending
5235,505,253,Credit Card,3401.07,THB,2025-03-09 02:31:15,Pending
5236,505,277,Credit Card,3371.41,USD,2025-07-11 02:31:15,Pending
5237,505,273,Bank Transfer,1327.85,THB,2025-04-09 02:31:15,Pending
5238,505,234,Credit Card,1662.79,EUR,2025-01-23 02:31:15,Failed
5239,505,157,PayPal,4583.34,EUR,2025-01-02 02:31:15,Pending
5240,505,197,PayPal,3519.58,USD,2025-01-27 02:31:15,Failed
5241,505,198,Debit Card,2921.97,USD,2025-04-01 02:31:15,Pending
5242,505,236,Bank Transfer,2875.55,USD,2024-11-13 02:31:15,Failed
5243,505,270,PayPal,4479.93,JPY,2025-10-25 02:31:15,Failed
5244,505,259,Credit Card,3666.65,JPY,2025-05-16 02:31:15,Failed
5245,505,132,Bank Transfer,1278.9,JPY,2025-06-15 02:31:15,Failed
5246,505,157,Bank Transfer,4479.03,USD,2025-04-11 02:31:15,Failed
5247,505,253,Debit Card,2276.38,USD,2025-07-10 02:31:15,Failed
5248,505,236,Credit Card,1564.32,USD,2025-08-22 02:31:15,Failed
5249,506,7,Debit Card,3211.59,EUR,2025-07-25 02:31:15,Failed
5250,506,265,Bank Transfer,3118.23,THB,2024-12-09 02:31:15,Pending
5251,506,258,Bank Transfer,1549.23,EUR,2025-03-11 02:31:15,Failed
5252,506,262,Debit Card,1683.23,USD,2025-02-02 02:31:15,Failed
5253,506,219,Debit Card,1277.9,THB,2025-06-26 02:31:15,Successful
5254,506,223,Debit Card,1577.26,USD,2025-10-16 02:31:15,Failed
5255,506,250,Credit Card,2326.41,THB,2025-05-28 02:31:15,Successful
5256,506,277,PayPal,1775.84,JPY,2024-12-29 02:31:15,Successful
5257,506,295,PayPal,2719.43,EUR,2025-03-12 02:31:15,Failed
5258,506,148,Credit Card,1982.45,JPY,2025-01-17 02:31:15,Failed
5259,506,232,Credit Card,894.54,THB,2025-04-27 02:31:15,Failed
5260,506,213,Credit Card,1271.89,THB,2025-07-11 02:31:15,Pending
5261,507,254,Debit Card,3140.85,EUR,2024-11-21 02:31:15,Pending
5262,507,29,PayPal,1858.3,THB,2025-09-20 02:31:15,Failed
5263,508,198,Debit Card,2674.27,THB,2025-10-09 02:31:15,Failed
5264,508,66,Credit Card,4567.08,THB,2024-12-27 02:31:15,Failed
5265,508,204,Bank Transfer,1000.72,USD,2025-03-20 02:31:15,Successful
5266,509,210,Credit Card,2478.33,THB,2024-12-29 02:31:15,Successful
5267,509,268,Debit Card,229.57,USD,2025-04-07 02:31:15,Failed
5268,509,274,Debit Card,4535.35,EUR,2024-11-16 02:31:15,Successful
5269,509,148,Debit Card,4509.25,JPY,2024-12-27 02:31:15,Successful
5270,509,35,Bank Transfer,4306.35,USD,2025-04-13 02:31:15,Successful
5271,509,205,Debit Card,4115.09,USD,2025-07-14 02:31:15,Successful
5272,509,205,Debit Card,2973.21,USD,2025-05-31 02:31:15,Pending
5273,509,255,PayPal,137.19,THB,2025-10-09 02:31:15,Failed
5274,509,243,Credit Card,3389.98,USD,2025-09-08 02:31:15,Pending
5275,509,272,Debit Card,3250.64,THB,2025-04-24 02:31:15,Pending
5276,509,224,Debit Card,2498.1,JPY,2025-09-19 02:31:15,Pending
5277,509,226,Credit Card,110.1,USD,2025-07-30 02:31:15,Pending
5278,510,242,PayPal,2208.41,JPY,2025-08-19 02:31:15,Successful
5279,511,277,PayPal,1945.21,EUR,2024-11-08 02:31:15,Failed
5280,511,204,Credit Card,2619.2,EUR,2025-05-04 02:31:15,Pending
5281,512,230,PayPal,112.04,JPY,2025-01-09 02:31:15,Pending
5282,512,174,Debit Card,1211.83,EUR,2025-05-09 02:31:15,Pending
5283,512,221,Debit Card,769.91,THB,2025-09-20 02:31:15,Failed
5284,512,95,Bank Transfer,2380.82,USD,2025-06-09 02:31:15,Failed
5285,512,246,Bank Transfer,1519.16,EUR,2025-06-29 02:31:15,Failed
5286,512,246,Credit Card,3933.62,USD,2024-12-22 02:31:15,Failed
5287,512,281,PayPal,1059.48,USD,2025-09-21 02:31:15,Pending
5288,512,64,Bank Transfer,4872.77,JPY,2025-03-31 02:31:15,Pending
5289,512,132,Bank Transfer,1765.91,EUR,2025-08-03 02:31:15,Pending
5290,512,300,Bank Transfer,3275.7,JPY,2025-09-28 02:31:15,Successful
5291,512,35,Credit Card,3940.39,THB,2025-01-22 02:31:15,Successful
5292,512,215,PayPal,2436.27,USD,2025-04-07 02:31:15,Pending
5293,512,95,Credit Card,4006.05,USD,2025-08-14 02:31:15,Successful
5294,512,4,Debit Card,439.31,USD,2025-04-15 02:31:15,Failed
5295,512,282,Bank Transfer,217.8,JPY,2024-12-13 02:31:15,Failed
5296,512,240,Debit Card,1742.97,THB,2025-08-16 02:31:15,Successful
5297,512,221,Bank Transfer,703.21,EUR,2025-01-06 02:31:15,Successful
5298,512,236,Credit Card,4358.12,JPY,2024-12-11 02:31:15,Pending
5299,512,209,PayPal,3270.9,EUR,2025-04-03 02:31:15,Successful
5300,513,284,Bank Transfer,510.56,EUR,2025-08-16 02:31:15,Pending
5301,513,295,PayPal,1043.57,USD,2025-10-18 02:31:15,Pending
5302,513,199,Debit Card,2322.42,EUR,2025-06-29 02:31:15,Pending
5303,513,266,Debit Card,4381.14,USD,2025-07-18 02:31:15,Successful
5304,513,278,PayPal,2243.03,JPY,2025-04-21 02:31:15,Pending
5305,514,23,Debit Card,721.37,JPY,2025-01-31 02:31:15,Pending
5306,514,244,PayPal,606.08,THB,2024-11-17 02:31:15,Failed
5307,514,207,Bank Transfer,1778.24,USD,2025-05-11 02:31:15,Successful
5308,514,296,Debit Card,302.1,USD,2025-06-14 02:31:15,Pending
5309,514,213,Credit Card,4091.17,EUR,2025-08-10 02:31:15,Pending
5310,514,81,Bank Transfer,2025.3,THB,2025-03-26 02:31:15,Failed
5311,514,297,Debit Card,4370.37,EUR,2025-09-30 02:31:15,Successful
5312,514,233,Bank Transfer,997.09,EUR,2025-05-24 02:31:15,Failed
5313,514,265,Debit Card,4814.96,THB,2025-02-24 02:31:15,Failed
5314,514,239,Bank Transfer,1638.68,JPY,2024-12-22 02:31:15,Failed
5315,514,143,Bank Transfer,1374.87,JPY,2025-02-13 02:31:15,Failed
5316,514,140,Bank Transfer,882.74,EUR,2025-01-10 02:31:15,Failed
5317,514,288,PayPal,4169.26,USD,2025-05-28 02:31:15,Failed
5318,514,81,Debit Card,1643.02,JPY,2025-01-09 02:31:15,Successful
5319,514,218,Bank Transfer,1702.26,EUR,2025-09-06 02:31:15,Successful
5320,514,296,Credit Card,4345.2,THB,2025-03-17 02:31:15,Failed
5321,514,23,Bank Transfer,978.68,THB,2025-05-22 02:31:15,Pending
5322,514,271,Credit Card,3108.06,THB,2025-06-23 02:31:15,Pending
5323,514,223,PayPal,4345.72,USD,2025-08-26 02:31:15,Pending
5324,515,189,Credit Card,1575.69,EUR,2025-10-30 02:31:15,Successful
5325,515,143,Debit Card,3958.37,EUR,2025-02-22 02:31:15,Failed
5326,515,274,Credit Card,1505.69,EUR,2025-02-22 02:31:15,Pending
5327,515,272,Bank Transfer,4304.05,THB,2025-04-24 02:31:15,Successful
5328,515,220,PayPal,3520.76,USD,2025-03-12 02:31:15,Successful
5329,515,287,Debit Card,1227.87,THB,2025-09-15 02:31:15,Failed
5330,515,215,Bank Transfer,2821.95,THB,2025-06-30 02:31:15,Successful
5331,515,247,Bank Transfer,3261.03,THB,2024-11-11 02:31:15,Successful
5332,515,228,PayPal,1651.62,JPY,2025-02-25 02:31:15,Failed
5333,515,244,Bank Transfer,157.58,THB,2025-04-07 02:31:15,Pending
5334,515,246,Debit Card,3387.42,JPY,2025-07-22 02:31:15,Successful
5335,516,289,Credit Card,430.08,THB,2025-08-16 02:31:15,Successful
5336,516,222,Credit Card,4467.57,EUR,2025-02-17 02:31:15,Failed
5337,516,214,Debit Card,1999.72,EUR,2025-01-27 02:31:15,Successful
5338,516,244,Debit Card,4964.97,THB,2025-03-30 02:31:15,Failed
5339,516,105,Bank Transfer,212.41,THB,2024-11-13 02:31:15,Pending
5340,517,101,Bank Transfer,2543.95,USD,2024-11-09 02:31:15,Successful
5341,517,266,Bank Transfer,142.76,EUR,2024-12-09 02:31:15,Pending
5342,517,243,PayPal,3072.29,EUR,2025-03-24 02:31:15,Pending
5343,517,247,Debit Card,217.73,EUR,2025-04-01 02:31:15,Failed
5344,517,234,Credit Card,657.25,THB,2025-08-19 02:31:15,Failed
5345,517,218,PayPal,3841.63,USD,2025-01-17 02:31:15,Successful
5346,517,291,PayPal,344.6,USD,2025-09-23 02:31:15,Successful
5347,517,233,PayPal,1529.69,USD,2025-03-03 02:31:15,Failed
5348,517,35,Credit Card,2750.38,USD,2025-07-14 02:31:15,Pending
5349,517,297,Credit Card,1500.62,USD,2025-10-01 02:31:15,Failed
5350,517,298,Credit Card,1432.5,USD,2025-05-07 02:31:15,Failed
5351,517,97,Bank Transfer,4478.76,EUR,2025-09-24 02:31:15,Pending
5352,517,221,Debit Card,4184.83,THB,2025-02-07 02:31:15,Pending
5353,517,294,Credit Card,1444.76,THB,2025-03-02 02:31:15,Failed
5354,517,207,Bank Transfer,1666.62,USD,2025-07-24 02:31:15,Successful
5355,518,277,Credit Card,605.24,JPY,2025-02-10 02:31:15,Failed
5356,518,177,Bank Transfer,1480.98,USD,2025-02-25 02:31:15,Failed
5357,518,229,PayPal,276.85,USD,2025-08-14 02:31:15,Failed
5358,518,217,Credit Card,2083.51,THB,2025-02-27 02:31:15,Pending
5359,518,211,Credit Card,2236.06,USD,2025-04-28 02:31:15,Pending
5360,518,255,Bank Transfer,2179.04,JPY,2025-09-05 02:31:15,Successful
5361,518,29,Bank Transfer,4150.35,JPY,2025-03-22 02:31:15,Failed
5362,518,284,Debit Card,3353.58,THB,2025-04-04 02:31:15,Successful
5363,518,246,Bank Transfer,4361.95,EUR,2025-10-18 02:31:15,Failed
5364,518,257,Debit Card,1937.13,EUR,2025-05-03 02:31:15,Pending
5365,518,125,Credit Card,2981.51,JPY,2025-05-18 02:31:15,Failed
5366,518,279,Debit Card,2772.62,THB,2025-04-29 02:31:15,Successful
5367,518,139,Debit Card,2934.66,THB,2025-06-10 02:31:15,Successful
5368,518,248,Bank Transfer,2060.88,THB,2025-09-14 02:31:15,Failed
5369,518,218,Bank Transfer,1742.24,USD,2025-09-28 02:31:15,Pending
5370,518,285,PayPal,2743.19,EUR,2025-03-29 02:31:15,Failed
5371,519,215,Bank Transfer,3063.29,THB,2025-10-30 02:31:15,Successful
5372,519,255,Credit Card,842.96,EUR,2025-07-20 02:31:15,Successful
5373,519,35,Bank Transfer,975.97,JPY,2025-03-26 02:31:15,Pending
5374,520,223,Debit Card,1349.73,USD,2024-12-10 02:31:15,Failed
5375,520,289,Credit Card,906.57,THB,2025-02-09 02:31:15,Failed
5376,520,276,PayPal,2189.7,THB,2025-10-30 02:31:15,Pending
5377,520,228,Bank Transfer,4109.1,USD,2025-01-31 02:31:15,Pending
5378,520,230,Bank Transfer,712.8,USD,2024-12-09 02:31:15,Failed
5379,520,208,Debit Card,2822.29,THB,2025-02-27 02:31:15,Failed
5380,520,227,Bank Transfer,2333.81,USD,2025-09-01 02:31:15,Pending
5381,520,247,PayPal,787.02,THB,2024-11-12 02:31:15,Pending
5382,520,201,Bank Transfer,3297.12,JPY,2025-07-23 02:31:15,Successful
5383,520,206,Credit Card,142.24,USD,2025-08-19 02:31:15,Successful
5384,520,223,Credit Card,4153.67,EUR,2025-08-21 02:31:15,Successful
5385,520,300,PayPal,3408.16,JPY,2025-07-14 02:31:15,Pending
5386,520,199,Credit Card,1809.11,JPY,2024-11-12 02:31:15,Pending
5387,520,236,Bank Transfer,4928.73,USD,2024-12-20 02:31:15,Pending
5388,520,256,Bank Transfer,4679.91,JPY,2025-09-07 02:31:15,Failed
5389,521,161,PayPal,3577.91,JPY,2025-05-06 02:31:15,Failed
5390,521,271,Bank Transfer,3871.36,JPY,2025-06-03 02:31:15,Successful
5391,521,282,Bank Transfer,2667.67,THB,2025-07-25 02:31:15,Failed
5392,521,223,PayPal,178.78,EUR,2025-08-16 02:31:15,Successful
5393,521,249,PayPal,4730.38,JPY,2024-11-17 02:31:15,Pending
5394,521,276,PayPal,1061.76,JPY,2024-12-17 02:31:15,Successful
5395,521,263,Debit Card,723.2,USD,2025-01-09 02:31:15,Successful
5396,521,297,PayPal,1295.0,USD,2025-03-12 02:31:15,Successful
5397,521,239,PayPal,3497.07,JPY,2024-11-23 02:31:15,Successful
5398,521,293,Bank Transfer,345.34,USD,2025-05-14 02:31:15,Failed
5399,521,259,Credit Card,504.82,EUR,2025-10-13 02:31:15,Pending
5400,521,217,Credit Card,314.9,JPY,2024-11-04 02:31:15,Successful
5401,521,215,Bank Transfer,143.68,USD,2025-08-25 02:31:15,Failed
5402,521,132,PayPal,2846.57,THB,2024-11-24 02:31:15,Failed
5403,522,153,Bank Transfer,4557.7,JPY,2025-01-21 02:31:15,Successful
5404,522,247,Debit Card,1661.36,THB,2025-05-02 02:31:15,Failed
5405,523,225,Credit Card,3040.6,USD,2025-06-09 02:31:15,Pending
5406,523,153,Bank Transfer,2412.77,USD,2025-06-25 02:31:15,Failed
5407,523,202,Debit Card,4854.47,JPY,2024-12-12 02:31:15,Failed
5408,523,259,PayPal,3426.02,THB,2025-08-14 02:31:15,Successful
5409,523,239,Debit Card,548.93,JPY,2024-11-12 02:31:15,Successful
5410,523,228,Bank Transfer,2174.08,THB,2025-02-09 02:31:15,Successful
5411,523,236,PayPal,2024.94,EUR,2025-06-19 02:31:15,Pending
5412,523,240,Debit Card,4943.66,JPY,2024-11-24 02:31:15,Successful
5413,523,240,PayPal,112.81,USD,2024-11-14 02:31:15,Pending
5414,523,276,Debit Card,201.88,JPY,2024-11-26 02:31:15,Successful
5415,523,281,Credit Card,1590.55,JPY,2025-10-24 02:31:15,Failed
5416,524,267,Credit Card,2987.22,EUR,2025-06-11 02:31:15,Successful
5417,525,218,Debit Card,2527.99,USD,2025-04-10 02:31:15,Pending
5418,526,232,Debit Card,3675.2,THB,2025-07-04 02:31:15,Failed
5419,526,165,Bank Transfer,4240.58,THB,2025-04-20 02:31:15,Pending
5420,526,213,Debit Card,4077.94,USD,2025-10-03 02:31:15,Successful
5421,526,290,Credit Card,2987.73,THB,2025-09-29 02:31:15,Pending
5422,526,295,Bank Transfer,2653.1,USD,2025-05-27 02:31:15,Pending
5423,526,245,Credit Card,950.1,THB,2025-05-14 02:31:15,Pending
5424,526,219,PayPal,415.9,THB,2024-12-17 02:31:15,Pending
5425,526,37,Credit Card,3146.02,THB,2025-10-07 02:31:15,Failed
5426,526,269,Debit Card,3203.45,JPY,2025-03-29 02:31:15,Successful
5427,526,252,Debit Card,3874.54,JPY,2025-08-06 02:31:15,Pending
5428,526,121,Credit Card,2608.04,USD,2025-08-22 02:31:15,Successful
5429,526,37,Bank Transfer,2647.57,EUR,2025-01-13 02:31:15,Failed
5430,526,299,Bank Transfer,4481.23,EUR,2025-03-12 02:31:15,Successful
5431,527,69,PayPal,4565.67,THB,2025-09-25 02:31:15,Successful
5432,527,251,Credit Card,4899.44,THB,2024-11-21 02:31:15,Pending
5433,527,211,Debit Card,141.0,JPY,2025-02-20 02:31:15,Successful
5434,527,72,Bank Transfer,3131.8,EUR,2025-08-22 02:31:15,Successful
5435,527,298,Credit Card,3760.28,THB,2024-11-25 02:31:15,Failed
5436,527,293,Debit Card,2424.42,JPY,2025-05-03 02:31:15,Pending
5437,527,241,Credit Card,3811.59,USD,2025-04-08 02:31:15,Failed
5438,527,236,Bank Transfer,2446.79,USD,2025-02-14 02:31:15,Failed
5439,527,281,Bank Transfer,2050.83,THB,2024-11-30 02:31:15,Pending
5440,527,225,Debit Card,2104.92,THB,2025-03-25 02:31:15,Pending
5441,527,44,PayPal,220.42,JPY,2024-12-09 02:31:15,Successful
5442,527,132,Bank Transfer,4629.16,THB,2025-01-02 02:31:15,Successful
5443,528,111,Debit Card,2183.06,JPY,2025-03-19 02:31:15,Pending
5444,528,188,Credit Card,2892.39,THB,2025-03-17 02:31:15,Pending
5445,528,97,Bank Transfer,519.56,JPY,2025-05-19 02:31:15,Successful
5446,528,229,Debit Card,2796.46,USD,2025-03-09 02:31:15,Failed
5447,529,245,Debit Card,4061.28,USD,2025-08-24 02:31:15,Failed
5448,529,201,PayPal,3150.19,JPY,2025-03-08 02:31:15,Successful
5449,529,211,Bank Transfer,1681.31,JPY,2025-04-21 02:31:15,Failed
5450,529,243,Credit Card,2790.32,THB,2025-01-20 02:31:15,Failed
5451,529,249,Credit Card,1653.73,USD,2024-11-03 02:31:15,Failed
5452,529,44,Credit Card,3888.71,USD,2025-04-17 02:31:15,Failed
5453,530,35,Bank Transfer,2802.04,THB,2025-01-13 02:31:15,Successful
5454,530,212,Debit Card,2992.13,EUR,2025-04-13 02:31:15,Failed
5455,530,139,Credit Card,2718.48,JPY,2025-09-21 02:31:15,Pending
5456,530,293,Credit Card,4223.42,EUR,2025-02-05 02:31:15,Failed
5457,530,254,Credit Card,374.8,EUR,2025-10-10 02:31:15,Successful
5458,531,210,Debit Card,1383.26,THB,2025-02-07 02:31:15,Failed
5459,531,254,Bank Transfer,1812.95,JPY,2025-10-07 02:31:15,Pending
5460,531,223,Debit Card,3248.55,THB,2025-01-04 02:31:15,Successful
5461,531,201,Credit Card,705.11,THB,2025-05-11 02:31:15,Pending
5462,531,24,Credit Card,412.66,JPY,2024-12-16 02:31:15,Successful
5463,531,148,Bank Transfer,1448.66,USD,2025-04-10 02:31:15,Pending
5464,531,288,PayPal,831.25,THB,2025-08-11 02:31:15,Successful
5465,531,66,Debit Card,2099.56,THB,2025-09-02 02:31:15,Pending
5466,531,265,Credit Card,1983.76,USD,2025-10-26 02:31:15,Failed
5467,531,288,Debit Card,197.08,THB,2025-06-21 02:31:15,Successful
5468,531,37,Bank Transfer,3290.92,JPY,2025-08-22 02:31:15,Failed
5469,531,300,Bank Transfer,1881.05,JPY,2024-12-11 02:31:15,Failed
5470,531,220,Credit Card,3516.7,EUR,2025-02-21 02:31:15,Pending
5471,531,243,Credit Card,4053.12,EUR,2025-05-29 02:31:15,Failed
5472,531,216,PayPal,4516.33,JPY,2025-06-24 02:31:15,Successful
5473,531,294,Bank Transfer,2759.48,JPY,2025-07-18 02:31:15,Failed
5474,531,121,PayPal,1340.44,EUR,2025-07-12 02:31:15,Failed
5475,531,268,PayPal,3650.31,EUR,2025-04-21 02:31:15,Pending
5476,531,251,Bank Transfer,4491.98,JPY,2025-05-04 02:31:15,Pending
5477,531,254,Debit Card,3364.66,EUR,2025-02-15 02:31:15,Successful
5478,531,232,PayPal,2851.67,THB,2024-11-28 02:31:15,Failed
5479,531,105,Bank Transfer,3186.91,JPY,2025-02-21 02:31:15,Successful
5480,531,208,Bank Transfer,4895.32,EUR,2025-02-09 02:31:15,Failed
5481,531,242,Debit Card,855.86,JPY,2025-03-04 02:31:15,Failed
5482,531,247,Bank Transfer,122.42,EUR,2025-06-30 02:31:15,Successful
5483,531,202,Bank Transfer,3880.12,THB,2024-11-30 02:31:15,Pending
5484,531,210,PayPal,1573.75,JPY,2024-12-31 02:31:15,Pending
5485,531,288,PayPal,4345.95,USD,2025-05-03 02:31:15,Successful
5486,531,253,PayPal,1663.72,USD,2025-05-01 02:31:15,Pending
5487,531,217,Credit Card,3019.82,EUR,2025-04-10 02:31:15,Failed
5488,531,157,Debit Card,3690.8,USD,2025-10-06 02:31:15,Failed
5489,531,245,Debit Card,1473.78,THB,2025-01-15 02:31:15,Successful
5490,531,213,Bank Transfer,2289.5,JPY,2025-08-21 02:31:15,Pending
5491,531,268,PayPal,1421.24,EUR,2024-11-25 02:31:15,Pending
5492,531,199,Credit Card,1284.28,USD,2025-09-30 02:31:15,Failed
5493,531,246,Debit Card,1741.9,EUR,2025-09-06 02:31:15,Failed
5494,531,105,Credit Card,3415.26,USD,2025-06-01 02:31:15,Failed
5495,531,229,Credit Card,3323.87,USD,2025-05-26 02:31:15,Successful
5496,531,259,PayPal,1212.18,USD,2025-08-22 02:31:15,Failed
5497,532,212,PayPal,3881.72,THB,2025-07-10 02:31:15,Failed
5498,532,260,PayPal,1021.64,USD,2025-09-05 02:31:15,Successful
5499,532,267,Debit Card,3318.42,USD,2025-06-14 02:31:15,Successful
5500,532,240,Bank Transfer,1854.05,JPY,2025-06-19 02:31:15,Successful
5501,532,123,Bank Transfer,4218.41,JPY,2025-07-31 02:31:15,Pending
5502,532,23,PayPal,643.95,USD,2025-02-06 02:31:15,Failed
5503,532,220,Bank Transfer,1194.88,THB,2025-01-22 02:31:15,Pending
5504,532,277,PayPal,1807.95,EUR,2025-09-21 02:31:15,Failed
5505,532,254,Bank Transfer,4886.32,USD,2025-01-06 02:31:15,Successful
5506,532,279,PayPal,559.46,JPY,2024-11-26 02:31:15,Failed
5507,532,273,PayPal,4161.11,EUR,2024-11-16 02:31:15,Successful
5508,532,228,Bank Transfer,3522.83,JPY,2025-08-24 02:31:15,Failed
5509,533,288,Debit Card,2764.7,USD,2025-04-03 02:31:15,Failed
5510,533,259,Debit Card,1312.51,EUR,2025-04-18 02:31:15,Successful
5511,534,235,Debit Card,4244.69,EUR,2025-03-03 02:31:15,Failed
5512,534,201,Bank Transfer,3623.79,THB,2025-03-29 02:31:15,Failed
5513,534,165,Credit Card,951.62,JPY,2025-10-18 02:31:15,Pending
5514,534,276,PayPal,2676.02,JPY,2025-04-15 02:31:15,Successful
5515,534,254,Credit Card,2986.86,USD,2025-03-29 02:31:15,Pending
5516,534,287,Debit Card,510.8,JPY,2025-07-01 02:31:15,Successful
5517,534,299,Debit Card,4622.44,EUR,2025-09-25 02:31:15,Failed
5518,535,250,Bank Transfer,4711.02,EUR,2025-05-14 02:31:15,Successful
5519,535,127,PayPal,3633.41,THB,2025-08-29 02:31:15,Pending
5520,535,35,Bank Transfer,2259.49,USD,2025-08-05 02:31:15,Successful
5521,535,285,PayPal,3930.06,USD,2025-05-28 02:31:15,Pending
5522,535,249,PayPal,4266.02,USD,2024-11-30 02:31:15,Failed
5523,535,281,Debit Card,380.2,EUR,2024-12-25 02:31:15,Successful
5524,535,209,Bank Transfer,1559.12,USD,2024-11-19 02:31:15,Successful
5525,535,95,Debit Card,3948.62,THB,2025-09-08 02:31:15,Successful
5526,535,208,PayPal,749.32,EUR,2025-04-26 02:31:15,Failed
5527,535,245,Bank Transfer,2386.14,USD,2025-09-06 02:31:15,Pending
5528,535,239,PayPal,1534.74,USD,2025-06-08 02:31:15,Pending
5529,536,256,PayPal,1051.0,USD,2025-02-08 02:31:15,Pending
5530,536,268,Debit Card,3269.79,THB,2025-03-23 02:31:15,Pending
5531,536,228,PayPal,1202.62,USD,2025-10-13 02:31:15,Pending
5532,536,95,Debit Card,3355.91,JPY,2025-02-27 02:31:15,Successful
5533,536,299,Credit Card,1671.4,JPY,2025-08-18 02:31:15,Pending
5534,536,271,Credit Card,4748.75,JPY,2024-12-27 02:31:15,Successful
5535,536,224,Bank Transfer,4525.92,EUR,2025-09-30 02:31:15,Failed
5536,536,242,Debit Card,4300.44,USD,2025-03-28 02:31:15,Successful
5537,536,72,Credit Card,3743.83,JPY,2025-07-07 02:31:15,Pending
5538,537,284,Debit Card,867.98,THB,2025-04-12 02:31:15,Pending
5539,537,268,Credit Card,3955.55,JPY,2025-07-13 02:31:15,Pending
5540,537,224,Bank Transfer,2232.23,JPY,2025-09-04 02:31:15,Successful
5541,537,153,PayPal,770.85,JPY,2025-02-25 02:31:15,Successful
5542,537,238,Bank Transfer,3253.0,EUR,2025-01-01 02:31:15,Pending
5543,537,41,Credit Card,1928.48,THB,2025-10-04 02:31:15,Failed
5544,537,201,PayPal,1657.2,USD,2025-08-03 02:31:15,Successful
5545,537,271,Debit Card,3902.96,JPY,2025-02-08 02:31:15,Successful
5546,537,285,Bank Transfer,2819.26,USD,2025-07-15 02:31:15,Pending
5547,537,209,PayPal,3225.96,USD,2025-08-06 02:31:15,Pending
5548,537,210,PayPal,2564.69,JPY,2025-04-12 02:31:15,Successful
5549,537,250,Debit Card,3278.01,USD,2025-06-15 02:31:15,Successful
5550,537,260,Debit Card,1438.4,JPY,2024-11-19 02:31:15,Failed
5551,537,260,PayPal,3164.63,THB,2025-07-02 02:31:15,Failed
5552,537,132,Credit Card,318.8,THB,2025-01-24 02:31:15,Pending
5553,537,177,Debit Card,2287.4,USD,2025-10-08 02:31:15,Failed
5554,538,281,Credit Card,1294.05,EUR,2025-04-23 02:31:15,Successful
5555,538,123,Credit Card,2772.91,THB,2025-08-17 02:31:15,Successful
5556,539,285,Credit Card,1251.6,THB,2025-04-30 02:31:15,Successful
5557,539,259,Debit Card,254.48,THB,2024-11-16 02:31:15,Pending
5558,539,256,Credit Card,4419.27,JPY,2025-02-07 02:31:15,Successful
5559,540,197,Bank Transfer,1189.09,USD,2025-07-03 02:31:15,Pending
5560,540,299,Credit Card,3277.71,JPY,2025-06-29 02:31:15,Pending
5561,540,256,Bank Transfer,3041.14,JPY,2025-02-13 02:31:15,Pending
5562,540,286,PayPal,3275.28,JPY,2025-02-28 02:31:15,Successful
5563,540,23,Credit Card,309.43,EUR,2025-08-27 02:31:15,Successful
5564,540,279,PayPal,3523.87,USD,2025-10-07 02:31:15,Failed
5565,540,279,Credit Card,2338.08,JPY,2025-07-01 02:31:15,Failed
5566,540,93,PayPal,4369.67,USD,2024-12-02 02:31:15,Pending
5567,540,270,PayPal,610.58,THB,2025-03-12 02:31:15,Successful
5568,541,274,PayPal,496.54,USD,2025-01-06 02:31:15,Successful
5569,541,213,PayPal,4012.88,EUR,2025-04-30 02:31:15,Failed
5570,541,250,PayPal,2159.55,JPY,2025-08-21 02:31:15,Pending
5571,541,35,Bank Transfer,1786.17,JPY,2025-09-04 02:31:15,Pending
5572,541,297,Debit Card,2322.25,JPY,2025-09-22 02:31:15,Successful
5573,541,206,Bank Transfer,2286.12,USD,2024-11-14 02:31:15,Pending
5574,542,7,Bank Transfer,3775.41,JPY,2025-07-01 02:31:15,Pending
5575,542,64,PayPal,2063.88,THB,2025-04-10 02:31:15,Failed
5576,542,299,Bank Transfer,2765.12,USD,2025-04-25 02:31:15,Failed
5577,542,251,Bank Transfer,1116.62,USD,2025-07-24 02:31:15,Pending
5578,542,35,Bank Transfer,3762.45,USD,2025-08-09 02:31:15,Pending
5579,542,228,Debit Card,1165.34,EUR,2024-11-25 02:31:15,Failed
5580,542,204,Credit Card,1579.44,JPY,2025-04-20 02:31:15,Successful
5581,542,225,Bank Transfer,2178.89,THB,2025-11-01 02:31:15,Failed
5582,542,229,Credit Card,450.93,JPY,2025-04-02 02:31:15,Successful
5583,542,97,PayPal,953.17,USD,2025-04-24 02:31:15,Successful
5584,542,214,PayPal,2605.66,USD,2024-12-29 02:31:15,Failed
5585,542,297,Bank Transfer,1115.32,JPY,2025-06-20 02:31:15,Failed
5586,543,211,Credit Card,4224.42,JPY,2025-05-25 02:31:15,Failed
5587,543,197,Bank Transfer,3006.46,JPY,2025-10-21 02:31:15,Successful
5588,543,289,Bank Transfer,2800.91,THB,2025-10-31 02:31:15,Successful
5589,543,247,PayPal,2752.29,JPY,2024-11-17 02:31:15,Pending
5590,543,233,Debit Card,2067.67,THB,2024-11-13 02:31:15,Successful
5591,543,233,PayPal,2925.6,THB,2025-08-19 02:31:15,Pending
5592,544,267,Credit Card,3340.47,THB,2025-02-27 02:31:15,Successful
5593,544,270,Bank Transfer,1716.17,THB,2025-06-11 02:31:15,Successful
5594,544,294,Credit Card,4548.43,USD,2025-04-22 02:31:15,Pending
5595,544,188,Debit Card,2937.15,USD,2025-01-27 02:31:15,Failed
5596,544,127,Debit Card,728.58,THB,2025-06-11 02:31:15,Failed
5597,544,231,Credit Card,2641.11,USD,2025-09-18 02:31:15,Pending
5598,545,95,Credit Card,2287.12,JPY,2024-12-03 02:31:15,Successful
5599,545,214,Bank Transfer,1739.86,JPY,2025-02-05 02:31:15,Pending
5600,545,262,PayPal,4179.89,JPY,2025-06-09 02:31:15,Pending
5601,545,281,Bank Transfer,3158.98,USD,2025-05-24 02:31:15,Successful
5602,545,161,Debit Card,621.63,USD,2025-09-06 02:31:15,Failed
5603,545,157,Bank Transfer,3973.58,JPY,2025-05-03 02:31:15,Pending
5604,545,281,Credit Card,2809.17,USD,2025-10-28 02:31:15,Failed
5605,546,272,Credit Card,2513.33,EUR,2025-04-07 02:31:15,Successful
5606,547,205,Credit Card,4966.45,THB,2025-09-14 02:31:15,Successful
5607,547,229,Bank Transfer,4907.24,EUR,2025-05-05 02:31:15,Failed
5608,547,285,Debit Card,3749.75,JPY,2025-09-10 02:31:15,Failed
5609,547,44,PayPal,3083.13,THB,2025-02-25 02:31:15,Pending
5610,547,23,Credit Card,534.53,THB,2025-02-05 02:31:15,Pending
5611,547,121,Credit Card,2020.62,THB,2024-11-09 02:31:15,Successful
5612,547,211,Credit Card,3841.69,USD,2025-02-19 02:31:15,Successful
5613,547,256,Bank Transfer,4956.43,EUR,2025-07-28 02:31:15,Pending
5614,547,227,Debit Card,663.1,THB,2024-11-13 02:31:15,Successful
5615,547,177,Bank Transfer,4612.52,THB,2025-09-23 02:31:15,Failed
5616,547,243,PayPal,1412.03,USD,2025-10-09 02:31:15,Failed
5617,547,282,Credit Card,1289.1,THB,2024-12-29 02:31:15,Failed
5618,547,72,PayPal,1920.7,EUR,2025-02-17 02:31:15,Successful
5619,547,208,PayPal,3504.74,THB,2024-11-18 02:31:15,Pending
5620,547,228,Credit Card,850.43,EUR,2025-07-13 02:31:15,Pending
5621,547,293,Debit Card,812.95,EUR,2025-05-10 02:31:15,Successful
5622,547,254,Bank Transfer,4062.74,USD,2024-12-29 02:31:15,Pending
5623,547,280,Debit Card,1681.09,USD,2024-12-14 02:31:15,Pending
5624,547,39,PayPal,4177.15,JPY,2025-08-02 02:31:15,Successful
5625,547,211,Debit Card,3562.68,JPY,2025-10-13 02:31:15,Successful
5626,547,269,Bank Transfer,1243.03,EUR,2025-05-02 02:31:15,Failed
5627,547,241,Credit Card,4141.59,EUR,2025-05-23 02:31:15,Successful
5628,547,166,Credit Card,1638.36,THB,2025-10-06 02:31:15,Pending
5629,547,290,Debit Card,142.52,JPY,2024-12-30 02:31:15,Failed
5630,547,245,PayPal,3898.33,USD,2024-12-03 02:31:15,Pending
5631,547,143,Bank Transfer,3509.24,EUR,2025-04-30 02:31:15,Pending
5632,547,208,Bank Transfer,764.5,EUR,2025-10-16 02:31:15,Pending
5633,547,189,Debit Card,3542.83,JPY,2025-02-27 02:31:15,Pending
5634,547,294,Debit Card,1710.25,USD,2025-04-01 02:31:15,Failed
5635,548,189,Credit Card,426.06,THB,2025-07-14 02:31:15,Pending
5636,548,240,Bank Transfer,1041.34,JPY,2025-03-15 02:31:15,Successful
5637,548,207,Bank Transfer,3492.81,USD,2025-03-01 02:31:15,Pending
5638,549,148,Debit Card,3562.4,USD,2024-11-05 02:31:15,Successful
5639,549,93,PayPal,749.76,THB,2024-12-06 02:31:15,Successful
5640,549,37,PayPal,560.88,THB,2025-10-01 02:31:15,Failed
5641,549,289,Debit Card,1005.65,THB,2025-03-24 02:31:15,Failed
5642,550,217,PayPal,4518.76,USD,2025-01-27 02:31:15,Successful
5643,550,207,PayPal,1521.93,THB,2025-06-03 02:31:15,Pending
5644,550,291,PayPal,860.98,USD,2025-08-13 02:31:15,Pending
5645,551,269,PayPal,1298.79,EUR,2025-10-29 02:31:15,Pending
5646,551,214,PayPal,2252.17,EUR,2024-11-07 02:31:15,Successful
5647,551,39,Credit Card,3374.71,JPY,2024-11-30 02:31:15,Successful
5648,551,224,PayPal,2140.99,EUR,2025-10-28 02:31:15,Pending
5649,551,215,PayPal,604.95,JPY,2025-05-06 02:31:15,Successful
5650,551,207,Credit Card,4496.55,JPY,2025-10-13 02:31:15,Failed
5651,551,264,PayPal,4171.01,THB,2025-06-01 02:31:15,Failed
5652,551,289,Credit Card,3453.45,USD,2025-02-14 02:31:15,Successful
5653,551,254,Bank Transfer,4314.38,USD,2025-10-19 02:31:15,Pending
5654,551,95,Debit Card,1659.7,EUR,2024-12-21 02:31:15,Failed
5655,551,259,Debit Card,3771.81,THB,2025-10-14 02:31:15,Pending
5656,551,189,Debit Card,1285.12,JPY,2024-11-02 02:31:15,Failed
5657,551,37,Bank Transfer,2957.12,JPY,2024-12-29 02:31:15,Successful
5658,551,290,Debit Card,2892.25,THB,2025-07-06 02:31:15,Pending
5659,551,207,Bank Transfer,557.03,EUR,2025-09-15 02:31:15,Successful
5660,552,204,Debit Card,3083.27,USD,2024-12-18 02:31:15,Successful
5661,552,224,PayPal,721.4,THB,2025-06-04 02:31:15,Successful
5662,552,261,Bank Transfer,2180.74,THB,2025-02-12 02:31:15,Pending
5663,552,104,Debit Card,1423.78,THB,2025-07-21 02:31:15,Failed
5664,552,284,Debit Card,4766.13,EUR,2025-07-18 02:31:15,Failed
5665,552,111,PayPal,602.39,JPY,2025-03-23 02:31:15,Pending
5666,552,281,PayPal,3685.11,JPY,2025-04-30 02:31:15,Failed
5667,552,21,Debit Card,1492.97,THB,2025-04-19 02:31:15,Pending
5668,552,165,Debit Card,2816.98,EUR,2025-10-22 02:31:15,Failed
5669,553,227,PayPal,1100.59,USD,2025-01-10 02:31:15,Failed
5670,553,249,Debit Card,4873.0,EUR,2024-12-25 02:31:15,Failed
5671,554,272,Bank Transfer,4233.29,USD,2025-06-27 02:31:15,Pending
5672,554,228,Bank Transfer,4052.68,JPY,2025-06-09 02:31:15,Failed
5673,554,97,Debit Card,1681.31,USD,2025-03-06 02:31:15,Failed
5674,554,221,PayPal,319.53,JPY,2025-08-30 02:31:15,Pending
5675,554,276,Debit Card,122.2,EUR,2025-06-14 02:31:15,Successful
5676,554,165,Bank Transfer,1140.11,EUR,2025-06-09 02:31:15,Pending
5677,554,35,Bank Transfer,3368.11,JPY,2025-03-26 02:31:15,Failed
5678,554,261,PayPal,2339.23,JPY,2024-11-08 02:31:15,Successful
5679,555,210,Bank Transfer,3531.37,USD,2025-03-25 02:31:15,Pending
5680,555,189,Credit Card,516.52,EUR,2024-12-18 02:31:15,Failed
5681,555,156,Credit Card,495.89,THB,2025-02-06 02:31:15,Failed
5682,555,245,Bank Transfer,602.88,JPY,2025-03-01 02:31:15,Failed
5683,555,104,Bank Transfer,2217.46,EUR,2025-11-01 02:31:15,Pending
5684,555,250,PayPal,475.21,JPY,2025-10-22 02:31:15,Pending
5685,555,278,Credit Card,1983.36,EUR,2025-06-21 02:31:15,Pending
5686,555,284,Debit Card,1101.61,THB,2025-04-27 02:31:15,Pending
5687,555,143,Bank Transfer,2919.87,EUR,2025-10-23 02:31:15,Failed
5688,555,268,PayPal,3821.4,USD,2024-12-06 02:31:15,Failed
5689,555,121,Bank Transfer,2101.79,THB,2025-02-26 02:31:15,Failed
5690,555,280,PayPal,323.25,EUR,2025-08-02 02:31:15,Pending
5691,555,123,Bank Transfer,453.29,THB,2025-05-16 02:31:15,Failed
5692,555,274,Credit Card,1573.25,USD,2025-08-27 02:31:15,Failed
5693,555,206,Credit Card,4903.65,THB,2025-01-30 02:31:15,Failed
5694,555,240,Bank Transfer,2196.38,THB,2025-04-23 02:31:15,Failed
5695,555,211,Credit Card,3183.01,THB,2025-02-10 02:31:15,Pending
5696,555,280,PayPal,2907.55,JPY,2025-01-19 02:31:15,Successful
5697,555,261,Bank Transfer,1059.73,EUR,2025-07-11 02:31:15,Successful
5698,555,230,Credit Card,206.5,USD,2025-08-21 02:31:15,Failed
5699,555,280,Bank Transfer,3045.3,USD,2024-12-24 02:31:15,Pending
5700,556,221,Debit Card,107.52,EUR,2024-12-07 02:31:15,Pending
5701,556,268,PayPal,822.41,JPY,2025-03-11 02:31:15,Failed
5702,556,215,Bank Transfer,3819.03,USD,2025-07-14 02:31:15,Failed
5703,556,116,PayPal,2133.27,USD,2025-07-25 02:31:15,Pending
5704,557,157,Bank Transfer,1156.6,EUR,2024-11-18 02:31:15,Failed
5705,557,4,Debit Card,3181.45,EUR,2025-04-09 02:31:15,Pending
5706,557,281,Bank Transfer,3761.32,THB,2025-07-05 02:31:15,Successful
5707,557,300,Credit Card,3403.9,THB,2025-07-24 02:31:15,Successful
5708,558,228,PayPal,2254.75,JPY,2025-09-17 02:31:15,Failed
5709,558,219,Credit Card,2297.62,THB,2025-08-30 02:31:15,Failed
5710,558,256,PayPal,1471.71,EUR,2025-03-10 02:31:15,Failed
5711,558,213,Bank Transfer,947.99,JPY,2025-08-24 02:31:15,Failed
5712,558,281,Debit Card,4721.68,JPY,2025-01-30 02:31:15,Failed
5713,558,226,Credit Card,2596.26,JPY,2025-02-21 02:31:15,Failed
5714,558,235,Bank Transfer,4834.32,EUR,2024-12-23 02:31:15,Failed
5715,558,215,PayPal,3285.31,EUR,2025-02-17 02:31:15,Pending
5716,559,93,PayPal,777.85,EUR,2025-07-27 02:31:15,Failed
5717,559,203,Bank Transfer,3957.34,USD,2025-07-02 02:31:15,Failed
5718,559,276,Bank Transfer,2382.08,JPY,2025-06-10 02:31:15,Successful
5719,559,228,PayPal,4373.38,USD,2025-03-01 02:31:15,Failed
5720,559,207,Bank Transfer,1837.99,EUR,2024-12-31 02:31:15,Failed
5721,559,246,PayPal,1078.63,USD,2025-09-24 02:31:15,Failed
5722,559,208,Bank Transfer,3856.0,THB,2025-10-02 02:31:15,Pending
5723,559,64,Credit Card,3964.96,USD,2025-01-13 02:31:15,Failed
5724,559,21,Credit Card,4001.91,EUR,2025-04-12 02:31:15,Failed
5725,559,214,Debit Card,1286.62,EUR,2025-06-20 02:31:15,Failed
5726,559,66,Debit Card,2674.14,EUR,2024-12-01 02:31:15,Pending
5727,559,37,Bank Transfer,1890.74,EUR,2025-08-01 02:31:15,Successful
5728,559,227,Debit Card,4713.28,JPY,2025-10-16 02:31:15,Pending
5729,559,37,Credit Card,4322.33,USD,2025-06-21 02:31:15,Failed
5730,560,125,Credit Card,4291.79,USD,2025-09-27 02:31:15,Successful
5731,560,287,Debit Card,4093.17,EUR,2025-03-31 02:31:15,Successful
5732,560,264,Credit Card,3040.03,JPY,2025-05-25 02:31:15,Successful
5733,560,198,Credit Card,2783.33,EUR,2025-02-17 02:31:15,Successful
5734,560,254,Bank Transfer,3959.02,EUR,2025-04-10 02:31:15,Failed
5735,560,253,Credit Card,1628.6,EUR,2025-03-06 02:31:15,Failed
5736,560,270,Bank Transfer,4624.25,JPY,2025-02-13 02:31:15,Failed
5737,560,298,Credit Card,1475.25,JPY,2025-01-07 02:31:15,Failed
5738,560,280,Bank Transfer,3388.95,JPY,2025-01-25 02:31:15,Successful
5739,560,279,Credit Card,3727.83,THB,2025-04-27 02:31:15,Failed
5740,560,276,PayPal,4891.96,EUR,2025-10-24 02:31:15,Pending
5741,560,269,Credit Card,1453.51,THB,2024-11-07 02:31:15,Successful
5742,560,242,Debit Card,117.68,THB,2025-01-11 02:31:15,Pending
5743,560,95,Debit Card,2532.26,EUR,2025-10-24 02:31:15,Failed
5744,561,284,PayPal,4207.06,THB,2024-12-17 02:31:15,Pending
5745,561,35,Bank Transfer,956.2,THB,2025-09-28 02:31:15,Failed
5746,561,37,Credit Card,1837.31,THB,2025-09-17 02:31:15,Pending
5747,561,239,Bank Transfer,1942.87,EUR,2025-02-26 02:31:15,Failed
5748,561,225,Bank Transfer,4351.31,THB,2025-01-23 02:31:15,Pending
5749,561,271,Credit Card,1341.32,EUR,2025-08-08 02:31:15,Failed
5750,561,251,Bank Transfer,1566.24,EUR,2025-08-28 02:31:15,Successful
5751,561,148,Debit Card,1703.84,EUR,2025-06-10 02:31:15,Successful
5752,561,4,Credit Card,4657.11,THB,2025-07-09 02:31:15,Pending
5753,561,139,Bank Transfer,3261.18,EUR,2025-09-20 02:31:15,Pending
5754,561,251,Bank Transfer,2126.74,JPY,2025-03-01 02:31:15,Failed
5755,561,297,Credit Card,1098.56,THB,2025-04-28 02:31:15,Successful
5756,561,207,Debit Card,142.45,EUR,2025-02-11 02:31:15,Failed
5757,561,240,Debit Card,1410.93,JPY,2025-05-23 02:31:15,Pending
5758,561,127,Credit Card,1811.38,EUR,2024-12-10 02:31:15,Successful
5759,561,264,Credit Card,2495.9,EUR,2025-05-10 02:31:15,Pending
5760,561,221,Credit Card,4063.34,EUR,2024-11-05 02:31:15,Pending
5761,562,229,Credit Card,4591.7,JPY,2025-05-16 02:31:15,Failed
5762,562,294,Credit Card,1946.27,EUR,2024-12-19 02:31:15,Successful
5763,562,296,Debit Card,2736.38,USD,2025-01-05 02:31:15,Successful
5764,563,93,PayPal,2709.22,USD,2025-01-25 02:31:15,Pending
5765,564,255,Credit Card,3688.46,THB,2025-02-02 02:31:15,Successful
5766,564,188,PayPal,4344.13,THB,2025-06-22 02:31:15,Successful
5767,564,225,Debit Card,1627.61,THB,2025-09-10 02:31:15,Pending
5768,564,256,PayPal,2913.74,THB,2025-10-06 02:31:15,Pending
5769,564,237,Credit Card,949.61,EUR,2025-08-14 02:31:15,Failed
5770,564,293,Debit Card,1546.44,USD,2025-06-03 02:31:15,Pending
5771,564,289,Bank Transfer,531.79,THB,2025-09-20 02:31:15,Failed
5772,564,274,PayPal,1875.97,USD,2025-09-30 02:31:15,Failed
5773,564,208,Debit Card,291.06,USD,2025-05-28 02:31:15,Failed
5774,564,271,Credit Card,2303.92,USD,2024-11-23 02:31:15,Pending
5775,564,242,Credit Card,4479.15,JPY,2025-05-01 02:31:15,Pending
5776,565,139,PayPal,3351.85,EUR,2025-05-22 02:31:15,Failed
5777,565,64,Bank Transfer,3732.97,JPY,2025-07-03 02:31:15,Pending
5778,565,206,PayPal,1695.13,EUR,2025-09-01 02:31:15,Pending
5779,565,50,Debit Card,3028.42,USD,2025-08-21 02:31:15,Failed
5780,565,283,PayPal,1772.09,USD,2025-04-02 02:31:15,Failed
5781,565,7,Credit Card,4681.18,USD,2025-10-21 02:31:15,Failed
5782,565,227,Credit Card,4596.82,JPY,2024-12-08 02:31:15,Failed
5783,565,251,Credit Card,184.62,THB,2025-08-12 02:31:15,Pending
5784,565,258,PayPal,756.59,USD,2025-04-08 02:31:15,Pending
5785,565,238,Debit Card,2145.28,THB,2025-08-16 02:31:15,Pending
5786,565,216,Credit Card,3200.82,JPY,2025-05-03 02:31:15,Pending
5787,565,241,Bank Transfer,935.45,JPY,2024-12-20 02:31:15,Pending
5788,565,215,Bank Transfer,4777.56,USD,2025-02-04 02:31:15,Successful
5789,565,289,PayPal,2533.19,USD,2025-10-31 02:31:15,Successful
5790,566,223,PayPal,2886.65,THB,2024-11-28 02:31:15,Pending
5791,566,259,PayPal,2512.16,THB,2025-01-23 02:31:15,Pending
5792,566,233,Bank Transfer,340.87,THB,2025-08-13 02:31:15,Successful
5793,566,161,Credit Card,328.47,JPY,2025-06-18 02:31:15,Pending
5794,566,239,PayPal,3116.85,THB,2025-06-24 02:31:15,Successful
5795,567,216,Bank Transfer,4702.45,THB,2024-12-24 02:31:15,Failed
5796,567,201,Credit Card,1546.68,THB,2025-10-10 02:31:15,Failed
5797,567,64,Credit Card,3561.84,THB,2024-12-13 02:31:15,Pending
5798,567,228,Bank Transfer,178.08,JPY,2025-10-10 02:31:15,Failed
5799,567,276,Credit Card,950.16,THB,2025-06-20 02:31:15,Successful
5800,568,101,Bank Transfer,3937.56,EUR,2025-03-02 02:31:15,Failed
5801,568,165,Bank Transfer,4777.63,JPY,2024-11-12 02:31:15,Pending
5802,568,201,PayPal,304.12,USD,2025-06-23 02:31:15,Successful
5803,568,222,PayPal,2234.69,EUR,2025-07-20 02:31:15,Successful
5804,568,254,Credit Card,4512.84,EUR,2024-12-15 02:31:15,Failed
5805,568,271,Bank Transfer,4045.77,THB,2025-02-11 02:31:15,Pending
5806,568,263,Bank Transfer,2701.13,JPY,2025-04-20 02:31:15,Failed
5807,568,268,Bank Transfer,3516.56,THB,2025-09-25 02:31:15,Successful
5808,568,241,Bank Transfer,3329.11,USD,2025-04-02 02:31:15,Pending
5809,569,289,Debit Card,4436.74,THB,2025-01-03 02:31:15,Successful
5810,569,230,Credit Card,4962.22,THB,2025-01-21 02:31:15,Failed
5811,569,228,Credit Card,4618.31,JPY,2025-01-04 02:31:15,Failed
5812,569,201,Bank Transfer,4522.5,USD,2025-01-10 02:31:15,Pending
5813,569,225,Credit Card,1150.16,USD,2025-07-18 02:31:15,Failed
5814,570,255,Credit Card,3823.65,EUR,2025-02-08 02:31:15,Pending
5815,570,230,PayPal,3676.28,THB,2025-01-14 02:31:15,Failed
5816,570,228,PayPal,459.75,USD,2025-06-22 02:31:15,Failed
5817,570,201,Credit Card,4789.46,THB,2025-05-28 02:31:15,Failed
5818,570,105,Debit Card,2847.89,EUR,2025-09-15 02:31:15,Pending
5819,570,248,Bank Transfer,2423.74,USD,2025-01-17 02:31:15,Failed
5820,571,139,Debit Card,717.86,JPY,2025-02-22 02:31:15,Successful
5821,571,251,PayPal,4336.2,JPY,2024-12-16 02:31:15,Pending
5822,571,260,Bank Transfer,4190.09,EUR,2025-04-21 02:31:15,Pending
5823,571,217,Debit Card,3005.71,THB,2025-04-27 02:31:15,Pending
5824,571,228,Debit Card,4375.92,THB,2025-02-05 02:31:15,Successful
5825,571,287,Credit Card,3824.67,USD,2025-02-05 02:31:15,Successful
5826,571,263,Debit Card,1302.8,THB,2025-10-11 02:31:15,Failed
5827,571,240,PayPal,2192.76,EUR,2024-11-18 02:31:15,Failed
5828,571,263,Bank Transfer,4542.57,JPY,2025-02-17 02:31:15,Successful
5829,571,206,Bank Transfer,1464.86,THB,2025-03-01 02:31:15,Failed
5830,571,272,PayPal,2915.21,JPY,2025-05-14 02:31:15,Successful
5831,571,248,Credit Card,1232.15,THB,2025-09-21 02:31:15,Failed
5832,571,286,PayPal,4496.39,EUR,2024-12-29 02:31:15,Pending
5833,572,189,Debit Card,4626.45,JPY,2025-06-14 02:31:15,Pending
5834,572,256,Bank Transfer,4830.3,USD,2024-11-15 02:31:15,Successful
5835,572,177,PayPal,4856.59,JPY,2024-11-16 02:31:15,Successful
5836,572,209,Bank Transfer,2274.44,USD,2024-12-03 02:31:15,Successful
5837,572,298,Bank Transfer,2179.56,EUR,2025-07-10 02:31:15,Failed
5838,572,268,Bank Transfer,1842.4,EUR,2025-09-26 02:31:15,Failed
5839,572,228,Bank Transfer,1622.33,USD,2024-12-23 02:31:15,Failed
5840,572,280,Bank Transfer,2694.0,JPY,2025-07-03 02:31:15,Pending
5841,572,297,Credit Card,4576.22,USD,2025-01-16 02:31:15,Successful
5842,572,201,PayPal,3708.35,THB,2025-10-01 02:31:15,Successful
5843,572,24,Bank Transfer,3942.99,USD,2025-09-19 02:31:15,Pending
5844,572,255,PayPal,2920.48,THB,2025-08-05 02:31:15,Failed
5845,573,260,Debit Card,718.64,EUR,2025-01-28 02:31:15,Pending
5846,573,280,Debit Card,1596.02,THB,2025-03-01 02:31:15,Failed
5847,573,300,Bank Transfer,2811.16,EUR,2025-03-23 02:31:15,Pending
5848,573,226,Credit Card,4779.1,USD,2025-06-14 02:31:15,Successful
5849,573,209,Debit Card,1063.02,EUR,2025-01-22 02:31:15,Successful
5850,573,291,Credit Card,4208.68,EUR,2025-07-12 02:31:15,Failed
5851,573,258,Debit Card,1936.17,JPY,2025-04-11 02:31:15,Pending
5852,573,280,Bank Transfer,611.2,EUR,2025-05-18 02:31:15,Failed
5853,573,299,PayPal,2142.46,USD,2025-05-09 02:31:15,Successful
5854,573,261,Debit Card,4473.23,USD,2024-12-22 02:31:15,Failed
5855,573,254,Bank Transfer,4293.38,JPY,2024-12-12 02:31:15,Pending
5856,573,202,Debit Card,2529.29,USD,2024-12-14 02:31:15,Failed
5857,573,288,Debit Card,2035.93,EUR,2024-12-17 02:31:15,Pending
5858,573,207,Credit Card,624.72,THB,2024-11-03 02:31:15,Pending
5859,573,201,PayPal,2102.96,THB,2025-02-18 02:31:15,Failed
5860,573,217,Credit Card,936.49,USD,2025-05-03 02:31:15,Failed
5861,573,127,Debit Card,2829.71,USD,2024-11-22 02:31:15,Failed
5862,573,210,Bank Transfer,1766.9,EUR,2025-01-24 02:31:15,Successful
5863,573,229,Credit Card,4579.51,JPY,2025-07-31 02:31:15,Failed
5864,573,213,PayPal,1165.97,EUR,2025-04-12 02:31:15,Failed
5865,573,252,PayPal,1514.0,JPY,2025-10-31 02:31:15,Failed
5866,573,230,Credit Card,4172.83,EUR,2025-09-20 02:31:15,Pending
5867,573,257,Credit Card,3075.03,USD,2025-03-13 02:31:15,Failed
5868,573,95,PayPal,1914.59,THB,2025-01-12 02:31:15,Pending
5869,573,265,PayPal,1564.78,EUR,2024-12-27 02:31:15,Successful
5870,573,199,PayPal,1109.44,USD,2025-03-27 02:31:15,Failed
5871,573,273,Debit Card,2648.07,THB,2025-02-10 02:31:15,Pending
5872,573,64,PayPal,3348.52,JPY,2025-06-15 02:31:15,Failed
5873,573,209,Bank Transfer,2228.43,JPY,2025-05-22 02:31:15,Pending
5874,573,268,Credit Card,2458.9,EUR,2025-05-19 02:31:15,Failed
5875,573,278,PayPal,3278.35,THB,2024-12-10 02:31:15,Failed
5876,573,139,Debit Card,4921.55,JPY,2025-01-31 02:31:15,Failed
5877,573,217,Bank Transfer,599.06,JPY,2025-01-17 02:31:15,Successful
5878,573,297,Debit Card,3657.03,EUR,2024-12-23 02:31:15,Successful
5879,573,290,Bank Transfer,2084.09,THB,2025-06-02 02:31:15,Successful
5880,573,273,PayPal,1131.49,JPY,2025-03-08 02:31:15,Successful
5881,573,271,Credit Card,3353.55,USD,2025-08-30 02:31:15,Failed
5882,573,300,PayPal,2365.48,THB,2025-06-07 02:31:15,Pending
5883,573,72,PayPal,1277.92,USD,2024-11-29 02:31:15,Failed
5884,573,245,Bank Transfer,754.11,EUR,2025-04-28 02:31:15,Failed
5885,573,269,PayPal,2066.33,USD,2025-07-10 02:31:15,Failed
5886,573,29,PayPal,3275.97,JPY,2025-05-27 02:31:15,Successful
5887,573,157,Bank Transfer,2716.44,EUR,2025-03-07 02:31:15,Successful
5888,573,188,PayPal,843.08,THB,2025-01-31 02:31:15,Failed
5889,573,208,PayPal,1812.64,USD,2024-11-21 02:31:15,Pending
5890,573,127,PayPal,2481.32,EUR,2025-02-25 02:31:15,Failed
5891,573,240,Credit Card,3302.74,JPY,2025-10-10 02:31:15,Successful
5892,573,107,PayPal,3177.54,USD,2025-07-25 02:31:15,Failed
5893,573,228,Debit Card,1267.85,EUR,2025-03-19 02:31:15,Successful
5894,573,274,PayPal,189.39,USD,2025-06-26 02:31:15,Failed
5895,573,29,Bank Transfer,3204.63,USD,2025-06-24 02:31:15,Pending
5896,573,247,Bank Transfer,3380.26,JPY,2024-11-11 02:31:15,Successful
5897,573,116,PayPal,709.98,EUR,2024-11-01 02:31:15,Failed
5898,574,276,PayPal,4974.0,THB,2025-02-19 02:31:15,Failed
5899,574,271,PayPal,3598.03,JPY,2025-10-14 02:31:15,Successful
5900,574,174,Bank Transfer,224.45,JPY,2025-09-11 02:31:15,Successful
5901,574,105,Credit Card,2354.57,USD,2024-11-29 02:31:15,Successful
5902,574,248,Credit Card,2247.81,USD,2025-04-19 02:31:15,Failed
5903,574,209,PayPal,2915.66,JPY,2025-01-27 02:31:15,Failed
5904,574,64,Debit Card,4726.38,EUR,2025-05-25 02:31:15,Pending
5905,574,143,Credit Card,2049.56,THB,2025-09-06 02:31:15,Pending
5906,574,281,PayPal,2933.67,THB,2024-11-26 02:31:15,Pending
5907,574,245,Bank Transfer,2281.33,THB,2025-05-05 02:31:15,Successful
5908,574,271,Bank Transfer,2485.35,THB,2025-04-27 02:31:15,Pending
5909,574,234,PayPal,3545.83,JPY,2025-10-09 02:31:15,Failed
5910,574,214,Credit Card,2326.83,THB,2025-02-01 02:31:15,Pending
5911,574,101,Debit Card,1423.44,USD,2025-07-15 02:31:15,Successful
5912,574,161,PayPal,4119.34,THB,2024-12-23 02:31:15,Successful
5913,574,287,Credit Card,1433.31,USD,2024-12-27 02:31:15,Failed
5914,574,206,PayPal,908.35,EUR,2024-12-22 02:31:15,Successful
5915,574,244,Bank Transfer,2085.42,THB,2025-05-25 02:31:15,Failed
5916,575,97,Bank Transfer,2263.98,USD,2024-11-11 02:31:15,Failed
5917,575,230,Credit Card,1060.48,USD,2024-11-26 02:31:15,Successful
5918,575,72,Bank Transfer,3400.37,THB,2025-04-29 02:31:15,Pending
5919,575,161,Bank Transfer,4233.06,THB,2025-04-16 02:31:15,Successful
5920,575,282,Debit Card,4874.12,EUR,2025-08-01 02:31:15,Pending
5921,575,237,Bank Transfer,1262.69,JPY,2025-01-03 02:31:15,Failed
5922,575,35,Credit Card,793.3,JPY,2025-03-27 02:31:15,Pending
5923,575,121,Credit Card,533.46,THB,2024-11-22 02:31:15,Successful
5924,575,256,Debit Card,4004.14,THB,2025-09-24 02:31:15,Failed
5925,576,264,Debit Card,1679.13,THB,2025-04-22 02:31:15,Successful
5926,576,228,Credit Card,2969.35,THB,2025-05-15 02:31:15,Pending
5927,576,270,PayPal,2032.14,EUR,2025-03-15 02:31:15,Failed
5928,576,256,PayPal,1949.96,EUR,2024-11-08 02:31:15,Successful
5929,576,281,Debit Card,1936.44,EUR,2025-06-11 02:31:15,Failed
5930,576,240,Credit Card,635.94,USD,2024-11-14 02:31:15,Pending
5931,576,284,PayPal,518.11,JPY,2025-03-16 02:31:15,Successful
5932,576,219,Credit Card,3467.03,THB,2025-10-03 02:31:15,Successful
5933,576,288,Credit Card,3481.08,THB,2025-03-19 02:31:15,Pending
5934,576,209,Bank Transfer,2613.66,USD,2025-01-31 02:31:15,Failed
5935,576,287,Bank Transfer,4701.59,EUR,2025-04-20 02:31:15,Pending
5936,576,227,Debit Card,912.48,USD,2025-06-21 02:31:15,Pending
5937,576,197,Debit Card,1071.8,EUR,2025-06-18 02:31:15,Successful
5938,576,247,Credit Card,645.33,JPY,2025-08-07 02:31:15,Pending
5939,576,257,Debit Card,4565.95,USD,2025-07-24 02:31:15,Successful
5940,576,72,Bank Transfer,4404.4,JPY,2025-06-05 02:31:15,Failed
5941,576,97,Bank Transfer,326.43,USD,2025-03-31 02:31:15,Pending
5942,576,267,Bank Transfer,2233.9,THB,2025-03-08 02:31:15,Failed
5943,576,105,Debit Card,3728.27,EUR,2025-10-31 02:31:15,Failed
5944,576,220,Bank Transfer,3305.61,USD,2024-12-11 02:31:15,Failed
5945,576,111,Debit Card,4796.46,JPY,2025-08-18 02:31:15,Successful
5946,576,37,PayPal,2773.44,JPY,2025-01-18 02:31:15,Successful
5947,576,81,PayPal,604.59,JPY,2025-01-11 02:31:15,Successful
5948,576,216,Credit Card,1208.32,THB,2025-04-17 02:31:15,Failed
5949,576,260,PayPal,3999.64,EUR,2024-12-22 02:31:15,Failed
5950,576,229,Bank Transfer,1562.7,USD,2025-04-10 02:31:15,Successful
5951,576,228,PayPal,3617.83,THB,2024-12-25 02:31:15,Pending
5952,576,267,Credit Card,1995.83,EUR,2025-01-14 02:31:15,Successful
5953,577,23,Bank Transfer,3261.35,THB,2025-06-02 02:31:15,Successful
5954,577,161,PayPal,4090.32,USD,2024-11-05 02:31:15,Pending
5955,577,239,Bank Transfer,3445.12,USD,2025-01-23 02:31:15,Successful
5956,577,261,PayPal,2837.4,USD,2025-07-28 02:31:15,Failed
5957,577,37,Debit Card,2939.93,JPY,2025-10-27 02:31:15,Failed
5958,577,229,PayPal,958.24,EUR,2025-06-28 02:31:15,Successful
5959,577,271,Debit Card,3224.32,JPY,2025-08-23 02:31:15,Failed
5960,578,271,Debit Card,2067.49,USD,2025-08-22 02:31:15,Successful
5961,578,201,Credit Card,2174.87,USD,2025-01-24 02:31:15,Pending
5962,578,174,Bank Transfer,1897.51,EUR,2025-02-11 02:31:15,Successful
5963,578,248,Debit Card,4337.71,THB,2025-07-23 02:31:15,Failed
5964,578,230,Debit Card,3804.43,EUR,2025-07-26 02:31:15,Pending
5965,578,221,Credit Card,120.88,EUR,2025-03-17 02:31:15,Successful
5966,578,217,PayPal,4271.29,JPY,2025-05-26 02:31:15,Failed
5967,578,93,PayPal,1949.17,THB,2024-11-13 02:31:15,Pending
5968,578,123,PayPal,698.38,THB,2025-09-21 02:31:15,Failed
5969,578,211,Credit Card,4546.0,USD,2025-08-16 02:31:15,Pending
5970,578,245,Debit Card,1028.05,EUR,2025-04-27 02:31:15,Pending
5971,578,298,Bank Transfer,2874.68,USD,2025-07-12 02:31:15,Failed
5972,578,111,Bank Transfer,589.83,JPY,2025-09-21 02:31:15,Failed
5973,578,223,Credit Card,1042.0,EUR,2025-04-05 02:31:15,Pending
5974,578,210,Bank Transfer,4547.02,EUR,2025-09-25 02:31:15,Successful
5975,578,256,PayPal,4559.37,JPY,2025-10-30 02:31:15,Failed
5976,579,148,Credit Card,4819.56,EUR,2025-01-29 02:31:15,Successful
5977,579,174,PayPal,1123.29,JPY,2025-04-18 02:31:15,Pending
5978,579,299,PayPal,664.99,JPY,2025-04-09 02:31:15,Failed
5979,579,95,Bank Transfer,4341.78,JPY,2025-10-01 02:31:15,Successful
5980,579,121,Bank Transfer,1471.1,EUR,2025-05-19 02:31:15,Pending
5981,579,259,Bank Transfer,3413.98,THB,2025-09-22 02:31:15,Pending
5982,579,256,Bank Transfer,3825.49,USD,2025-07-08 02:31:15,Successful
5983,580,298,Debit Card,1394.56,JPY,2025-03-15 02:31:15,Failed
5984,580,260,Bank Transfer,4491.07,EUR,2025-05-11 02:31:15,Successful
5985,580,206,Credit Card,1580.75,EUR,2025-02-01 02:31:15,Successful
5986,580,229,PayPal,3534.46,JPY,2025-07-13 02:31:15,Successful
5987,580,213,Credit Card,4955.05,JPY,2025-10-22 02:31:15,Failed
5988,580,140,PayPal,894.77,USD,2025-03-14 02:31:15,Pending
5989,580,228,PayPal,4106.38,EUR,2025-03-02 02:31:15,Failed
5990,580,101,Credit Card,615.41,USD,2025-02-27 02:31:15,Pending
5991,580,44,Bank Transfer,2021.8,JPY,2025-04-30 02:31:15,Failed
5992,580,272,PayPal,2149.81,JPY,2025-08-17 02:31:15,Pending
5993,580,202,Bank Transfer,843.33,JPY,2024-11-17 02:31:15,Pending
5994,580,297,Debit Card,1550.61,EUR,2025-06-17 02:31:15,Pending
5995,580,235,Credit Card,3815.24,USD,2024-12-25 02:31:15,Pending
5996,581,21,PayPal,4787.53,JPY,2025-02-04 02:31:15,Failed
5997,581,225,Bank Transfer,155.9,JPY,2025-04-21 02:31:15,Pending
5998,581,237,Debit Card,4618.63,JPY,2025-09-28 02:31:15,Successful
5999,581,265,Debit Card,4664.29,JPY,2025-10-15 02:31:15,Pending
6000,582,228,Bank Transfer,4427.44,JPY,2025-03-22 02:31:15,Pending
6001,582,258,PayPal,2395.1,THB,2025-01-14 02:31:15,Pending
6002,582,245,Bank Transfer,807.14,THB,2025-02-20 02:31:15,Failed
6003,582,39,Debit Card,4408.77,JPY,2025-09-27 02:31:15,Pending
6004,582,232,Credit Card,370.35,JPY,2025-07-02 02:31:15,Failed
6005,582,296,Credit Card,737.08,JPY,2025-08-05 02:31:15,Successful
6006,582,212,Credit Card,2093.65,THB,2025-06-07 02:31:15,Successful
6007,582,246,Debit Card,1235.96,THB,2025-10-06 02:31:15,Successful
6008,582,35,Debit Card,3122.23,THB,2025-06-25 02:31:15,Failed
6009,582,264,Bank Transfer,210.53,JPY,2024-11-04 02:31:15,Successful
6010,582,236,Bank Transfer,2873.39,EUR,2024-11-04 02:31:15,Successful
6011,582,288,Credit Card,2054.25,EUR,2024-12-01 02:31:15,Successful
6012,582,253,Debit Card,1771.02,JPY,2025-05-20 02:31:15,Successful
6013,582,132,PayPal,542.69,EUR,2025-06-30 02:31:15,Failed
6014,582,282,Credit Card,261.73,JPY,2025-06-19 02:31:15,Failed
6015,582,246,PayPal,1507.62,JPY,2025-05-11 02:31:15,Successful
6016,582,296,Credit Card,670.59,USD,2025-06-23 02:31:15,Successful
6017,582,271,PayPal,1815.31,EUR,2025-08-20 02:31:15,Pending
6018,582,209,Credit Card,1687.52,JPY,2025-04-05 02:31:15,Failed
6019,582,41,Debit Card,1889.3,USD,2025-03-01 02:31:15,Pending
6020,582,274,Bank Transfer,2798.18,JPY,2025-01-27 02:31:15,Failed
6021,582,285,Credit Card,3425.8,USD,2025-07-07 02:31:15,Pending
6022,582,256,Debit Card,927.04,THB,2025-09-24 02:31:15,Failed
6023,582,95,Credit Card,4519.63,USD,2024-12-18 02:31:15,Pending
6024,582,235,PayPal,2844.9,JPY,2025-07-18 02:31:15,Pending
6025,582,269,Debit Card,2745.73,JPY,2025-01-16 02:31:15,Pending
6026,582,254,Bank Transfer,881.45,JPY,2025-07-21 02:31:15,Pending
6027,582,247,Credit Card,1332.83,THB,2025-05-27 02:31:15,Pending
6028,582,249,PayPal,4006.3,THB,2025-01-10 02:31:15,Successful
6029,582,217,Bank Transfer,4587.0,JPY,2025-05-27 02:31:15,Failed
6030,582,280,Credit Card,2192.84,THB,2025-07-25 02:31:15,Successful
6031,583,221,Credit Card,2407.94,USD,2025-05-20 02:31:15,Successful
6032,583,251,Credit Card,976.11,JPY,2025-05-26 02:31:15,Failed
6033,583,50,Credit Card,835.31,USD,2025-08-18 02:31:15,Pending
6034,583,166,Debit Card,3680.05,USD,2025-09-20 02:31:15,Pending
6035,583,295,Bank Transfer,1868.18,EUR,2025-06-15 02:31:15,Successful
6036,583,240,Bank Transfer,1449.59,JPY,2024-12-19 02:31:15,Successful
6037,583,234,Credit Card,372.21,EUR,2025-04-08 02:31:15,Failed
6038,584,218,Debit Card,4384.79,EUR,2024-12-04 02:31:15,Pending
6039,584,265,Credit Card,3921.6,EUR,2025-08-06 02:31:15,Failed
6040,584,286,Bank Transfer,1339.03,THB,2025-10-06 02:31:15,Successful
6041,584,300,Bank Transfer,371.47,EUR,2025-06-05 02:31:15,Pending
6042,584,238,Debit Card,1088.15,EUR,2025-02-15 02:31:15,Failed
6043,584,276,Debit Card,4520.23,THB,2025-04-12 02:31:15,Pending
6044,584,66,Credit Card,2188.6,USD,2025-06-22 02:31:15,Failed
6045,584,189,Bank Transfer,4891.33,THB,2025-07-07 02:31:15,Successful
6046,584,265,Bank Transfer,2478.59,EUR,2024-11-27 02:31:15,Pending
6047,584,253,PayPal,2550.82,USD,2024-12-19 02:31:15,Pending
6048,584,206,Bank Transfer,134.14,EUR,2025-10-10 02:31:15,Pending
6049,584,295,Credit Card,2870.93,JPY,2024-12-25 02:31:15,Failed
6050,584,290,Debit Card,235.77,THB,2025-05-06 02:31:15,Successful
6051,584,259,Debit Card,326.48,THB,2025-01-24 02:31:15,Pending
6052,584,273,PayPal,719.01,THB,2024-11-06 02:31:15,Successful
6053,584,250,Bank Transfer,4224.71,EUR,2025-01-11 02:31:15,Pending
6054,585,217,Debit Card,3794.36,EUR,2025-02-16 02:31:15,Successful
6055,585,93,Credit Card,1783.99,EUR,2025-05-20 02:31:15,Successful
6056,585,267,Credit Card,2203.85,THB,2024-12-27 02:31:15,Pending
6057,585,235,Bank Transfer,508.08,THB,2025-10-23 02:31:15,Failed
6058,585,215,PayPal,4169.4,JPY,2025-05-31 02:31:15,Pending
6059,586,228,Credit Card,4975.1,EUR,2025-07-31 02:31:15,Failed
6060,586,228,Bank Transfer,4150.96,JPY,2025-08-12 02:31:15,Failed
6061,586,64,Debit Card,1794.55,USD,2025-02-10 02:31:15,Pending
6062,586,198,Debit Card,3496.19,THB,2025-06-01 02:31:15,Pending
6063,586,127,Bank Transfer,3665.32,THB,2024-12-06 02:31:15,Failed
6064,586,41,Bank Transfer,2452.08,EUR,2025-06-02 02:31:15,Successful
6065,586,208,PayPal,1068.01,EUR,2025-05-30 02:31:15,Pending
6066,586,283,Bank Transfer,2642.57,THB,2024-12-27 02:31:15,Failed
6067,586,285,PayPal,2435.11,EUR,2025-04-08 02:31:15,Pending
6068,586,242,PayPal,1191.72,USD,2025-08-13 02:31:15,Pending
6069,586,107,Credit Card,3838.21,THB,2025-06-16 02:31:15,Pending
6070,586,264,Credit Card,3239.47,THB,2025-06-04 02:31:15,Failed
6071,586,257,Bank Transfer,4808.94,USD,2025-10-07 02:31:15,Pending
6072,586,263,PayPal,146.47,USD,2025-04-01 02:31:15,Pending
6073,586,248,PayPal,2466.35,JPY,2025-04-03 02:31:15,Successful
6074,586,139,PayPal,4407.01,JPY,2025-04-20 02:31:15,Pending
6075,586,23,Debit Card,716.86,EUR,2025-01-01 02:31:15,Successful
6076,586,250,Credit Card,1182.04,THB,2025-10-05 02:31:15,Pending
6077,586,199,Credit Card,3617.38,EUR,2024-12-14 02:31:15,Successful
6078,586,228,Credit Card,3425.97,THB,2025-03-08 02:31:15,Successful
6079,586,280,Credit Card,4726.69,USD,2025-03-11 02:31:15,Successful
6080,586,203,Debit Card,2040.41,USD,2025-06-22 02:31:15,Failed
6081,586,253,PayPal,2163.41,USD,2025-10-27 02:31:15,Pending
6082,586,274,Credit Card,2656.35,THB,2024-12-24 02:31:15,Successful
6083,587,166,Debit Card,4896.57,EUR,2025-03-17 02:31:15,Failed
6084,587,300,Debit Card,873.78,THB,2024-12-05 02:31:15,Failed
6085,587,216,Bank Transfer,3453.52,JPY,2025-03-02 02:31:15,Successful
6086,587,228,PayPal,1321.06,USD,2025-08-07 02:31:15,Successful
6087,587,257,Bank Transfer,3868.83,THB,2025-05-31 02:31:15,Failed
6088,587,260,Debit Card,2073.15,USD,2025-10-11 02:31:15,Pending
6089,587,249,Debit Card,801.92,USD,2025-01-11 02:31:15,Successful
6090,587,252,Credit Card,2218.39,JPY,2025-04-07 02:31:15,Successful
6091,587,248,PayPal,1575.42,JPY,2025-02-17 02:31:15,Failed
6092,587,212,Debit Card,4225.97,EUR,2025-05-23 02:31:15,Failed
6093,587,265,Credit Card,3600.55,EUR,2025-08-03 02:31:15,Pending
6094,587,157,Debit Card,712.21,JPY,2024-12-30 02:31:15,Successful
6095,587,297,Credit Card,3700.07,JPY,2025-04-29 02:31:15,Failed
6096,587,266,Debit Card,3147.67,EUR,2025-07-06 02:31:15,Pending
6097,587,254,Bank Transfer,2978.66,EUR,2025-05-22 02:31:15,Successful
6098,587,244,Debit Card,3976.8,EUR,2025-08-04 02:31:15,Pending
6099,587,275,Bank Transfer,2833.89,THB,2025-05-14 02:31:15,Failed
6100,587,243,Debit Card,1315.79,USD,2025-07-11 02:31:15,Successful
6101,587,236,Credit Card,4677.84,THB,2025-06-13 02:31:15,Failed
6102,587,128,Debit Card,3182.45,THB,2025-10-07 02:31:15,Successful
6103,587,209,Debit Card,2173.19,USD,2025-08-02 02:31:15,Successful
6104,588,278,PayPal,3814.95,EUR,2025-10-21 02:31:15,Pending
6105,588,81,PayPal,1035.3,JPY,2025-08-13 02:31:15,Successful
6106,588,227,Debit Card,1227.74,USD,2025-05-20 02:31:15,Successful
6107,588,210,Bank Transfer,336.17,THB,2025-08-26 02:31:15,Failed
6108,588,249,Credit Card,4112.38,JPY,2024-11-04 02:31:15,Successful
6109,589,296,PayPal,4741.33,EUR,2025-02-01 02:31:15,Failed
6110,589,252,Credit Card,4039.46,EUR,2024-12-12 02:31:15,Pending
6111,589,263,Credit Card,1439.58,THB,2024-12-05 02:31:15,Pending
6112,589,197,PayPal,4736.89,JPY,2025-05-29 02:31:15,Successful
6113,590,273,Credit Card,3009.28,THB,2025-04-25 02:31:15,Failed
6114,590,269,Credit Card,744.82,THB,2025-02-13 02:31:15,Successful
6115,590,297,Bank Transfer,3876.4,USD,2025-01-05 02:31:15,Successful
6116,590,265,Debit Card,4129.25,EUR,2025-10-22 02:31:15,Failed
6117,590,248,Debit Card,3673.21,EUR,2024-12-24 02:31:15,Failed
6118,590,225,Credit Card,3120.7,JPY,2025-09-06 02:31:15,Failed
6119,590,101,Bank Transfer,4305.78,EUR,2025-05-02 02:31:15,Failed
6120,590,238,Credit Card,4481.27,JPY,2025-03-25 02:31:15,Successful
6121,590,233,Debit Card,4798.08,THB,2025-06-12 02:31:15,Failed
6122,590,177,Debit Card,185.5,JPY,2025-09-01 02:31:15,Pending
6123,590,157,Bank Transfer,757.23,USD,2024-11-23 02:31:15,Pending
6124,590,266,PayPal,4469.71,JPY,2025-07-03 02:31:15,Failed
6125,590,139,Debit Card,145.36,USD,2025-03-12 02:31:15,Failed
6126,590,293,Credit Card,1632.04,EUR,2025-08-15 02:31:15,Successful
6127,590,157,PayPal,3074.86,JPY,2025-02-18 02:31:15,Failed
6128,591,220,Bank Transfer,3018.67,JPY,2025-09-23 02:31:15,Failed
6129,591,257,Debit Card,3460.61,JPY,2025-10-20 02:31:15,Pending
6130,591,274,Credit Card,3751.3,USD,2025-09-07 02:31:15,Successful
6131,591,156,Credit Card,4590.66,JPY,2025-09-13 02:31:15,Successful
6132,591,66,Debit Card,3039.49,JPY,2025-02-12 02:31:15,Pending
6133,591,241,Credit Card,2735.94,THB,2025-10-13 02:31:15,Failed
6134,591,254,Bank Transfer,3316.57,JPY,2025-06-30 02:31:15,Pending
6135,591,238,Credit Card,2097.4,JPY,2024-11-04 02:31:15,Pending
6136,591,265,PayPal,534.12,EUR,2025-03-31 02:31:15,Pending
6137,591,254,Credit Card,4965.75,USD,2024-11-28 02:31:15,Pending
6138,591,127,Bank Transfer,1736.95,JPY,2025-01-20 02:31:15,Pending
6139,592,29,Debit Card,1962.95,THB,2025-02-06 02:31:15,Successful
6140,592,212,Credit Card,2447.92,THB,2024-11-01 02:31:15,Failed
6141,592,281,Debit Card,4138.2,USD,2024-11-22 02:31:15,Pending
6142,592,197,PayPal,2292.4,THB,2025-03-12 02:31:15,Successful
6143,592,228,PayPal,2157.88,USD,2025-03-08 02:31:15,Pending
6144,592,4,Debit Card,3663.04,USD,2025-02-01 02:31:15,Successful
6145,592,236,Credit Card,3866.37,JPY,2025-02-08 02:31:15,Pending
6146,592,210,PayPal,605.88,EUR,2025-05-08 02:31:15,Failed
6147,592,174,Debit Card,2117.11,USD,2025-06-21 02:31:15,Failed
6148,592,139,Bank Transfer,1390.83,USD,2025-03-24 02:31:15,Failed
6149,592,294,Bank Transfer,2302.26,USD,2025-01-18 02:31:15,Failed
6150,592,35,Bank Transfer,4476.76,USD,2025-03-29 02:31:15,Failed
6151,592,295,PayPal,2212.43,EUR,2024-11-24 02:31:15,Pending
6152,592,139,PayPal,4123.03,THB,2025-05-30 02:31:15,Successful
6153,592,210,Credit Card,2568.53,JPY,2025-07-17 02:31:15,Pending
6154,592,244,Debit Card,179.66,USD,2025-08-25 02:31:15,Failed
6155,592,287,PayPal,2199.76,THB,2025-07-02 02:31:15,Failed
6156,593,254,Bank Transfer,2462.34,THB,2025-10-23 02:31:15,Pending
6157,593,211,Debit Card,587.17,JPY,2024-11-14 02:31:15,Pending
6158,593,239,Bank Transfer,630.5,THB,2025-04-03 02:31:15,Successful
6159,593,238,PayPal,1487.54,JPY,2024-11-22 02:31:15,Successful
6160,593,273,Credit Card,4275.36,THB,2025-06-20 02:31:15,Pending
6161,593,230,Credit Card,778.63,EUR,2025-06-06 02:31:15,Failed
6162,593,247,PayPal,216.5,USD,2025-05-10 02:31:15,Failed
6163,593,283,Credit Card,2585.68,USD,2024-11-26 02:31:15,Pending
6164,593,208,Debit Card,2883.34,JPY,2025-04-10 02:31:15,Pending
6165,593,217,Bank Transfer,1260.82,JPY,2025-08-24 02:31:15,Failed
6166,593,258,Bank Transfer,577.24,THB,2025-10-26 02:31:15,Successful
6167,593,238,PayPal,1318.78,THB,2024-11-23 02:31:15,Successful
6168,593,264,Credit Card,246.55,USD,2025-06-05 02:31:15,Successful
6169,593,207,PayPal,871.2,EUR,2024-12-20 02:31:15,Successful
6170,594,253,Credit Card,2509.42,EUR,2025-09-08 02:31:15,Failed
6171,594,281,Bank Transfer,1639.05,EUR,2025-04-04 02:31:15,Failed
6172,594,273,Debit Card,2608.72,JPY,2024-11-12 02:31:15,Successful
6173,594,299,PayPal,588.9,JPY,2025-08-13 02:31:15,Successful
6174,594,242,PayPal,860.49,EUR,2024-12-13 02:31:15,Failed
6175,594,261,Credit Card,120.47,THB,2025-06-27 02:31:15,Successful
6176,594,207,Debit Card,1199.83,EUR,2025-10-13 02:31:15,Failed
6177,594,41,Bank Transfer,3743.43,JPY,2025-09-10 02:31:15,Successful
6178,594,29,PayPal,486.18,EUR,2025-02-09 02:31:15,Pending
6179,594,240,Credit Card,4147.72,USD,2025-02-10 02:31:15,Pending
6180,594,289,Debit Card,3883.79,USD,2025-05-13 02:31:15,Successful
6181,594,208,Bank Transfer,2072.48,USD,2024-11-03 02:31:15,Pending
6182,594,271,Credit Card,4264.02,THB,2025-01-09 02:31:15,Successful
6183,594,205,Bank Transfer,2683.3,EUR,2025-06-13 02:31:15,Failed
6184,594,254,Credit Card,2960.15,JPY,2025-07-25 02:31:15,Failed
6185,594,140,Credit Card,1699.29,JPY,2025-04-15 02:31:15,Pending
6186,594,69,PayPal,4162.73,EUR,2025-05-30 02:31:15,Failed
6187,594,291,Debit Card,172.58,THB,2025-06-22 02:31:15,Pending
6188,594,300,Debit Card,1330.2,JPY,2025-07-27 02:31:15,Pending
6189,594,243,Credit Card,1297.15,JPY,2025-07-04 02:31:15,Failed
6190,595,35,Credit Card,1571.0,USD,2025-07-09 02:31:15,Successful
6191,595,259,Credit Card,4575.66,USD,2024-11-10 02:31:15,Successful
6192,595,258,Bank Transfer,3427.3,USD,2025-06-20 02:31:15,Successful
6193,595,211,Debit Card,3380.73,JPY,2025-10-29 02:31:15,Failed
6194,595,242,Credit Card,220.09,JPY,2025-09-15 02:31:15,Pending
6195,595,228,Credit Card,4171.01,THB,2025-05-24 02:31:15,Failed
6196,595,260,Debit Card,4453.12,JPY,2025-04-06 02:31:15,Pending
6197,595,225,Debit Card,1518.38,USD,2025-07-12 02:31:15,Failed
6198,595,274,Credit Card,1476.43,THB,2025-09-27 02:31:15,Pending
6199,596,148,Credit Card,643.24,USD,2025-05-26 02:31:15,Successful
6200,596,271,PayPal,4615.99,THB,2025-08-13 02:31:15,Failed
6201,596,157,Credit Card,2280.18,USD,2025-05-27 02:31:15,Failed
6202,596,209,Bank Transfer,288.91,EUR,2025-04-03 02:31:15,Successful
6203,596,216,PayPal,3982.69,JPY,2025-03-14 02:31:15,Successful
6204,596,7,PayPal,3336.85,JPY,2025-02-05 02:31:15,Successful
6205,596,251,Credit Card,206.73,USD,2025-06-20 02:31:15,Failed
6206,596,258,Bank Transfer,1431.65,JPY,2025-08-29 02:31:15,Successful
6207,596,292,Bank Transfer,1707.8,JPY,2024-12-29 02:31:15,Failed
6208,596,290,Credit Card,2329.47,EUR,2025-10-19 02:31:15,Successful
6209,596,255,Debit Card,4303.47,JPY,2025-06-19 02:31:15,Failed
6210,596,296,Bank Transfer,118.18,THB,2025-06-28 02:31:15,Pending
6211,596,287,Credit Card,3569.29,JPY,2024-12-22 02:31:15,Failed
6212,596,140,Credit Card,1010.53,JPY,2025-06-01 02:31:15,Successful
6213,596,177,Credit Card,4183.93,USD,2025-07-10 02:31:15,Successful
6214,596,35,Bank Transfer,3819.48,JPY,2025-05-06 02:31:15,Successful
6215,596,209,Credit Card,3543.83,USD,2025-05-07 02:31:15,Failed
6216,596,262,Bank Transfer,1283.04,USD,2025-09-21 02:31:15,Successful
6217,597,274,Bank Transfer,3255.63,EUR,2025-04-07 02:31:15,Successful
6218,597,258,Debit Card,1678.38,JPY,2025-10-13 02:31:15,Failed
6219,597,95,PayPal,204.46,EUR,2025-03-21 02:31:15,Failed
6220,598,254,Bank Transfer,2373.01,EUR,2025-01-18 02:31:15,Failed
6221,598,270,PayPal,2592.95,USD,2025-03-07 02:31:15,Successful
6222,598,107,Debit Card,2085.91,USD,2025-10-20 02:31:15,Successful
6223,598,7,Bank Transfer,4009.87,USD,2025-09-26 02:31:15,Failed
6224,598,216,Bank Transfer,4753.45,THB,2024-12-02 02:31:15,Failed
6225,598,299,PayPal,2913.2,EUR,2025-01-01 02:31:15,Successful
6226,598,267,Debit Card,4097.78,USD,2025-03-19 02:31:15,Pending
6227,599,35,Credit Card,642.18,USD,2025-03-20 02:31:15,Successful
6228,599,262,Bank Transfer,4177.52,USD,2025-06-12 02:31:15,Pending
6229,600,246,Credit Card,934.08,USD,2025-06-17 02:31:15,Failed
6230,600,64,PayPal,522.04,EUR,2025-05-14 02:31:15,Pending
6231,600,271,Bank Transfer,2293.92,THB,2025-07-06 02:31:15,Successful
6232,600,256,PayPal,3351.6,JPY,2024-11-07 02:31:15,Failed
6233,600,235,PayPal,4706.6,THB,2025-01-15 02:31:15,Successful
6234,600,221,Bank Transfer,3903.16,USD,2025-07-16 02:31:15,Pending
6235,600,188,Debit Card,1864.95,USD,2025-10-04 02:31:15,Failed
6236,600,66,Debit Card,1985.16,JPY,2025-05-07 02:31:15,Successful
6237,600,255,Bank Transfer,3616.4,JPY,2024-12-05 02:31:15,Failed
6238,600,216,Debit Card,608.45,JPY,2025-07-14 02:31:15,Pending
6239,600,37,PayPal,3840.41,THB,2025-06-15 02:31:15,Pending
6240,600,228,Bank Transfer,3616.52,THB,2025-07-24 02:31:15,Pending
6241,600,201,PayPal,4244.41,JPY,2025-05-17 02:31:15,Pending
6242,601,177,Debit Card,4194.41,THB,2025-03-01 02:31:15,Pending
6243,601,282,Bank Transfer,2811.7,USD,2025-06-21 02:31:15,Pending
6244,601,24,Credit Card,4956.06,THB,2025-06-14 02:31:15,Pending
6245,601,229,Debit Card,3976.05,JPY,2024-12-25 02:31:15,Failed
6246,601,267,Bank Transfer,4692.41,JPY,2025-10-29 02:31:15,Failed
6247,601,276,PayPal,2840.15,USD,2025-03-02 02:31:15,Successful
6248,602,280,PayPal,2366.29,THB,2025-09-02 02:31:15,Pending
6249,602,258,Credit Card,2004.05,EUR,2025-10-20 02:31:15,Failed
6250,602,256,Debit Card,4678.87,EUR,2025-06-20 02:31:15,Failed
6251,602,227,PayPal,2063.16,JPY,2025-10-25 02:31:15,Successful
6252,602,132,PayPal,3346.85,EUR,2025-05-01 02:31:15,Failed
6253,603,215,Credit Card,4250.08,THB,2024-12-30 02:31:15,Pending
6254,603,215,Debit Card,1327.63,THB,2025-03-03 02:31:15,Pending
6255,604,217,Credit Card,3649.06,JPY,2025-04-12 02:31:15,Pending
6256,604,270,Debit Card,1874.37,THB,2024-12-27 02:31:15,Pending
6257,604,224,Credit Card,1713.41,THB,2025-04-16 02:31:15,Successful
6258,604,206,Credit Card,334.76,USD,2025-09-06 02:31:15,Pending
6259,604,41,Credit Card,507.5,EUR,2025-03-29 02:31:15,Successful
6260,604,97,Bank Transfer,445.02,JPY,2025-07-26 02:31:15,Pending
6261,604,259,PayPal,3960.13,USD,2025-08-22 02:31:15,Successful
6262,604,249,Debit Card,105.92,THB,2024-12-01 02:31:15,Successful
6263,605,69,PayPal,3363.45,JPY,2025-01-12 02:31:15,Pending
6264,605,255,Credit Card,3844.39,JPY,2025-03-02 02:31:15,Successful
6265,605,209,Debit Card,3401.88,THB,2025-09-25 02:31:15,Successful
6266,605,218,PayPal,3360.02,USD,2025-02-22 02:31:15,Pending
6267,605,219,Bank Transfer,4748.57,THB,2024-12-15 02:31:15,Failed
6268,605,166,PayPal,4850.19,JPY,2025-09-27 02:31:15,Pending
6269,605,35,Debit Card,719.58,USD,2025-02-03 02:31:15,Pending
6270,605,215,Debit Card,4406.05,USD,2025-04-05 02:31:15,Successful
6271,605,165,Credit Card,2678.72,JPY,2025-06-07 02:31:15,Successful
6272,605,235,Bank Transfer,1983.59,THB,2025-10-18 02:31:15,Successful
6273,605,215,Debit Card,2125.95,USD,2024-11-13 02:31:15,Pending
6274,605,128,Bank Transfer,3077.0,JPY,2025-02-15 02:31:15,Successful
6275,606,210,PayPal,4574.0,USD,2025-04-04 02:31:15,Failed
6276,606,265,Bank Transfer,1442.18,THB,2025-08-18 02:31:15,Successful
6277,606,125,Credit Card,3593.78,THB,2024-11-29 02:31:15,Successful
6278,606,235,PayPal,785.57,THB,2024-12-11 02:31:15,Failed
6279,606,261,Bank Transfer,4566.4,THB,2025-04-21 02:31:15,Pending
6280,606,226,Debit Card,2359.37,EUR,2024-12-27 02:31:15,Pending
6281,606,95,PayPal,4243.73,THB,2025-07-29 02:31:15,Failed
6282,606,177,Debit Card,4544.29,JPY,2025-06-23 02:31:15,Failed
6283,606,300,PayPal,3450.59,EUR,2025-06-27 02:31:15,Pending
6284,606,285,Bank Transfer,3857.05,JPY,2025-02-15 02:31:15,Successful
6285,606,270,Credit Card,464.49,THB,2025-07-11 02:31:15,Successful
6286,606,189,Bank Transfer,1361.77,USD,2025-05-21 02:31:15,Pending
6287,606,208,Bank Transfer,2446.62,EUR,2025-05-23 02:31:15,Pending
6288,606,276,PayPal,3009.78,USD,2024-12-09 02:31:15,Failed
6289,606,281,Debit Card,3921.99,JPY,2024-12-24 02:31:15,Successful
6290,606,205,Debit Card,4619.24,USD,2024-11-14 02:31:15,Successful
6291,606,228,Credit Card,3594.87,EUR,2025-04-16 02:31:15,Successful
6292,606,238,Bank Transfer,924.66,JPY,2025-08-02 02:31:15,Pending
6293,606,229,Bank Transfer,2036.82,USD,2025-07-14 02:31:15,Successful
6294,606,224,Debit Card,1687.6,EUR,2025-09-25 02:31:15,Pending
6295,606,208,Credit Card,958.52,EUR,2025-05-09 02:31:15,Pending
6296,606,261,Bank Transfer,2395.19,THB,2025-03-13 02:31:15,Pending
6297,606,279,Debit Card,3048.06,EUR,2025-02-24 02:31:15,Pending
6298,606,236,PayPal,3841.84,USD,2025-01-17 02:31:15,Pending
6299,606,253,Debit Card,1348.79,JPY,2025-06-17 02:31:15,Pending
6300,606,201,Credit Card,460.1,JPY,2024-11-21 02:31:15,Successful
6301,606,268,Bank Transfer,4819.56,JPY,2025-10-26 02:31:15,Successful
6302,606,274,Bank Transfer,827.25,EUR,2025-04-14 02:31:15,Pending
6303,606,235,Bank Transfer,4327.94,USD,2025-09-10 02:31:15,Successful
6304,606,177,PayPal,4745.57,EUR,2025-08-11 02:31:15,Successful
6305,606,205,Debit Card,250.08,USD,2025-01-27 02:31:15,Successful
6306,606,288,PayPal,2049.82,THB,2025-10-16 02:31:15,Pending
6307,606,226,Debit Card,2932.38,THB,2024-12-15 02:31:15,Failed
6308,606,215,Debit Card,2605.25,THB,2025-08-06 02:31:15,Successful
6309,606,233,Credit Card,4451.08,THB,2025-09-20 02:31:15,Successful
6310,606,255,Bank Transfer,1224.69,JPY,2025-05-05 02:31:15,Failed
6311,606,247,PayPal,831.79,USD,2025-03-05 02:31:15,Successful
6312,606,217,Credit Card,413.86,JPY,2025-10-21 02:31:15,Pending
6313,606,197,PayPal,774.86,JPY,2025-06-25 02:31:15,Pending
6314,606,249,Credit Card,2240.58,THB,2025-02-24 02:31:15,Pending
6315,606,50,Bank Transfer,3833.96,THB,2024-12-14 02:31:15,Failed
6316,606,206,PayPal,424.49,EUR,2025-05-05 02:31:15,Failed
6317,606,259,Credit Card,3453.71,USD,2025-10-23 02:31:15,Failed
6318,606,207,Credit Card,258.57,USD,2024-12-20 02:31:15,Failed
6319,606,222,PayPal,3579.03,THB,2025-03-27 02:31:15,Successful
6320,606,274,Debit Card,3481.4,USD,2025-07-17 02:31:15,Failed
6321,606,243,Credit Card,4980.56,THB,2025-08-27 02:31:15,Successful
6322,606,234,PayPal,287.6,THB,2025-10-31 02:31:15,Pending
6323,606,221,Debit Card,3381.36,THB,2024-12-09 02:31:15,Failed
6324,606,264,Debit Card,4979.25,EUR,2025-07-20 02:31:15,Pending
6325,606,217,Credit Card,4904.99,THB,2025-01-19 02:31:15,Successful
6326,606,220,Credit Card,4368.88,JPY,2025-07-11 02:31:15,Successful
6327,606,4,Bank Transfer,4217.15,JPY,2024-12-23 02:31:15,Failed
6328,606,35,Bank Transfer,3661.73,EUR,2025-10-28 02:31:15,Successful
6329,606,204,Debit Card,4304.83,EUR,2025-04-24 02:31:15,Failed
6330,606,23,PayPal,414.96,USD,2025-04-16 02:31:15,Successful
6331,606,29,Bank Transfer,2015.72,JPY,2025-10-30 02:31:15,Successful
6332,606,240,PayPal,1521.73,EUR,2025-01-23 02:31:15,Successful
6333,606,140,Credit Card,1713.07,USD,2025-02-24 02:31:15,Failed
6334,606,148,PayPal,799.24,JPY,2024-11-12 02:31:15,Successful
6335,606,270,Credit Card,2973.11,EUR,2025-09-13 02:31:15,Successful
6336,606,266,PayPal,129.75,USD,2024-12-02 02:31:15,Pending
6337,606,221,Bank Transfer,3114.84,JPY,2025-09-12 02:31:15,Pending
6338,606,205,Debit Card,698.63,THB,2024-11-04 02:31:15,Failed
6339,606,258,PayPal,883.01,THB,2024-11-10 02:31:15,Successful
6340,606,276,Debit Card,3337.23,USD,2025-05-19 02:31:15,Pending
6341,606,105,Debit Card,4922.12,JPY,2024-12-11 02:31:15,Failed
6342,606,81,Debit Card,1814.22,EUR,2025-10-03 02:31:15,Pending
6343,606,35,PayPal,2535.03,JPY,2025-08-04 02:31:15,Failed
6344,606,282,Debit Card,3019.49,USD,2025-09-08 02:31:15,Successful
6345,606,101,Credit Card,4581.71,THB,2025-05-19 02:31:15,Failed
6346,606,271,Bank Transfer,4190.64,JPY,2025-03-18 02:31:15,Pending
6347,606,229,Debit Card,2069.14,THB,2025-09-20 02:31:15,Failed
6348,606,270,PayPal,2704.47,USD,2025-07-03 02:31:15,Successful
6349,606,104,PayPal,4551.53,EUR,2025-02-01 02:31:15,Pending
6350,606,273,Credit Card,3562.82,JPY,2025-09-02 02:31:15,Pending
6351,606,148,Bank Transfer,430.29,EUR,2025-08-26 02:31:15,Successful
6352,606,223,Debit Card,1903.08,EUR,2024-11-12 02:31:15,Failed
6353,606,280,PayPal,3021.66,THB,2025-10-09 02:31:15,Failed
6354,606,231,PayPal,2861.3,JPY,2025-05-21 02:31:15,Failed
6355,606,280,Bank Transfer,3037.96,USD,2025-09-08 02:31:15,Pending
6356,607,204,Debit Card,3947.75,THB,2025-10-23 02:31:15,Pending
6357,607,271,PayPal,3817.12,JPY,2025-04-05 02:31:15,Successful
6358,607,234,Bank Transfer,4382.84,EUR,2024-11-17 02:31:15,Successful
6359,608,239,Credit Card,4986.87,USD,2025-01-24 02:31:15,Pending
6360,609,199,PayPal,4843.1,JPY,2025-10-13 02:31:15,Successful
6361,609,270,PayPal,3330.56,THB,2025-08-01 02:31:15,Successful
6362,609,201,Debit Card,1086.95,JPY,2025-10-01 02:31:15,Successful
6363,609,210,Debit Card,1434.24,JPY,2024-11-18 02:31:15,Pending
6364,609,271,Credit Card,736.53,THB,2025-10-29 02:31:15,Pending
6365,609,251,Bank Transfer,1475.74,USD,2025-09-03 02:31:15,Pending
6366,609,285,Debit Card,3679.56,JPY,2025-01-10 02:31:15,Pending
6367,610,256,Debit Card,2386.06,EUR,2024-11-10 02:31:15,Failed
6368,610,216,Credit Card,4570.59,THB,2025-07-16 02:31:15,Pending
6369,610,197,Bank Transfer,3766.02,EUR,2025-08-19 02:31:15,Pending
6370,610,254,PayPal,3696.01,JPY,2025-02-12 02:31:15,Pending
6371,610,282,Credit Card,2775.88,EUR,2025-07-04 02:31:15,Pending
6372,610,228,Bank Transfer,2040.04,THB,2025-10-06 02:31:15,Pending
6373,610,253,Credit Card,3260.74,JPY,2025-07-03 02:31:15,Failed
6374,611,95,PayPal,3115.84,EUR,2025-06-13 02:31:15,Failed
6375,611,297,Bank Transfer,3451.56,EUR,2025-05-27 02:31:15,Failed
6376,611,226,Credit Card,4265.0,USD,2025-03-15 02:31:15,Failed
6377,612,294,Debit Card,3744.7,THB,2025-04-18 02:31:15,Pending
6378,612,249,PayPal,1495.57,THB,2025-06-02 02:31:15,Failed
6379,612,261,PayPal,4968.22,USD,2024-11-14 02:31:15,Failed
6380,612,236,Credit Card,4689.75,EUR,2025-06-27 02:31:15,Failed
6381,612,252,Debit Card,4612.42,EUR,2024-12-16 02:31:15,Pending
6382,612,139,Credit Card,2364.1,JPY,2025-04-29 02:31:15,Pending
6383,612,254,PayPal,2307.15,THB,2024-11-22 02:31:15,Failed
6384,612,299,PayPal,2141.53,USD,2025-04-22 02:31:15,Failed
6385,612,252,PayPal,4980.39,THB,2025-05-29 02:31:15,Pending
6386,612,161,Credit Card,2495.15,THB,2025-10-03 02:31:15,Failed
6387,612,266,Credit Card,4051.21,JPY,2025-03-08 02:31:15,Failed
6388,612,220,Credit Card,4412.79,THB,2025-05-24 02:31:15,Pending
6389,612,4,Credit Card,3245.4,USD,2025-02-23 02:31:15,Pending
6390,613,223,Debit Card,2000.73,THB,2025-08-17 02:31:15,Successful
6391,613,201,Debit Card,3605.93,EUR,2025-06-10 02:31:15,Successful
6392,613,263,Debit Card,4530.53,JPY,2025-01-08 02:31:15,Pending
6393,613,294,PayPal,736.49,EUR,2024-11-17 02:31:15,Successful
6394,613,209,Debit Card,1198.62,THB,2024-11-17 02:31:15,Failed
6395,613,289,PayPal,1058.28,JPY,2025-07-03 02:31:15,Failed
6396,613,210,PayPal,4063.42,EUR,2024-12-17 02:31:15,Failed
6397,613,95,Debit Card,1386.16,USD,2025-07-28 02:31:15,Successful
6398,613,294,Debit Card,1303.77,JPY,2025-02-25 02:31:15,Successful
6399,613,294,PayPal,2177.02,EUR,2025-10-15 02:31:15,Pending
6400,613,261,Debit Card,3580.77,EUR,2025-04-27 02:31:15,Failed
6401,614,280,Bank Transfer,4934.8,USD,2025-08-17 02:31:15,Successful
6402,614,220,Credit Card,2114.26,JPY,2025-06-26 02:31:15,Successful
6403,614,228,Debit Card,2148.67,EUR,2025-06-19 02:31:15,Failed
6404,614,209,PayPal,4016.67,JPY,2025-09-06 02:31:15,Successful
6405,614,274,Credit Card,2799.96,THB,2024-11-27 02:31:15,Pending
6406,614,294,Credit Card,4787.1,THB,2025-03-02 02:31:15,Pending
6407,614,268,Credit Card,4229.42,EUR,2025-10-17 02:31:15,Failed
6408,614,207,Bank Transfer,606.5,THB,2025-08-07 02:31:15,Successful
6409,614,29,Debit Card,3315.45,USD,2025-04-29 02:31:15,Failed
6410,614,209,PayPal,1488.09,EUR,2025-06-27 02:31:15,Pending
6411,615,259,Credit Card,4690.37,EUR,2025-04-26 02:31:15,Failed
6412,615,295,PayPal,2945.1,USD,2025-08-29 02:31:15,Failed
6413,615,222,Debit Card,3557.89,JPY,2025-10-29 02:31:15,Failed
6414,615,274,Bank Transfer,2487.71,EUR,2025-07-14 02:31:15,Successful
6415,615,238,Debit Card,2491.98,THB,2025-01-10 02:31:15,Pending
6416,615,125,Credit Card,1387.98,JPY,2025-10-14 02:31:15,Successful
6417,615,239,Debit Card,3501.98,THB,2025-04-11 02:31:15,Pending
6418,615,104,Bank Transfer,3632.28,THB,2025-03-29 02:31:15,Pending
6419,615,157,Credit Card,1000.33,THB,2025-08-17 02:31:15,Successful
6420,615,219,Bank Transfer,1935.17,EUR,2024-11-20 02:31:15,Successful
6421,615,232,Bank Transfer,610.5,USD,2025-03-25 02:31:15,Pending
6422,615,299,Bank Transfer,216.41,USD,2025-05-11 02:31:15,Pending
6423,615,275,Credit Card,945.95,USD,2025-07-18 02:31:15,Pending
6424,615,229,Debit Card,1338.97,USD,2025-03-12 02:31:15,Failed
6425,615,246,Bank Transfer,4480.83,USD,2025-04-20 02:31:15,Successful
6426,615,201,Credit Card,2801.04,THB,2024-11-15 02:31:15,Successful
6427,615,252,Debit Card,2982.01,USD,2024-12-31 02:31:15,Successful
6428,615,95,Bank Transfer,3937.66,THB,2025-09-05 02:31:15,Successful
6429,615,292,PayPal,1199.22,JPY,2025-09-19 02:31:15,Successful
6430,615,278,Debit Card,4606.26,USD,2025-10-04 02:31:15,Pending
6431,616,199,Debit Card,4433.86,THB,2024-12-02 02:31:15,Failed
6432,616,153,Bank Transfer,3768.13,THB,2025-03-14 02:31:15,Successful
6433,616,72,PayPal,1501.75,EUR,2025-02-23 02:31:15,Pending
6434,616,270,Bank Transfer,3967.5,THB,2025-10-01 02:31:15,Failed
6435,616,66,Debit Card,838.56,USD,2025-09-22 02:31:15,Successful
6436,616,297,Bank Transfer,4882.6,USD,2025-06-05 02:31:15,Failed
6437,616,123,Bank Transfer,3548.07,EUR,2025-02-17 02:31:15,Pending
6438,616,293,PayPal,773.04,EUR,2025-02-23 02:31:15,Failed
6439,616,282,Credit Card,4238.75,JPY,2024-11-12 02:31:15,Successful
6440,616,294,Bank Transfer,4441.97,EUR,2025-03-21 02:31:15,Successful
6441,616,270,PayPal,4592.4,EUR,2025-08-03 02:31:15,Failed
6442,616,64,Bank Transfer,1165.84,JPY,2024-11-11 02:31:15,Failed
6443,616,251,Bank Transfer,2524.61,EUR,2025-10-25 02:31:15,Failed
6444,616,236,Credit Card,4071.27,EUR,2025-04-02 02:31:15,Failed
6445,616,39,Bank Transfer,2393.7,USD,2025-03-24 02:31:15,Successful
6446,616,244,Debit Card,4533.92,JPY,2025-08-15 02:31:15,Pending
6447,616,263,PayPal,859.81,USD,2024-12-30 02:31:15,Successful
6448,616,214,Debit Card,4478.55,USD,2024-11-04 02:31:15,Pending
6449,617,4,Bank Transfer,1360.07,JPY,2025-10-19 02:31:15,Successful
6450,617,161,PayPal,1059.79,JPY,2025-09-24 02:31:15,Pending
6451,617,223,Bank Transfer,263.05,JPY,2025-04-12 02:31:15,Pending
6452,617,231,Credit Card,3995.0,USD,2024-11-13 02:31:15,Pending
6453,617,254,Bank Transfer,1952.19,JPY,2025-01-10 02:31:15,Failed
6454,617,237,Credit Card,807.29,THB,2025-08-30 02:31:15,Successful
6455,617,64,PayPal,754.33,EUR,2025-07-03 02:31:15,Failed
6456,617,197,PayPal,507.71,JPY,2025-10-23 02:31:15,Successful
6457,617,197,Credit Card,4887.81,EUR,2025-01-21 02:31:15,Successful
6458,617,207,Bank Transfer,113.54,USD,2025-03-05 02:31:15,Successful
6459,617,35,Bank Transfer,2480.9,USD,2025-04-28 02:31:15,Successful
6460,617,278,Credit Card,2449.74,USD,2025-10-04 02:31:15,Failed
6461,617,277,PayPal,385.25,THB,2025-07-09 02:31:15,Failed
6462,617,228,PayPal,3686.85,JPY,2025-03-15 02:31:15,Pending
6463,617,188,Debit Card,3275.77,EUR,2025-04-04 02:31:15,Successful
6464,617,165,Credit Card,1704.86,USD,2025-09-16 02:31:15,Successful
6465,617,249,Credit Card,351.08,JPY,2025-10-06 02:31:15,Successful
6466,617,276,Bank Transfer,2820.81,EUR,2025-10-18 02:31:15,Pending
6467,617,267,Debit Card,157.92,USD,2025-08-17 02:31:15,Failed
6468,617,81,PayPal,2870.2,THB,2024-11-15 02:31:15,Pending
6469,617,166,Debit Card,3546.31,THB,2025-10-16 02:31:15,Successful
6470,617,143,Credit Card,4949.81,THB,2024-12-19 02:31:15,Failed
6471,617,214,PayPal,4531.89,JPY,2025-06-17 02:31:15,Pending
6472,617,224,Bank Transfer,3404.75,EUR,2024-12-09 02:31:15,Successful
6473,617,24,Bank Transfer,1674.33,JPY,2025-05-27 02:31:15,Failed
6474,617,268,Debit Card,1798.09,JPY,2024-11-27 02:31:15,Pending
6475,617,285,PayPal,3377.85,THB,2025-10-04 02:31:15,Failed
6476,618,213,Credit Card,2081.87,USD,2025-05-07 02:31:15,Pending
6477,618,296,Debit Card,2259.96,USD,2024-11-18 02:31:15,Failed
6478,619,101,Credit Card,4512.24,THB,2025-07-02 02:31:15,Failed
6479,619,66,Debit Card,4355.15,JPY,2025-04-13 02:31:15,Pending
6480,619,236,Bank Transfer,1958.67,USD,2024-11-20 02:31:15,Failed
6481,619,269,Credit Card,4203.67,EUR,2025-05-10 02:31:15,Failed
6482,619,225,Credit Card,4060.84,JPY,2025-05-31 02:31:15,Pending
6483,619,260,Credit Card,4019.7,EUR,2024-12-21 02:31:15,Pending
6484,619,125,Bank Transfer,2629.43,USD,2025-06-14 02:31:15,Failed
6485,620,221,Credit Card,2625.99,THB,2025-05-13 02:31:15,Pending
6486,620,189,Bank Transfer,937.49,USD,2024-11-21 02:31:15,Failed
6487,620,215,Bank Transfer,1351.91,EUR,2025-10-19 02:31:15,Pending
6488,620,116,Bank Transfer,1124.59,EUR,2025-04-24 02:31:15,Successful
6489,620,257,PayPal,812.25,JPY,2025-01-03 02:31:15,Successful
6490,620,247,Credit Card,4516.67,USD,2024-11-12 02:31:15,Successful
6491,620,128,PayPal,4023.34,USD,2025-02-01 02:31:15,Failed
6492,620,227,Bank Transfer,3419.4,EUR,2024-12-31 02:31:15,Successful
6493,620,268,Debit Card,474.23,EUR,2025-01-10 02:31:15,Failed
6494,620,37,Credit Card,2550.39,THB,2025-10-06 02:31:15,Pending
6495,620,286,Bank Transfer,3643.74,THB,2024-12-03 02:31:15,Failed
6496,620,104,Credit Card,4400.16,USD,2025-08-14 02:31:15,Successful
6497,620,296,Bank Transfer,1397.02,EUR,2024-12-21 02:31:15,Failed
6498,620,224,Debit Card,142.39,EUR,2025-06-03 02:31:15,Pending
6499,620,267,Debit Card,4130.92,JPY,2025-01-25 02:31:15,Successful
6500,620,254,Debit Card,4845.09,EUR,2025-03-06 02:31:15,Pending
6501,620,297,PayPal,3083.37,EUR,2025-03-18 02:31:15,Failed
6502,620,210,Bank Transfer,124.11,THB,2025-01-07 02:31:15,Successful
6503,620,66,Bank Transfer,4796.21,JPY,2025-01-25 02:31:15,Failed
6504,620,282,Bank Transfer,4934.67,THB,2025-09-21 02:31:15,Failed
6505,620,235,Bank Transfer,484.76,THB,2025-02-19 02:31:15,Failed
6506,620,140,Credit Card,4062.49,EUR,2025-08-20 02:31:15,Pending
6507,620,274,Debit Card,2176.73,JPY,2024-12-19 02:31:15,Pending
6508,620,287,Bank Transfer,2989.43,JPY,2025-03-06 02:31:15,Failed
6509,620,294,PayPal,1466.03,EUR,2025-03-15 02:31:15,Failed
6510,621,39,Credit Card,1254.44,USD,2025-09-03 02:31:15,Pending
6511,621,279,Debit Card,3638.01,THB,2025-04-03 02:31:15,Successful
6512,621,271,PayPal,4816.55,JPY,2025-07-31 02:31:15,Pending
6513,621,222,Bank Transfer,1731.07,USD,2024-11-09 02:31:15,Pending
6514,621,64,Debit Card,1330.72,THB,2025-02-10 02:31:15,Pending
6515,621,239,Credit Card,643.31,EUR,2025-02-04 02:31:15,Failed
6516,621,199,PayPal,2444.73,THB,2025-03-30 02:31:15,Pending
6517,621,272,PayPal,2094.91,USD,2025-05-01 02:31:15,Failed
6518,621,127,Bank Transfer,766.91,THB,2024-11-07 02:31:15,Successful
6519,621,268,Credit Card,4833.83,JPY,2025-10-18 02:31:15,Pending
6520,621,246,Bank Transfer,1742.91,EUR,2025-02-09 02:31:15,Successful
6521,621,282,PayPal,4842.22,USD,2025-04-22 02:31:15,Successful
6522,621,111,Debit Card,3562.11,JPY,2024-12-11 02:31:15,Failed
6523,621,107,Debit Card,1315.57,THB,2025-03-21 02:31:15,Pending
6524,621,226,Debit Card,4061.29,JPY,2025-09-28 02:31:15,Pending
6525,622,121,Bank Transfer,3215.12,THB,2025-06-09 02:31:15,Failed
6526,622,253,Bank Transfer,4373.8,EUR,2025-04-01 02:31:15,Successful
6527,622,279,Credit Card,4019.02,USD,2025-08-27 02:31:15,Pending
6528,622,72,Credit Card,1127.56,USD,2025-02-23 02:31:15,Pending
6529,622,206,Debit Card,2832.24,JPY,2025-01-29 02:31:15,Successful
6530,622,293,Bank Transfer,2139.36,EUR,2024-11-10 02:31:15,Failed
6531,622,213,PayPal,3150.66,EUR,2025-02-12 02:31:15,Failed
6532,622,140,Bank Transfer,1235.07,JPY,2025-05-19 02:31:15,Pending
6533,622,198,PayPal,491.53,USD,2025-08-09 02:31:15,Pending
6534,623,210,Debit Card,1759.08,USD,2025-08-06 02:31:15,Pending
6535,623,261,Bank Transfer,2220.68,USD,2025-05-24 02:31:15,Pending
6536,623,121,PayPal,2011.56,EUR,2025-08-04 02:31:15,Pending
6537,624,132,Debit Card,4968.32,EUR,2025-03-17 02:31:15,Successful
6538,624,240,PayPal,855.17,THB,2025-09-22 02:31:15,Pending
6539,624,72,Debit Card,4214.7,THB,2024-12-21 02:31:15,Pending
6540,624,233,Bank Transfer,546.74,THB,2025-07-17 02:31:15,Pending
6541,624,289,Debit Card,4598.02,THB,2025-03-25 02:31:15,Failed
6542,625,95,Bank Transfer,4902.8,THB,2025-03-20 02:31:15,Pending
6543,625,4,Bank Transfer,2771.19,THB,2025-03-28 02:31:15,Pending
6544,625,267,PayPal,1012.15,THB,2025-02-04 02:31:15,Failed
6545,625,258,Bank Transfer,4909.63,THB,2025-08-17 02:31:15,Successful
6546,625,215,Bank Transfer,2299.3,THB,2025-06-17 02:31:15,Failed
6547,625,258,Credit Card,4787.28,USD,2025-04-07 02:31:15,Successful
6548,625,252,Debit Card,4137.01,EUR,2024-12-10 02:31:15,Pending
6549,625,270,PayPal,4085.0,EUR,2025-03-01 02:31:15,Successful
6550,626,189,PayPal,4464.47,THB,2025-07-26 02:31:15,Pending
6551,626,211,Debit Card,4308.01,JPY,2025-02-19 02:31:15,Pending
6552,626,289,Credit Card,374.08,EUR,2025-07-15 02:31:15,Failed
6553,626,276,PayPal,3558.02,JPY,2025-07-13 02:31:15,Successful
6554,626,66,Debit Card,3902.15,THB,2024-12-11 02:31:15,Pending
6555,626,298,Debit Card,934.05,EUR,2025-03-17 02:31:15,Successful
6556,626,227,PayPal,3575.01,EUR,2025-10-11 02:31:15,Pending
6557,626,260,Debit Card,1722.23,EUR,2025-06-06 02:31:15,Failed
6558,626,246,Debit Card,4907.41,JPY,2025-03-12 02:31:15,Pending
6559,626,260,Credit Card,1536.54,USD,2025-04-03 02:31:15,Failed
6560,626,243,Credit Card,1862.46,JPY,2024-12-10 02:31:15,Failed
6561,626,139,Bank Transfer,4360.28,JPY,2025-07-05 02:31:15,Pending
6562,626,296,Bank Transfer,4222.9,EUR,2025-04-21 02:31:15,Pending
6563,626,156,Credit Card,1555.4,EUR,2025-02-11 02:31:15,Pending
6564,627,229,PayPal,3756.03,JPY,2025-02-19 02:31:15,Pending
6565,627,35,Debit Card,1115.42,THB,2024-12-17 02:31:15,Successful
6566,627,197,Debit Card,1488.78,EUR,2025-05-05 02:31:15,Pending
6567,627,189,Bank Transfer,4598.3,JPY,2025-10-18 02:31:15,Successful
6568,627,253,Bank Transfer,4466.72,THB,2024-11-20 02:31:15,Pending
6569,627,274,PayPal,4706.08,EUR,2025-08-12 02:31:15,Failed
6570,628,256,PayPal,255.69,JPY,2025-10-20 02:31:15,Pending
6571,629,284,PayPal,1111.01,USD,2025-08-28 02:31:15,Pending
6572,629,211,Credit Card,1204.41,THB,2025-01-11 02:31:15,Pending
6573,629,300,Credit Card,3499.66,THB,2025-02-16 02:31:15,Failed
6574,629,225,Credit Card,4349.01,JPY,2025-08-20 02:31:15,Pending
6575,630,50,Debit Card,1313.98,JPY,2025-01-24 02:31:15,Pending
6576,630,127,Credit Card,1670.3,USD,2025-10-13 02:31:15,Pending
6577,630,123,Credit Card,4738.56,EUR,2025-07-13 02:31:15,Successful
6578,630,156,Bank Transfer,1473.0,THB,2025-05-19 02:31:15,Failed
6579,630,262,Bank Transfer,203.76,JPY,2025-02-23 02:31:15,Successful
6580,630,174,Bank Transfer,447.3,EUR,2025-04-20 02:31:15,Failed
6581,630,209,Bank Transfer,3334.25,EUR,2025-03-10 02:31:15,Pending
6582,630,297,PayPal,1831.92,JPY,2025-05-11 02:31:15,Pending
6583,630,258,PayPal,3096.87,EUR,2025-04-27 02:31:15,Successful
6584,630,260,PayPal,1688.63,THB,2024-11-14 02:31:15,Pending
6585,630,157,Bank Transfer,756.62,USD,2025-03-20 02:31:15,Successful
6586,630,204,PayPal,2618.34,EUR,2025-09-24 02:31:15,Pending
6587,630,247,Debit Card,3158.9,THB,2024-11-13 02:31:15,Failed
6588,630,234,Debit Card,3721.44,EUR,2025-08-20 02:31:15,Successful
6589,630,247,Bank Transfer,4481.68,THB,2025-09-24 02:31:15,Failed
6590,630,235,PayPal,571.78,USD,2024-12-24 02:31:15,Pending
6591,630,224,Debit Card,553.4,EUR,2025-02-23 02:31:15,Failed
6592,630,271,PayPal,1666.38,USD,2025-07-20 02:31:15,Successful
6593,630,263,Debit Card,2420.56,JPY,2024-12-18 02:31:15,Failed
6594,630,209,Bank Transfer,1092.16,THB,2025-06-01 02:31:15,Successful
6595,630,209,Debit Card,4130.42,EUR,2024-11-17 02:31:15,Successful
6596,630,292,Debit Card,3645.13,USD,2025-08-07 02:31:15,Pending
6597,630,105,PayPal,4402.46,EUR,2025-10-28 02:31:15,Pending
6598,631,298,Debit Card,2955.47,JPY,2025-07-05 02:31:15,Failed
6599,631,277,Credit Card,2921.79,USD,2025-08-03 02:31:15,Pending
6600,631,232,Credit Card,4131.43,USD,2025-04-30 02:31:15,Pending
6601,631,259,Debit Card,1832.55,EUR,2025-01-07 02:31:15,Pending
6602,631,29,Credit Card,3566.27,EUR,2025-03-02 02:31:15,Pending
6603,631,291,PayPal,533.85,THB,2025-08-15 02:31:15,Failed
6604,631,256,PayPal,2092.52,USD,2025-01-22 02:31:15,Pending
6605,631,289,Credit Card,4778.58,USD,2025-07-20 02:31:15,Failed
6606,632,224,Debit Card,1383.73,EUR,2025-03-04 02:31:15,Successful
6607,632,257,Debit Card,1150.26,JPY,2024-11-12 02:31:15,Successful
6608,632,206,Bank Transfer,2194.84,JPY,2025-09-18 02:31:15,Successful
6609,632,243,Bank Transfer,1272.16,THB,2025-09-03 02:31:15,Successful
6610,632,7,Debit Card,227.01,THB,2024-12-19 02:31:15,Successful
6611,632,269,Debit Card,2562.25,THB,2025-10-12 02:31:15,Successful
6612,633,234,PayPal,3001.11,EUR,2025-01-19 02:31:15,Successful
6613,633,116,Debit Card,3128.54,USD,2025-01-21 02:31:15,Pending
6614,633,222,Credit Card,2934.14,JPY,2025-05-31 02:31:15,Failed
6615,633,261,Debit Card,1022.45,USD,2024-11-20 02:31:15,Pending
6616,633,23,Credit Card,2614.37,USD,2024-11-23 02:31:15,Successful
6617,633,265,Debit Card,1672.57,THB,2025-09-14 02:31:15,Failed
6618,634,229,Debit Card,1244.17,JPY,2024-12-16 02:31:15,Failed
6619,634,278,Bank Transfer,363.79,EUR,2024-11-02 02:31:15,Pending
6620,634,300,Credit Card,4565.29,USD,2025-10-27 02:31:15,Pending
6621,634,189,Debit Card,3484.83,USD,2024-12-20 02:31:15,Successful
6622,634,223,Bank Transfer,1523.75,EUR,2025-10-17 02:31:15,Successful
6623,634,297,Debit Card,3638.67,THB,2025-10-21 02:31:15,Successful
6624,634,217,PayPal,4768.16,EUR,2025-01-02 02:31:15,Failed
6625,634,244,Bank Transfer,236.3,JPY,2025-09-23 02:31:15,Failed
6626,634,215,Bank Transfer,3872.74,EUR,2025-10-03 02:31:15,Pending
6627,634,139,Bank Transfer,2323.53,THB,2025-05-02 02:31:15,Pending
6628,634,288,Bank Transfer,844.92,USD,2025-04-22 02:31:15,Pending
6629,634,215,Debit Card,676.59,USD,2025-07-24 02:31:15,Pending
6630,634,283,Bank Transfer,4802.44,USD,2025-09-15 02:31:15,Pending
6631,634,255,Credit Card,1645.74,JPY,2025-10-17 02:31:15,Successful
6632,634,279,Bank Transfer,4312.6,THB,2025-10-02 02:31:15,Failed
6633,635,121,Bank Transfer,4361.27,USD,2025-10-26 02:31:15,Failed
6634,635,230,PayPal,2072.71,JPY,2025-04-12 02:31:15,Pending
6635,635,228,Debit Card,4320.35,THB,2025-06-28 02:31:15,Successful
6636,635,111,Bank Transfer,390.4,JPY,2025-09-07 02:31:15,Pending
6637,636,228,PayPal,2662.28,USD,2025-10-19 02:31:15,Pending
6638,636,201,Bank Transfer,4346.57,USD,2025-06-14 02:31:15,Pending
6639,637,69,Credit Card,2841.22,THB,2025-06-27 02:31:15,Successful
6640,637,213,Debit Card,1561.4,USD,2025-04-08 02:31:15,Failed
6641,637,222,Bank Transfer,1536.45,THB,2024-12-17 02:31:15,Pending
6642,637,287,Debit Card,1292.69,EUR,2024-12-29 02:31:15,Pending
6643,637,267,Credit Card,4219.58,JPY,2025-07-29 02:31:15,Successful
6644,637,204,PayPal,4575.34,THB,2024-11-15 02:31:15,Failed
6645,637,284,PayPal,3739.2,EUR,2025-05-24 02:31:15,Successful
6646,637,229,Debit Card,3139.01,USD,2025-01-11 02:31:15,Failed
6647,637,220,Credit Card,4822.89,EUR,2025-02-09 02:31:15,Successful
6648,637,288,Debit Card,2198.99,THB,2025-01-25 02:31:15,Pending
6649,637,272,Bank Transfer,1057.72,THB,2025-08-19 02:31:15,Successful
6650,637,229,Credit Card,259.45,THB,2025-04-05 02:31:15,Failed
6651,637,24,Bank Transfer,1884.05,EUR,2025-04-04 02:31:15,Failed
6652,637,300,PayPal,2634.58,JPY,2024-11-02 02:31:15,Failed
6653,637,278,Credit Card,2025.18,JPY,2025-09-17 02:31:15,Successful
6654,638,245,Credit Card,2061.59,USD,2025-03-12 02:31:15,Failed
6655,638,95,PayPal,4462.28,JPY,2025-02-28 02:31:15,Failed
6656,638,265,Credit Card,696.96,EUR,2025-02-12 02:31:15,Failed
6657,638,226,Credit Card,2613.07,USD,2025-06-17 02:31:15,Failed
6658,638,249,Credit Card,1912.37,THB,2025-01-27 02:31:15,Successful
6659,638,64,PayPal,3585.56,JPY,2025-09-27 02:31:15,Successful
6660,638,252,Bank Transfer,2741.17,USD,2025-09-10 02:31:15,Failed
6661,638,217,Bank Transfer,4595.42,THB,2025-04-23 02:31:15,Successful
6662,638,225,Credit Card,2630.35,THB,2025-04-11 02:31:15,Pending
6663,638,204,Credit Card,3935.2,EUR,2025-05-12 02:31:15,Pending
6664,638,29,PayPal,1957.51,EUR,2025-06-22 02:31:15,Successful
6665,639,294,Bank Transfer,2553.8,THB,2025-04-21 02:31:15,Pending
6666,639,107,PayPal,4632.01,THB,2025-02-19 02:31:15,Failed
6667,639,204,Credit Card,4944.33,USD,2025-07-23 02:31:15,Failed
6668,639,210,PayPal,3196.23,EUR,2025-06-11 02:31:15,Failed
6669,639,230,PayPal,3405.38,JPY,2025-10-18 02:31:15,Successful
6670,639,216,Debit Card,4963.13,USD,2025-09-15 02:31:15,Pending
6671,639,251,Bank Transfer,3253.29,THB,2025-08-16 02:31:15,Failed
6672,639,293,Debit Card,4786.66,JPY,2025-01-05 02:31:15,Failed
6673,639,245,PayPal,3466.25,USD,2024-12-03 02:31:15,Pending
6674,640,7,Bank Transfer,3744.35,THB,2025-04-16 02:31:15,Pending
6675,640,212,Debit Card,2721.89,USD,2025-01-08 02:31:15,Failed
6676,640,111,Bank Transfer,205.23,THB,2025-06-22 02:31:15,Successful
6677,640,217,Credit Card,2091.3,EUR,2025-10-16 02:31:15,Pending
6678,640,253,Credit Card,441.2,JPY,2024-11-12 02:31:15,Failed
6679,640,240,Credit Card,1278.69,EUR,2025-01-18 02:31:15,Failed
6680,641,237,Debit Card,4370.86,JPY,2025-03-09 02:31:15,Successful
6681,641,292,Credit Card,3486.03,THB,2025-02-25 02:31:15,Pending
6682,641,296,PayPal,3591.39,EUR,2024-11-03 02:31:15,Successful
6683,642,284,PayPal,4075.38,EUR,2025-06-24 02:31:15,Failed
6684,642,262,Bank Transfer,2195.96,EUR,2025-06-04 02:31:15,Successful
6685,642,37,Credit Card,4906.76,JPY,2024-11-10 02:31:15,Pending
6686,642,269,PayPal,4239.23,THB,2025-03-03 02:31:15,Failed
6687,642,143,Debit Card,2552.4,USD,2025-09-05 02:31:15,Failed
6688,642,252,Credit Card,3276.97,JPY,2025-07-20 02:31:15,Failed
6689,642,139,PayPal,2358.69,EUR,2024-11-10 02:31:15,Failed
6690,642,268,Debit Card,1247.75,USD,2025-04-06 02:31:15,Pending
6691,642,35,Debit Card,2798.93,THB,2025-03-30 02:31:15,Failed
6692,642,276,Bank Transfer,3620.32,USD,2025-10-05 02:31:15,Successful
6693,642,66,Bank Transfer,162.52,USD,2025-08-29 02:31:15,Pending
6694,642,198,PayPal,3217.66,EUR,2025-03-17 02:31:15,Failed
6695,642,276,Credit Card,3714.57,THB,2025-10-12 02:31:15,Failed
6696,642,217,PayPal,2841.24,USD,2024-11-09 02:31:15,Failed
6697,642,254,Debit Card,3165.02,THB,2025-05-25 02:31:15,Pending
6698,642,300,PayPal,3891.96,THB,2024-12-09 02:31:15,Successful
6699,642,295,Bank Transfer,928.01,JPY,2024-11-01 02:31:15,Failed
6700,643,215,Bank Transfer,3326.33,USD,2024-11-29 02:31:15,Successful
6701,643,235,Credit Card,4599.69,JPY,2025-05-19 02:31:15,Failed
6702,643,211,PayPal,3222.35,JPY,2025-09-13 02:31:15,Successful
6703,643,259,PayPal,2636.5,THB,2025-09-29 02:31:15,Pending
6704,643,281,Bank Transfer,4802.95,EUR,2025-09-25 02:31:15,Pending
6705,644,271,Credit Card,2489.44,USD,2025-09-03 02:31:15,Failed
6706,644,229,Credit Card,472.73,JPY,2025-06-23 02:31:15,Failed
6707,644,201,Bank Transfer,3591.56,USD,2025-09-10 02:31:15,Pending
6708,644,253,Debit Card,395.72,JPY,2025-04-30 02:31:15,Failed
6709,644,225,Debit Card,3684.13,EUR,2025-02-24 02:31:15,Successful
6710,644,29,PayPal,4853.33,THB,2025-07-01 02:31:15,Failed
6711,644,116,Bank Transfer,4855.39,JPY,2025-03-12 02:31:15,Successful
6712,644,231,Credit Card,2396.91,USD,2024-12-13 02:31:15,Successful
6713,644,140,PayPal,1287.03,EUR,2025-09-14 02:31:15,Successful
6714,644,197,Credit Card,3779.73,USD,2025-01-24 02:31:15,Successful
6715,644,287,Debit Card,2090.28,USD,2024-12-22 02:31:15,Failed
6716,644,207,Bank Transfer,2118.48,USD,2025-08-18 02:31:15,Pending
6717,644,214,Bank Transfer,1866.87,THB,2025-01-24 02:31:15,Successful
6718,644,204,PayPal,2350.93,JPY,2025-05-28 02:31:15,Failed
6719,644,221,Debit Card,4877.95,USD,2025-10-25 02:31:15,Successful
6720,644,245,Bank Transfer,147.17,USD,2025-03-18 02:31:15,Successful
6721,645,254,Debit Card,2488.35,USD,2025-02-04 02:31:15,Pending
6722,645,210,Bank Transfer,4603.34,JPY,2025-01-09 02:31:15,Successful
6723,645,252,Debit Card,279.26,USD,2025-01-13 02:31:15,Pending
6724,645,228,Debit Card,1437.52,EUR,2025-01-01 02:31:15,Successful
6725,645,35,Bank Transfer,2509.37,EUR,2025-01-29 02:31:15,Failed
6726,645,204,Bank Transfer,4675.96,THB,2024-12-21 02:31:15,Failed
6727,645,290,PayPal,390.4,JPY,2025-06-08 02:31:15,Pending
6728,645,64,PayPal,4079.16,JPY,2025-05-23 02:31:15,Failed
6729,645,299,Debit Card,2192.65,JPY,2025-05-01 02:31:15,Pending
6730,645,298,PayPal,540.08,THB,2025-02-17 02:31:15,Successful
6731,645,268,Bank Transfer,4989.88,EUR,2025-02-19 02:31:15,Failed
6732,645,295,PayPal,117.11,USD,2025-07-25 02:31:15,Failed
6733,645,277,PayPal,3847.1,THB,2025-10-01 02:31:15,Successful
6734,645,234,Bank Transfer,4877.35,JPY,2024-12-23 02:31:15,Successful
6735,645,262,Credit Card,1161.86,JPY,2024-11-27 02:31:15,Failed
6736,645,238,PayPal,941.97,EUR,2025-03-20 02:31:15,Successful
6737,645,217,Debit Card,149.53,USD,2025-03-10 02:31:15,Failed
6738,645,37,Credit Card,3688.96,THB,2025-05-14 02:31:15,Successful
6739,645,156,Bank Transfer,2623.21,THB,2024-12-05 02:31:15,Successful
6740,645,300,PayPal,2378.42,JPY,2025-04-27 02:31:15,Successful
6741,645,272,Debit Card,1778.73,THB,2025-02-28 02:31:15,Pending
6742,645,214,Credit Card,403.06,EUR,2025-07-17 02:31:15,Failed
6743,645,41,Bank Transfer,3042.35,THB,2025-07-25 02:31:15,Successful
6744,645,234,Bank Transfer,2228.93,THB,2025-06-22 02:31:15,Successful
6745,645,251,Debit Card,2710.67,EUR,2024-11-10 02:31:15,Failed
6746,645,209,Debit Card,3889.32,THB,2025-03-08 02:31:15,Successful
6747,645,201,Debit Card,2536.73,THB,2025-07-29 02:31:15,Failed
6748,645,259,Debit Card,599.83,THB,2025-07-07 02:31:15,Pending
6749,645,37,Bank Transfer,4140.31,USD,2025-10-29 02:31:15,Pending
6750,645,212,PayPal,798.62,THB,2025-06-26 02:31:15,Successful
6751,645,298,Debit Card,3741.01,USD,2025-06-18 02:31:15,Successful
6752,645,242,Debit Card,1242.79,THB,2024-11-17 02:31:15,Successful
6753,645,189,Debit Card,2713.54,EUR,2025-04-11 02:31:15,Pending
6754,645,66,Credit Card,726.62,JPY,2025-01-25 02:31:15,Pending
6755,645,44,Credit Card,1419.97,THB,2025-03-21 02:31:15,Successful
6756,645,228,PayPal,3788.43,USD,2025-03-02 02:31:15,Failed
6757,645,208,Bank Transfer,2747.73,JPY,2025-06-03 02:31:15,Failed
6758,645,121,PayPal,1605.1,THB,2025-09-13 02:31:15,Failed
6759,645,189,Bank Transfer,3361.87,THB,2025-03-09 02:31:15,Pending
6760,645,267,Debit Card,2231.87,USD,2025-05-20 02:31:15,Successful
6761,646,254,Debit Card,3183.27,JPY,2025-07-23 02:31:15,Pending
6762,646,174,Bank Transfer,2659.73,EUR,2024-12-21 02:31:15,Successful
6763,646,245,PayPal,3656.56,THB,2025-02-05 02:31:15,Pending
6764,646,299,Debit Card,3214.73,USD,2025-07-11 02:31:15,Pending
6765,646,218,Bank Transfer,3106.68,JPY,2024-11-20 02:31:15,Pending
6766,646,226,Debit Card,3420.83,USD,2024-11-11 02:31:15,Failed
6767,647,128,Credit Card,1266.31,USD,2025-01-01 02:31:15,Pending
6768,647,235,PayPal,3812.05,JPY,2025-05-09 02:31:15,Failed
6769,647,255,Credit Card,3436.58,USD,2025-08-28 02:31:15,Failed
6770,647,4,Credit Card,2041.0,JPY,2024-12-04 02:31:15,Pending
6771,647,289,Bank Transfer,3225.69,USD,2025-04-09 02:31:15,Pending
6772,647,212,Bank Transfer,1193.45,EUR,2025-02-21 02:31:15,Failed
6773,647,300,Bank Transfer,558.74,EUR,2025-01-15 02:31:15,Pending
6774,647,66,Bank Transfer,1308.4,EUR,2024-12-21 02:31:15,Successful
6775,647,253,Credit Card,1232.44,EUR,2025-07-30 02:31:15,Failed
6776,647,35,Debit Card,4296.93,JPY,2025-08-07 02:31:15,Successful
6777,647,128,Credit Card,1693.75,JPY,2025-07-01 02:31:15,Pending
6778,647,35,Bank Transfer,1545.29,JPY,2025-07-08 02:31:15,Pending
6779,647,289,PayPal,3113.92,EUR,2025-10-29 02:31:15,Successful
6780,647,256,PayPal,1669.89,EUR,2025-04-03 02:31:15,Failed
6781,648,256,Bank Transfer,3915.61,EUR,2025-07-23 02:31:15,Successful
6782,648,35,Bank Transfer,385.22,JPY,2025-07-13 02:31:15,Successful
6783,648,4,Credit Card,833.12,USD,2025-10-24 02:31:15,Pending
6784,648,213,Debit Card,3707.88,JPY,2025-07-20 02:31:15,Failed
6785,649,266,Bank Transfer,1185.09,THB,2025-05-06 02:31:15,Pending
6786,649,258,Bank Transfer,3318.38,JPY,2025-07-20 02:31:15,Pending
6787,650,298,Debit Card,933.06,THB,2025-06-09 02:31:15,Pending
6788,650,299,Bank Transfer,1412.72,THB,2024-12-30 02:31:15,Successful
6789,650,259,Bank Transfer,3370.91,USD,2025-09-13 02:31:15,Pending
6790,650,116,Credit Card,263.59,USD,2025-05-31 02:31:15,Pending
6791,650,139,Bank Transfer,2042.02,USD,2025-03-20 02:31:15,Successful
6792,650,256,Debit Card,2125.42,EUR,2025-03-17 02:31:15,Pending
6793,650,35,Debit Card,3355.92,EUR,2024-12-22 02:31:15,Failed
6794,651,209,PayPal,547.69,JPY,2025-10-03 02:31:15,Pending
6795,651,143,Credit Card,3037.4,JPY,2025-09-13 02:31:15,Failed
6796,651,298,PayPal,4584.93,EUR,2024-12-10 02:31:15,Pending
6797,651,248,Credit Card,170.95,EUR,2025-02-23 02:31:15,Successful
6798,651,177,PayPal,2150.49,EUR,2025-06-24 02:31:15,Failed
6799,651,206,Debit Card,3474.46,THB,2025-01-29 02:31:15,Failed
6800,651,210,Credit Card,3746.58,EUR,2025-08-27 02:31:15,Pending
6801,651,291,Credit Card,3329.99,JPY,2025-03-23 02:31:15,Failed
6802,651,214,Credit Card,2810.32,JPY,2025-01-28 02:31:15,Failed
6803,651,264,Bank Transfer,2268.46,THB,2025-03-19 02:31:15,Failed
6804,651,253,Debit Card,4094.91,EUR,2025-10-10 02:31:15,Pending
6805,651,205,Bank Transfer,2589.75,THB,2025-02-17 02:31:15,Successful
6806,651,165,Bank Transfer,872.94,EUR,2025-10-03 02:31:15,Successful
6807,651,224,Debit Card,320.89,JPY,2025-06-11 02:31:15,Failed
6808,651,256,Debit Card,1399.57,THB,2025-06-02 02:31:15,Successful
6809,651,233,PayPal,1330.56,JPY,2025-01-01 02:31:15,Failed
6810,651,228,Debit Card,4984.06,THB,2025-09-10 02:31:15,Pending
6811,651,128,PayPal,2005.49,THB,2025-02-16 02:31:15,Failed
6812,652,35,Credit Card,125.03,USD,2025-07-17 02:31:15,Failed
6813,652,217,PayPal,2156.08,EUR,2025-04-20 02:31:15,Failed
6814,652,157,Credit Card,4533.08,USD,2025-07-16 02:31:15,Failed
6815,652,241,Bank Transfer,1371.83,EUR,2025-03-11 02:31:15,Failed
6816,652,297,Credit Card,3319.66,USD,2025-03-28 02:31:15,Successful
6817,652,157,Debit Card,969.35,EUR,2025-10-10 02:31:15,Successful
6818,652,254,Bank Transfer,3523.89,EUR,2025-01-23 02:31:15,Failed
6819,652,229,Credit Card,3228.52,USD,2025-10-11 02:31:15,Failed
6820,652,95,Credit Card,1637.89,THB,2025-07-14 02:31:15,Successful
6821,652,228,PayPal,742.01,JPY,2024-11-01 02:31:15,Pending
6822,652,243,Bank Transfer,106.22,THB,2025-02-11 02:31:15,Failed
6823,652,197,PayPal,3771.12,USD,2025-08-08 02:31:15,Pending
6824,652,278,PayPal,3948.48,JPY,2025-07-26 02:31:15,Pending
6825,653,177,Credit Card,619.05,USD,2025-09-27 02:31:15,Successful
6826,653,235,PayPal,4072.17,JPY,2025-09-14 02:31:15,Pending
6827,653,259,Credit Card,4564.98,USD,2025-04-18 02:31:15,Pending
6828,653,217,Credit Card,3028.91,USD,2025-07-27 02:31:15,Failed
6829,653,297,PayPal,277.29,EUR,2025-05-13 02:31:15,Successful
6830,653,148,Credit Card,3392.03,THB,2025-01-10 02:31:15,Failed
6831,653,249,Bank Transfer,499.27,JPY,2024-11-28 02:31:15,Failed
6832,653,231,Credit Card,2466.83,USD,2024-12-08 02:31:15,Failed
6833,653,219,Debit Card,3027.48,THB,2024-11-04 02:31:15,Successful
6834,653,292,PayPal,184.64,USD,2024-12-29 02:31:15,Failed
6835,654,157,Credit Card,853.12,THB,2025-07-18 02:31:15,Successful
6836,654,198,Credit Card,3835.79,EUR,2025-01-10 02:31:15,Failed
6837,654,254,Debit Card,4812.43,USD,2025-01-17 02:31:15,Failed
6838,654,253,Credit Card,3362.05,THB,2025-03-02 02:31:15,Pending
6839,654,224,Credit Card,4684.61,JPY,2025-02-21 02:31:15,Failed
6840,654,239,PayPal,1988.25,JPY,2025-06-24 02:31:15,Pending
6841,654,270,Credit Card,2004.43,USD,2025-09-28 02:31:15,Pending
6842,654,298,Debit Card,4535.07,THB,2025-10-16 02:31:15,Pending
6843,654,29,Debit Card,4592.57,JPY,2025-01-02 02:31:15,Failed
6844,655,265,Credit Card,2203.7,JPY,2024-11-22 02:31:15,Successful
6845,655,204,Debit Card,639.82,JPY,2025-10-08 02:31:15,Pending
6846,655,294,Credit Card,2756.01,USD,2024-11-25 02:31:15,Pending
6847,655,66,Debit Card,4331.05,THB,2024-11-19 02:31:15,Pending
6848,655,244,Debit Card,1058.77,THB,2025-05-19 02:31:15,Failed
6849,655,253,Bank Transfer,2945.96,THB,2025-10-02 02:31:15,Failed
6850,655,254,Debit Card,1183.69,EUR,2024-11-27 02:31:15,Failed
6851,655,210,Bank Transfer,2819.36,USD,2025-10-22 02:31:15,Pending
6852,655,295,Bank Transfer,3203.0,JPY,2025-01-25 02:31:15,Successful
6853,655,261,PayPal,1860.62,EUR,2025-08-10 02:31:15,Successful
6854,655,217,Credit Card,790.81,USD,2025-07-13 02:31:15,Failed
6855,655,218,Credit Card,2642.45,JPY,2025-06-14 02:31:15,Successful
6856,655,35,Credit Card,1340.55,JPY,2025-10-11 02:31:15,Pending
6857,655,251,Credit Card,3489.78,JPY,2025-09-10 02:31:15,Failed
6858,655,213,Credit Card,4041.77,THB,2025-06-15 02:31:15,Failed
6859,655,264,PayPal,1391.7,EUR,2025-10-17 02:31:15,Failed
6860,655,298,Credit Card,2994.05,EUR,2025-02-18 02:31:15,Successful
6861,656,228,Bank Transfer,4155.71,JPY,2025-06-20 02:31:15,Failed
6862,656,105,Bank Transfer,2217.77,THB,2024-11-16 02:31:15,Pending
6863,656,235,PayPal,2900.34,USD,2025-02-25 02:31:15,Failed
6864,656,264,Debit Card,3081.1,EUR,2025-09-22 02:31:15,Failed
6865,656,238,Debit Card,3359.26,USD,2025-06-06 02:31:15,Pending
6866,656,224,PayPal,2326.07,JPY,2025-03-26 02:31:15,Successful
6867,656,285,PayPal,4255.06,EUR,2025-03-14 02:31:15,Failed
6868,656,254,Bank Transfer,3063.62,EUR,2025-07-25 02:31:15,Successful
6869,656,206,Credit Card,2014.66,EUR,2025-02-21 02:31:15,Successful
6870,656,188,Bank Transfer,704.97,EUR,2024-11-22 02:31:15,Pending
6871,656,265,Bank Transfer,4461.67,EUR,2025-01-07 02:31:15,Successful
6872,656,226,Debit Card,4833.83,JPY,2025-08-27 02:31:15,Pending
6873,656,140,Bank Transfer,4790.84,USD,2025-09-01 02:31:15,Failed
6874,656,225,Bank Transfer,771.82,JPY,2025-03-24 02:31:15,Successful
6875,657,297,Debit Card,1611.36,THB,2025-06-16 02:31:15,Failed
6876,657,166,Bank Transfer,2467.27,USD,2025-08-30 02:31:15,Failed
6877,657,256,PayPal,1954.55,JPY,2025-02-23 02:31:15,Pending
6878,657,243,PayPal,319.55,USD,2025-04-29 02:31:15,Failed
6879,657,218,Debit Card,1110.78,THB,2025-05-20 02:31:15,Successful
6880,657,201,PayPal,978.63,THB,2025-05-11 02:31:15,Successful
6881,657,284,PayPal,4156.24,JPY,2025-10-15 02:31:15,Successful
6882,657,204,PayPal,3751.11,EUR,2024-12-29 02:31:15,Failed
6883,657,7,Credit Card,2317.82,USD,2025-04-30 02:31:15,Successful
6884,657,258,PayPal,3886.3,USD,2024-12-16 02:31:15,Failed
6885,657,140,Debit Card,1719.24,USD,2025-07-28 02:31:15,Pending
6886,657,226,Credit Card,2623.67,EUR,2025-04-04 02:31:15,Successful
6887,657,220,PayPal,3101.84,THB,2025-06-07 02:31:15,Pending
6888,657,50,Debit Card,1286.78,THB,2024-11-02 02:31:15,Successful
6889,657,72,Credit Card,3062.2,THB,2025-01-09 02:31:15,Failed
6890,658,260,PayPal,4456.62,THB,2025-09-07 02:31:15,Failed
6891,658,230,Credit Card,1477.08,USD,2025-01-30 02:31:15,Failed
6892,658,204,Debit Card,1399.67,THB,2024-11-18 02:31:15,Pending
6893,658,265,Bank Transfer,4392.16,JPY,2025-01-03 02:31:15,Pending
6894,658,243,Debit Card,3476.96,EUR,2025-10-09 02:31:15,Successful
6895,658,258,Credit Card,4647.05,JPY,2025-02-03 02:31:15,Successful
6896,658,66,Debit Card,554.37,JPY,2024-12-18 02:31:15,Pending
6897,658,228,Credit Card,2561.02,USD,2025-10-11 02:31:15,Pending
6898,658,207,Bank Transfer,837.96,EUR,2025-08-10 02:31:15,Failed
6899,658,285,PayPal,4967.56,JPY,2025-07-13 02:31:15,Pending
6900,658,247,PayPal,1871.95,JPY,2025-03-15 02:31:15,Failed
6901,659,157,PayPal,4347.52,JPY,2025-07-15 02:31:15,Pending
6902,659,188,PayPal,2561.12,THB,2025-07-24 02:31:15,Pending
6903,659,218,Bank Transfer,4137.43,THB,2025-05-24 02:31:15,Failed
6904,660,201,PayPal,3764.47,THB,2024-12-09 02:31:15,Failed
6905,660,157,Debit Card,1701.98,USD,2025-03-08 02:31:15,Pending
6906,660,207,Debit Card,2812.34,EUR,2025-10-09 02:31:15,Successful
6907,660,208,PayPal,1748.41,THB,2025-01-22 02:31:15,Pending
6908,660,121,Debit Card,2602.84,JPY,2025-08-12 02:31:15,Successful
6909,660,256,PayPal,2262.77,JPY,2025-03-24 02:31:15,Failed
6910,660,37,Bank Transfer,3572.1,THB,2025-01-29 02:31:15,Pending
6911,660,139,Bank Transfer,1566.22,JPY,2025-09-22 02:31:15,Pending
6912,660,240,Debit Card,372.52,JPY,2025-05-25 02:31:15,Successful
6913,660,218,Credit Card,3451.67,THB,2025-04-16 02:31:15,Pending
6914,660,215,PayPal,3060.47,USD,2025-04-25 02:31:15,Pending
6915,660,166,Debit Card,2041.05,USD,2024-11-30 02:31:15,Pending
6916,660,235,Credit Card,2455.75,EUR,2024-11-02 02:31:15,Successful
6917,660,55,PayPal,3972.73,EUR,2025-07-12 02:31:15,Successful
6918,660,252,Credit Card,174.6,JPY,2025-09-21 02:31:15,Failed
6919,660,44,PayPal,1841.81,JPY,2025-05-29 02:31:15,Failed
6920,660,204,Bank Transfer,1628.25,THB,2025-07-15 02:31:15,Successful
6921,660,208,Bank Transfer,573.75,USD,2024-11-17 02:31:15,Failed
6922,660,55,Debit Card,1212.7,THB,2025-06-13 02:31:15,Pending
6923,661,132,Bank Transfer,906.68,JPY,2024-12-21 02:31:15,Failed
6924,661,261,Credit Card,551.95,USD,2025-07-19 02:31:15,Pending
6925,661,210,PayPal,1208.8,EUR,2024-12-29 02:31:15,Pending
6926,661,280,Bank Transfer,1885.05,EUR,2025-01-23 02:31:15,Pending
6927,661,242,Bank Transfer,3171.8,USD,2025-03-03 02:31:15,Pending
6928,662,221,Bank Transfer,363.07,THB,2025-09-03 02:31:15,Failed
6929,662,230,Debit Card,2545.79,EUR,2025-07-13 02:31:15,Failed
6930,662,269,Bank Transfer,4890.39,THB,2025-02-11 02:31:15,Successful
6931,662,229,Bank Transfer,4524.81,USD,2025-07-17 02:31:15,Successful
6932,662,234,Credit Card,884.87,THB,2025-07-07 02:31:15,Pending
6933,662,220,PayPal,1393.79,USD,2025-03-22 02:31:15,Successful
6934,662,293,PayPal,2307.3,USD,2025-05-26 02:31:15,Pending
6935,662,298,Debit Card,4008.02,JPY,2025-05-27 02:31:15,Failed
6936,662,209,Bank Transfer,3642.98,JPY,2025-06-24 02:31:15,Successful
6937,662,212,Bank Transfer,188.19,JPY,2025-04-18 02:31:15,Failed
6938,662,107,PayPal,2070.86,USD,2024-11-22 02:31:15,Failed
6939,663,201,Bank Transfer,4815.54,THB,2025-08-11 02:31:15,Pending
6940,663,228,Debit Card,688.72,THB,2024-11-15 02:31:15,Pending
6941,663,261,Debit Card,692.52,THB,2025-02-17 02:31:15,Failed
6942,663,259,Debit Card,2455.73,EUR,2025-03-21 02:31:15,Successful
6943,663,274,Bank Transfer,1381.0,THB,2024-12-30 02:31:15,Successful
6944,663,220,Debit Card,4267.39,EUR,2025-05-01 02:31:15,Pending
6945,663,273,Bank Transfer,2892.61,USD,2025-04-10 02:31:15,Failed
6946,663,263,Bank Transfer,259.06,EUR,2025-01-27 02:31:15,Failed
6947,663,273,Debit Card,563.05,THB,2025-06-25 02:31:15,Pending
6948,664,259,PayPal,1107.36,EUR,2025-02-08 02:31:15,Pending
6949,664,208,PayPal,2933.56,USD,2025-09-05 02:31:15,Pending
6950,665,266,PayPal,4909.09,JPY,2025-05-06 02:31:15,Successful
6951,665,261,Debit Card,4837.67,THB,2025-09-02 02:31:15,Successful
6952,665,236,Bank Transfer,3771.87,JPY,2025-01-20 02:31:15,Pending
6953,665,252,Credit Card,2421.81,USD,2025-05-28 02:31:15,Pending
6954,665,245,Debit Card,3967.49,EUR,2024-12-16 02:31:15,Pending
6955,665,272,Credit Card,507.5,JPY,2025-05-12 02:31:15,Pending
6956,665,277,PayPal,4636.01,EUR,2025-01-12 02:31:15,Failed
6957,665,253,Debit Card,458.93,THB,2025-02-19 02:31:15,Pending
6958,665,275,Debit Card,4614.84,THB,2025-04-06 02:31:15,Successful
6959,665,222,Bank Transfer,1748.62,JPY,2025-08-03 02:31:15,Failed
6960,665,295,Bank Transfer,2359.96,JPY,2025-03-03 02:31:15,Failed
6961,666,263,PayPal,2882.98,EUR,2025-01-19 02:31:15,Failed
6962,666,132,Credit Card,1122.23,EUR,2025-09-17 02:31:15,Failed
6963,666,188,PayPal,4992.26,USD,2025-01-06 02:31:15,Failed
6964,666,242,Debit Card,3894.71,USD,2025-01-25 02:31:15,Pending
6965,666,210,PayPal,977.87,JPY,2025-08-27 02:31:15,Successful
6966,666,214,Debit Card,3078.25,USD,2024-11-19 02:31:15,Failed
6967,666,277,Bank Transfer,663.41,USD,2025-10-16 02:31:15,Successful
6968,666,219,Credit Card,501.79,USD,2025-05-14 02:31:15,Failed
6969,666,235,Credit Card,1608.31,THB,2025-07-23 02:31:15,Failed
6970,667,244,PayPal,2547.02,THB,2025-09-24 02:31:15,Failed
6971,667,282,Credit Card,526.45,JPY,2025-09-13 02:31:15,Failed
6972,667,294,PayPal,4145.04,USD,2025-05-26 02:31:15,Pending
6973,667,249,Credit Card,1778.87,JPY,2025-07-10 02:31:15,Pending
6974,668,294,Credit Card,1968.96,JPY,2025-03-10 02:31:15,Pending
6975,668,228,Debit Card,1996.81,THB,2025-10-14 02:31:15,Pending
6976,668,199,Bank Transfer,679.04,THB,2025-07-25 02:31:15,Failed
6977,669,265,Debit Card,2218.51,THB,2024-11-21 02:31:15,Successful
6978,669,254,Credit Card,1882.78,JPY,2025-01-15 02:31:15,Pending
6979,669,268,Bank Transfer,4906.49,EUR,2025-04-30 02:31:15,Pending
6980,670,225,Bank Transfer,607.44,EUR,2025-04-30 02:31:15,Pending
6981,670,139,Bank Transfer,3128.51,THB,2025-02-24 02:31:15,Failed
6982,670,290,Credit Card,680.87,EUR,2025-05-28 02:31:15,Pending
6983,670,258,Credit Card,4184.33,JPY,2024-11-20 02:31:15,Failed
6984,670,271,Debit Card,3164.22,THB,2025-04-04 02:31:15,Successful
6985,670,219,Bank Transfer,2589.08,JPY,2025-02-14 02:31:15,Pending
6986,670,41,Bank Transfer,3796.19,USD,2025-02-06 02:31:15,Failed
6987,670,251,Bank Transfer,1082.29,EUR,2025-02-18 02:31:15,Failed
6988,670,210,Bank Transfer,4323.76,EUR,2025-07-16 02:31:15,Pending
6989,670,299,Debit Card,4965.01,JPY,2025-06-14 02:31:15,Failed
6990,670,294,Bank Transfer,350.2,JPY,2025-07-22 02:31:15,Successful
6991,670,241,Bank Transfer,2038.51,JPY,2024-11-30 02:31:15,Failed
6992,670,299,PayPal,3013.19,EUR,2025-05-14 02:31:15,Pending
6993,670,263,Bank Transfer,3313.53,JPY,2025-04-18 02:31:15,Pending
6994,670,105,PayPal,4114.4,EUR,2025-03-20 02:31:15,Pending
6995,670,121,Credit Card,1809.47,THB,2025-06-14 02:31:15,Failed
6996,670,177,PayPal,4331.32,USD,2024-12-10 02:31:15,Successful
6997,670,225,PayPal,215.24,EUR,2025-07-01 02:31:15,Failed
6998,670,222,Bank Transfer,931.3,USD,2025-01-19 02:31:15,Pending
6999,670,300,PayPal,3428.21,JPY,2025-05-24 02:31:15,Successful
7000,670,240,PayPal,1730.55,USD,2025-07-03 02:31:15,Failed
7001,670,239,PayPal,1470.32,USD,2025-02-28 02:31:15,Pending
7002,670,276,Credit Card,1935.53,THB,2025-07-23 02:31:15,Pending
7003,670,247,PayPal,4632.07,THB,2025-07-29 02:31:15,Pending
7004,671,285,Credit Card,1313.61,JPY,2025-05-30 02:31:15,Pending
7005,671,276,Credit Card,3513.47,EUR,2025-10-18 02:31:15,Failed
7006,671,212,Debit Card,2347.13,USD,2025-06-14 02:31:15,Successful
7007,671,211,PayPal,106.41,JPY,2025-07-13 02:31:15,Successful
7008,671,251,PayPal,4208.31,EUR,2025-09-10 02:31:15,Successful
7009,671,286,Debit Card,2097.3,THB,2025-02-02 02:31:15,Failed
7010,671,271,Bank Transfer,1109.28,EUR,2025-04-13 02:31:15,Failed
7011,671,251,PayPal,3273.82,EUR,2024-11-12 02:31:15,Failed
7012,671,64,Bank Transfer,3753.28,THB,2025-07-13 02:31:15,Successful
7013,672,256,Bank Transfer,1063.17,JPY,2025-06-19 02:31:15,Successful
7014,672,278,PayPal,3013.71,USD,2024-11-04 02:31:15,Pending
7015,672,235,PayPal,4108.99,USD,2025-10-05 02:31:15,Successful
7016,672,219,Credit Card,977.29,JPY,2025-03-23 02:31:15,Successful
7017,672,189,Bank Transfer,4040.55,USD,2024-11-17 02:31:15,Pending
7018,672,291,PayPal,663.42,EUR,2025-02-09 02:31:15,Failed
7019,673,157,Bank Transfer,2431.31,JPY,2025-07-21 02:31:15,Pending
7020,673,217,Debit Card,4979.64,USD,2025-03-28 02:31:15,Successful
7021,674,69,PayPal,1332.89,EUR,2025-03-18 02:31:15,Pending
7022,674,292,PayPal,1421.0,JPY,2025-02-04 02:31:15,Pending
7023,674,64,Debit Card,4289.56,USD,2025-05-09 02:31:15,Pending
7024,674,267,Debit Card,2108.48,THB,2025-03-07 02:31:15,Successful
7025,674,204,Bank Transfer,4317.52,JPY,2025-05-14 02:31:15,Failed
7026,674,296,Bank Transfer,396.27,USD,2024-12-11 02:31:15,Pending
7027,674,269,Credit Card,4713.05,THB,2025-07-02 02:31:15,Pending
7028,674,204,Bank Transfer,4619.96,THB,2025-01-14 02:31:15,Successful
7029,674,222,Debit Card,1019.26,JPY,2025-06-25 02:31:15,Failed
7030,674,225,PayPal,4803.77,USD,2024-11-08 02:31:15,Pending
7031,674,204,Debit Card,4555.21,THB,2025-02-19 02:31:15,Failed
7032,674,249,Bank Transfer,144.01,USD,2025-02-24 02:31:15,Pending
7033,674,209,Credit Card,3816.62,JPY,2024-12-08 02:31:15,Failed
7034,674,288,Credit Card,4443.59,JPY,2025-06-18 02:31:15,Successful
7035,674,280,Bank Transfer,275.48,JPY,2025-02-04 02:31:15,Successful
7036,675,284,PayPal,2262.7,EUR,2025-02-12 02:31:15,Successful
7037,675,299,Credit Card,1217.19,EUR,2025-03-10 02:31:15,Successful
7038,675,221,Bank Transfer,4655.51,EUR,2024-11-29 02:31:15,Failed
7039,675,35,Credit Card,4353.09,EUR,2024-12-19 02:31:15,Successful
7040,675,188,Bank Transfer,1005.04,USD,2024-12-22 02:31:15,Successful
7041,675,278,Debit Card,676.65,JPY,2025-01-22 02:31:15,Pending
7042,675,238,Debit Card,3980.12,JPY,2025-06-23 02:31:15,Successful
7043,675,55,Credit Card,2197.31,EUR,2024-12-17 02:31:15,Pending
7044,675,204,PayPal,4746.01,EUR,2025-10-11 02:31:15,Pending
7045,675,213,PayPal,4982.93,THB,2025-10-20 02:31:15,Successful
7046,675,21,Debit Card,4861.42,USD,2025-03-10 02:31:15,Pending
7047,676,228,PayPal,2235.0,EUR,2025-08-14 02:31:15,Failed
7048,676,244,Credit Card,708.57,EUR,2025-08-12 02:31:15,Successful
7049,676,267,Credit Card,4504.77,JPY,2025-04-20 02:31:15,Successful
7050,677,101,Debit Card,204.52,THB,2025-06-29 02:31:15,Failed
7051,677,249,Bank Transfer,1827.86,USD,2025-06-29 02:31:15,Successful
7052,677,127,Bank Transfer,3026.49,USD,2025-05-05 02:31:15,Failed
7053,677,221,Credit Card,4041.12,JPY,2025-07-18 02:31:15,Successful
7054,677,261,Credit Card,675.63,EUR,2025-07-14 02:31:15,Successful
7055,677,246,PayPal,121.46,EUR,2025-08-28 02:31:15,Successful
7056,677,266,Credit Card,3355.08,THB,2024-11-08 02:31:15,Successful
7057,677,125,Bank Transfer,4673.07,THB,2025-10-04 02:31:15,Failed
7058,677,287,Credit Card,3930.63,USD,2025-01-15 02:31:15,Successful
7059,678,276,Credit Card,4556.76,EUR,2025-06-02 02:31:15,Pending
7060,678,265,PayPal,3573.2,THB,2025-02-10 02:31:15,Failed
7061,678,157,Bank Transfer,3806.79,JPY,2024-12-29 02:31:15,Failed
7062,678,296,Debit Card,2975.87,THB,2025-06-16 02:31:15,Pending
7063,678,255,PayPal,3226.62,EUR,2025-07-03 02:31:15,Pending
7064,678,257,Credit Card,1936.26,USD,2025-01-31 02:31:15,Successful
7065,679,268,Bank Transfer,812.16,THB,2025-02-11 02:31:15,Successful
7066,679,128,Bank Transfer,4665.81,THB,2025-01-05 02:31:15,Failed
7067,679,225,Credit Card,2571.77,THB,2025-04-30 02:31:15,Failed
7068,679,72,Bank Transfer,3459.25,USD,2025-05-13 02:31:15,Failed
7069,679,210,Credit Card,1294.02,USD,2025-01-11 02:31:15,Failed
7070,679,234,PayPal,4240.33,EUR,2025-02-18 02:31:15,Failed
7071,679,35,Bank Transfer,606.24,EUR,2025-10-25 02:31:15,Pending
7072,679,228,PayPal,2611.24,EUR,2025-01-06 02:31:15,Pending
7073,679,64,Credit Card,4435.4,EUR,2025-10-17 02:31:15,Pending
7074,679,4,Debit Card,3306.59,EUR,2025-04-07 02:31:15,Pending
7075,679,64,PayPal,301.25,EUR,2025-10-19 02:31:15,Failed
7076,679,223,Bank Transfer,3018.73,EUR,2025-05-08 02:31:15,Failed
7077,679,121,Debit Card,1904.51,EUR,2025-02-14 02:31:15,Pending
7078,679,220,Credit Card,4308.13,THB,2024-11-27 02:31:15,Successful
7079,679,111,Bank Transfer,2249.33,EUR,2025-06-01 02:31:15,Failed
7080,679,239,Bank Transfer,3175.17,JPY,2025-06-15 02:31:15,Failed
7081,679,64,Debit Card,1912.69,USD,2025-08-29 02:31:15,Successful
7082,679,66,Bank Transfer,827.09,EUR,2025-01-05 02:31:15,Successful
7083,679,7,Bank Transfer,3021.06,USD,2025-10-24 02:31:15,Failed
7084,679,247,Credit Card,3582.4,EUR,2025-04-29 02:31:15,Pending
7085,680,265,PayPal,2782.35,EUR,2025-01-14 02:31:15,Pending
7086,680,247,Bank Transfer,2363.04,EUR,2025-09-08 02:31:15,Failed
7087,680,267,Bank Transfer,749.6,EUR,2025-03-31 02:31:15,Pending
7088,680,199,Bank Transfer,675.32,EUR,2025-04-29 02:31:15,Pending
7089,680,215,Debit Card,1783.18,USD,2025-08-07 02:31:15,Failed
7090,680,216,Bank Transfer,2289.08,USD,2025-04-23 02:31:15,Failed
7091,680,189,Credit Card,3932.97,THB,2025-02-23 02:31:15,Successful
7092,680,263,Bank Transfer,2046.77,THB,2025-09-30 02:31:15,Failed
7093,680,205,PayPal,4747.33,THB,2025-06-13 02:31:15,Successful
7094,680,286,Bank Transfer,4541.37,USD,2025-10-04 02:31:15,Failed
7095,680,250,PayPal,4805.87,EUR,2025-01-21 02:31:15,Successful
7096,680,203,PayPal,1830.64,EUR,2025-04-29 02:31:15,Failed
7097,680,210,Debit Card,4795.27,JPY,2025-01-20 02:31:15,Pending
7098,680,293,Debit Card,1097.33,JPY,2024-11-08 02:31:15,Failed
7099,681,289,Bank Transfer,2593.98,EUR,2025-10-29 02:31:15,Failed
7100,681,273,Credit Card,246.85,JPY,2025-10-06 02:31:15,Failed
7101,681,244,Debit Card,489.34,USD,2025-04-26 02:31:15,Failed
7102,681,274,Bank Transfer,2839.86,THB,2025-09-15 02:31:15,Pending
7103,681,242,Bank Transfer,2957.05,THB,2025-04-15 02:31:15,Pending
7104,681,123,Bank Transfer,4447.12,THB,2025-09-27 02:31:15,Pending
7105,681,265,Bank Transfer,276.63,EUR,2024-12-06 02:31:15,Pending
7106,681,241,Credit Card,4899.64,USD,2025-04-27 02:31:15,Failed
7107,681,299,Debit Card,3026.36,USD,2025-09-07 02:31:15,Failed
7108,681,298,Debit Card,948.74,THB,2025-04-08 02:31:15,Failed
7109,681,39,Credit Card,261.59,THB,2024-11-15 02:31:15,Pending
7110,681,286,Debit Card,3567.31,JPY,2025-06-30 02:31:15,Failed
7111,681,201,Credit Card,1006.21,USD,2024-11-26 02:31:15,Pending
7112,681,166,Debit Card,2762.38,JPY,2025-02-09 02:31:15,Successful
7113,681,264,Credit Card,2842.03,THB,2025-02-04 02:31:15,Failed
7114,681,21,PayPal,4767.7,JPY,2025-02-08 02:31:15,Successful
7115,682,250,Bank Transfer,3887.33,JPY,2025-04-09 02:31:15,Successful
7116,682,245,PayPal,4415.32,THB,2025-10-28 02:31:15,Pending
7117,682,188,Debit Card,1564.99,USD,2025-07-29 02:31:15,Failed
7118,682,228,Debit Card,3740.0,JPY,2025-03-24 02:31:15,Failed
7119,682,132,Bank Transfer,1462.66,JPY,2025-05-28 02:31:15,Failed
7120,682,37,Credit Card,1362.52,THB,2024-11-16 02:31:15,Successful
7121,682,298,Bank Transfer,3036.43,JPY,2025-04-07 02:31:15,Successful
7122,682,288,Bank Transfer,3010.03,EUR,2025-02-09 02:31:15,Successful
7123,683,298,Bank Transfer,2273.77,EUR,2025-06-15 02:31:15,Pending
7124,683,39,Debit Card,1624.39,JPY,2024-11-27 02:31:15,Successful
7125,683,272,PayPal,4668.09,EUR,2025-04-19 02:31:15,Pending
7126,683,258,Debit Card,4915.51,EUR,2025-06-27 02:31:15,Successful
7127,683,247,PayPal,1718.38,JPY,2025-04-09 02:31:15,Failed
7128,683,271,Debit Card,1060.32,EUR,2025-10-27 02:31:15,Successful
7129,683,7,Bank Transfer,3981.97,USD,2025-01-21 02:31:15,Pending
7130,683,247,Bank Transfer,1414.52,JPY,2025-04-16 02:31:15,Failed
7131,683,177,Credit Card,4797.81,USD,2024-11-28 02:31:15,Pending
7132,683,209,Debit Card,4214.93,THB,2025-06-30 02:31:15,Pending
7133,683,107,Debit Card,1404.82,JPY,2025-08-23 02:31:15,Successful
7134,683,259,Credit Card,1210.13,THB,2025-07-07 02:31:15,Failed
7135,683,21,PayPal,360.85,JPY,2024-11-21 02:31:15,Pending
7136,683,35,Credit Card,1098.39,JPY,2025-02-23 02:31:15,Failed
7137,683,227,PayPal,2529.28,THB,2025-10-06 02:31:15,Failed
7138,683,286,PayPal,1706.5,JPY,2024-11-15 02:31:15,Failed
7139,683,282,Bank Transfer,3346.7,EUR,2025-03-11 02:31:15,Pending
7140,684,287,Bank Transfer,2851.95,USD,2025-10-05 02:31:15,Failed
7141,684,260,PayPal,428.81,THB,2025-04-13 02:31:15,Pending
7142,685,229,Bank Transfer,3293.13,EUR,2024-12-09 02:31:15,Failed
7143,685,205,PayPal,1152.69,JPY,2025-07-10 02:31:15,Successful
7144,685,254,Bank Transfer,278.46,JPY,2025-09-08 02:31:15,Failed
7145,685,256,Bank Transfer,1840.15,EUR,2025-06-25 02:31:15,Successful
7146,685,273,Credit Card,401.11,THB,2025-09-18 02:31:15,Pending
7147,686,247,Bank Transfer,2271.08,JPY,2025-09-11 02:31:15,Failed
7148,686,215,Debit Card,348.47,EUR,2025-09-20 02:31:15,Pending
7149,686,35,Credit Card,2901.08,EUR,2024-11-23 02:31:15,Pending
7150,686,44,Credit Card,4041.89,JPY,2025-04-24 02:31:15,Pending
7151,686,273,Credit Card,1253.62,EUR,2025-01-25 02:31:15,Failed
7152,686,281,Credit Card,2762.77,EUR,2025-07-28 02:31:15,Successful
7153,686,231,Debit Card,3576.9,JPY,2025-03-30 02:31:15,Failed
7154,687,128,Debit Card,1012.22,JPY,2024-11-23 02:31:15,Pending
7155,687,189,Credit Card,3919.14,THB,2025-07-18 02:31:15,Successful
7156,687,228,Credit Card,107.66,USD,2025-02-16 02:31:15,Pending
7157,687,211,Credit Card,3709.72,JPY,2025-10-10 02:31:15,Successful
7158,687,240,PayPal,840.4,USD,2025-02-04 02:31:15,Failed
7159,687,35,PayPal,2349.73,EUR,2025-01-08 02:31:15,Failed
7160,687,280,PayPal,3128.86,USD,2025-05-15 02:31:15,Successful
7161,687,236,Bank Transfer,192.83,THB,2025-05-06 02:31:15,Pending
7162,687,281,Bank Transfer,568.84,USD,2025-06-06 02:31:15,Successful
7163,687,232,PayPal,4527.47,THB,2025-10-10 02:31:15,Failed
7164,687,209,Credit Card,3174.8,JPY,2025-04-28 02:31:15,Successful
7165,687,253,Debit Card,296.73,USD,2025-10-27 02:31:15,Pending
7166,687,246,Debit Card,4495.9,THB,2025-09-07 02:31:15,Failed
7167,687,217,Bank Transfer,1508.75,THB,2025-03-11 02:31:15,Successful
7168,687,23,PayPal,4991.88,THB,2025-08-14 02:31:15,Successful
7169,687,280,PayPal,1304.56,THB,2025-03-19 02:31:15,Failed
7170,687,257,Debit Card,4019.26,THB,2025-04-04 02:31:15,Failed
7171,687,235,Bank Transfer,1821.81,USD,2025-08-04 02:31:15,Successful
7172,687,271,Debit Card,2068.36,JPY,2025-05-03 02:31:15,Failed
7173,687,296,Credit Card,2150.75,THB,2025-06-26 02:31:15,Failed
7174,687,233,PayPal,1725.61,THB,2025-03-31 02:31:15,Failed
7175,687,217,Debit Card,4481.81,THB,2025-04-08 02:31:15,Pending
7176,687,282,Bank Transfer,3762.21,THB,2025-03-14 02:31:15,Pending
7177,687,243,PayPal,652.4,USD,2025-05-03 02:31:15,Pending
7178,687,208,Bank Transfer,2794.31,USD,2025-03-28 02:31:15,Pending
7179,688,236,Credit Card,1664.11,USD,2025-09-26 02:31:15,Successful
7180,688,285,Credit Card,3519.34,USD,2025-04-19 02:31:15,Failed
7181,688,166,Debit Card,4069.95,THB,2025-04-29 02:31:15,Successful
7182,688,204,Debit Card,3825.18,THB,2025-10-24 02:31:15,Pending
7183,688,210,PayPal,1435.95,EUR,2025-01-07 02:31:15,Pending
7184,688,294,PayPal,4844.76,JPY,2025-05-16 02:31:15,Failed
7185,688,259,Credit Card,4492.28,EUR,2025-07-28 02:31:15,Successful
7186,688,64,Credit Card,3560.69,THB,2025-10-16 02:31:15,Successful
7187,688,153,PayPal,965.52,EUR,2025-04-04 02:31:15,Pending
7188,688,256,PayPal,3177.59,EUR,2025-09-06 02:31:15,Pending
7189,688,81,Credit Card,799.15,USD,2025-05-30 02:31:15,Successful
7190,688,261,Credit Card,1682.67,EUR,2025-01-27 02:31:15,Pending
7191,688,241,Credit Card,3917.38,USD,2025-10-07 02:31:15,Pending
7192,688,299,Debit Card,1032.77,JPY,2025-04-29 02:31:15,Pending
7193,688,39,Debit Card,1198.93,JPY,2025-07-21 02:31:15,Successful
7194,688,29,Credit Card,1646.98,EUR,2024-11-08 02:31:15,Failed
7195,688,217,Debit Card,2380.77,USD,2025-10-31 02:31:15,Pending
7196,688,247,PayPal,685.64,EUR,2025-07-05 02:31:15,Failed
7197,688,296,Bank Transfer,261.72,THB,2025-09-13 02:31:15,Failed
7198,688,23,Credit Card,4159.43,EUR,2025-03-21 02:31:15,Successful
7199,688,197,Credit Card,4112.68,EUR,2024-11-06 02:31:15,Pending
7200,688,177,Debit Card,2803.82,THB,2025-07-16 02:31:15,Pending
7201,688,268,Bank Transfer,553.42,EUR,2025-04-21 02:31:15,Pending
7202,688,177,Credit Card,2324.67,JPY,2025-04-24 02:31:15,Successful
7203,688,263,PayPal,3061.1,JPY,2025-07-03 02:31:15,Pending
7204,689,35,Debit Card,249.58,USD,2025-10-03 02:31:15,Pending
7205,689,41,PayPal,3633.43,USD,2025-04-22 02:31:15,Pending
7206,689,270,Debit Card,1312.01,USD,2025-02-25 02:31:15,Pending
7207,689,256,Debit Card,4975.63,JPY,2025-06-07 02:31:15,Pending
7208,689,235,Bank Transfer,236.86,EUR,2025-06-01 02:31:15,Successful
7209,689,157,Bank Transfer,1816.89,EUR,2025-05-04 02:31:15,Successful
7210,689,255,PayPal,2897.58,EUR,2025-03-07 02:31:15,Successful
7211,689,125,Bank Transfer,4277.21,JPY,2025-04-27 02:31:15,Successful
7212,689,276,PayPal,2020.59,USD,2025-03-06 02:31:15,Pending
7213,689,241,PayPal,2184.36,THB,2025-03-16 02:31:15,Successful
7214,689,247,Debit Card,2112.28,THB,2024-12-13 02:31:15,Pending
7215,689,44,Bank Transfer,3959.42,USD,2025-08-31 02:31:15,Pending
7216,689,284,Bank Transfer,2611.41,USD,2025-09-02 02:31:15,Successful
7217,689,247,Debit Card,2236.43,USD,2025-01-05 02:31:15,Pending
7218,689,250,Credit Card,2988.88,USD,2025-01-21 02:31:15,Successful
7219,689,213,Bank Transfer,339.9,THB,2025-08-24 02:31:15,Failed
7220,689,246,Bank Transfer,3367.18,USD,2025-05-09 02:31:15,Pending
7221,690,230,Bank Transfer,2378.2,JPY,2025-02-21 02:31:15,Successful
7222,690,240,Credit Card,1459.9,JPY,2025-08-25 02:31:15,Pending
7223,690,101,Bank Transfer,2581.95,USD,2025-09-09 02:31:15,Pending
7224,690,254,PayPal,2191.33,JPY,2025-05-29 02:31:15,Failed
7225,690,231,Credit Card,4824.29,JPY,2025-07-21 02:31:15,Pending
7226,690,225,PayPal,4812.6,EUR,2025-04-16 02:31:15,Pending
7227,690,211,Credit Card,4953.4,THB,2025-08-17 02:31:15,Successful
7228,690,278,PayPal,4340.07,USD,2025-07-20 02:31:15,Failed
7229,690,213,Bank Transfer,1276.77,JPY,2025-06-10 02:31:15,Pending
7230,690,253,Debit Card,1823.36,USD,2025-02-21 02:31:15,Failed
7231,690,101,Credit Card,2179.64,EUR,2025-02-06 02:31:15,Failed
7232,690,256,Bank Transfer,1026.77,USD,2025-01-23 02:31:15,Successful
7233,690,174,Credit Card,2501.32,JPY,2025-06-20 02:31:15,Pending
7234,691,285,Bank Transfer,4724.97,EUR,2025-02-19 02:31:15,Failed
7235,691,296,Debit Card,1931.7,EUR,2024-12-01 02:31:15,Pending
7236,691,105,PayPal,1159.18,THB,2025-04-25 02:31:15,Failed
7237,691,298,Bank Transfer,3783.46,THB,2025-05-06 02:31:15,Successful
7238,691,238,Credit Card,4227.53,THB,2025-10-01 02:31:15,Pending
7239,691,277,Bank Transfer,4471.09,JPY,2024-12-09 02:31:15,Pending
7240,691,125,Credit Card,828.65,JPY,2025-09-05 02:31:15,Pending
7241,692,223,Credit Card,2886.13,THB,2025-07-17 02:31:15,Failed
7242,692,238,Debit Card,3423.39,THB,2024-12-15 02:31:15,Successful
7243,692,291,Debit Card,3846.81,JPY,2025-01-20 02:31:15,Successful
7244,692,128,Credit Card,1672.59,JPY,2025-02-03 02:31:15,Successful
7245,692,206,Bank Transfer,1932.16,THB,2025-05-17 02:31:15,Failed
7246,692,264,Debit Card,2175.28,THB,2025-10-05 02:31:15,Successful
7247,692,37,PayPal,3900.2,JPY,2025-06-25 02:31:15,Failed
7248,693,289,Credit Card,657.31,THB,2025-04-09 02:31:15,Pending
7249,693,270,Debit Card,1522.88,EUR,2025-08-31 02:31:15,Failed
7250,693,271,Debit Card,2895.87,THB,2025-08-28 02:31:15,Successful
7251,693,297,Debit Card,505.25,JPY,2025-02-13 02:31:15,Failed
7252,693,253,PayPal,4537.76,USD,2025-06-29 02:31:15,Pending
7253,693,228,PayPal,3459.73,JPY,2025-04-24 02:31:15,Pending
7254,693,166,Credit Card,1649.7,JPY,2024-11-12 02:31:15,Pending
7255,693,278,Bank Transfer,3651.38,USD,2025-03-12 02:31:15,Failed
7256,693,226,Debit Card,463.4,THB,2024-11-24 02:31:15,Failed
7257,693,277,Debit Card,1578.87,EUR,2025-07-19 02:31:15,Failed
7258,693,189,Debit Card,2564.23,USD,2025-09-27 02:31:15,Pending
7259,693,291,PayPal,2525.27,USD,2025-01-05 02:31:15,Successful
7260,693,72,Bank Transfer,873.81,EUR,2025-02-11 02:31:15,Successful
7261,694,201,Debit Card,1964.62,EUR,2025-03-16 02:31:15,Pending
7262,694,228,PayPal,4959.88,THB,2024-12-23 02:31:15,Failed
7263,694,235,Debit Card,1077.39,USD,2025-04-07 02:31:15,Pending
7264,694,217,Bank Transfer,4460.57,JPY,2025-10-30 02:31:15,Pending
7265,694,107,PayPal,1690.11,JPY,2025-01-12 02:31:15,Failed
7266,694,296,Debit Card,3892.65,EUR,2025-06-18 02:31:15,Successful
7267,694,265,Credit Card,3950.66,USD,2025-10-24 02:31:15,Failed
7268,694,274,Debit Card,4304.73,JPY,2025-06-21 02:31:15,Pending
7269,695,236,Debit Card,1809.16,THB,2025-09-04 02:31:15,Successful
7270,695,174,Credit Card,4268.92,USD,2025-02-16 02:31:15,Pending
7271,695,230,Bank Transfer,3095.35,USD,2025-07-15 02:31:15,Successful
7272,695,253,Debit Card,1911.58,EUR,2025-07-17 02:31:15,Pending
7273,695,242,PayPal,4003.22,USD,2025-09-11 02:31:15,Successful
7274,695,224,PayPal,3611.53,USD,2025-07-28 02:31:15,Failed
7275,695,255,Bank Transfer,1910.21,USD,2024-12-07 02:31:15,Successful
7276,695,69,Bank Transfer,1502.83,THB,2025-04-19 02:31:15,Successful
7277,695,256,PayPal,4177.63,EUR,2025-05-20 02:31:15,Failed
7278,695,223,Bank Transfer,4946.8,USD,2025-08-02 02:31:15,Successful
7279,695,208,Debit Card,1774.24,EUR,2025-04-16 02:31:15,Pending
7280,695,216,Debit Card,806.02,THB,2025-01-14 02:31:15,Failed
7281,695,253,Credit Card,2501.94,USD,2025-03-19 02:31:15,Successful
7282,695,258,PayPal,1222.46,JPY,2025-04-19 02:31:15,Successful
7283,695,230,PayPal,4182.68,EUR,2025-03-05 02:31:15,Pending
7284,695,111,Credit Card,3631.64,USD,2025-04-02 02:31:15,Successful
7285,695,264,Debit Card,4639.06,USD,2025-10-06 02:31:15,Failed
7286,695,256,PayPal,630.94,THB,2025-05-13 02:31:15,Successful
7287,695,105,Credit Card,1372.82,USD,2025-08-03 02:31:15,Successful
7288,695,139,Debit Card,910.74,USD,2025-02-25 02:31:15,Failed
7289,695,228,Bank Transfer,430.14,USD,2024-12-26 02:31:15,Failed
7290,695,278,Bank Transfer,1340.15,USD,2025-02-04 02:31:15,Pending
7291,695,250,PayPal,1422.08,THB,2025-07-13 02:31:15,Pending
7292,695,174,Debit Card,2230.28,EUR,2025-10-26 02:31:15,Successful
7293,696,161,PayPal,4904.57,USD,2025-05-17 02:31:15,Failed
7294,696,55,PayPal,2804.43,JPY,2024-12-05 02:31:15,Pending
7295,696,201,Credit Card,3368.22,JPY,2025-01-25 02:31:15,Successful
7296,697,64,Credit Card,3549.06,THB,2025-05-30 02:31:15,Pending
7297,697,201,Debit Card,933.9,USD,2024-12-07 02:31:15,Pending
7298,697,245,Credit Card,3287.01,THB,2025-01-13 02:31:15,Pending
7299,697,206,PayPal,2568.51,EUR,2025-09-06 02:31:15,Failed
7300,697,156,Credit Card,3780.29,THB,2025-02-12 02:31:15,Failed
7301,697,35,Bank Transfer,4516.27,THB,2025-01-08 02:31:15,Successful
7302,697,105,PayPal,4288.13,JPY,2025-05-21 02:31:15,Successful
7303,697,24,Credit Card,4538.25,THB,2024-11-03 02:31:15,Successful
7304,697,253,Credit Card,2306.1,USD,2025-08-16 02:31:15,Successful
7305,698,228,PayPal,3539.02,JPY,2024-12-20 02:31:15,Pending
7306,698,132,Bank Transfer,2075.9,EUR,2025-01-27 02:31:15,Successful
7307,698,111,Debit Card,2370.42,USD,2025-06-28 02:31:15,Pending
7308,698,267,Bank Transfer,2339.6,EUR,2024-12-26 02:31:15,Successful
7309,698,205,Bank Transfer,1629.64,EUR,2024-11-11 02:31:15,Pending
7310,698,247,Credit Card,4981.11,EUR,2025-07-27 02:31:15,Successful
7311,698,265,Credit Card,2842.76,USD,2025-09-14 02:31:15,Successful
7312,698,229,Debit Card,402.02,EUR,2025-08-23 02:31:15,Successful
7313,699,35,Credit Card,1860.59,THB,2025-07-04 02:31:15,Failed
7314,700,259,Debit Card,2761.41,USD,2025-08-29 02:31:15,Successful
7315,700,206,PayPal,2033.23,JPY,2025-03-02 02:31:15,Successful
7316,700,123,Debit Card,4995.45,THB,2025-10-27 02:31:15,Successful
7317,700,300,PayPal,1309.8,EUR,2025-08-12 02:31:15,Successful
7318,700,216,Bank Transfer,2260.96,USD,2025-03-17 02:31:15,Failed
7319,700,259,Bank Transfer,245.23,THB,2024-12-20 02:31:15,Pending
7320,700,97,Debit Card,3293.88,JPY,2024-12-09 02:31:15,Pending
7321,701,281,Bank Transfer,3570.81,JPY,2025-05-31 02:31:15,Successful
7322,701,157,Bank Transfer,2485.29,THB,2025-09-24 02:31:15,Successful
7323,701,270,Bank Transfer,3286.41,THB,2025-06-05 02:31:15,Pending
7324,701,290,Credit Card,200.27,THB,2024-11-09 02:31:15,Successful
7325,701,161,PayPal,4286.92,USD,2024-11-14 02:31:15,Pending
7326,701,165,Bank Transfer,4835.99,THB,2025-06-09 02:31:15,Failed
7327,702,278,Debit Card,1788.86,THB,2025-03-25 02:31:15,Failed
7328,702,39,PayPal,4438.28,JPY,2024-11-25 02:31:15,Pending
7329,703,235,Debit Card,3008.29,JPY,2025-03-24 02:31:15,Pending
7330,703,218,Debit Card,2946.56,EUR,2024-11-08 02:31:15,Successful
7331,704,35,Debit Card,2822.2,USD,2025-01-23 02:31:15,Successful
7332,704,219,Debit Card,4548.39,THB,2024-11-23 02:31:15,Pending
7333,704,289,Debit Card,3907.62,JPY,2025-01-24 02:31:15,Pending
7334,704,296,Bank Transfer,2628.27,JPY,2025-10-12 02:31:15,Failed
7335,704,261,Debit Card,3288.5,THB,2025-05-05 02:31:15,Failed
7336,704,221,Debit Card,487.46,EUR,2025-01-09 02:31:15,Successful
7337,704,236,Credit Card,4121.03,JPY,2024-11-17 02:31:15,Pending
7338,704,229,Debit Card,3404.86,THB,2025-05-22 02:31:15,Successful
7339,704,283,PayPal,3564.83,USD,2025-05-08 02:31:15,Successful
7340,704,211,Bank Transfer,4918.69,USD,2025-02-21 02:31:15,Failed
7341,704,283,PayPal,130.04,EUR,2025-01-16 02:31:15,Failed
7342,704,198,Bank Transfer,1069.32,EUR,2025-03-13 02:31:15,Failed
7343,704,285,Bank Transfer,3551.31,JPY,2025-08-29 02:31:15,Successful
7344,704,233,Debit Card,2779.49,USD,2025-05-19 02:31:15,Pending
7345,704,165,PayPal,457.5,EUR,2025-01-23 02:31:15,Failed
7346,704,260,PayPal,1461.73,THB,2025-08-10 02:31:15,Failed
7347,704,282,PayPal,1749.57,THB,2025-07-28 02:31:15,Pending
7348,704,259,Credit Card,3738.23,USD,2025-05-06 02:31:15,Failed
7349,704,268,Credit Card,2950.99,THB,2024-11-29 02:31:15,Pending
7350,704,72,PayPal,637.7,USD,2025-10-19 02:31:15,Pending
7351,704,257,Bank Transfer,2539.63,EUR,2025-09-08 02:31:15,Pending
7352,704,271,Debit Card,4888.9,JPY,2025-07-07 02:31:15,Failed
7353,704,213,PayPal,3697.26,USD,2025-05-14 02:31:15,Pending
7354,704,72,Credit Card,1333.86,JPY,2025-07-03 02:31:15,Failed
7355,705,35,Debit Card,789.27,EUR,2025-08-25 02:31:15,Failed
7356,705,250,Bank Transfer,4232.06,JPY,2025-10-12 02:31:15,Pending
7357,705,293,Debit Card,4429.25,THB,2025-07-14 02:31:15,Pending
7358,705,278,Credit Card,785.65,USD,2025-03-21 02:31:15,Successful
7359,705,290,Debit Card,1831.19,EUR,2024-11-21 02:31:15,Failed
7360,705,226,PayPal,4398.9,USD,2025-09-26 02:31:15,Successful
7361,705,242,Bank Transfer,3771.1,JPY,2025-06-29 02:31:15,Failed
7362,706,166,Debit Card,444.62,EUR,2024-12-26 02:31:15,Successful
7363,706,296,Debit Card,4953.61,USD,2025-10-24 02:31:15,Pending
7364,706,228,Bank Transfer,893.67,THB,2025-10-05 02:31:15,Failed
7365,706,292,PayPal,3929.2,EUR,2024-11-22 02:31:15,Successful
7366,706,245,Credit Card,1250.89,USD,2025-02-14 02:31:15,Successful
7367,706,127,Debit Card,3554.42,EUR,2025-01-25 02:31:15,Failed
7368,706,271,Credit Card,3419.8,USD,2025-08-27 02:31:15,Successful
7369,706,224,Debit Card,1592.3,EUR,2025-10-20 02:31:15,Pending
7370,706,261,Credit Card,2293.92,THB,2025-02-09 02:31:15,Failed
7371,707,242,Bank Transfer,407.14,JPY,2025-02-02 02:31:15,Failed
7372,707,278,Debit Card,1000.21,USD,2025-06-10 02:31:15,Pending
7373,707,258,Bank Transfer,4323.21,USD,2025-07-17 02:31:15,Pending
7374,708,265,Debit Card,4816.96,EUR,2025-07-28 02:31:15,Pending
7375,708,271,PayPal,3355.03,EUR,2025-07-15 02:31:15,Pending
7376,709,291,Debit Card,1603.26,THB,2025-09-09 02:31:15,Successful
7377,709,283,Bank Transfer,1869.99,USD,2025-10-22 02:31:15,Failed
7378,709,271,Bank Transfer,109.53,USD,2024-12-14 02:31:15,Failed
7379,709,143,Credit Card,1076.46,THB,2025-05-13 02:31:15,Failed
7380,709,225,PayPal,4804.21,JPY,2025-01-13 02:31:15,Failed
7381,710,300,Debit Card,331.89,JPY,2025-08-18 02:31:15,Pending
7382,710,225,Debit Card,3427.17,EUR,2025-03-30 02:31:15,Pending
7383,710,104,Bank Transfer,739.34,USD,2025-02-24 02:31:15,Failed
7384,710,201,Credit Card,3582.79,JPY,2025-01-22 02:31:15,Failed
7385,710,211,Bank Transfer,2175.24,JPY,2025-04-26 02:31:15,Successful
7386,710,238,Debit Card,2550.5,JPY,2024-11-30 02:31:15,Successful
7387,710,229,Debit Card,3970.19,USD,2025-02-02 02:31:15,Pending
7388,710,254,Debit Card,3112.15,THB,2025-10-11 02:31:15,Failed
7389,710,249,Bank Transfer,1201.64,EUR,2025-05-01 02:31:15,Successful
7390,710,199,PayPal,1663.52,JPY,2025-02-13 02:31:15,Successful
7391,710,263,Bank Transfer,4158.67,THB,2025-06-11 02:31:15,Successful
7392,710,161,Credit Card,2543.29,JPY,2025-05-26 02:31:15,Pending
7393,710,229,Credit Card,1315.08,USD,2025-05-07 02:31:15,Failed
7394,711,231,PayPal,2598.99,THB,2025-01-14 02:31:15,Successful
7395,712,239,PayPal,1268.29,JPY,2025-08-22 02:31:15,Successful
7396,712,223,PayPal,4512.59,EUR,2024-12-29 02:31:15,Successful
7397,712,254,Debit Card,2959.29,JPY,2025-09-21 02:31:15,Pending
7398,712,261,PayPal,1333.15,JPY,2025-07-08 02:31:15,Pending
7399,712,242,PayPal,4252.46,JPY,2025-10-28 02:31:15,Successful
7400,712,272,Credit Card,3720.52,USD,2025-05-04 02:31:15,Successful
7401,712,229,Bank Transfer,2838.72,EUR,2025-07-29 02:31:15,Successful
7402,712,297,PayPal,1859.3,EUR,2025-05-13 02:31:15,Successful
7403,712,242,PayPal,1408.2,USD,2025-03-16 02:31:15,Pending
7404,712,222,Bank Transfer,2334.56,THB,2024-12-07 02:31:15,Pending
7405,712,282,Debit Card,4877.28,USD,2025-10-16 02:31:15,Pending
7406,712,231,Credit Card,2332.11,THB,2024-11-19 02:31:15,Pending
7407,712,271,Credit Card,4635.28,USD,2024-12-20 02:31:15,Failed
7408,712,226,Bank Transfer,3823.09,USD,2025-08-30 02:31:15,Successful
7409,713,249,PayPal,2072.41,JPY,2025-04-28 02:31:15,Pending
7410,713,35,Bank Transfer,2733.33,USD,2025-06-11 02:31:15,Successful
7411,713,177,Credit Card,4767.57,EUR,2025-01-23 02:31:15,Failed
7412,713,165,Bank Transfer,2469.03,JPY,2025-06-23 02:31:15,Failed
7413,713,29,Debit Card,4803.65,THB,2025-06-05 02:31:15,Failed
7414,713,253,Bank Transfer,390.54,EUR,2025-01-17 02:31:15,Pending
7415,713,55,Bank Transfer,2403.09,USD,2025-10-24 02:31:15,Successful
7416,713,37,Bank Transfer,2384.39,USD,2025-07-06 02:31:15,Successful
7417,713,121,Debit Card,1698.87,USD,2024-11-12 02:31:15,Failed
7418,714,267,PayPal,1198.23,USD,2025-03-09 02:31:15,Successful
7419,714,24,Debit Card,1608.99,JPY,2024-11-29 02:31:15,Failed
7420,714,249,Bank Transfer,3320.62,EUR,2024-12-29 02:31:15,Pending
7421,714,299,Credit Card,3798.34,USD,2025-06-21 02:31:15,Successful
7422,714,211,Credit Card,4033.72,JPY,2024-12-17 02:31:15,Pending
7423,715,272,Debit Card,1379.5,THB,2025-06-09 02:31:15,Failed
7424,715,35,Credit Card,1484.3,USD,2025-09-09 02:31:15,Pending
7425,715,39,Debit Card,390.02,JPY,2025-06-07 02:31:15,Successful
7426,715,228,Debit Card,1312.56,EUR,2025-05-03 02:31:15,Pending
7427,715,254,Bank Transfer,4096.39,USD,2025-02-13 02:31:15,Successful
7428,715,247,Debit Card,2372.21,USD,2025-03-03 02:31:15,Successful
7429,715,278,Credit Card,1304.08,THB,2025-03-11 02:31:15,Failed
7430,715,231,Debit Card,3671.3,THB,2025-05-04 02:31:15,Failed
7431,715,272,Bank Transfer,1550.49,EUR,2025-07-17 02:31:15,Failed
7432,715,161,Debit Card,1644.49,THB,2025-07-19 02:31:15,Successful
7433,715,265,Credit Card,4125.93,EUR,2025-09-07 02:31:15,Pending
7434,716,218,Credit Card,656.36,USD,2024-12-09 02:31:15,Successful
7435,716,277,Credit Card,1957.99,JPY,2025-09-10 02:31:15,Successful
7436,716,228,Bank Transfer,3283.11,THB,2025-10-05 02:31:15,Successful
7437,716,161,PayPal,4368.6,THB,2025-09-24 02:31:15,Pending
7438,716,228,PayPal,1397.41,JPY,2025-03-22 02:31:15,Pending
7439,716,219,Debit Card,3766.49,EUR,2025-07-22 02:31:15,Pending
7440,716,275,PayPal,3381.9,EUR,2025-03-29 02:31:15,Successful
7441,716,35,Credit Card,4179.34,USD,2024-11-16 02:31:15,Failed
7442,716,286,PayPal,1423.66,THB,2025-04-04 02:31:15,Pending
7443,716,260,Credit Card,2716.3,EUR,2025-05-24 02:31:15,Successful
7444,716,4,Bank Transfer,3839.62,EUR,2025-01-31 02:31:15,Successful
7445,716,209,Bank Transfer,2696.84,EUR,2025-10-02 02:31:15,Pending
7446,716,233,Credit Card,1421.59,EUR,2025-10-16 02:31:15,Successful
7447,716,189,Debit Card,754.48,EUR,2025-01-21 02:31:15,Failed
7448,716,282,Debit Card,4144.84,USD,2024-11-11 02:31:15,Successful
7449,716,72,PayPal,4391.89,THB,2025-02-14 02:31:15,Pending
7450,717,201,Credit Card,1746.71,JPY,2025-05-24 02:31:15,Successful
7451,717,174,Bank Transfer,3608.75,USD,2025-01-06 02:31:15,Pending
7452,717,274,Bank Transfer,4060.65,EUR,2025-06-22 02:31:15,Failed
7453,717,256,Debit Card,1854.83,EUR,2024-11-06 02:31:15,Pending
7454,717,282,Bank Transfer,2512.47,JPY,2025-06-25 02:31:15,Failed
7455,717,266,PayPal,2870.92,EUR,2025-01-05 02:31:15,Successful
7456,717,276,Credit Card,1599.98,EUR,2025-10-05 02:31:15,Successful
7457,717,231,Bank Transfer,142.67,THB,2025-04-16 02:31:15,Failed
7458,717,93,Bank Transfer,716.94,JPY,2025-04-29 02:31:15,Failed
7459,717,277,Debit Card,2534.51,THB,2025-01-18 02:31:15,Failed
7460,717,286,PayPal,3300.8,JPY,2025-10-22 02:31:15,Pending
7461,717,234,Credit Card,784.6,USD,2025-06-24 02:31:15,Successful
7462,717,279,Bank Transfer,870.08,EUR,2025-06-25 02:31:15,Failed
7463,717,232,Debit Card,3054.96,USD,2025-09-15 02:31:15,Failed
7464,717,202,Credit Card,2910.17,THB,2025-08-21 02:31:15,Pending
7465,717,203,PayPal,2396.8,JPY,2025-01-17 02:31:15,Successful
7466,717,104,Bank Transfer,4765.78,EUR,2024-11-24 02:31:15,Successful
7467,717,213,Bank Transfer,1553.58,USD,2024-11-15 02:31:15,Failed
7468,717,177,Credit Card,1166.27,EUR,2025-10-02 02:31:15,Pending
7469,718,268,Debit Card,3772.64,EUR,2025-06-28 02:31:15,Pending
7470,718,230,PayPal,4743.9,THB,2025-03-11 02:31:15,Pending
7471,718,246,PayPal,860.94,THB,2025-03-28 02:31:15,Successful
7472,718,296,Bank Transfer,2998.5,EUR,2025-01-14 02:31:15,Failed
7473,718,251,PayPal,1747.0,EUR,2024-12-27 02:31:15,Pending
7474,718,255,PayPal,3585.15,EUR,2025-03-13 02:31:15,Pending
7475,718,263,Credit Card,949.17,THB,2025-09-07 02:31:15,Failed
7476,718,265,PayPal,3437.16,THB,2025-03-22 02:31:15,Pending
7477,719,264,Credit Card,2692.51,THB,2025-08-19 02:31:15,Pending
7478,719,128,PayPal,4520.95,THB,2025-07-15 02:31:15,Pending
7479,719,215,Debit Card,2031.28,THB,2025-03-03 02:31:15,Failed
7480,719,4,Credit Card,2362.18,EUR,2024-11-03 02:31:15,Successful
7481,719,157,PayPal,4894.62,EUR,2025-04-16 02:31:15,Failed
7482,719,234,PayPal,586.57,THB,2025-01-23 02:31:15,Failed
7483,719,69,Debit Card,2572.74,USD,2025-10-24 02:31:15,Failed
7484,719,300,Credit Card,4694.84,THB,2025-02-02 02:31:15,Pending
7485,719,204,Debit Card,285.52,EUR,2024-11-19 02:31:15,Pending
7486,719,95,PayPal,2979.55,THB,2025-02-05 02:31:15,Pending
7487,719,228,Debit Card,2267.53,JPY,2025-02-23 02:31:15,Failed
7488,719,44,PayPal,994.55,THB,2025-05-23 02:31:15,Pending
7489,719,207,PayPal,1163.41,THB,2024-12-09 02:31:15,Failed
7490,720,207,Debit Card,3683.9,THB,2025-03-21 02:31:15,Pending
7491,720,23,Debit Card,3078.76,THB,2025-09-22 02:31:15,Failed
7492,720,209,Credit Card,301.22,THB,2025-04-21 02:31:15,Successful
7493,720,286,Bank Transfer,2261.01,THB,2025-09-28 02:31:15,Failed
7494,720,294,Debit Card,4480.77,EUR,2024-11-10 02:31:15,Pending
7495,720,64,Bank Transfer,4786.43,JPY,2025-05-10 02:31:15,Successful
7496,720,208,Bank Transfer,434.59,EUR,2025-03-03 02:31:15,Successful
7497,720,224,Credit Card,4851.0,EUR,2025-08-01 02:31:15,Successful
7498,720,277,Debit Card,420.92,JPY,2025-07-11 02:31:15,Successful
7499,720,218,PayPal,353.52,THB,2025-07-05 02:31:15,Failed
7500,720,240,Bank Transfer,4264.96,THB,2025-09-09 02:31:15,Successful
7501,720,254,Bank Transfer,4945.63,EUR,2025-09-19 02:31:15,Pending
7502,720,251,PayPal,2634.25,USD,2025-08-12 02:31:15,Pending
7503,720,258,Bank Transfer,3382.22,EUR,2024-12-26 02:31:15,Pending
7504,720,148,Credit Card,2674.88,JPY,2025-01-27 02:31:15,Pending
7505,720,206,Credit Card,101.27,USD,2025-03-05 02:31:15,Successful
7506,720,214,Debit Card,234.84,JPY,2025-09-19 02:31:15,Successful
7507,720,281,Credit Card,2659.99,EUR,2025-05-08 02:31:15,Successful
7508,720,24,Debit Card,3021.42,EUR,2025-01-14 02:31:15,Failed
7509,720,189,Credit Card,743.88,THB,2025-09-24 02:31:15,Failed
7510,721,256,Bank Transfer,4735.77,USD,2025-03-11 02:31:15,Failed
7511,721,278,Bank Transfer,3968.84,USD,2025-07-23 02:31:15,Successful
7512,721,156,Debit Card,167.43,USD,2025-03-24 02:31:15,Successful
7513,721,251,PayPal,4700.9,JPY,2025-05-13 02:31:15,Successful
7514,721,268,Debit Card,4778.24,EUR,2025-08-31 02:31:15,Successful
7515,721,229,Credit Card,330.69,JPY,2025-02-22 02:31:15,Pending
7516,721,228,PayPal,2626.8,JPY,2025-05-19 02:31:15,Failed
7517,721,245,PayPal,4752.52,USD,2025-01-05 02:31:15,Failed
7518,721,205,Credit Card,1587.94,USD,2025-06-03 02:31:15,Pending
7519,722,296,Bank Transfer,962.28,THB,2025-04-15 02:31:15,Failed
7520,722,35,PayPal,3418.06,THB,2025-03-18 02:31:15,Successful
7521,722,166,Bank Transfer,4781.63,USD,2025-01-29 02:31:15,Successful
7522,722,239,PayPal,3859.14,THB,2025-10-12 02:31:15,Failed
7523,722,231,Debit Card,3291.37,EUR,2024-11-27 02:31:15,Failed
7524,722,299,Credit Card,3441.7,EUR,2025-04-10 02:31:15,Successful
7525,722,232,Credit Card,2486.27,JPY,2025-06-21 02:31:15,Pending
7526,722,228,Debit Card,4652.43,THB,2025-01-12 02:31:15,Failed
7527,722,66,Credit Card,2186.15,JPY,2025-03-17 02:31:15,Failed
7528,722,300,Credit Card,2263.94,JPY,2025-01-17 02:31:15,Pending
7529,722,289,PayPal,2711.2,JPY,2025-06-16 02:31:15,Pending
7530,722,189,Credit Card,4792.91,USD,2025-10-05 02:31:15,Failed
7531,722,259,Bank Transfer,2342.88,THB,2025-03-27 02:31:15,Failed
7532,722,207,Credit Card,2569.62,THB,2024-12-02 02:31:15,Pending
7533,722,189,Bank Transfer,2736.08,EUR,2025-07-14 02:31:15,Failed
7534,722,235,Bank Transfer,356.69,THB,2025-06-12 02:31:15,Pending
7535,722,226,Debit Card,4406.19,USD,2025-03-26 02:31:15,Pending
7536,722,267,PayPal,1846.23,THB,2025-06-22 02:31:15,Successful
7537,722,285,Bank Transfer,2778.25,EUR,2025-03-21 02:31:15,Successful
7538,722,255,PayPal,292.46,THB,2025-04-16 02:31:15,Failed
7539,722,189,Credit Card,4028.82,JPY,2025-04-24 02:31:15,Failed
7540,722,233,Debit Card,4930.18,THB,2025-10-07 02:31:15,Successful
7541,722,289,Debit Card,2401.15,THB,2025-05-10 02:31:15,Failed
7542,722,253,Credit Card,790.82,JPY,2025-02-27 02:31:15,Successful
7543,723,116,Credit Card,856.07,THB,2025-10-30 02:31:15,Successful
7544,723,249,PayPal,2343.39,EUR,2025-01-05 02:31:15,Successful
7545,723,211,PayPal,1247.23,EUR,2025-08-01 02:31:15,Failed
7546,723,121,Bank Transfer,1965.22,USD,2025-01-08 02:31:15,Pending
7547,724,55,Credit Card,4389.76,EUR,2025-02-23 02:31:15,Pending
7548,724,242,Debit Card,2095.6,USD,2024-11-09 02:31:15,Successful
7549,724,128,Credit Card,1090.7,EUR,2025-09-25 02:31:15,Successful
7550,724,276,Bank Transfer,1758.05,THB,2025-08-29 02:31:15,Pending
7551,724,250,PayPal,2225.05,EUR,2024-12-21 02:31:15,Pending
7552,724,221,Bank Transfer,4342.14,JPY,2025-10-18 02:31:15,Pending
7553,724,35,Bank Transfer,4026.21,JPY,2025-10-10 02:31:15,Successful
7554,724,258,Bank Transfer,1434.54,JPY,2025-09-12 02:31:15,Failed
7555,724,157,Debit Card,1312.85,JPY,2025-10-16 02:31:15,Successful
7556,724,81,PayPal,3692.95,USD,2024-11-28 02:31:15,Failed
7557,724,116,PayPal,4469.51,EUR,2025-07-24 02:31:15,Failed
7558,724,224,Bank Transfer,504.0,JPY,2025-07-02 02:31:15,Pending
7559,724,211,Bank Transfer,2239.65,USD,2025-05-02 02:31:15,Failed
7560,725,244,Bank Transfer,4019.95,USD,2025-05-19 02:31:15,Failed
7561,725,93,PayPal,4183.37,JPY,2025-03-27 02:31:15,Successful
7562,725,254,Debit Card,1523.3,JPY,2025-05-28 02:31:15,Successful
7563,726,264,PayPal,934.67,EUR,2025-07-05 02:31:15,Pending
7564,726,254,Credit Card,1328.39,JPY,2025-08-05 02:31:15,Failed
7565,726,210,Debit Card,3573.13,THB,2025-09-20 02:31:15,Pending
7566,727,247,Debit Card,768.13,THB,2025-01-10 02:31:15,Pending
7567,727,262,Debit Card,701.1,USD,2025-10-25 02:31:15,Failed
7568,727,269,Credit Card,1136.95,THB,2024-11-28 02:31:15,Pending
7569,727,244,Credit Card,1518.39,EUR,2025-02-13 02:31:15,Failed
7570,727,226,PayPal,2157.56,JPY,2025-09-26 02:31:15,Failed
7571,727,298,PayPal,641.27,JPY,2024-12-04 02:31:15,Pending
7572,727,281,Bank Transfer,2013.88,EUR,2025-05-24 02:31:15,Failed
7573,727,156,Debit Card,2925.98,USD,2025-04-10 02:31:15,Pending
7574,727,260,PayPal,1915.86,JPY,2025-02-23 02:31:15,Pending
7575,728,268,Bank Transfer,3783.99,JPY,2025-04-25 02:31:15,Failed
7576,728,263,Bank Transfer,1985.85,EUR,2025-02-28 02:31:15,Failed
7577,728,204,Credit Card,2854.48,THB,2025-10-28 02:31:15,Pending
7578,728,201,PayPal,4264.35,THB,2025-01-05 02:31:15,Failed
7579,728,37,PayPal,1714.71,EUR,2025-07-30 02:31:15,Successful
7580,728,235,Bank Transfer,1882.41,EUR,2025-01-12 02:31:15,Pending
7581,728,212,Bank Transfer,2693.18,JPY,2025-08-20 02:31:15,Failed
7582,728,174,PayPal,1565.52,EUR,2025-08-21 02:31:15,Successful
7583,728,165,Credit Card,2212.51,EUR,2024-11-12 02:31:15,Successful
7584,728,157,Bank Transfer,4463.01,THB,2025-01-01 02:31:15,Pending
7585,728,132,Bank Transfer,3939.82,THB,2024-12-06 02:31:15,Pending
7586,728,279,Bank Transfer,3947.1,EUR,2025-10-15 02:31:15,Successful
7587,728,161,Bank Transfer,4021.99,THB,2025-05-29 02:31:15,Failed
7588,728,229,Bank Transfer,1090.63,USD,2025-06-29 02:31:15,Successful
7589,728,256,Credit Card,1359.02,USD,2025-07-25 02:31:15,Successful
7590,728,249,Debit Card,4999.14,THB,2025-07-01 02:31:15,Successful
7591,728,225,Credit Card,631.62,USD,2025-02-14 02:31:15,Failed
7592,729,248,Credit Card,2062.37,EUR,2025-02-18 02:31:15,Pending
7593,729,280,PayPal,1781.38,JPY,2025-05-22 02:31:15,Failed
7594,729,222,Debit Card,3512.99,EUR,2025-08-15 02:31:15,Pending
7595,729,223,Bank Transfer,611.28,USD,2025-06-13 02:31:15,Successful
7596,729,275,Bank Transfer,3082.2,EUR,2025-05-08 02:31:15,Failed
7597,729,250,Debit Card,1655.17,JPY,2025-01-13 02:31:15,Pending
7598,729,165,Debit Card,3285.82,JPY,2024-11-02 02:31:15,Successful
7599,729,242,Debit Card,1708.07,JPY,2025-03-29 02:31:15,Pending
7600,729,35,Bank Transfer,4869.55,THB,2024-11-30 02:31:15,Successful
7601,729,256,PayPal,3581.9,JPY,2024-11-26 02:31:15,Failed
7602,729,213,Credit Card,2373.48,THB,2025-05-18 02:31:15,Pending
7603,729,285,Bank Transfer,4529.39,USD,2024-12-29 02:31:15,Pending
7604,729,247,Credit Card,3897.08,JPY,2025-08-27 02:31:15,Failed
7605,729,230,Bank Transfer,4677.93,EUR,2024-12-12 02:31:15,Failed
7606,729,279,Bank Transfer,3548.04,THB,2025-01-02 02:31:15,Successful
7607,729,217,Bank Transfer,4028.37,EUR,2025-08-23 02:31:15,Failed
7608,730,21,PayPal,4198.9,JPY,2025-01-03 02:31:15,Failed
7609,730,116,Debit Card,2227.12,USD,2025-09-16 02:31:15,Successful
7610,730,272,Debit Card,3309.4,JPY,2025-09-23 02:31:15,Pending
7611,730,140,Credit Card,3430.41,EUR,2024-11-20 02:31:15,Successful
7612,730,238,Credit Card,1020.58,JPY,2025-08-12 02:31:15,Successful
7613,730,97,Debit Card,708.58,EUR,2024-12-10 02:31:15,Successful
7614,731,265,Credit Card,3206.17,EUR,2025-04-20 02:31:15,Successful
7615,731,260,PayPal,4096.0,EUR,2025-04-02 02:31:15,Pending
7616,731,257,Debit Card,837.47,USD,2025-04-15 02:31:15,Failed
7617,731,105,Bank Transfer,2099.37,THB,2024-12-28 02:31:15,Successful
7618,731,39,PayPal,278.7,THB,2025-06-07 02:31:15,Successful
7619,732,201,Debit Card,1977.98,EUR,2025-07-01 02:31:15,Pending
7620,732,246,Credit Card,4776.61,USD,2025-07-04 02:31:15,Successful
7621,732,277,Bank Transfer,1638.01,EUR,2025-09-29 02:31:15,Pending
7622,732,229,PayPal,4480.45,USD,2025-08-21 02:31:15,Failed
7623,732,174,PayPal,1029.17,EUR,2025-10-07 02:31:15,Failed
7624,732,256,PayPal,1908.46,THB,2025-06-28 02:31:15,Successful
7625,733,165,Credit Card,4289.35,JPY,2025-10-20 02:31:15,Successful
7626,733,64,PayPal,1422.17,EUR,2025-07-21 02:31:15,Successful
7627,734,127,Credit Card,4545.76,USD,2025-03-07 02:31:15,Failed
7628,734,293,Credit Card,3379.45,THB,2025-07-04 02:31:15,Pending
7629,734,156,PayPal,3542.76,THB,2025-08-27 02:31:15,Failed
7630,734,280,Bank Transfer,3185.04,THB,2025-02-24 02:31:15,Failed
7631,734,269,PayPal,1781.42,JPY,2025-04-12 02:31:15,Successful
7632,734,277,Bank Transfer,723.64,EUR,2025-03-03 02:31:15,Successful
7633,735,201,PayPal,1670.4,USD,2025-06-07 02:31:15,Failed
7634,735,271,Credit Card,980.65,JPY,2025-04-07 02:31:15,Failed
7635,735,277,Credit Card,1763.97,THB,2025-01-08 02:31:15,Successful
7636,735,44,Debit Card,3075.36,THB,2025-03-10 02:31:15,Pending
7637,735,216,Credit Card,4178.12,USD,2025-05-08 02:31:15,Successful
7638,735,278,Credit Card,1117.7,EUR,2025-07-11 02:31:15,Pending
7639,735,256,Debit Card,2890.03,JPY,2025-08-13 02:31:15,Failed
7640,735,224,PayPal,2570.81,EUR,2025-03-18 02:31:15,Failed
7641,735,262,Debit Card,1154.57,USD,2025-08-26 02:31:15,Pending
7642,735,241,Credit Card,1183.13,USD,2024-11-14 02:31:15,Pending
7643,735,225,Credit Card,825.39,JPY,2025-05-08 02:31:15,Pending
7644,735,213,Debit Card,2880.06,EUR,2025-05-24 02:31:15,Failed
7645,735,291,Credit Card,4749.78,THB,2025-09-19 02:31:15,Pending
7646,735,238,Credit Card,2164.97,THB,2025-08-03 02:31:15,Successful
7647,735,251,Bank Transfer,4296.24,EUR,2024-12-30 02:31:15,Successful
7648,735,243,Credit Card,118.89,EUR,2025-06-26 02:31:15,Successful
7649,735,296,Bank Transfer,1330.81,THB,2025-04-15 02:31:15,Failed
7650,735,250,PayPal,1329.8,THB,2025-01-17 02:31:15,Failed
7651,735,242,Credit Card,1339.12,THB,2024-11-13 02:31:15,Pending
7652,735,221,Credit Card,3194.55,JPY,2024-12-14 02:31:15,Successful
7653,735,261,Debit Card,4607.26,JPY,2025-04-12 02:31:15,Pending
7654,735,204,Debit Card,1663.79,JPY,2025-02-14 02:31:15,Successful
7655,735,222,Bank Transfer,4616.53,EUR,2024-11-24 02:31:15,Failed
7656,735,81,Credit Card,376.25,THB,2025-07-28 02:31:15,Pending
7657,735,244,PayPal,1168.43,USD,2025-10-10 02:31:15,Pending
7658,735,255,Credit Card,4507.61,JPY,2025-07-16 02:31:15,Pending
7659,735,166,Debit Card,1776.32,JPY,2024-12-06 02:31:15,Failed
7660,736,199,Bank Transfer,4435.07,EUR,2025-04-09 02:31:15,Failed
7661,736,206,Bank Transfer,690.92,THB,2025-01-22 02:31:15,Pending
7662,736,197,PayPal,4823.24,USD,2025-07-01 02:31:15,Failed
7663,736,286,PayPal,4036.78,THB,2025-07-12 02:31:15,Successful
7664,736,116,PayPal,4118.22,EUR,2024-12-04 02:31:15,Pending
7665,736,229,Bank Transfer,4292.79,EUR,2025-09-29 02:31:15,Failed
7666,736,269,PayPal,3767.97,THB,2025-05-15 02:31:15,Successful
7667,736,212,Bank Transfer,1631.78,THB,2025-05-25 02:31:15,Successful
7668,736,236,PayPal,630.3,JPY,2025-04-13 02:31:15,Pending
7669,736,275,Bank Transfer,1858.98,EUR,2025-01-09 02:31:15,Failed
7670,736,228,PayPal,3966.44,USD,2025-10-11 02:31:15,Pending
7671,736,251,Debit Card,3556.16,JPY,2025-05-24 02:31:15,Successful
7672,736,23,Debit Card,2889.91,JPY,2025-06-15 02:31:15,Pending
7673,736,292,PayPal,3223.4,USD,2025-10-28 02:31:15,Pending
7674,736,199,Debit Card,1001.66,THB,2025-05-19 02:31:15,Successful
7675,736,21,PayPal,1758.71,JPY,2025-01-05 02:31:15,Pending
7676,737,39,PayPal,4211.98,THB,2025-03-14 02:31:15,Pending
7677,737,210,Debit Card,1226.28,JPY,2025-04-04 02:31:15,Successful
7678,737,212,PayPal,443.42,THB,2025-03-27 02:31:15,Failed
7679,737,258,Debit Card,381.35,JPY,2025-10-09 02:31:15,Pending
7680,737,35,Credit Card,1181.33,JPY,2025-08-14 02:31:15,Successful
7681,737,221,Debit Card,697.11,THB,2025-04-30 02:31:15,Pending
7682,737,256,Debit Card,1625.85,THB,2024-12-26 02:31:15,Successful
7683,737,139,Debit Card,3076.04,EUR,2025-10-16 02:31:15,Successful
7684,737,95,PayPal,2882.05,THB,2025-01-20 02:31:15,Failed
7685,737,258,Credit Card,2358.24,JPY,2024-11-20 02:31:15,Pending
7686,737,239,PayPal,1070.87,USD,2025-01-26 02:31:15,Failed
7687,738,283,Debit Card,3330.23,EUR,2025-02-19 02:31:15,Failed
7688,738,248,Bank Transfer,3466.49,USD,2025-10-07 02:31:15,Failed
7689,738,206,Debit Card,1622.45,JPY,2025-03-26 02:31:15,Failed
7690,738,228,Bank Transfer,3077.07,THB,2025-03-26 02:31:15,Pending
7691,738,255,Credit Card,3432.04,EUR,2025-07-17 02:31:15,Pending
7692,738,35,Bank Transfer,2577.24,EUR,2025-10-24 02:31:15,Pending
7693,738,281,PayPal,1743.41,THB,2025-05-14 02:31:15,Pending
7694,738,261,Bank Transfer,909.32,JPY,2025-07-30 02:31:15,Failed
7695,738,132,Bank Transfer,2871.27,THB,2025-07-17 02:31:15,Successful
7696,738,224,PayPal,2294.84,THB,2025-02-25 02:31:15,Successful
7697,738,197,PayPal,3617.42,JPY,2025-01-29 02:31:15,Pending
7698,738,104,Debit Card,2420.53,USD,2024-11-17 02:31:15,Failed
7699,738,197,Bank Transfer,966.5,THB,2025-06-25 02:31:15,Pending
7700,738,254,PayPal,4388.67,JPY,2025-04-02 02:31:15,Failed
7701,738,250,Credit Card,325.27,USD,2025-06-02 02:31:15,Pending
7702,738,256,Bank Transfer,525.98,USD,2025-04-22 02:31:15,Pending
7703,738,280,Bank Transfer,927.15,JPY,2025-02-08 02:31:15,Pending
7704,738,256,Bank Transfer,4718.97,THB,2025-06-15 02:31:15,Failed
7705,738,64,PayPal,4458.52,THB,2024-11-18 02:31:15,Pending
7706,738,207,PayPal,508.59,JPY,2024-12-18 02:31:15,Pending
7707,738,234,PayPal,2143.73,USD,2025-07-07 02:31:15,Pending
7708,738,230,PayPal,1438.06,THB,2024-11-10 02:31:15,Pending
7709,738,116,Debit Card,4357.25,THB,2025-01-27 02:31:15,Successful
7710,738,249,Credit Card,2035.71,THB,2025-06-17 02:31:15,Failed
7711,738,213,Bank Transfer,2969.52,THB,2024-12-06 02:31:15,Successful
7712,738,212,Bank Transfer,4831.23,THB,2024-12-13 02:31:15,Pending
7713,738,276,Credit Card,546.19,THB,2025-08-12 02:31:15,Successful
7714,738,204,Credit Card,1989.22,USD,2025-02-18 02:31:15,Failed
7715,739,259,Debit Card,252.29,THB,2025-07-01 02:31:15,Pending
7716,739,166,Credit Card,1882.68,THB,2025-09-25 02:31:15,Successful
7717,739,209,Debit Card,4087.07,JPY,2024-12-10 02:31:15,Pending
7718,739,225,Debit Card,3426.56,EUR,2025-10-30 02:31:15,Pending
7719,739,216,Debit Card,489.79,JPY,2025-10-09 02:31:15,Successful
7720,739,217,Debit Card,698.75,JPY,2025-02-27 02:31:15,Successful
7721,739,244,Credit Card,4185.34,THB,2024-12-18 02:31:15,Failed
7722,739,242,Credit Card,4498.07,THB,2025-09-12 02:31:15,Pending
7723,739,235,Bank Transfer,2481.19,EUR,2025-04-11 02:31:15,Pending
7724,739,282,Credit Card,138.23,USD,2024-11-13 02:31:15,Successful
7725,739,224,Credit Card,4760.97,JPY,2025-05-10 02:31:15,Successful
7726,739,224,Debit Card,4701.15,EUR,2025-02-03 02:31:15,Successful
7727,739,286,PayPal,4956.82,JPY,2025-09-04 02:31:15,Failed
7728,739,72,Credit Card,1631.82,JPY,2025-05-30 02:31:15,Failed
7729,739,257,Credit Card,656.48,USD,2024-11-13 02:31:15,Pending
7730,739,198,Bank Transfer,152.89,JPY,2025-08-21 02:31:15,Pending
7731,739,265,Debit Card,4539.96,EUR,2025-10-05 02:31:15,Successful
7732,739,206,Debit Card,3318.27,USD,2025-01-26 02:31:15,Pending
7733,739,225,Debit Card,1486.86,USD,2025-08-02 02:31:15,Successful
7734,739,285,Debit Card,654.95,USD,2025-10-20 02:31:15,Failed
7735,739,290,Debit Card,971.95,USD,2025-01-26 02:31:15,Successful
7736,739,234,Debit Card,3447.88,EUR,2025-07-29 02:31:15,Pending
7737,739,228,Bank Transfer,1983.46,EUR,2025-08-18 02:31:15,Pending
7738,740,233,Credit Card,4431.87,USD,2025-07-12 02:31:15,Successful
7739,740,272,Credit Card,2239.6,EUR,2025-06-06 02:31:15,Successful
7740,740,257,Debit Card,920.58,JPY,2025-02-22 02:31:15,Pending
7741,740,132,Credit Card,597.42,USD,2025-04-10 02:31:15,Failed
7742,740,245,Credit Card,653.4,JPY,2025-03-07 02:31:15,Pending
7743,741,258,Bank Transfer,3710.59,USD,2025-08-02 02:31:15,Failed
7744,741,235,Credit Card,1732.15,JPY,2025-06-23 02:31:15,Successful
7745,741,278,Bank Transfer,2267.88,USD,2025-08-06 02:31:15,Successful
7746,741,127,Credit Card,3112.48,EUR,2025-09-20 02:31:15,Failed
7747,741,282,PayPal,1122.71,USD,2025-06-10 02:31:15,Pending
7748,741,242,Credit Card,1868.97,THB,2025-09-23 02:31:15,Pending
7749,742,246,PayPal,3918.6,USD,2024-11-26 02:31:15,Failed
7750,742,281,Credit Card,2292.06,EUR,2025-10-31 02:31:15,Pending
7751,742,254,PayPal,2558.82,THB,2025-01-25 02:31:15,Failed
7752,742,299,Bank Transfer,4652.53,JPY,2025-10-01 02:31:15,Successful
7753,742,157,Bank Transfer,2570.62,JPY,2025-03-15 02:31:15,Pending
7754,742,251,Bank Transfer,342.6,USD,2025-01-19 02:31:15,Pending
7755,742,44,Debit Card,4981.32,JPY,2025-04-14 02:31:15,Failed
7756,742,254,PayPal,4170.81,EUR,2025-02-13 02:31:15,Successful
7757,743,218,PayPal,1705.6,USD,2025-09-19 02:31:15,Failed
7758,743,276,Debit Card,2265.14,JPY,2024-12-08 02:31:15,Pending
7759,743,177,Bank Transfer,1287.64,THB,2025-01-25 02:31:15,Successful
7760,743,271,Credit Card,677.24,THB,2025-08-27 02:31:15,Successful
7761,743,228,PayPal,628.91,THB,2025-09-30 02:31:15,Successful
7762,743,157,PayPal,235.67,THB,2025-04-19 02:31:15,Pending
7763,743,226,Credit Card,457.68,USD,2025-04-29 02:31:15,Successful
7764,743,288,Debit Card,1583.96,JPY,2025-05-24 02:31:15,Successful
7765,743,232,Credit Card,3404.6,EUR,2025-03-03 02:31:15,Successful
7766,743,285,Credit Card,2358.35,JPY,2025-06-15 02:31:15,Pending
7767,743,251,PayPal,4701.89,JPY,2025-01-15 02:31:15,Failed
7768,743,81,Bank Transfer,4765.43,USD,2025-08-10 02:31:15,Failed
7769,743,139,Credit Card,2294.37,USD,2025-05-28 02:31:15,Pending
7770,743,265,PayPal,2760.82,USD,2025-06-28 02:31:15,Pending
7771,743,248,Credit Card,2929.99,USD,2025-09-11 02:31:15,Failed
7772,743,189,PayPal,3523.63,JPY,2024-11-11 02:31:15,Failed
7773,743,156,Bank Transfer,2250.99,USD,2025-01-06 02:31:15,Failed
7774,743,223,Debit Card,1413.07,JPY,2025-10-18 02:31:15,Successful
7775,743,242,Bank Transfer,291.15,THB,2025-09-14 02:31:15,Failed
7776,743,224,Bank Transfer,1601.48,USD,2025-02-27 02:31:15,Failed
7777,744,244,Credit Card,731.79,THB,2024-11-26 02:31:15,Successful
7778,744,105,Credit Card,1332.75,EUR,2025-07-07 02:31:15,Failed
7779,744,269,Bank Transfer,2573.53,THB,2025-03-21 02:31:15,Failed
7780,744,270,Debit Card,1680.72,THB,2025-08-17 02:31:15,Successful
7781,744,223,PayPal,3216.94,THB,2025-02-02 02:31:15,Failed
7782,744,216,Bank Transfer,3940.82,EUR,2024-11-04 02:31:15,Pending
7783,744,4,Bank Transfer,955.79,JPY,2025-08-06 02:31:15,Pending
7784,744,256,Debit Card,1153.31,EUR,2024-11-08 02:31:15,Failed
7785,744,211,Credit Card,900.7,EUR,2025-10-17 02:31:15,Pending
7786,744,253,Debit Card,2919.1,JPY,2024-11-26 02:31:15,Failed
7787,744,249,Debit Card,3597.95,EUR,2025-04-19 02:31:15,Failed
7788,744,219,PayPal,1406.18,JPY,2025-06-27 02:31:15,Pending
7789,745,218,Debit Card,1663.57,JPY,2024-11-20 02:31:15,Failed
7790,745,282,Debit Card,3579.55,USD,2025-01-22 02:31:15,Pending
7791,745,275,Bank Transfer,3341.42,JPY,2025-08-08 02:31:15,Successful
7792,745,257,Bank Transfer,1319.75,THB,2025-07-04 02:31:15,Failed
7793,745,123,Credit Card,4701.48,THB,2025-10-04 02:31:15,Successful
7794,745,220,Bank Transfer,2178.22,THB,2025-06-16 02:31:15,Successful
7795,745,229,Credit Card,1382.84,THB,2025-09-15 02:31:15,Failed
7796,745,208,Bank Transfer,3479.6,EUR,2024-11-14 02:31:15,Failed
7797,745,291,Debit Card,4864.23,JPY,2025-07-16 02:31:15,Failed
7798,745,282,Debit Card,4018.58,JPY,2025-07-31 02:31:15,Successful
7799,745,283,Debit Card,1885.74,USD,2025-06-09 02:31:15,Failed
7800,745,276,PayPal,1882.65,USD,2024-12-02 02:31:15,Failed
7801,745,232,Debit Card,1427.39,EUR,2025-08-18 02:31:15,Successful
7802,746,227,Credit Card,615.74,EUR,2025-06-19 02:31:15,Pending
7803,746,246,PayPal,1535.84,EUR,2025-03-02 02:31:15,Pending
7804,746,252,PayPal,916.83,USD,2024-12-13 02:31:15,Pending
7805,746,4,PayPal,980.2,EUR,2025-04-22 02:31:15,Successful
7806,746,261,Credit Card,4506.23,USD,2025-08-11 02:31:15,Pending
7807,747,280,Credit Card,702.78,JPY,2025-06-15 02:31:15,Failed
7808,747,297,Debit Card,4520.17,JPY,2025-06-07 02:31:15,Successful
7809,747,214,Bank Transfer,950.29,JPY,2025-07-20 02:31:15,Failed
7810,747,128,Debit Card,3293.89,JPY,2025-04-24 02:31:15,Pending
7811,747,280,Credit Card,1864.65,USD,2025-10-01 02:31:15,Failed
7812,748,276,PayPal,4066.65,EUR,2025-04-27 02:31:15,Pending
7813,748,139,Credit Card,4004.99,THB,2025-06-12 02:31:15,Failed
7814,748,274,Debit Card,4595.27,THB,2025-10-08 02:31:15,Failed
7815,748,116,Bank Transfer,4082.56,THB,2025-06-21 02:31:15,Failed
7816,748,295,Debit Card,4988.45,USD,2025-02-17 02:31:15,Successful
7817,748,177,Debit Card,1329.87,EUR,2025-07-02 02:31:15,Pending
7818,748,271,Bank Transfer,2721.86,JPY,2025-08-07 02:31:15,Failed
7819,748,287,Debit Card,3749.41,USD,2025-06-17 02:31:15,Pending
7820,748,222,Bank Transfer,164.91,JPY,2025-01-03 02:31:15,Failed
7821,748,221,Credit Card,3654.43,JPY,2025-01-01 02:31:15,Pending
7822,748,295,Bank Transfer,1287.49,JPY,2025-05-27 02:31:15,Pending
7823,748,278,Credit Card,4416.66,THB,2025-09-30 02:31:15,Pending
7824,749,215,Bank Transfer,3028.83,USD,2025-04-18 02:31:15,Failed
7825,749,230,Credit Card,2181.23,EUR,2025-03-22 02:31:15,Successful
7826,749,44,PayPal,2948.41,USD,2025-09-07 02:31:15,Successful
7827,749,205,PayPal,110.9,THB,2025-09-21 02:31:15,Failed
7828,749,261,Credit Card,108.07,EUR,2025-10-06 02:31:15,Successful
7829,749,261,Bank Transfer,908.78,JPY,2025-02-13 02:31:15,Successful
7830,750,265,Debit Card,652.82,THB,2025-10-02 02:31:15,Pending
7831,750,271,Bank Transfer,4453.96,EUR,2024-11-07 02:31:15,Pending
7832,751,255,PayPal,790.95,USD,2025-03-10 02:31:15,Pending
7833,751,255,Bank Transfer,3838.01,JPY,2025-02-16 02:31:15,Failed
7834,751,273,Debit Card,258.86,USD,2024-12-05 02:31:15,Successful
7835,751,224,PayPal,515.41,EUR,2025-08-24 02:31:15,Failed
7836,751,209,Bank Transfer,167.82,JPY,2025-07-10 02:31:15,Failed
7837,751,223,Debit Card,1308.79,JPY,2025-09-28 02:31:15,Pending
7838,751,239,PayPal,2936.19,THB,2025-02-09 02:31:15,Pending
7839,751,218,PayPal,3725.35,EUR,2025-03-13 02:31:15,Failed
7840,751,66,Bank Transfer,3517.89,THB,2025-02-24 02:31:15,Pending
7841,751,293,Debit Card,3005.86,USD,2025-05-11 02:31:15,Failed
7842,751,107,Bank Transfer,2441.52,JPY,2024-11-29 02:31:15,Pending
7843,751,208,Debit Card,2010.77,JPY,2025-10-24 02:31:15,Failed
7844,751,41,PayPal,3627.46,USD,2025-10-12 02:31:15,Failed
7845,751,202,Debit Card,3065.7,USD,2025-05-23 02:31:15,Successful
7846,752,289,PayPal,4104.81,THB,2025-01-14 02:31:15,Successful
7847,752,157,Debit Card,1770.9,JPY,2025-10-19 02:31:15,Successful
7848,752,44,PayPal,3860.74,JPY,2024-12-20 02:31:15,Pending
7849,752,284,Bank Transfer,2185.12,USD,2024-12-20 02:31:15,Failed
7850,752,253,Debit Card,1850.41,JPY,2025-04-14 02:31:15,Successful
7851,752,232,Bank Transfer,1700.6,USD,2025-08-06 02:31:15,Successful
7852,752,236,Credit Card,534.15,EUR,2025-08-27 02:31:15,Failed
7853,752,267,Debit Card,3350.1,JPY,2025-05-26 02:31:15,Pending
7854,752,228,PayPal,4582.89,USD,2025-08-27 02:31:15,Failed
7855,752,227,PayPal,2953.9,USD,2025-02-18 02:31:15,Failed
7856,752,165,Debit Card,1676.09,EUR,2025-07-01 02:31:15,Failed
7857,752,50,Debit Card,4025.41,THB,2025-03-06 02:31:15,Failed
7858,752,283,PayPal,286.53,JPY,2025-04-02 02:31:15,Pending
7859,752,270,PayPal,3889.86,EUR,2025-03-12 02:31:15,Successful
7860,752,165,Bank Transfer,4389.87,EUR,2025-01-19 02:31:15,Pending
7861,752,286,PayPal,3664.36,THB,2025-05-16 02:31:15,Successful
7862,752,265,Debit Card,935.61,EUR,2025-01-23 02:31:15,Failed
7863,752,4,Bank Transfer,2344.03,USD,2025-09-20 02:31:15,Pending
7864,752,81,Bank Transfer,4046.63,THB,2025-08-13 02:31:15,Failed
7865,752,148,Debit Card,3143.71,JPY,2025-05-18 02:31:15,Successful
7866,753,213,Debit Card,3954.04,JPY,2025-02-20 02:31:15,Failed
7867,753,235,Credit Card,796.82,THB,2024-11-26 02:31:15,Pending
7868,753,95,PayPal,1419.1,JPY,2025-11-01 02:31:15,Successful
7869,753,228,PayPal,3822.08,EUR,2025-01-13 02:31:15,Pending
7870,754,272,Credit Card,4712.59,EUR,2025-08-20 02:31:15,Failed
7871,754,229,PayPal,2401.95,EUR,2025-07-11 02:31:15,Pending
7872,754,293,PayPal,439.03,THB,2024-11-21 02:31:15,Pending
7873,755,254,Bank Transfer,1938.07,THB,2025-05-15 02:31:15,Successful
7874,755,225,PayPal,2144.43,EUR,2025-08-27 02:31:15,Pending
7875,755,218,Bank Transfer,3764.4,USD,2025-06-16 02:31:15,Successful
7876,755,294,PayPal,789.61,JPY,2025-06-29 02:31:15,Successful
7877,755,218,PayPal,4437.21,USD,2025-09-27 02:31:15,Pending
7878,755,161,Bank Transfer,2675.33,THB,2025-03-17 02:31:15,Successful
7879,755,269,Debit Card,3288.46,EUR,2024-12-28 02:31:15,Successful
7880,755,253,Debit Card,3488.56,USD,2025-06-08 02:31:15,Successful
7881,755,201,Credit Card,2456.72,JPY,2025-10-08 02:31:15,Successful
7882,755,261,Debit Card,4928.54,THB,2025-10-01 02:31:15,Pending
7883,755,23,PayPal,1530.19,USD,2025-02-04 02:31:15,Pending
7884,755,241,PayPal,1324.02,JPY,2025-10-05 02:31:15,Pending
7885,755,121,Debit Card,3417.22,THB,2025-09-18 02:31:15,Successful
7886,755,165,Bank Transfer,4561.91,USD,2025-08-12 02:31:15,Pending
7887,755,161,Credit Card,253.93,THB,2025-04-03 02:31:15,Failed
7888,755,272,Bank Transfer,2543.49,JPY,2025-03-09 02:31:15,Failed
7889,755,244,Debit Card,4281.23,EUR,2025-03-13 02:31:15,Failed
7890,755,211,PayPal,1849.69,EUR,2025-05-16 02:31:15,Pending
7891,755,211,Credit Card,1119.33,USD,2024-12-22 02:31:15,Failed
7892,755,275,PayPal,1090.01,USD,2025-09-07 02:31:15,Successful
7893,755,104,Debit Card,1970.91,THB,2025-01-12 02:31:15,Failed
7894,755,247,PayPal,1106.58,USD,2025-01-30 02:31:15,Pending
7895,755,259,Debit Card,1041.49,THB,2025-07-28 02:31:15,Pending
7896,756,282,Credit Card,1108.3,USD,2025-05-26 02:31:15,Pending
7897,757,292,PayPal,1748.17,USD,2025-03-09 02:31:15,Successful
7898,757,220,Debit Card,1944.93,USD,2025-03-25 02:31:15,Successful
7899,757,165,Bank Transfer,169.61,JPY,2025-06-10 02:31:15,Pending
7900,757,220,Credit Card,1667.15,USD,2025-06-02 02:31:15,Failed
7901,757,255,Bank Transfer,2241.2,USD,2025-03-31 02:31:15,Failed
7902,757,209,Debit Card,3700.33,EUR,2024-11-28 02:31:15,Successful
7903,757,226,Bank Transfer,3516.59,JPY,2025-06-27 02:31:15,Successful
7904,757,217,Debit Card,2957.35,USD,2025-03-23 02:31:15,Pending
7905,757,297,PayPal,4142.76,THB,2025-05-09 02:31:15,Successful
7906,758,288,Credit Card,872.65,EUR,2025-02-15 02:31:15,Pending
7907,758,278,Debit Card,2324.36,USD,2025-08-11 02:31:15,Failed
7908,758,283,Debit Card,2731.36,USD,2025-01-03 02:31:15,Pending
7909,759,24,PayPal,4167.74,EUR,2025-09-20 02:31:15,Failed
7910,759,239,PayPal,3162.21,USD,2024-11-05 02:31:15,Pending
7911,759,35,PayPal,1636.48,JPY,2024-11-30 02:31:15,Failed
7912,759,220,PayPal,2219.54,EUR,2025-08-20 02:31:15,Successful
7913,759,140,Credit Card,247.84,USD,2025-04-26 02:31:15,Successful
7914,759,246,PayPal,4377.81,JPY,2025-02-21 02:31:15,Pending
7915,759,255,PayPal,1718.15,JPY,2025-10-28 02:31:15,Successful
7916,759,248,Bank Transfer,3834.25,EUR,2025-10-09 02:31:15,Successful
7917,759,261,PayPal,1941.18,USD,2024-12-21 02:31:15,Pending
7918,759,248,Debit Card,2175.24,THB,2024-12-08 02:31:15,Failed
7919,759,244,Credit Card,3740.23,USD,2025-10-03 02:31:15,Pending
7920,759,161,PayPal,3363.55,JPY,2025-02-27 02:31:15,Pending
7921,759,161,Credit Card,4160.41,JPY,2025-07-01 02:31:15,Failed
7922,759,204,Bank Transfer,310.18,THB,2025-09-08 02:31:15,Failed
7923,759,39,Credit Card,1185.64,EUR,2025-10-26 02:31:15,Pending
7924,759,234,Bank Transfer,2978.29,THB,2024-11-16 02:31:15,Pending
7925,760,174,Credit Card,1988.17,EUR,2025-05-06 02:31:15,Failed
7926,760,293,PayPal,4230.86,JPY,2025-05-09 02:31:15,Failed
7927,760,236,Debit Card,3616.03,THB,2025-08-29 02:31:15,Pending
7928,760,210,Bank Transfer,2500.44,EUR,2025-09-16 02:31:15,Failed
7929,760,294,Credit Card,2172.23,JPY,2025-02-08 02:31:15,Pending
7930,760,242,Credit Card,1802.88,JPY,2025-09-06 02:31:15,Pending
7931,760,228,PayPal,1887.55,JPY,2024-11-20 02:31:15,Failed
7932,760,238,Credit Card,4312.06,JPY,2025-01-19 02:31:15,Pending
7933,760,235,PayPal,4903.73,THB,2025-03-31 02:31:15,Pending
7934,760,189,Debit Card,2001.25,JPY,2024-12-09 02:31:15,Successful
7935,760,211,PayPal,2886.5,EUR,2025-05-25 02:31:15,Successful
7936,760,272,Bank Transfer,671.18,USD,2025-07-12 02:31:15,Successful
7937,761,241,PayPal,2135.1,THB,2025-07-29 02:31:15,Successful
7938,761,296,PayPal,4540.87,USD,2025-02-13 02:31:15,Successful
7939,761,258,PayPal,2035.14,JPY,2025-09-28 02:31:15,Pending
7940,761,299,Debit Card,499.47,THB,2024-12-08 02:31:15,Pending
7941,761,268,Bank Transfer,4527.35,JPY,2025-05-26 02:31:15,Pending
7942,761,226,Bank Transfer,2940.7,EUR,2025-02-05 02:31:15,Failed
7943,761,296,Bank Transfer,3723.68,USD,2025-01-13 02:31:15,Failed
7944,761,166,Debit Card,386.43,THB,2025-02-21 02:31:15,Pending
7945,761,165,Credit Card,1373.37,THB,2025-04-16 02:31:15,Pending
7946,761,278,Debit Card,984.11,EUR,2025-01-17 02:31:15,Pending
7947,761,35,Credit Card,2167.59,THB,2025-07-04 02:31:15,Successful
7948,762,284,Credit Card,757.3,EUR,2025-04-08 02:31:15,Pending
7949,762,7,Credit Card,641.92,JPY,2025-07-20 02:31:15,Successful
7950,762,189,Credit Card,2896.27,JPY,2025-06-30 02:31:15,Failed
7951,762,23,Credit Card,4200.59,EUR,2024-11-25 02:31:15,Failed
7952,762,139,Debit Card,4080.29,USD,2025-03-31 02:31:15,Successful
7953,762,218,Debit Card,1043.98,JPY,2025-07-28 02:31:15,Failed
7954,762,225,Bank Transfer,2405.2,EUR,2025-02-23 02:31:15,Failed
7955,762,247,PayPal,2018.81,EUR,2025-08-08 02:31:15,Pending
7956,762,294,PayPal,4021.9,USD,2025-06-02 02:31:15,Successful
7957,762,246,Credit Card,1163.73,THB,2025-03-06 02:31:15,Successful
7958,762,287,Credit Card,1168.21,THB,2025-05-28 02:31:15,Pending
7959,762,153,Debit Card,3576.3,EUR,2024-11-11 02:31:15,Failed
7960,763,253,Debit Card,3765.93,EUR,2025-08-28 02:31:15,Pending
7961,763,280,Debit Card,3956.53,JPY,2025-09-21 02:31:15,Successful
7962,763,280,Debit Card,163.05,THB,2025-01-29 02:31:15,Successful
7963,763,278,Bank Transfer,4299.04,EUR,2025-02-16 02:31:15,Pending
7964,763,243,Bank Transfer,4836.26,USD,2025-01-18 02:31:15,Failed
7965,763,123,Debit Card,4600.54,USD,2024-11-03 02:31:15,Successful
7966,763,244,Credit Card,3313.72,THB,2025-02-17 02:31:15,Successful
7967,763,281,Bank Transfer,2473.69,USD,2025-07-17 02:31:15,Pending
7968,763,247,Bank Transfer,2177.1,JPY,2025-07-07 02:31:15,Failed
7969,764,37,PayPal,2452.79,USD,2024-12-04 02:31:15,Successful
7970,765,201,Debit Card,2129.31,EUR,2025-01-08 02:31:15,Pending
7971,765,239,PayPal,1747.81,THB,2025-07-22 02:31:15,Pending
7972,765,220,Bank Transfer,3094.44,THB,2024-11-25 02:31:15,Pending
7973,765,199,PayPal,4940.66,USD,2025-07-09 02:31:15,Failed
7974,765,23,PayPal,1171.67,THB,2024-11-25 02:31:15,Pending
7975,765,286,Credit Card,3334.74,THB,2024-11-03 02:31:15,Failed
7976,765,206,PayPal,718.11,JPY,2024-11-14 02:31:15,Failed
7977,765,121,Bank Transfer,2312.98,USD,2025-01-07 02:31:15,Pending
7978,765,210,PayPal,332.44,THB,2025-10-05 02:31:15,Failed
7979,765,272,Bank Transfer,2556.49,USD,2025-03-13 02:31:15,Successful
7980,765,245,Debit Card,3534.94,JPY,2025-05-17 02:31:15,Successful
7981,765,250,PayPal,4261.15,EUR,2025-01-28 02:31:15,Pending
7982,765,272,Credit Card,2552.44,THB,2024-12-30 02:31:15,Pending
7983,765,274,Debit Card,2587.62,THB,2025-10-30 02:31:15,Pending
7984,765,282,Credit Card,1707.23,EUR,2025-01-05 02:31:15,Failed
7985,765,177,Bank Transfer,2533.59,EUR,2025-01-11 02:31:15,Successful
7986,765,261,Debit Card,2059.8,USD,2025-04-06 02:31:15,Failed
7987,765,204,Bank Transfer,2128.26,EUR,2025-08-23 02:31:15,Pending
7988,765,250,Debit Card,4798.15,JPY,2025-09-07 02:31:15,Pending
7989,765,189,PayPal,3317.09,USD,2025-08-26 02:31:15,Pending
7990,766,281,PayPal,2853.3,EUR,2025-01-08 02:31:15,Failed
7991,766,280,Debit Card,3387.42,EUR,2025-05-22 02:31:15,Failed
7992,766,263,Bank Transfer,4184.91,JPY,2025-04-13 02:31:15,Successful
7993,766,256,Debit Card,4600.93,JPY,2025-05-10 02:31:15,Pending
7994,766,256,PayPal,180.63,USD,2024-11-04 02:31:15,Pending
7995,766,201,Credit Card,3517.45,EUR,2025-04-11 02:31:15,Pending
7996,766,234,Bank Transfer,2626.28,THB,2025-07-18 02:31:15,Pending
7997,766,174,PayPal,4800.44,THB,2025-04-19 02:31:15,Successful
7998,766,225,Credit Card,2937.95,EUR,2025-09-18 02:31:15,Successful
7999,766,217,Bank Transfer,250.39,JPY,2025-09-08 02:31:15,Pending
8000,766,263,PayPal,3389.64,JPY,2025-10-15 02:31:15,Pending
8001,766,116,Bank Transfer,2721.05,JPY,2025-08-24 02:31:15,Successful
8002,766,233,Debit Card,242.43,THB,2024-12-12 02:31:15,Pending
8003,767,201,Debit Card,2797.84,USD,2025-09-28 02:31:15,Successful
8004,767,230,Credit Card,3815.92,JPY,2025-04-13 02:31:15,Failed
8005,767,271,Bank Transfer,4894.66,JPY,2025-08-10 02:31:15,Successful
8006,767,217,Debit Card,3269.65,THB,2025-06-03 02:31:15,Failed
8007,767,121,Debit Card,4935.94,JPY,2025-04-30 02:31:15,Failed
8008,767,284,Bank Transfer,104.71,USD,2025-01-09 02:31:15,Pending
8009,767,268,Credit Card,1802.78,EUR,2025-02-23 02:31:15,Failed
8010,767,278,Debit Card,2985.87,JPY,2025-03-02 02:31:15,Successful
8011,767,237,PayPal,1377.14,JPY,2025-07-21 02:31:15,Pending
8012,767,241,Debit Card,471.88,EUR,2024-12-31 02:31:15,Successful
8013,767,290,PayPal,1425.68,JPY,2025-01-24 02:31:15,Pending
8014,767,104,Bank Transfer,3756.69,THB,2024-11-28 02:31:15,Successful
8015,767,257,PayPal,2635.67,JPY,2025-02-01 02:31:15,Successful
8016,767,272,Credit Card,4264.19,EUR,2025-07-16 02:31:15,Successful
8017,767,35,Debit Card,4841.3,THB,2025-03-30 02:31:15,Failed
8018,767,234,Debit Card,1649.56,JPY,2025-02-14 02:31:15,Successful
8019,767,95,Credit Card,2861.4,USD,2025-05-29 02:31:15,Successful
8020,767,23,Credit Card,3919.94,JPY,2025-08-31 02:31:15,Failed
8021,767,177,Bank Transfer,3865.98,USD,2025-10-12 02:31:15,Successful
8022,767,281,Credit Card,4590.19,USD,2025-10-15 02:31:15,Failed
8023,767,220,Debit Card,2643.36,EUR,2025-06-23 02:31:15,Failed
8024,767,300,Bank Transfer,4596.61,THB,2024-12-14 02:31:15,Failed
8025,767,207,Bank Transfer,1486.98,JPY,2025-01-12 02:31:15,Successful
8026,767,246,Credit Card,2816.91,EUR,2025-09-09 02:31:15,Successful
8027,767,287,Credit Card,2914.45,EUR,2025-01-11 02:31:15,Failed
8028,767,252,Bank Transfer,431.65,THB,2025-08-20 02:31:15,Successful
8029,767,229,Debit Card,4799.38,EUR,2025-06-04 02:31:15,Successful
8030,767,215,PayPal,3308.26,THB,2025-05-02 02:31:15,Pending
8031,767,161,Credit Card,607.47,USD,2025-07-24 02:31:15,Failed
8032,767,226,PayPal,4313.11,USD,2025-01-10 02:31:15,Failed
8033,767,125,Debit Card,3342.97,EUR,2025-09-30 02:31:15,Successful
8034,767,225,PayPal,2867.11,USD,2024-11-17 02:31:15,Successful
8035,767,245,Debit Card,1309.82,JPY,2024-11-19 02:31:15,Failed
8036,767,221,Bank Transfer,2007.03,JPY,2025-10-14 02:31:15,Pending
8037,768,245,Bank Transfer,4173.82,EUR,2025-09-26 02:31:15,Successful
8038,768,93,PayPal,181.81,THB,2025-01-17 02:31:15,Pending
8039,768,35,Bank Transfer,2795.56,JPY,2025-06-08 02:31:15,Failed
8040,768,207,Debit Card,204.6,USD,2025-02-13 02:31:15,Successful
8041,768,143,Bank Transfer,1270.21,THB,2024-12-12 02:31:15,Pending
8042,768,270,Bank Transfer,3557.66,THB,2025-04-18 02:31:15,Failed
8043,768,246,Debit Card,2598.02,USD,2025-03-05 02:31:15,Successful
8044,768,235,PayPal,4673.68,USD,2025-01-23 02:31:15,Failed
8045,768,293,Credit Card,1190.06,USD,2025-09-23 02:31:15,Failed
8046,768,226,Bank Transfer,376.75,JPY,2025-03-17 02:31:15,Failed
8047,768,226,Bank Transfer,2517.14,THB,2024-11-06 02:31:15,Pending
8048,769,279,Debit Card,3839.87,THB,2025-10-02 02:31:15,Successful
8049,769,107,Bank Transfer,1665.99,JPY,2025-06-16 02:31:15,Successful
8050,769,23,PayPal,2567.06,THB,2025-07-03 02:31:15,Pending
8051,769,101,Credit Card,1125.15,USD,2025-04-22 02:31:15,Failed
8052,769,274,Bank Transfer,2696.34,USD,2025-01-01 02:31:15,Pending
8053,770,231,Debit Card,1404.81,JPY,2024-11-27 02:31:15,Successful
8054,770,223,Bank Transfer,1685.78,JPY,2025-09-30 02:31:15,Successful
8055,770,213,Bank Transfer,1480.84,JPY,2025-03-02 02:31:15,Failed
8056,770,241,PayPal,564.25,EUR,2025-05-24 02:31:15,Successful
8057,770,201,Bank Transfer,1846.36,THB,2025-05-04 02:31:15,Failed
8058,770,233,PayPal,4865.55,EUR,2024-11-19 02:31:15,Pending
8059,771,244,Debit Card,4917.18,EUR,2025-08-22 02:31:15,Pending
8060,771,265,Bank Transfer,3308.01,USD,2024-11-04 02:31:15,Successful
8061,771,206,PayPal,4746.57,USD,2025-09-05 02:31:15,Failed
8062,771,300,Bank Transfer,2433.98,THB,2025-07-06 02:31:15,Pending
8063,771,226,PayPal,465.38,JPY,2025-03-27 02:31:15,Failed
8064,771,197,Bank Transfer,2522.78,USD,2024-12-04 02:31:15,Failed
8065,771,205,Credit Card,3338.99,USD,2024-12-25 02:31:15,Pending
8066,771,293,Debit Card,2569.62,THB,2025-09-28 02:31:15,Pending
8067,771,213,Debit Card,1369.97,EUR,2024-11-07 02:31:15,Successful
8068,772,207,Debit Card,3821.07,EUR,2025-02-14 02:31:15,Failed
8069,772,205,Credit Card,1318.26,EUR,2025-05-09 02:31:15,Failed
8070,772,157,Debit Card,3471.94,THB,2025-01-29 02:31:15,Pending
8071,772,281,Debit Card,1296.63,EUR,2025-08-23 02:31:15,Failed
8072,772,271,PayPal,2315.14,EUR,2025-09-23 02:31:15,Failed
8073,772,212,PayPal,3640.09,THB,2025-04-09 02:31:15,Successful
8074,772,294,Credit Card,4137.05,THB,2025-08-08 02:31:15,Failed
8075,772,223,Debit Card,2373.54,JPY,2025-09-06 02:31:15,Pending
8076,772,281,Bank Transfer,3887.2,JPY,2025-01-09 02:31:15,Failed
8077,772,222,PayPal,2458.87,THB,2025-07-14 02:31:15,Pending
8078,772,217,Bank Transfer,220.47,EUR,2024-12-03 02:31:15,Failed
8079,772,293,Bank Transfer,2845.31,JPY,2024-11-11 02:31:15,Successful
8080,773,285,Bank Transfer,2680.39,THB,2025-08-31 02:31:15,Pending
8081,773,244,Debit Card,976.38,EUR,2025-09-16 02:31:15,Pending
8082,774,199,Debit Card,4672.48,THB,2025-08-22 02:31:15,Pending
8083,774,212,Credit Card,4348.5,JPY,2025-07-30 02:31:15,Failed
8084,774,208,Debit Card,3457.5,EUR,2025-09-14 02:31:15,Pending
8085,774,218,PayPal,1445.42,EUR,2025-06-12 02:31:15,Successful
8086,774,234,Debit Card,1659.66,THB,2025-09-19 02:31:15,Failed
8087,775,229,Credit Card,350.71,THB,2025-05-08 02:31:15,Failed
8088,775,177,Debit Card,237.15,THB,2025-02-16 02:31:15,Successful
8089,775,279,Bank Transfer,2426.73,EUR,2024-11-25 02:31:15,Failed
8090,775,288,Credit Card,1610.92,JPY,2025-01-09 02:31:15,Pending
8091,775,282,Bank Transfer,1865.42,USD,2025-03-28 02:31:15,Pending
8092,775,235,Bank Transfer,3305.8,USD,2025-07-25 02:31:15,Successful
8093,775,201,PayPal,392.44,JPY,2025-08-05 02:31:15,Pending
8094,775,229,Bank Transfer,4545.39,EUR,2025-04-18 02:31:15,Failed
8095,775,268,Debit Card,1560.48,JPY,2025-10-07 02:31:15,Pending
8096,775,298,Debit Card,1133.41,THB,2025-04-30 02:31:15,Pending
8097,775,204,Bank Transfer,967.76,EUR,2025-04-13 02:31:15,Failed
8098,775,253,Debit Card,2025.37,USD,2025-04-12 02:31:15,Successful
8099,775,174,Debit Card,180.59,EUR,2025-04-17 02:31:15,Successful
8100,775,271,Credit Card,2398.54,JPY,2025-08-16 02:31:15,Pending
8101,776,212,Credit Card,1254.52,THB,2024-11-08 02:31:15,Failed
8102,776,258,PayPal,3082.46,EUR,2024-11-25 02:31:15,Failed
8103,776,242,PayPal,2897.72,USD,2025-03-25 02:31:15,Successful
8104,776,21,PayPal,4280.84,THB,2024-11-18 02:31:15,Successful
8105,776,37,Debit Card,4719.65,USD,2024-11-01 02:31:15,Pending
8106,776,105,Credit Card,2002.13,THB,2025-04-23 02:31:15,Failed
8107,776,107,Debit Card,4925.19,THB,2025-02-06 02:31:15,Failed
8108,776,224,PayPal,4201.72,EUR,2025-09-25 02:31:15,Failed
8109,776,139,Credit Card,2713.77,EUR,2025-03-14 02:31:15,Pending
8110,777,247,Bank Transfer,846.09,EUR,2025-09-24 02:31:15,Successful
8111,777,198,Credit Card,2606.11,JPY,2025-09-22 02:31:15,Successful
8112,778,213,Bank Transfer,3682.46,JPY,2025-10-10 02:31:15,Pending
8113,778,230,Credit Card,995.01,JPY,2025-10-29 02:31:15,Failed
8114,778,221,Bank Transfer,2996.58,USD,2025-03-20 02:31:15,Failed
8115,778,35,PayPal,1076.33,USD,2025-04-21 02:31:15,Successful
8116,778,278,PayPal,1459.54,USD,2025-04-02 02:31:15,Failed
8117,778,234,Bank Transfer,2773.88,EUR,2025-05-22 02:31:15,Failed
8118,778,289,Debit Card,4257.01,THB,2025-09-24 02:31:15,Failed
8119,778,64,PayPal,374.29,THB,2024-11-17 02:31:15,Failed
8120,778,296,Debit Card,4494.86,THB,2025-05-08 02:31:15,Failed
8121,778,21,PayPal,4250.97,USD,2025-03-11 02:31:15,Successful
8122,778,21,Credit Card,3246.97,USD,2024-11-15 02:31:15,Failed
8123,778,225,Debit Card,3121.07,EUR,2025-10-20 02:31:15,Successful
8124,778,251,Debit Card,3339.99,USD,2025-05-08 02:31:15,Pending
8125,778,204,Credit Card,4218.61,JPY,2025-03-19 02:31:15,Successful
8126,778,234,PayPal,2750.35,THB,2025-07-11 02:31:15,Pending
8127,778,264,Debit Card,3903.4,JPY,2025-09-21 02:31:15,Failed
8128,778,244,Bank Transfer,2917.06,EUR,2025-05-03 02:31:15,Failed
8129,778,237,Credit Card,936.45,THB,2025-06-05 02:31:15,Pending
8130,778,234,Debit Card,867.41,THB,2025-02-15 02:31:15,Pending
8131,778,215,Credit Card,1847.04,THB,2025-10-08 02:31:15,Pending
8132,778,251,PayPal,779.59,JPY,2025-04-15 02:31:15,Pending
8133,778,44,Credit Card,688.97,THB,2025-04-02 02:31:15,Pending
8134,778,270,Bank Transfer,914.6,USD,2025-05-18 02:31:15,Successful
8135,778,205,Bank Transfer,3709.68,THB,2025-06-12 02:31:15,Pending
8136,778,261,Credit Card,1235.25,EUR,2025-07-02 02:31:15,Successful
8137,778,271,Debit Card,4109.85,THB,2025-04-28 02:31:15,Successful
8138,778,177,Debit Card,2483.09,JPY,2025-08-16 02:31:15,Successful
8139,778,207,Debit Card,2578.56,EUR,2025-06-03 02:31:15,Successful
8140,779,300,Debit Card,2460.97,JPY,2025-05-04 02:31:15,Failed
8141,779,123,Debit Card,3021.01,EUR,2025-08-14 02:31:15,Pending
8142,779,201,PayPal,3713.15,USD,2025-07-27 02:31:15,Successful
8143,779,213,Credit Card,2661.41,EUR,2025-09-13 02:31:15,Failed
8144,779,284,Bank Transfer,3311.27,THB,2025-01-03 02:31:15,Pending
8145,779,261,Credit Card,2625.18,USD,2025-05-15 02:31:15,Successful
8146,779,207,PayPal,4693.03,JPY,2024-11-28 02:31:15,Successful
8147,779,258,PayPal,2964.3,EUR,2025-09-02 02:31:15,Pending
8148,779,259,Debit Card,4565.4,JPY,2025-02-25 02:31:15,Successful
8149,780,242,Credit Card,390.83,USD,2025-02-27 02:31:15,Failed
8150,780,4,PayPal,1360.06,THB,2025-01-15 02:31:15,Successful
8151,781,174,Credit Card,2411.16,JPY,2025-06-26 02:31:15,Pending
8152,781,116,Credit Card,244.86,EUR,2025-05-03 02:31:15,Failed
8153,781,225,PayPal,4585.25,JPY,2025-05-17 02:31:15,Pending
8154,781,216,Bank Transfer,3796.13,JPY,2025-06-04 02:31:15,Failed
8155,781,296,Bank Transfer,2083.82,USD,2025-03-20 02:31:15,Successful
8156,781,288,Debit Card,2029.41,USD,2025-06-05 02:31:15,Failed
8157,781,23,PayPal,607.33,USD,2025-01-20 02:31:15,Successful
8158,781,123,Credit Card,1045.51,THB,2025-02-18 02:31:15,Pending
8159,781,205,Debit Card,1842.39,THB,2025-02-01 02:31:15,Pending
8160,781,247,PayPal,123.26,THB,2025-01-08 02:31:15,Successful
8161,781,101,PayPal,673.14,USD,2025-08-23 02:31:15,Failed
8162,781,271,PayPal,2467.44,JPY,2025-04-24 02:31:15,Successful
8163,781,279,Bank Transfer,2151.8,EUR,2025-01-19 02:31:15,Successful
8164,781,274,Debit Card,3365.55,USD,2025-03-28 02:31:15,Successful
8165,781,215,Bank Transfer,2402.41,USD,2025-03-11 02:31:15,Failed
8166,781,66,Debit Card,1381.96,USD,2025-06-27 02:31:15,Failed
8167,781,23,Debit Card,2488.68,EUR,2025-08-13 02:31:15,Pending
8168,781,297,Debit Card,3803.74,THB,2025-10-27 02:31:15,Successful
8169,782,280,PayPal,1277.61,EUR,2025-08-24 02:31:15,Pending
8170,782,66,Bank Transfer,304.66,EUR,2025-07-28 02:31:15,Successful
8171,782,165,Bank Transfer,4410.35,EUR,2024-11-06 02:31:15,Successful
8172,782,284,Credit Card,512.03,JPY,2025-05-30 02:31:15,Failed
8173,782,249,PayPal,1434.44,JPY,2025-07-21 02:31:15,Pending
8174,782,219,Bank Transfer,4295.45,USD,2025-06-13 02:31:15,Pending
8175,782,256,Credit Card,2922.03,JPY,2025-03-12 02:31:15,Pending
8176,782,285,Credit Card,3055.46,EUR,2025-04-16 02:31:15,Failed
8177,782,275,Bank Transfer,4734.46,THB,2024-12-24 02:31:15,Failed
8178,782,286,Credit Card,3921.0,USD,2024-11-27 02:31:15,Successful
8179,782,232,PayPal,204.06,JPY,2025-07-19 02:31:15,Failed
8180,782,21,Credit Card,4620.31,USD,2025-06-04 02:31:15,Successful
8181,782,230,Bank Transfer,4835.24,EUR,2025-03-27 02:31:15,Pending
8182,782,189,PayPal,4462.99,USD,2025-03-04 02:31:15,Pending
8183,782,216,Debit Card,4045.07,JPY,2024-11-28 02:31:15,Failed
8184,782,104,Credit Card,3419.41,JPY,2025-01-10 02:31:15,Pending
8185,782,260,Credit Card,1997.31,JPY,2025-08-01 02:31:15,Successful
8186,782,243,Bank Transfer,1311.51,USD,2025-09-02 02:31:15,Successful
8187,782,251,PayPal,2736.34,EUR,2025-03-21 02:31:15,Pending
8188,782,204,Bank Transfer,2301.34,USD,2025-08-19 02:31:15,Failed
8189,782,95,PayPal,4065.16,THB,2025-01-24 02:31:15,Successful
8190,782,161,Debit Card,4220.98,USD,2025-08-08 02:31:15,Failed
8191,782,274,PayPal,4567.8,THB,2025-06-22 02:31:15,Pending
8192,783,121,Credit Card,3160.15,JPY,2025-10-19 02:31:15,Pending
8193,783,279,PayPal,589.61,EUR,2024-11-20 02:31:15,Pending
8194,783,212,PayPal,4390.77,THB,2025-03-08 02:31:15,Pending
8195,783,95,Debit Card,402.39,EUR,2025-07-15 02:31:15,Failed
8196,783,216,Bank Transfer,1095.69,EUR,2025-04-27 02:31:15,Pending
8197,783,207,Bank Transfer,4857.62,USD,2025-02-22 02:31:15,Successful
8198,783,189,Bank Transfer,3781.74,EUR,2025-06-24 02:31:15,Pending
8199,783,201,Credit Card,1427.82,EUR,2025-10-31 02:31:15,Successful
8200,783,254,Credit Card,3757.1,EUR,2025-10-14 02:31:15,Failed
8201,783,252,PayPal,2110.46,THB,2025-07-02 02:31:15,Successful
8202,783,225,Credit Card,3660.27,EUR,2025-10-12 02:31:15,Failed
8203,783,217,Bank Transfer,878.64,JPY,2025-02-06 02:31:15,Pending
8204,783,253,Debit Card,964.68,EUR,2025-05-29 02:31:15,Successful
8205,783,238,Bank Transfer,4627.26,EUR,2025-06-22 02:31:15,Pending
8206,783,271,Bank Transfer,2921.04,THB,2025-04-24 02:31:15,Successful
8207,783,206,Bank Transfer,3479.3,JPY,2025-04-07 02:31:15,Pending
8208,783,210,PayPal,4959.76,JPY,2025-04-28 02:31:15,Pending
8209,783,288,Bank Transfer,4197.94,THB,2024-11-25 02:31:15,Failed
8210,783,283,Credit Card,4560.27,EUR,2025-07-28 02:31:15,Pending
8211,783,260,Debit Card,1837.57,USD,2025-03-26 02:31:15,Pending
8212,783,213,Bank Transfer,2351.99,EUR,2025-07-25 02:31:15,Pending
8213,783,297,Bank Transfer,109.91,USD,2025-03-03 02:31:15,Failed
8214,783,23,Debit Card,3533.14,EUR,2025-10-01 02:31:15,Successful
8215,783,267,PayPal,1947.4,USD,2025-10-09 02:31:15,Failed
8216,783,256,Credit Card,1084.79,USD,2025-04-06 02:31:15,Pending
8217,783,266,Bank Transfer,4248.94,JPY,2025-05-05 02:31:15,Successful
8218,783,288,Bank Transfer,3904.41,USD,2025-03-22 02:31:15,Successful
8219,783,243,Debit Card,4418.6,JPY,2025-09-10 02:31:15,Failed
8220,783,35,Bank Transfer,1143.65,EUR,2025-10-28 02:31:15,Failed
8221,783,204,PayPal,974.39,JPY,2025-08-13 02:31:15,Pending
8222,783,121,Credit Card,3469.02,THB,2025-02-12 02:31:15,Pending
8223,783,276,Credit Card,2486.7,JPY,2025-03-10 02:31:15,Failed
8224,784,211,Debit Card,4671.32,THB,2025-03-22 02:31:15,Successful
8225,784,240,Debit Card,3717.39,EUR,2025-06-28 02:31:15,Successful
8226,784,123,Bank Transfer,3237.71,THB,2025-01-11 02:31:15,Successful
8227,784,231,PayPal,2600.35,JPY,2025-06-15 02:31:15,Failed
8228,784,291,Debit Card,1743.77,USD,2025-06-10 02:31:15,Failed
8229,784,205,Bank Transfer,4945.26,THB,2024-12-02 02:31:15,Successful
8230,784,262,Debit Card,2235.6,USD,2025-04-15 02:31:15,Pending
8231,784,267,Credit Card,1669.34,EUR,2025-10-16 02:31:15,Pending
8232,784,140,Debit Card,2025.07,USD,2025-07-03 02:31:15,Failed
8233,784,188,Credit Card,3537.7,JPY,2025-07-09 02:31:15,Successful
8234,785,238,Debit Card,858.17,USD,2024-11-02 02:31:15,Failed
8235,785,230,Bank Transfer,2251.36,JPY,2025-05-20 02:31:15,Failed
8236,785,221,Credit Card,1689.18,THB,2025-06-12 02:31:15,Successful
8237,785,252,Credit Card,3488.87,JPY,2025-01-16 02:31:15,Failed
8238,785,296,Debit Card,1741.21,THB,2025-02-18 02:31:15,Pending
8239,786,265,Bank Transfer,4576.09,JPY,2025-01-24 02:31:15,Pending
8240,786,121,Credit Card,1891.9,USD,2025-07-02 02:31:15,Pending
8241,786,217,Credit Card,4772.5,JPY,2025-07-10 02:31:15,Successful
8242,786,274,Credit Card,1195.53,JPY,2025-01-20 02:31:15,Pending
8243,786,229,Bank Transfer,1553.4,EUR,2025-04-25 02:31:15,Successful
8244,786,210,Bank Transfer,640.05,USD,2025-10-17 02:31:15,Failed
8245,786,189,Credit Card,4965.23,EUR,2024-11-26 02:31:15,Failed
8246,786,297,Bank Transfer,141.15,THB,2024-12-18 02:31:15,Failed
8247,786,288,Credit Card,2854.43,JPY,2025-06-18 02:31:15,Failed
8248,786,95,Credit Card,720.87,THB,2025-05-10 02:31:15,Pending
8249,786,295,Bank Transfer,3313.42,EUR,2025-01-18 02:31:15,Failed
8250,786,201,Debit Card,4383.85,THB,2025-05-25 02:31:15,Failed
8251,786,256,Credit Card,271.46,THB,2025-05-14 02:31:15,Pending
8252,786,241,PayPal,408.25,USD,2025-02-27 02:31:15,Pending
8253,786,246,Bank Transfer,3504.46,EUR,2025-09-24 02:31:15,Pending
8254,786,251,Debit Card,2425.65,EUR,2025-01-04 02:31:15,Failed
8255,786,253,Debit Card,427.89,THB,2025-03-14 02:31:15,Successful
8256,787,283,PayPal,3849.63,EUR,2025-05-14 02:31:15,Pending
8257,787,218,Credit Card,3378.29,JPY,2025-03-30 02:31:15,Pending
8258,787,189,Debit Card,648.79,EUR,2025-04-02 02:31:15,Successful
8259,787,202,Bank Transfer,1458.44,JPY,2025-09-23 02:31:15,Failed
8260,787,246,Debit Card,4698.69,JPY,2025-05-14 02:31:15,Successful
8261,787,256,Debit Card,4080.8,THB,2024-11-21 02:31:15,Failed
8262,787,276,Bank Transfer,291.72,USD,2025-10-31 02:31:15,Successful
8263,787,210,PayPal,2687.32,USD,2025-08-08 02:31:15,Pending
8264,787,157,Bank Transfer,454.28,EUR,2025-10-10 02:31:15,Pending
8265,787,125,PayPal,1306.67,EUR,2025-01-22 02:31:15,Pending
8266,787,243,Credit Card,4066.54,JPY,2025-02-11 02:31:15,Successful
8267,787,258,Bank Transfer,3794.97,THB,2025-10-28 02:31:15,Pending
8268,787,268,Credit Card,2653.86,USD,2025-05-20 02:31:15,Pending
8269,788,292,Credit Card,1715.53,USD,2025-01-26 02:31:15,Successful
8270,788,248,PayPal,178.79,THB,2025-06-10 02:31:15,Pending
8271,788,235,Credit Card,1765.59,USD,2025-01-22 02:31:15,Pending
8272,788,216,Credit Card,3504.9,USD,2025-05-12 02:31:15,Failed
8273,788,268,Debit Card,1772.24,JPY,2025-01-03 02:31:15,Pending
8274,788,295,Credit Card,3210.34,USD,2025-07-04 02:31:15,Successful
8275,788,284,Credit Card,2113.57,JPY,2025-01-14 02:31:15,Failed
8276,788,266,Bank Transfer,208.0,THB,2024-12-11 02:31:15,Successful
8277,788,81,Debit Card,4571.69,EUR,2025-03-26 02:31:15,Failed
8278,788,242,Bank Transfer,3901.32,THB,2025-02-16 02:31:15,Successful
8279,788,210,Debit Card,3557.7,EUR,2025-01-16 02:31:15,Pending
8280,788,127,Debit Card,2043.04,THB,2025-10-06 02:31:15,Failed
8281,788,221,PayPal,3147.28,EUR,2025-01-06 02:31:15,Pending
8282,788,198,PayPal,3034.21,THB,2025-04-16 02:31:15,Successful
8283,788,216,Debit Card,102.39,THB,2025-09-22 02:31:15,Pending
8284,788,161,PayPal,3750.93,EUR,2025-04-02 02:31:15,Pending
8285,788,273,PayPal,2527.64,USD,2025-04-01 02:31:15,Failed
8286,788,198,PayPal,2505.75,USD,2025-07-16 02:31:15,Successful
8287,788,256,PayPal,4901.87,EUR,2025-10-03 02:31:15,Failed
8288,788,227,Debit Card,4642.88,JPY,2025-06-06 02:31:15,Pending
8289,788,197,Credit Card,2049.88,EUR,2025-10-12 02:31:15,Pending
8290,788,289,Bank Transfer,806.42,EUR,2025-07-27 02:31:15,Successful
8291,788,148,Debit Card,4250.4,USD,2025-03-05 02:31:15,Successful
8292,788,189,PayPal,4477.39,JPY,2025-04-18 02:31:15,Failed
8293,788,93,Credit Card,4592.58,JPY,2025-09-12 02:31:15,Successful
8294,788,211,PayPal,4092.24,EUR,2025-02-24 02:31:15,Failed
8295,789,284,PayPal,2766.03,USD,2025-02-16 02:31:15,Pending
8296,789,165,Credit Card,3470.36,THB,2025-01-10 02:31:15,Successful
8297,789,292,PayPal,4434.11,USD,2025-02-09 02:31:15,Successful
8298,789,238,PayPal,1429.35,EUR,2025-08-21 02:31:15,Pending
8299,789,227,Bank Transfer,2623.3,EUR,2025-01-16 02:31:15,Pending
8300,789,41,Credit Card,2988.6,USD,2025-03-25 02:31:15,Pending
8301,789,295,Bank Transfer,1927.16,THB,2025-08-02 02:31:15,Failed
8302,789,189,Bank Transfer,4070.15,JPY,2025-03-23 02:31:15,Pending
8303,789,123,Debit Card,780.4,JPY,2025-01-30 02:31:15,Successful
8304,789,292,Credit Card,4050.38,JPY,2025-05-11 02:31:15,Successful
8305,789,276,PayPal,701.55,THB,2024-12-23 02:31:15,Pending
8306,789,248,PayPal,4829.73,JPY,2025-01-18 02:31:15,Pending
8307,789,262,Credit Card,888.9,THB,2025-02-11 02:31:15,Successful
8308,789,226,Credit Card,4318.38,JPY,2025-09-21 02:31:15,Pending
8309,789,232,Credit Card,2160.42,EUR,2025-04-30 02:31:15,Successful
8310,789,197,Debit Card,3769.61,EUR,2025-06-18 02:31:15,Failed
8311,789,283,Debit Card,3907.03,THB,2025-06-12 02:31:15,Successful
8312,789,294,PayPal,3512.93,USD,2025-10-17 02:31:15,Pending
8313,790,166,Debit Card,1012.77,THB,2024-11-08 02:31:15,Successful
8314,790,290,Bank Transfer,4206.1,JPY,2025-03-07 02:31:15,Pending
8315,790,282,Credit Card,4453.33,JPY,2024-12-09 02:31:15,Failed
8316,790,35,PayPal,2406.4,THB,2025-10-06 02:31:15,Pending
8317,790,245,Credit Card,489.42,USD,2025-06-03 02:31:15,Successful
8318,790,228,Debit Card,2595.55,THB,2025-03-07 02:31:15,Pending
8319,790,64,Debit Card,2031.98,USD,2024-12-08 02:31:15,Pending
8320,790,21,Bank Transfer,2397.0,JPY,2024-12-19 02:31:15,Failed
8321,790,261,Debit Card,1023.11,EUR,2025-08-21 02:31:15,Successful
8322,790,7,PayPal,1137.54,THB,2024-12-21 02:31:15,Successful
8323,790,241,Debit Card,1392.02,EUR,2025-02-22 02:31:15,Failed
8324,790,298,Bank Transfer,3872.82,JPY,2025-03-13 02:31:15,Failed
8325,790,218,PayPal,2284.92,EUR,2025-10-08 02:31:15,Successful
8326,790,251,Credit Card,3326.01,EUR,2025-07-29 02:31:15,Successful
8327,790,293,Credit Card,4684.86,EUR,2025-02-05 02:31:15,Failed
8328,790,254,Bank Transfer,4976.88,THB,2024-11-02 02:31:15,Failed
8329,790,197,Debit Card,2703.1,JPY,2024-11-02 02:31:15,Pending
8330,790,206,Bank Transfer,2755.9,EUR,2025-08-03 02:31:15,Successful
8331,791,217,PayPal,2364.39,THB,2025-04-27 02:31:15,Pending
8332,791,189,PayPal,2290.66,JPY,2025-10-04 02:31:15,Failed
8333,791,23,Debit Card,3444.1,THB,2025-02-05 02:31:15,Failed
8334,791,254,Debit Card,740.93,USD,2025-08-17 02:31:15,Failed
8335,791,268,PayPal,2095.78,JPY,2024-11-02 02:31:15,Pending
8336,791,189,Bank Transfer,3001.06,EUR,2025-04-05 02:31:15,Pending
8337,791,273,Bank Transfer,3259.74,USD,2025-02-08 02:31:15,Pending
8338,792,72,Bank Transfer,1154.72,JPY,2025-09-22 02:31:15,Successful
8339,792,177,PayPal,3130.16,EUR,2024-12-10 02:31:15,Failed
8340,792,286,Debit Card,3550.89,USD,2025-09-04 02:31:15,Pending
8341,792,72,PayPal,3766.78,THB,2025-07-07 02:31:15,Pending
8342,792,140,PayPal,4810.04,USD,2025-09-18 02:31:15,Pending
8343,792,121,PayPal,2357.07,JPY,2025-02-25 02:31:15,Pending
8344,792,81,Bank Transfer,774.43,THB,2025-02-16 02:31:15,Pending
8345,792,127,Bank Transfer,4428.37,EUR,2025-06-05 02:31:15,Pending
8346,792,292,Bank Transfer,3426.94,USD,2024-11-04 02:31:15,Failed
8347,792,37,Debit Card,4069.44,THB,2025-10-22 02:31:15,Successful
8348,792,188,Credit Card,213.88,USD,2025-09-13 02:31:15,Pending
8349,792,215,PayPal,971.74,JPY,2024-11-25 02:31:15,Failed
8350,792,287,Credit Card,2036.05,EUR,2025-09-19 02:31:15,Failed
8351,792,215,Bank Transfer,1684.48,EUR,2025-09-07 02:31:15,Failed
8352,792,298,Credit Card,2868.81,JPY,2025-03-19 02:31:15,Successful
8353,793,132,Credit Card,3352.62,USD,2025-11-01 02:31:15,Pending
8354,793,298,PayPal,3192.7,EUR,2025-02-11 02:31:15,Pending
8355,793,177,Bank Transfer,4511.03,EUR,2025-08-13 02:31:15,Pending
8356,793,153,Debit Card,2470.48,EUR,2024-11-12 02:31:15,Pending
8357,793,127,Bank Transfer,2175.34,THB,2024-12-19 02:31:15,Failed
8358,793,238,Debit Card,4282.06,EUR,2025-09-04 02:31:15,Failed
8359,793,238,Credit Card,2972.99,THB,2025-05-16 02:31:15,Successful
8360,793,294,Debit Card,3297.42,EUR,2025-07-19 02:31:15,Successful
8361,793,199,PayPal,1236.87,JPY,2025-03-09 02:31:15,Failed
8362,793,221,Bank Transfer,3431.24,JPY,2025-03-19 02:31:15,Successful
8363,793,293,PayPal,4525.68,THB,2025-04-17 02:31:15,Failed
8364,793,220,Bank Transfer,1681.09,THB,2024-11-26 02:31:15,Successful
8365,793,246,Credit Card,1567.83,JPY,2024-12-30 02:31:15,Successful
8366,793,132,PayPal,104.95,JPY,2025-09-24 02:31:15,Pending
8367,794,278,Debit Card,4350.51,USD,2025-04-04 02:31:15,Successful
8368,795,227,Credit Card,2458.71,EUR,2025-04-14 02:31:15,Failed
8369,795,228,Bank Transfer,3060.81,JPY,2024-11-24 02:31:15,Failed
8370,795,116,Bank Transfer,842.65,USD,2025-03-11 02:31:15,Successful
8371,795,210,Debit Card,1520.17,THB,2025-04-27 02:31:15,Failed
8372,795,274,Bank Transfer,2552.21,THB,2025-10-07 02:31:15,Successful
8373,795,247,Debit Card,1806.5,THB,2025-04-17 02:31:15,Pending
8374,795,64,PayPal,3604.13,EUR,2025-05-19 02:31:15,Pending
8375,795,221,Bank Transfer,3665.47,JPY,2025-02-24 02:31:15,Successful
8376,795,298,PayPal,3673.55,JPY,2025-01-19 02:31:15,Successful
8377,795,298,Credit Card,3339.81,THB,2025-02-07 02:31:15,Pending
8378,795,279,Debit Card,3297.05,EUR,2025-03-10 02:31:15,Failed
8379,795,293,PayPal,4741.71,JPY,2024-11-19 02:31:15,Successful
8380,795,259,Debit Card,3431.34,USD,2025-06-21 02:31:15,Pending
8381,795,227,Debit Card,3315.68,THB,2025-09-08 02:31:15,Pending
8382,795,264,Bank Transfer,962.67,JPY,2025-05-15 02:31:15,Failed
8383,795,244,PayPal,1352.77,USD,2025-01-07 02:31:15,Failed
8384,795,125,Credit Card,3184.78,EUR,2025-04-14 02:31:15,Failed
8385,796,197,Debit Card,4994.3,USD,2024-12-03 02:31:15,Failed
8386,796,188,Debit Card,2011.34,USD,2025-10-05 02:31:15,Failed
8387,796,161,Credit Card,2005.32,USD,2025-03-18 02:31:15,Pending
8388,796,21,Bank Transfer,4363.62,USD,2025-06-01 02:31:15,Pending
8389,796,208,Credit Card,542.99,EUR,2025-07-24 02:31:15,Pending
8390,796,246,Bank Transfer,3768.26,THB,2024-12-27 02:31:15,Failed
8391,796,204,PayPal,4661.95,JPY,2024-12-15 02:31:15,Successful
8392,796,35,PayPal,2945.65,JPY,2025-03-21 02:31:15,Failed
8393,796,246,Bank Transfer,3515.17,EUR,2025-05-01 02:31:15,Failed
8394,796,240,Credit Card,2423.6,THB,2024-11-11 02:31:15,Pending
8395,796,50,Bank Transfer,3084.02,USD,2025-05-19 02:31:15,Failed
8396,796,269,Debit Card,4872.37,JPY,2025-10-28 02:31:15,Successful
8397,796,233,Debit Card,2912.01,THB,2024-11-10 02:31:15,Successful
8398,796,220,Debit Card,4904.99,JPY,2025-02-14 02:31:15,Pending
8399,796,228,Debit Card,2407.73,EUR,2025-03-31 02:31:15,Successful
8400,796,283,Debit Card,415.26,JPY,2025-01-26 02:31:15,Pending
8401,796,174,PayPal,471.14,JPY,2025-02-28 02:31:15,Successful
8402,796,23,Debit Card,3735.06,USD,2025-02-05 02:31:15,Failed
8403,796,116,Debit Card,3531.88,EUR,2025-09-30 02:31:15,Pending
8404,796,66,PayPal,4002.84,USD,2025-03-04 02:31:15,Failed
8405,796,231,PayPal,1746.38,THB,2025-08-14 02:31:15,Successful
8406,796,253,PayPal,1871.5,THB,2024-11-13 02:31:15,Pending
8407,796,256,PayPal,2826.22,USD,2025-03-23 02:31:15,Successful
8408,796,23,Credit Card,3940.79,THB,2025-08-18 02:31:15,Pending
8409,796,235,Debit Card,3080.93,THB,2025-07-04 02:31:15,Failed
8410,796,253,Debit Card,2761.52,JPY,2025-02-05 02:31:15,Pending
8411,797,232,Bank Transfer,608.96,THB,2025-05-06 02:31:15,Pending
8412,797,224,Bank Transfer,1571.57,THB,2025-04-05 02:31:15,Pending
8413,797,278,PayPal,4267.41,JPY,2025-06-18 02:31:15,Failed
8414,797,223,PayPal,3411.85,EUR,2025-10-15 02:31:15,Failed
8415,797,209,Debit Card,4494.64,THB,2025-09-10 02:31:15,Successful
8416,797,258,Credit Card,4993.68,EUR,2024-11-16 02:31:15,Successful
8417,797,209,Credit Card,4679.69,JPY,2025-05-24 02:31:15,Failed
8418,797,121,PayPal,4112.24,EUR,2025-10-19 02:31:15,Pending
8419,797,44,PayPal,2760.39,USD,2025-05-22 02:31:15,Pending
8420,797,271,Credit Card,633.47,JPY,2025-02-25 02:31:15,Pending
8421,797,128,Bank Transfer,4038.21,EUR,2025-06-25 02:31:15,Failed
8422,797,271,Bank Transfer,488.96,THB,2025-03-18 02:31:15,Pending
8423,797,224,Bank Transfer,1946.95,JPY,2024-12-12 02:31:15,Failed
8424,798,95,Bank Transfer,3837.69,THB,2025-07-12 02:31:15,Successful
8425,798,284,PayPal,4104.47,JPY,2025-06-13 02:31:15,Pending
8426,798,291,Bank Transfer,4872.93,THB,2025-03-01 02:31:15,Pending
8427,798,230,Debit Card,865.46,JPY,2025-08-06 02:31:15,Pending
8428,798,244,Credit Card,3119.05,USD,2025-05-09 02:31:15,Successful
8429,798,211,Debit Card,1171.03,EUR,2025-07-19 02:31:15,Pending
8430,798,156,Bank Transfer,1299.88,EUR,2025-10-07 02:31:15,Failed
8431,798,262,Debit Card,664.99,EUR,2025-10-28 02:31:15,Failed
8432,799,289,Credit Card,1337.24,THB,2025-04-02 02:31:15,Successful
8433,799,261,Bank Transfer,4335.06,JPY,2025-08-10 02:31:15,Pending
8434,799,44,Credit Card,1421.44,JPY,2025-03-16 02:31:15,Successful
8435,799,292,Bank Transfer,1950.48,EUR,2025-01-08 02:31:15,Successful
8436,799,294,Credit Card,2251.51,EUR,2025-02-26 02:31:15,Pending
8437,799,41,Debit Card,2005.45,EUR,2025-07-20 02:31:15,Pending
8438,799,72,Bank Transfer,3263.17,EUR,2025-02-06 02:31:15,Failed
8439,800,251,PayPal,2579.23,EUR,2024-12-01 02:31:15,Failed
8440,800,208,Bank Transfer,670.7,USD,2024-12-13 02:31:15,Pending
8441,801,269,PayPal,4800.03,EUR,2024-12-29 02:31:15,Failed
8442,801,29,Credit Card,4602.21,THB,2025-01-16 02:31:15,Failed
8443,801,123,Debit Card,1760.84,EUR,2025-03-02 02:31:15,Failed
8444,802,201,Bank Transfer,1460.57,JPY,2024-12-09 02:31:15,Successful
8445,802,273,Credit Card,793.86,EUR,2025-02-11 02:31:15,Failed
8446,802,127,Bank Transfer,1909.03,USD,2024-12-19 02:31:15,Successful
8447,802,249,Bank Transfer,1727.34,JPY,2025-01-02 02:31:15,Pending
8448,802,95,Debit Card,721.48,THB,2025-01-01 02:31:15,Successful
8449,802,157,Credit Card,4598.91,EUR,2025-01-04 02:31:15,Successful
8450,802,245,PayPal,1504.6,USD,2025-03-22 02:31:15,Successful
8451,802,271,Bank Transfer,1678.21,EUR,2025-06-09 02:31:15,Successful
8452,802,105,PayPal,3673.85,USD,2025-01-13 02:31:15,Successful
8453,802,226,PayPal,1584.29,THB,2025-06-06 02:31:15,Failed
8454,802,280,Debit Card,4312.67,JPY,2025-09-10 02:31:15,Successful
8455,803,281,Debit Card,3089.33,THB,2025-10-04 02:31:15,Failed
8456,803,206,PayPal,1260.05,EUR,2025-07-25 02:31:15,Pending
8457,803,201,PayPal,3101.41,JPY,2025-05-25 02:31:15,Pending
8458,803,128,Credit Card,2894.58,THB,2025-02-17 02:31:15,Successful
8459,803,111,Credit Card,3012.61,USD,2025-02-06 02:31:15,Failed
8460,803,50,Bank Transfer,3843.14,EUR,2024-12-12 02:31:15,Failed
8461,804,298,Debit Card,3913.51,JPY,2025-07-27 02:31:15,Failed
8462,804,201,Bank Transfer,1313.0,JPY,2025-03-13 02:31:15,Successful
8463,804,157,Debit Card,4351.43,JPY,2025-04-05 02:31:15,Successful
8464,804,228,Bank Transfer,3321.0,JPY,2025-02-17 02:31:15,Failed
8465,804,174,PayPal,4882.8,USD,2024-11-15 02:31:15,Pending
8466,804,207,PayPal,1459.46,EUR,2024-11-28 02:31:15,Successful
8467,804,189,Bank Transfer,3550.86,JPY,2025-08-13 02:31:15,Pending
8468,804,272,Credit Card,3462.72,USD,2025-03-20 02:31:15,Pending
8469,804,66,Debit Card,3582.28,THB,2025-04-08 02:31:15,Failed
8470,804,248,Debit Card,2298.33,THB,2025-05-09 02:31:15,Failed
8471,804,263,Bank Transfer,1264.25,EUR,2024-12-18 02:31:15,Failed
8472,804,72,Credit Card,3715.4,JPY,2025-02-19 02:31:15,Successful
8473,804,269,Credit Card,2348.18,EUR,2025-07-20 02:31:15,Pending
8474,804,241,Bank Transfer,906.49,EUR,2025-01-22 02:31:15,Successful
8475,804,203,Bank Transfer,3385.92,EUR,2025-10-29 02:31:15,Failed
8476,804,283,PayPal,3588.02,THB,2024-11-13 02:31:15,Pending
8477,804,283,Credit Card,1886.37,JPY,2025-05-12 02:31:15,Pending
8478,804,24,Bank Transfer,795.48,THB,2024-12-19 02:31:15,Failed
8479,804,293,Credit Card,3870.18,USD,2025-05-07 02:31:15,Successful
8480,804,285,Debit Card,4275.07,JPY,2024-12-26 02:31:15,Failed
8481,804,209,Bank Transfer,990.2,THB,2025-02-01 02:31:15,Successful
8482,804,72,PayPal,2001.82,THB,2025-01-22 02:31:15,Failed
8483,804,111,Credit Card,4156.93,THB,2025-02-27 02:31:15,Pending
8484,804,276,PayPal,1199.53,THB,2025-09-05 02:31:15,Failed
8485,804,242,Debit Card,1619.88,THB,2025-03-04 02:31:15,Successful
8486,804,116,Bank Transfer,1282.54,JPY,2024-11-14 02:31:15,Successful
8487,804,223,Credit Card,4161.5,EUR,2025-02-03 02:31:15,Successful
8488,805,35,Credit Card,2099.19,EUR,2024-11-17 02:31:15,Pending
8489,805,280,Debit Card,4891.11,JPY,2025-02-10 02:31:15,Successful
8490,805,236,Bank Transfer,2270.92,THB,2025-01-31 02:31:15,Failed
8491,805,233,Bank Transfer,1746.26,JPY,2025-10-09 02:31:15,Failed
8492,805,290,Bank Transfer,2455.67,EUR,2025-01-17 02:31:15,Failed
8493,805,255,Bank Transfer,3944.84,EUR,2025-06-06 02:31:15,Successful
8494,805,262,Credit Card,1660.41,JPY,2025-02-28 02:31:15,Pending
8495,805,209,Debit Card,1833.58,USD,2025-06-04 02:31:15,Successful
8496,805,256,Debit Card,1708.23,USD,2025-10-19 02:31:15,Pending
8497,806,241,PayPal,4049.03,JPY,2025-08-16 02:31:15,Successful
8498,806,227,PayPal,2473.71,EUR,2025-05-01 02:31:15,Failed
8499,806,234,Debit Card,327.68,USD,2025-08-15 02:31:15,Failed
8500,806,116,Credit Card,180.44,EUR,2025-09-19 02:31:15,Failed
8501,806,209,Credit Card,3967.13,EUR,2025-01-09 02:31:15,Successful
8502,807,218,Credit Card,2089.73,USD,2025-02-07 02:31:15,Pending
8503,807,217,Credit Card,2197.8,USD,2025-09-18 02:31:15,Failed
8504,807,236,PayPal,3185.46,JPY,2025-09-17 02:31:15,Successful
8505,807,4,PayPal,181.56,EUR,2025-03-21 02:31:15,Pending
8506,807,216,PayPal,320.69,USD,2025-05-26 02:31:15,Failed
8507,807,64,PayPal,266.19,THB,2025-08-27 02:31:15,Pending
8508,807,300,Bank Transfer,213.21,USD,2024-12-03 02:31:15,Failed
8509,807,55,PayPal,3074.21,EUR,2024-12-17 02:31:15,Successful
8510,807,259,PayPal,2241.76,EUR,2024-11-10 02:31:15,Pending
8511,807,269,Credit Card,4609.54,THB,2024-12-01 02:31:15,Failed
8512,807,273,Debit Card,2855.87,JPY,2025-06-05 02:31:15,Failed
8513,807,50,Debit Card,4367.06,EUR,2025-04-30 02:31:15,Failed
8514,807,239,Credit Card,2474.12,THB,2025-07-04 02:31:15,Failed
8515,807,210,Credit Card,3933.5,EUR,2024-12-07 02:31:15,Pending
8516,808,254,Debit Card,1377.11,JPY,2025-04-10 02:31:15,Pending
8517,808,245,Debit Card,3388.85,USD,2025-10-12 02:31:15,Pending
8518,808,208,Credit Card,1373.26,THB,2025-01-03 02:31:15,Pending
8519,808,234,Credit Card,1438.8,JPY,2025-02-21 02:31:15,Pending
8520,808,238,Debit Card,4226.63,USD,2025-05-31 02:31:15,Successful
8521,808,212,Bank Transfer,636.5,JPY,2025-10-06 02:31:15,Pending
8522,808,203,Bank Transfer,1132.71,JPY,2025-10-25 02:31:15,Pending
8523,808,64,Credit Card,4448.95,JPY,2025-02-01 02:31:15,Pending
8524,809,239,Credit Card,1192.1,USD,2025-07-07 02:31:15,Pending
8525,809,253,PayPal,1960.67,USD,2024-11-19 02:31:15,Successful
8526,809,252,Credit Card,1887.69,USD,2025-04-20 02:31:15,Failed
8527,809,256,PayPal,1379.43,JPY,2025-04-18 02:31:15,Successful
8528,809,132,PayPal,2252.04,USD,2025-08-14 02:31:15,Failed
8529,809,271,Debit Card,2166.35,THB,2025-03-21 02:31:15,Failed
8530,809,104,Bank Transfer,2033.84,THB,2025-01-06 02:31:15,Failed
8531,809,277,Bank Transfer,3979.72,EUR,2025-02-24 02:31:15,Failed
8532,809,289,PayPal,281.91,USD,2024-12-13 02:31:15,Pending
8533,809,213,Bank Transfer,686.69,THB,2024-12-03 02:31:15,Successful
8534,810,221,Credit Card,3816.38,JPY,2025-09-14 02:31:15,Failed
8535,810,199,Credit Card,4479.65,THB,2025-04-20 02:31:15,Successful
8536,810,140,PayPal,4187.96,EUR,2025-03-17 02:31:15,Successful
8537,810,238,Bank Transfer,1731.55,EUR,2025-06-20 02:31:15,Successful
8538,810,251,PayPal,1008.24,EUR,2025-06-09 02:31:15,Failed
8539,810,291,Debit Card,3038.02,JPY,2024-12-31 02:31:15,Failed
8540,810,225,PayPal,1359.06,USD,2025-07-12 02:31:15,Pending
8541,810,197,Bank Transfer,2832.75,EUR,2025-01-01 02:31:15,Pending
8542,811,264,Bank Transfer,4159.61,THB,2025-10-22 02:31:15,Pending
8543,811,224,Debit Card,4071.86,THB,2025-03-19 02:31:15,Successful
8544,811,101,Bank Transfer,4661.45,THB,2025-05-26 02:31:15,Successful
8545,811,210,Bank Transfer,3383.58,USD,2024-11-06 02:31:15,Failed
8546,811,270,PayPal,3333.49,USD,2025-05-26 02:31:15,Failed
8547,811,267,PayPal,4239.8,EUR,2025-10-31 02:31:15,Successful
8548,811,209,Bank Transfer,3499.58,THB,2025-05-05 02:31:15,Successful
8549,811,263,PayPal,859.12,EUR,2025-05-11 02:31:15,Failed
8550,811,253,Credit Card,2829.23,THB,2025-03-26 02:31:15,Pending
8551,811,263,Debit Card,4172.5,THB,2025-02-01 02:31:15,Failed
8552,812,264,Credit Card,4329.13,EUR,2025-05-09 02:31:15,Successful
8553,812,21,Credit Card,2920.63,EUR,2025-06-15 02:31:15,Successful
8554,812,37,PayPal,3886.39,JPY,2025-05-12 02:31:15,Successful
8555,812,271,PayPal,2069.62,USD,2025-02-13 02:31:15,Failed
8556,812,279,Debit Card,3515.91,JPY,2025-08-13 02:31:15,Failed
8557,812,199,Credit Card,841.36,THB,2025-07-19 02:31:15,Failed
8558,812,270,Credit Card,3492.11,THB,2024-11-30 02:31:15,Pending
8559,813,23,Debit Card,2494.69,USD,2025-06-27 02:31:15,Successful
8560,813,233,Bank Transfer,2402.33,JPY,2025-06-28 02:31:15,Successful
8561,813,239,Debit Card,4404.17,THB,2025-03-17 02:31:15,Failed
8562,813,274,Bank Transfer,2250.93,JPY,2024-12-22 02:31:15,Failed
8563,813,35,Credit Card,2945.11,EUR,2025-04-18 02:31:15,Pending
8564,813,294,Bank Transfer,3236.81,JPY,2025-06-04 02:31:15,Pending
8565,813,282,Debit Card,4880.59,EUR,2025-06-17 02:31:15,Pending
8566,813,264,Debit Card,3958.09,THB,2025-04-02 02:31:15,Failed
8567,813,271,PayPal,3222.31,JPY,2025-08-13 02:31:15,Pending
8568,813,207,Bank Transfer,2103.46,EUR,2024-11-03 02:31:15,Pending
8569,813,246,Credit Card,4558.14,EUR,2025-07-07 02:31:15,Failed
8570,813,209,Bank Transfer,4498.07,THB,2025-07-29 02:31:15,Successful
8571,813,238,Debit Card,470.65,USD,2024-11-01 02:31:15,Pending
8572,813,222,Debit Card,4384.05,JPY,2025-03-16 02:31:15,Pending
8573,813,282,Credit Card,1773.56,EUR,2025-10-11 02:31:15,Successful
8574,813,295,Debit Card,1028.12,USD,2024-12-02 02:31:15,Failed
8575,813,217,Credit Card,2609.25,USD,2025-04-12 02:31:15,Failed
8576,813,298,PayPal,2748.7,USD,2025-08-13 02:31:15,Successful
8577,813,280,Bank Transfer,762.34,USD,2025-09-01 02:31:15,Pending
8578,813,262,Debit Card,2553.59,EUR,2025-07-25 02:31:15,Successful
8579,813,287,Credit Card,1832.7,THB,2025-01-17 02:31:15,Failed
8580,813,268,Credit Card,1861.45,THB,2025-06-21 02:31:15,Successful
8581,813,253,PayPal,2941.03,USD,2025-10-21 02:31:15,Pending
8582,813,23,Bank Transfer,3897.01,USD,2025-02-18 02:31:15,Failed
8583,813,216,Debit Card,1254.83,JPY,2025-05-05 02:31:15,Successful
8584,814,239,PayPal,2046.17,THB,2025-04-05 02:31:15,Pending
8585,814,55,Debit Card,4067.72,EUR,2025-02-21 02:31:15,Pending
8586,814,188,Debit Card,808.58,EUR,2025-09-09 02:31:15,Pending
8587,814,246,Debit Card,4357.24,JPY,2024-12-08 02:31:15,Successful
8588,814,232,Debit Card,1753.02,JPY,2025-08-29 02:31:15,Successful
8589,814,208,Credit Card,2693.89,USD,2025-09-23 02:31:15,Failed
8590,814,254,Bank Transfer,4237.32,JPY,2024-12-03 02:31:15,Successful
8591,814,216,Bank Transfer,766.15,USD,2025-10-13 02:31:15,Pending
8592,814,247,Bank Transfer,3248.58,THB,2025-03-30 02:31:15,Pending
8593,814,213,Bank Transfer,2150.16,EUR,2025-10-07 02:31:15,Pending
8594,814,274,Debit Card,2151.86,USD,2025-04-15 02:31:15,Pending
8595,814,268,Debit Card,657.18,USD,2025-03-20 02:31:15,Successful
8596,814,212,Bank Transfer,4929.63,USD,2025-02-05 02:31:15,Pending
8597,814,95,Bank Transfer,505.51,EUR,2025-07-23 02:31:15,Pending
8598,814,97,Credit Card,1055.55,USD,2024-12-28 02:31:15,Successful
8599,814,287,Credit Card,4575.71,EUR,2024-11-26 02:31:15,Failed
8600,814,29,Debit Card,2049.24,USD,2025-02-28 02:31:15,Successful
8601,814,275,Debit Card,4926.24,EUR,2025-02-22 02:31:15,Failed
8602,814,286,PayPal,4474.78,JPY,2024-12-17 02:31:15,Pending
8603,814,212,Debit Card,409.24,THB,2025-03-10 02:31:15,Successful
8604,814,262,Credit Card,4459.81,THB,2025-08-15 02:31:15,Pending
8605,814,189,Debit Card,947.31,JPY,2024-11-23 02:31:15,Pending
8606,814,277,Debit Card,4823.95,EUR,2025-06-23 02:31:15,Successful
8607,815,127,Credit Card,1553.9,THB,2025-01-24 02:31:15,Pending
8608,815,221,PayPal,2497.58,EUR,2025-06-05 02:31:15,Successful
8609,815,228,Credit Card,2578.71,JPY,2025-05-26 02:31:15,Failed
8610,815,222,PayPal,2327.16,USD,2025-10-03 02:31:15,Failed
8611,815,209,Debit Card,3708.58,EUR,2025-03-27 02:31:15,Successful
8612,815,228,Bank Transfer,2114.35,THB,2025-03-02 02:31:15,Failed
8613,815,35,PayPal,4892.54,EUR,2024-12-05 02:31:15,Successful
8614,815,161,PayPal,4174.74,EUR,2025-01-27 02:31:15,Successful
8615,815,223,Bank Transfer,1868.26,USD,2025-02-19 02:31:15,Pending
8616,815,101,Bank Transfer,4849.6,USD,2025-07-28 02:31:15,Successful
8617,815,294,Bank Transfer,3968.77,USD,2024-12-14 02:31:15,Successful
8618,816,205,Debit Card,3852.83,USD,2025-06-10 02:31:15,Successful
8619,817,295,Debit Card,1258.74,EUR,2024-11-22 02:31:15,Failed
8620,817,140,Bank Transfer,1396.75,USD,2025-10-08 02:31:15,Successful
8621,817,274,PayPal,2087.96,USD,2024-12-20 02:31:15,Pending
8622,817,236,Debit Card,4946.02,THB,2025-05-18 02:31:15,Successful
8623,817,269,Credit Card,4261.12,JPY,2025-08-08 02:31:15,Successful
8624,817,93,Bank Transfer,367.34,THB,2025-09-23 02:31:15,Failed
8625,817,269,PayPal,739.22,JPY,2025-04-11 02:31:15,Successful
8626,817,266,Debit Card,673.16,USD,2025-06-05 02:31:15,Successful
8627,817,205,Debit Card,1032.48,USD,2025-09-30 02:31:15,Failed
8628,817,239,Credit Card,3486.38,USD,2024-12-28 02:31:15,Pending
8629,817,199,PayPal,1650.54,EUR,2025-10-09 02:31:15,Failed
8630,817,161,Credit Card,3058.24,EUR,2025-10-18 02:31:15,Pending
8631,817,55,Credit Card,3030.28,USD,2025-10-30 02:31:15,Failed
8632,817,105,Bank Transfer,3879.63,THB,2024-12-10 02:31:15,Failed
8633,817,260,Debit Card,4032.59,THB,2025-04-29 02:31:15,Pending
8634,817,224,PayPal,526.44,JPY,2025-07-02 02:31:15,Failed
8635,817,188,Debit Card,1392.29,THB,2024-12-03 02:31:15,Successful
8636,817,165,Debit Card,3552.18,JPY,2025-03-01 02:31:15,Successful
8637,817,266,Credit Card,2044.58,EUR,2025-03-30 02:31:15,Successful
8638,817,227,Debit Card,1544.78,THB,2025-07-26 02:31:15,Failed
8639,818,204,Bank Transfer,2257.47,EUR,2025-09-21 02:31:15,Pending
8640,818,217,PayPal,2941.88,EUR,2025-03-05 02:31:15,Successful
8641,818,161,Bank Transfer,1751.94,THB,2025-08-28 02:31:15,Pending
8642,818,239,Bank Transfer,4332.34,JPY,2024-11-11 02:31:15,Pending
8643,818,208,PayPal,899.75,USD,2025-05-24 02:31:15,Pending
8644,818,220,Bank Transfer,4725.0,USD,2025-04-10 02:31:15,Pending
8645,818,242,Debit Card,583.31,USD,2025-05-23 02:31:15,Successful
8646,818,201,Credit Card,426.79,THB,2025-06-20 02:31:15,Successful
8647,818,217,Debit Card,1534.54,EUR,2025-04-29 02:31:15,Failed
8648,818,297,Bank Transfer,2254.04,USD,2024-11-22 02:31:15,Successful
8649,818,268,Bank Transfer,464.34,JPY,2024-11-01 02:31:15,Failed
8650,818,221,Credit Card,2909.49,USD,2024-11-17 02:31:15,Failed
8651,818,246,Bank Transfer,3025.84,EUR,2025-05-23 02:31:15,Pending
8652,818,210,Credit Card,2759.47,JPY,2025-10-30 02:31:15,Successful
8653,818,223,PayPal,136.45,USD,2024-12-04 02:31:15,Successful
8654,818,139,Bank Transfer,2076.25,USD,2025-03-10 02:31:15,Successful
8655,819,294,Bank Transfer,610.9,USD,2025-09-04 02:31:15,Successful
8656,819,35,Debit Card,2314.48,THB,2025-09-16 02:31:15,Pending
8657,819,81,Credit Card,2329.88,USD,2025-06-29 02:31:15,Failed
8658,819,245,Bank Transfer,2976.94,EUR,2025-03-30 02:31:15,Failed
8659,820,269,Credit Card,250.2,USD,2024-11-26 02:31:15,Pending
8660,820,243,PayPal,1524.77,THB,2025-04-11 02:31:15,Pending
8661,820,299,Credit Card,3577.08,JPY,2025-01-22 02:31:15,Successful
8662,820,235,PayPal,468.09,JPY,2025-06-11 02:31:15,Successful
8663,820,116,PayPal,3835.28,THB,2025-05-30 02:31:15,Pending
8664,821,217,Credit Card,4197.46,EUR,2025-03-04 02:31:15,Failed
8665,821,107,PayPal,3328.5,JPY,2025-08-20 02:31:15,Failed
8666,821,177,Debit Card,721.95,USD,2024-12-07 02:31:15,Failed
8667,821,288,PayPal,718.85,USD,2025-09-22 02:31:15,Failed
8668,821,221,PayPal,2061.62,THB,2025-02-09 02:31:15,Pending
8669,821,232,PayPal,579.2,EUR,2024-12-22 02:31:15,Successful
8670,821,240,Debit Card,1467.48,JPY,2025-04-15 02:31:15,Failed
8671,821,206,Debit Card,416.69,JPY,2025-06-08 02:31:15,Failed
8672,821,276,PayPal,1691.28,THB,2025-09-12 02:31:15,Failed
8673,821,271,PayPal,2944.39,EUR,2025-10-28 02:31:15,Failed
8674,822,227,Credit Card,3917.73,EUR,2025-09-10 02:31:15,Successful
8675,822,212,Debit Card,2431.44,USD,2025-07-10 02:31:15,Pending
8676,822,219,PayPal,3239.76,THB,2024-12-13 02:31:15,Successful
8677,822,211,Credit Card,4737.75,USD,2024-12-09 02:31:15,Failed
8678,822,280,Bank Transfer,2925.35,EUR,2025-03-15 02:31:15,Pending
8679,822,297,Bank Transfer,362.21,THB,2025-10-25 02:31:15,Failed
8680,822,288,Credit Card,3507.95,EUR,2024-12-12 02:31:15,Failed
8681,822,153,PayPal,2493.42,JPY,2025-07-01 02:31:15,Successful
8682,822,189,PayPal,3540.46,EUR,2024-12-01 02:31:15,Pending
8683,822,199,Bank Transfer,1318.19,JPY,2025-10-15 02:31:15,Successful
8684,822,29,Bank Transfer,2559.62,EUR,2025-08-14 02:31:15,Failed
8685,822,256,Debit Card,474.87,JPY,2025-05-22 02:31:15,Successful
8686,823,247,PayPal,4919.1,THB,2025-03-04 02:31:15,Successful
8687,824,297,Credit Card,4568.49,USD,2025-02-09 02:31:15,Failed
8688,824,206,Bank Transfer,2829.34,JPY,2025-06-17 02:31:15,Pending
8689,824,255,Credit Card,3714.98,EUR,2025-08-07 02:31:15,Pending
8690,824,248,Credit Card,1705.0,EUR,2025-10-16 02:31:15,Pending
8691,824,239,PayPal,2467.15,THB,2025-02-17 02:31:15,Successful
8692,824,204,PayPal,2289.87,THB,2025-04-16 02:31:15,Failed
8693,825,212,Credit Card,2043.97,THB,2024-12-26 02:31:15,Pending
8694,825,286,Debit Card,1511.3,JPY,2024-12-11 02:31:15,Successful
8695,825,254,Credit Card,3024.45,EUR,2025-10-14 02:31:15,Pending
8696,825,288,Bank Transfer,969.76,JPY,2025-02-12 02:31:15,Pending
8697,825,252,Credit Card,2601.56,USD,2025-04-14 02:31:15,Pending
8698,825,241,Debit Card,536.25,USD,2025-08-17 02:31:15,Pending
8699,825,283,Credit Card,2355.71,EUR,2024-12-28 02:31:15,Successful
8700,825,199,Debit Card,3914.68,THB,2025-07-17 02:31:15,Successful
8701,825,265,Credit Card,1008.35,JPY,2025-02-26 02:31:15,Failed
8702,825,209,Debit Card,1796.46,THB,2025-02-09 02:31:15,Failed
8703,825,236,Bank Transfer,704.1,THB,2024-11-14 02:31:15,Failed
8704,825,97,Credit Card,4794.07,EUR,2025-09-15 02:31:15,Successful
8705,825,72,PayPal,3976.67,JPY,2024-12-02 02:31:15,Pending
8706,825,37,Bank Transfer,1024.28,THB,2025-05-24 02:31:15,Pending
8707,825,210,Bank Transfer,1239.36,JPY,2025-06-24 02:31:15,Successful
8708,825,66,Credit Card,3413.55,EUR,2025-08-16 02:31:15,Successful
8709,825,275,PayPal,1007.17,JPY,2025-01-01 02:31:15,Successful
8710,825,285,Bank Transfer,1378.43,EUR,2024-12-04 02:31:15,Pending
8711,825,296,Bank Transfer,420.98,EUR,2025-08-20 02:31:15,Failed
8712,825,220,Credit Card,4889.92,EUR,2025-01-15 02:31:15,Successful
8713,826,256,PayPal,1208.5,USD,2025-01-11 02:31:15,Failed
8714,826,35,PayPal,3476.53,JPY,2025-02-21 02:31:15,Pending
8715,826,206,Debit Card,2037.37,THB,2025-02-24 02:31:15,Successful
8716,826,128,Bank Transfer,2966.36,JPY,2025-08-17 02:31:15,Successful
8717,826,104,Credit Card,2169.15,USD,2025-08-28 02:31:15,Pending
8718,826,224,Debit Card,516.83,EUR,2025-09-09 02:31:15,Successful
8719,826,64,Credit Card,1272.96,THB,2025-10-07 02:31:15,Successful
8720,826,232,Credit Card,2429.58,THB,2025-04-25 02:31:15,Pending
8721,826,273,Credit Card,972.79,EUR,2025-04-08 02:31:15,Pending
8722,826,266,PayPal,4777.93,EUR,2024-11-02 02:31:15,Pending
8723,827,246,Credit Card,935.6,THB,2025-08-29 02:31:15,Successful
8724,827,253,Debit Card,4294.9,USD,2025-01-20 02:31:15,Failed
8725,827,210,Debit Card,2666.24,EUR,2024-11-06 02:31:15,Failed
8726,827,143,Credit Card,4711.53,EUR,2025-07-18 02:31:15,Pending
8727,827,35,Credit Card,1317.9,USD,2025-02-05 02:31:15,Failed
8728,827,268,Bank Transfer,4798.07,THB,2025-03-01 02:31:15,Pending
8729,828,148,Debit Card,707.08,USD,2025-03-29 02:31:15,Pending
8730,828,139,Debit Card,788.74,USD,2025-02-10 02:31:15,Successful
8731,828,248,Debit Card,2287.23,EUR,2025-09-08 02:31:15,Pending
8732,828,258,Debit Card,465.11,JPY,2025-01-27 02:31:15,Failed
8733,828,210,PayPal,3600.41,THB,2025-01-29 02:31:15,Successful
8734,828,294,Debit Card,2276.89,EUR,2024-12-04 02:31:15,Failed
8735,829,291,Debit Card,2764.28,USD,2025-07-10 02:31:15,Successful
8736,829,261,Bank Transfer,399.88,EUR,2025-01-11 02:31:15,Failed
8737,829,270,Bank Transfer,928.35,EUR,2025-05-25 02:31:15,Failed
8738,829,220,Credit Card,2254.14,JPY,2025-10-25 02:31:15,Successful
8739,829,272,PayPal,4577.48,EUR,2025-05-21 02:31:15,Pending
8740,829,299,Debit Card,4284.88,EUR,2025-01-23 02:31:15,Pending
8741,829,198,Credit Card,3368.97,USD,2024-11-25 02:31:15,Pending
8742,830,123,Debit Card,2866.79,THB,2025-02-10 02:31:15,Failed
8743,830,259,Credit Card,4049.26,THB,2025-02-01 02:31:15,Failed
8744,830,199,Bank Transfer,2458.1,THB,2025-05-11 02:31:15,Pending
8745,830,266,Bank Transfer,3707.97,THB,2025-03-09 02:31:15,Successful
8746,830,215,PayPal,2188.23,EUR,2025-09-11 02:31:15,Failed
8747,830,219,Debit Card,1160.19,USD,2025-03-18 02:31:15,Successful
8748,830,161,Bank Transfer,2113.73,JPY,2025-10-01 02:31:15,Pending
8749,830,234,Bank Transfer,1144.51,THB,2025-09-16 02:31:15,Successful
8750,830,23,Credit Card,3621.3,USD,2025-09-09 02:31:15,Pending
8751,830,215,PayPal,1751.1,THB,2025-10-19 02:31:15,Pending
8752,830,64,Debit Card,2501.36,USD,2025-07-27 02:31:15,Failed
8753,831,66,Credit Card,1228.79,JPY,2024-12-18 02:31:15,Successful
8754,831,211,Bank Transfer,141.26,THB,2025-02-26 02:31:15,Pending
8755,831,280,Debit Card,234.66,USD,2025-01-30 02:31:15,Pending
8756,831,292,Debit Card,4407.68,USD,2025-06-08 02:31:15,Failed
8757,831,189,Debit Card,320.91,THB,2025-09-13 02:31:15,Failed
8758,832,228,Debit Card,4157.81,JPY,2024-11-12 02:31:15,Failed
8759,832,107,Debit Card,1562.92,EUR,2025-03-02 02:31:15,Successful
8760,832,207,Debit Card,1864.91,EUR,2025-10-01 02:31:15,Failed
8761,832,255,PayPal,4188.94,USD,2025-05-14 02:31:15,Pending
8762,833,44,Debit Card,1984.49,JPY,2024-12-17 02:31:15,Pending
8763,833,216,Credit Card,733.99,JPY,2025-08-12 02:31:15,Pending
8764,833,210,Credit Card,3144.85,JPY,2025-01-25 02:31:15,Pending
8765,833,244,Credit Card,4250.82,EUR,2024-11-10 02:31:15,Pending
8766,833,242,PayPal,154.75,USD,2025-01-14 02:31:15,Pending
8767,833,132,Bank Transfer,2744.07,EUR,2025-06-12 02:31:15,Failed
8768,833,299,Bank Transfer,1700.55,JPY,2024-11-10 02:31:15,Pending
8769,833,188,Credit Card,4139.42,JPY,2025-06-20 02:31:15,Failed
8770,834,116,Debit Card,264.72,EUR,2025-06-21 02:31:15,Successful
8771,834,271,PayPal,4530.5,EUR,2024-11-13 02:31:15,Pending
8772,834,156,PayPal,2157.15,EUR,2025-10-28 02:31:15,Pending
8773,834,247,Debit Card,337.67,JPY,2024-12-06 02:31:15,Failed
8774,834,213,PayPal,3046.95,THB,2025-10-14 02:31:15,Successful
8775,834,220,Credit Card,1197.98,EUR,2024-12-15 02:31:15,Successful
8776,834,240,PayPal,4378.32,EUR,2024-12-14 02:31:15,Pending
8777,834,224,Credit Card,1999.23,JPY,2025-10-23 02:31:15,Pending
8778,835,299,Credit Card,4230.23,EUR,2025-03-25 02:31:15,Failed
8779,835,297,PayPal,2643.82,USD,2025-10-07 02:31:15,Successful
8780,835,157,Credit Card,4458.35,USD,2025-10-21 02:31:15,Failed
8781,836,213,Bank Transfer,1348.86,EUR,2025-06-26 02:31:15,Pending
8782,836,272,Bank Transfer,1986.72,THB,2025-06-03 02:31:15,Pending
8783,836,216,Bank Transfer,1819.93,EUR,2025-04-07 02:31:15,Successful
8784,836,239,PayPal,4968.26,THB,2025-06-10 02:31:15,Failed
8785,837,217,Bank Transfer,759.3,JPY,2025-03-30 02:31:15,Successful
8786,837,210,Credit Card,4834.33,USD,2024-11-10 02:31:15,Failed
8787,837,256,PayPal,3718.55,USD,2025-02-15 02:31:15,Successful
8788,837,230,Debit Card,3371.18,USD,2025-04-19 02:31:15,Failed
8789,837,139,Debit Card,3438.19,EUR,2025-10-02 02:31:15,Pending
8790,837,177,Credit Card,1903.86,EUR,2024-12-28 02:31:15,Successful
8791,838,213,PayPal,1277.3,EUR,2025-10-21 02:31:15,Failed
8792,838,210,Credit Card,3901.82,EUR,2025-09-26 02:31:15,Pending
8793,838,41,Bank Transfer,3450.44,JPY,2025-02-27 02:31:15,Pending
8794,838,197,Bank Transfer,4402.66,USD,2024-12-16 02:31:15,Successful
8795,838,95,Debit Card,3906.78,THB,2024-11-08 02:31:15,Successful
8796,839,271,Credit Card,2961.3,JPY,2025-03-05 02:31:15,Successful
8797,839,216,Debit Card,1874.89,JPY,2025-09-11 02:31:15,Failed
8798,839,299,PayPal,4611.09,EUR,2025-04-21 02:31:15,Pending
8799,839,238,Bank Transfer,1486.0,THB,2025-06-26 02:31:15,Pending
8800,840,261,PayPal,511.59,THB,2025-07-30 02:31:15,Pending
8801,840,253,Credit Card,4347.38,THB,2025-03-19 02:31:15,Pending
8802,840,177,Debit Card,1432.1,EUR,2025-02-22 02:31:15,Pending
8803,840,294,Debit Card,3927.59,JPY,2025-05-19 02:31:15,Pending
8804,840,237,Credit Card,3616.17,EUR,2025-06-01 02:31:15,Pending
8805,840,229,PayPal,198.07,USD,2025-01-11 02:31:15,Pending
8806,840,229,PayPal,1984.0,EUR,2025-04-08 02:31:15,Successful
8807,840,290,Debit Card,3257.37,EUR,2025-01-19 02:31:15,Pending
8808,840,289,Bank Transfer,2844.73,JPY,2025-06-30 02:31:15,Failed
8809,840,272,Bank Transfer,3363.79,JPY,2025-04-01 02:31:15,Failed
8810,840,210,Bank Transfer,4633.64,JPY,2025-02-03 02:31:15,Successful
8811,840,255,PayPal,1316.33,THB,2025-05-06 02:31:15,Successful
8812,840,264,Credit Card,4289.51,JPY,2025-08-31 02:31:15,Failed
8813,840,35,Debit Card,4248.73,JPY,2025-05-29 02:31:15,Failed
8814,840,210,Bank Transfer,4052.98,JPY,2025-03-29 02:31:15,Pending
8815,840,230,Bank Transfer,3792.39,USD,2025-01-04 02:31:15,Successful
8816,840,242,Debit Card,4481.23,THB,2025-04-21 02:31:15,Failed
8817,840,268,Debit Card,1778.31,THB,2025-09-05 02:31:15,Failed
8818,840,271,Bank Transfer,4336.89,JPY,2025-10-25 02:31:15,Pending
8819,840,282,PayPal,2160.26,JPY,2025-05-22 02:31:15,Pending
8820,840,296,Credit Card,228.17,EUR,2024-12-02 02:31:15,Failed
8821,840,244,Debit Card,4002.87,JPY,2025-02-26 02:31:15,Successful
8822,840,213,PayPal,4293.03,JPY,2025-03-02 02:31:15,Failed
8823,840,271,Credit Card,1431.29,EUR,2025-03-16 02:31:15,Failed
8824,840,229,Credit Card,760.37,EUR,2025-10-23 02:31:15,Pending
8825,840,105,Credit Card,1863.88,EUR,2025-06-23 02:31:15,Pending
8826,841,244,PayPal,275.33,EUR,2025-03-12 02:31:15,Failed
8827,841,243,Debit Card,1913.99,THB,2025-02-23 02:31:15,Failed
8828,841,69,PayPal,4675.58,EUR,2025-05-03 02:31:15,Failed
8829,841,290,PayPal,3576.64,JPY,2025-04-16 02:31:15,Pending
8830,841,139,Bank Transfer,1131.56,EUR,2024-11-13 02:31:15,Failed
8831,841,269,Debit Card,115.8,EUR,2025-10-19 02:31:15,Pending
8832,841,234,PayPal,4764.87,USD,2024-11-15 02:31:15,Failed
8833,841,273,Debit Card,2405.06,JPY,2025-08-27 02:31:15,Pending
8834,841,127,Debit Card,2426.53,EUR,2024-11-22 02:31:15,Pending
8835,841,201,Bank Transfer,394.94,EUR,2025-08-13 02:31:15,Pending
8836,841,276,Bank Transfer,4102.84,USD,2025-07-04 02:31:15,Failed
8837,841,209,Bank Transfer,4073.69,USD,2024-12-11 02:31:15,Successful
8838,841,204,Bank Transfer,2232.38,EUR,2025-06-19 02:31:15,Pending
8839,841,269,Debit Card,3242.98,EUR,2025-07-24 02:31:15,Pending
8840,841,116,PayPal,326.3,JPY,2024-12-28 02:31:15,Failed
8841,841,272,Credit Card,2218.53,THB,2025-03-02 02:31:15,Failed
8842,841,270,Bank Transfer,3435.74,EUR,2025-08-22 02:31:15,Failed
8843,841,274,Bank Transfer,620.24,EUR,2025-01-17 02:31:15,Successful
8844,841,263,Credit Card,2009.0,JPY,2025-01-08 02:31:15,Failed
8845,841,265,Credit Card,4287.2,JPY,2025-08-05 02:31:15,Failed
8846,841,296,Debit Card,1786.92,USD,2025-04-17 02:31:15,Pending
8847,841,266,Credit Card,1808.55,JPY,2025-02-03 02:31:15,Successful
8848,841,287,Bank Transfer,3161.92,THB,2025-07-18 02:31:15,Successful
8849,841,254,Bank Transfer,3382.46,USD,2025-02-06 02:31:15,Successful
8850,841,93,Debit Card,1157.22,EUR,2025-01-09 02:31:15,Successful
8851,842,222,Debit Card,1121.65,JPY,2025-06-01 02:31:15,Successful
8852,842,296,Debit Card,4172.89,JPY,2025-01-12 02:31:15,Pending
8853,842,286,Debit Card,3813.68,EUR,2024-12-17 02:31:15,Failed
8854,842,237,Credit Card,2805.78,USD,2024-11-10 02:31:15,Failed
8855,842,107,PayPal,4547.37,USD,2025-09-02 02:31:15,Pending
8856,842,211,Debit Card,2904.58,EUR,2025-03-31 02:31:15,Failed
8857,842,265,Credit Card,1311.66,USD,2025-01-28 02:31:15,Successful
8858,842,236,Bank Transfer,4968.13,USD,2025-06-20 02:31:15,Failed
8859,842,4,PayPal,2991.61,USD,2025-09-20 02:31:15,Pending
8860,842,111,Debit Card,234.72,THB,2025-07-06 02:31:15,Pending
8861,843,281,Credit Card,4964.62,JPY,2025-03-25 02:31:15,Pending
8862,843,260,Bank Transfer,3266.89,EUR,2025-08-15 02:31:15,Successful
8863,843,203,PayPal,4152.75,THB,2025-02-28 02:31:15,Failed
8864,843,174,PayPal,4444.41,EUR,2025-04-18 02:31:15,Successful
8865,843,298,Bank Transfer,3625.58,THB,2025-05-29 02:31:15,Pending
8866,843,228,PayPal,363.18,THB,2025-10-28 02:31:15,Pending
8867,843,299,Debit Card,4383.58,JPY,2025-08-24 02:31:15,Pending
8868,843,246,Credit Card,4977.67,THB,2025-09-24 02:31:15,Failed
8869,843,278,Debit Card,1852.97,EUR,2025-05-05 02:31:15,Successful
8870,843,228,Debit Card,2180.14,THB,2025-06-12 02:31:15,Pending
8871,843,165,PayPal,3410.31,THB,2024-11-13 02:31:15,Failed
8872,843,29,Debit Card,2033.42,JPY,2024-11-04 02:31:15,Failed
8873,843,283,Debit Card,3695.63,EUR,2025-01-01 02:31:15,Successful
8874,843,235,Debit Card,4289.65,JPY,2025-03-20 02:31:15,Successful
8875,843,254,Bank Transfer,2452.62,JPY,2025-01-30 02:31:15,Failed
8876,843,288,Credit Card,354.85,USD,2025-03-20 02:31:15,Failed
8877,843,255,Debit Card,3024.36,JPY,2025-05-25 02:31:15,Successful
8878,843,104,PayPal,591.63,EUR,2025-02-26 02:31:15,Successful
8879,843,64,Credit Card,3362.03,USD,2025-08-21 02:31:15,Successful
8880,843,208,PayPal,198.92,USD,2024-11-06 02:31:15,Successful
8881,843,210,Bank Transfer,4047.8,USD,2025-08-25 02:31:15,Pending
8882,843,296,PayPal,1321.83,THB,2025-03-13 02:31:15,Successful
8883,843,228,Debit Card,2169.43,JPY,2025-02-04 02:31:15,Successful
8884,843,211,PayPal,3139.59,THB,2025-05-02 02:31:15,Failed
8885,843,166,Credit Card,486.84,THB,2025-04-26 02:31:15,Successful
8886,843,218,Credit Card,3342.44,USD,2025-09-04 02:31:15,Pending
8887,843,209,PayPal,2604.67,EUR,2025-04-13 02:31:15,Failed
8888,843,218,Debit Card,4776.52,USD,2025-07-12 02:31:15,Failed
8889,843,213,Credit Card,3502.59,USD,2024-11-26 02:31:15,Pending
8890,843,297,Bank Transfer,1448.64,THB,2025-09-15 02:31:15,Failed
8891,843,208,PayPal,2132.78,USD,2025-02-19 02:31:15,Successful
8892,843,209,Credit Card,1005.94,USD,2024-11-05 02:31:15,Pending
8893,843,198,Bank Transfer,1144.24,THB,2025-07-04 02:31:15,Pending
8894,843,215,Bank Transfer,4075.3,USD,2025-09-20 02:31:15,Successful
8895,843,209,Credit Card,3336.59,EUR,2025-01-16 02:31:15,Successful
8896,843,121,Bank Transfer,866.78,THB,2025-08-12 02:31:15,Pending
8897,843,270,PayPal,176.2,USD,2025-04-03 02:31:15,Successful
8898,844,250,Debit Card,2668.67,EUR,2025-06-16 02:31:15,Pending
8899,844,245,Bank Transfer,4640.04,USD,2025-08-06 02:31:15,Pending
8900,844,111,PayPal,4290.35,EUR,2025-06-27 02:31:15,Failed
8901,844,218,Credit Card,4189.24,JPY,2025-09-20 02:31:15,Successful
8902,844,207,Credit Card,4970.12,USD,2025-05-30 02:31:15,Failed
8903,844,240,Credit Card,506.24,EUR,2025-06-30 02:31:15,Successful
8904,844,274,Credit Card,2903.66,EUR,2024-12-24 02:31:15,Pending
8905,844,50,Bank Transfer,384.78,THB,2025-02-28 02:31:15,Failed
8906,844,35,Debit Card,4014.3,EUR,2025-02-21 02:31:15,Failed
8907,844,72,Bank Transfer,2143.98,EUR,2025-06-23 02:31:15,Pending
8908,844,280,PayPal,1942.52,EUR,2025-03-05 02:31:15,Failed
8909,845,298,Credit Card,4203.22,THB,2025-08-02 02:31:15,Failed
8910,845,286,Bank Transfer,4338.08,USD,2025-04-17 02:31:15,Pending
8911,845,256,PayPal,3348.33,JPY,2025-09-06 02:31:15,Pending
8912,845,268,Bank Transfer,1753.8,EUR,2025-09-08 02:31:15,Pending
8913,845,267,Debit Card,2543.35,JPY,2025-09-07 02:31:15,Successful
8914,846,165,PayPal,2852.61,USD,2025-04-20 02:31:15,Successful
8915,846,246,PayPal,4826.1,USD,2025-09-24 02:31:15,Pending
8916,846,220,Bank Transfer,3388.71,EUR,2025-05-04 02:31:15,Failed
8917,846,210,Credit Card,2827.62,JPY,2025-02-23 02:31:15,Pending
8918,846,274,Bank Transfer,4266.36,EUR,2025-10-09 02:31:15,Failed
8919,846,264,PayPal,3697.2,USD,2025-06-01 02:31:15,Failed
8920,846,246,Debit Card,3158.24,EUR,2025-08-19 02:31:15,Pending
8921,847,271,Bank Transfer,2519.06,USD,2025-02-03 02:31:15,Pending
8922,848,197,Credit Card,3529.89,USD,2025-09-29 02:31:15,Failed
8923,848,97,Credit Card,1213.92,JPY,2025-08-03 02:31:15,Failed
8924,848,279,PayPal,4401.05,JPY,2025-10-10 02:31:15,Failed
8925,848,279,Debit Card,1348.45,JPY,2025-01-17 02:31:15,Pending
8926,848,233,Credit Card,1544.58,USD,2025-03-19 02:31:15,Failed
8927,848,271,Credit Card,2251.78,USD,2025-10-10 02:31:15,Failed
8928,848,23,Credit Card,4518.2,THB,2025-03-28 02:31:15,Failed
8929,848,207,Bank Transfer,855.39,THB,2024-12-31 02:31:15,Pending
8930,848,265,Bank Transfer,2018.03,USD,2024-11-17 02:31:15,Successful
8931,848,271,PayPal,1332.72,JPY,2025-09-20 02:31:15,Failed
8932,848,285,Credit Card,243.55,JPY,2025-03-25 02:31:15,Successful
8933,848,294,Credit Card,3470.28,JPY,2025-05-07 02:31:15,Successful
8934,848,234,Credit Card,126.68,JPY,2025-03-04 02:31:15,Pending
8935,848,24,PayPal,977.19,EUR,2025-04-27 02:31:15,Failed
8936,848,272,Bank Transfer,2240.32,JPY,2025-02-27 02:31:15,Failed
8937,848,81,Credit Card,2224.0,JPY,2025-08-26 02:31:15,Pending
8938,848,299,Credit Card,3060.15,THB,2025-08-03 02:31:15,Pending
8939,848,199,Debit Card,1567.03,USD,2025-06-22 02:31:15,Successful
8940,848,242,Credit Card,4758.33,THB,2025-09-06 02:31:15,Failed
8941,848,246,Debit Card,2317.13,THB,2025-04-29 02:31:15,Pending
8942,848,247,Bank Transfer,2720.21,THB,2025-03-30 02:31:15,Failed
8943,848,275,PayPal,3947.21,USD,2025-02-06 02:31:15,Pending
8944,848,228,Credit Card,935.83,USD,2025-05-09 02:31:15,Pending
8945,848,284,PayPal,4059.85,JPY,2024-12-15 02:31:15,Failed
8946,848,217,Credit Card,543.96,THB,2025-05-10 02:31:15,Failed
8947,848,226,Debit Card,398.06,THB,2025-04-03 02:31:15,Successful
8948,848,157,Credit Card,4312.51,USD,2025-08-17 02:31:15,Failed
8949,848,289,Bank Transfer,4136.63,USD,2025-09-27 02:31:15,Failed
8950,849,139,Debit Card,3616.65,JPY,2025-07-01 02:31:15,Failed
8951,849,4,Credit Card,1209.78,EUR,2025-05-13 02:31:15,Pending
8952,850,64,PayPal,4436.49,USD,2025-05-23 02:31:15,Successful
8953,850,267,Bank Transfer,2246.75,JPY,2025-09-23 02:31:15,Failed
8954,850,300,Bank Transfer,843.2,JPY,2025-05-08 02:31:15,Pending
8955,850,267,Bank Transfer,4626.09,THB,2025-04-18 02:31:15,Successful
8956,850,217,Debit Card,3924.69,THB,2025-04-23 02:31:15,Pending
8957,850,214,Bank Transfer,1021.24,THB,2025-10-01 02:31:15,Pending
8958,850,239,Debit Card,971.17,EUR,2025-05-01 02:31:15,Successful
8959,850,282,Credit Card,1997.33,EUR,2025-10-23 02:31:15,Pending
8960,850,209,Bank Transfer,2839.83,JPY,2025-07-20 02:31:15,Pending
8961,851,214,Bank Transfer,4565.68,THB,2024-12-11 02:31:15,Failed
8962,851,201,Credit Card,3797.88,USD,2024-12-09 02:31:15,Successful
8963,851,95,Bank Transfer,2008.6,EUR,2025-02-11 02:31:15,Failed
8964,851,271,Debit Card,4273.09,THB,2025-10-19 02:31:15,Successful
8965,851,299,PayPal,2209.92,THB,2024-11-07 02:31:15,Failed
8966,851,23,Bank Transfer,106.43,JPY,2025-10-13 02:31:15,Failed
8967,851,296,PayPal,2869.64,THB,2025-03-06 02:31:15,Failed
8968,851,123,Credit Card,1494.68,JPY,2024-12-24 02:31:15,Successful
8969,851,266,PayPal,3763.13,THB,2025-10-03 02:31:15,Failed
8970,851,289,Bank Transfer,172.31,JPY,2024-12-01 02:31:15,Pending
8971,851,234,Credit Card,883.05,JPY,2025-03-29 02:31:15,Failed
8972,851,201,PayPal,656.55,THB,2025-10-30 02:31:15,Pending
8973,851,254,Credit Card,1671.14,USD,2025-09-02 02:31:15,Pending
8974,851,224,PayPal,4586.23,EUR,2025-06-02 02:31:15,Failed
8975,851,236,Debit Card,4524.23,USD,2025-01-28 02:31:15,Failed
8976,851,4,Debit Card,2475.1,USD,2025-04-20 02:31:15,Successful
8977,851,251,Debit Card,2556.73,USD,2025-03-19 02:31:15,Successful
8978,851,244,PayPal,1642.2,THB,2025-10-26 02:31:15,Failed
8979,851,237,Debit Card,4814.08,EUR,2025-09-25 02:31:15,Failed
8980,851,282,PayPal,4501.99,USD,2025-07-28 02:31:15,Failed
8981,851,229,Debit Card,1339.17,USD,2025-09-15 02:31:15,Failed
8982,851,24,Bank Transfer,3395.19,EUR,2025-10-26 02:31:15,Pending
8983,851,206,PayPal,698.22,USD,2025-02-03 02:31:15,Pending
8984,851,121,PayPal,530.19,USD,2025-05-02 02:31:15,Pending
8985,852,214,Credit Card,4126.42,USD,2025-08-28 02:31:15,Successful
8986,852,29,Credit Card,2513.81,USD,2025-06-14 02:31:15,Pending
8987,852,209,PayPal,431.95,JPY,2025-01-08 02:31:15,Pending
8988,853,35,Debit Card,1159.72,THB,2025-03-04 02:31:15,Failed
8989,853,174,Debit Card,3944.51,JPY,2025-01-18 02:31:15,Pending
8990,853,256,PayPal,2295.56,JPY,2024-12-23 02:31:15,Successful
8991,853,245,Credit Card,2880.02,THB,2024-11-21 02:31:15,Failed
8992,853,277,Debit Card,4268.78,USD,2025-04-23 02:31:15,Successful
8993,853,258,PayPal,2122.6,JPY,2025-10-09 02:31:15,Failed
8994,853,259,Credit Card,828.69,USD,2025-07-20 02:31:15,Failed
8995,853,290,Debit Card,3087.75,EUR,2024-12-21 02:31:15,Successful
8996,853,214,Debit Card,3261.38,USD,2025-01-15 02:31:15,Successful
8997,853,287,Bank Transfer,2007.92,EUR,2025-07-27 02:31:15,Failed
8998,853,226,PayPal,1117.06,JPY,2025-05-06 02:31:15,Pending
8999,853,210,Debit Card,511.79,EUR,2025-05-24 02:31:15,Pending
9000,853,219,PayPal,1926.88,JPY,2025-01-23 02:31:15,Successful
9001,853,224,PayPal,255.47,EUR,2025-09-07 02:31:15,Failed
9002,853,213,Bank Transfer,3536.08,USD,2025-02-01 02:31:15,Failed
9003,854,272,Bank Transfer,4399.3,THB,2025-07-02 02:31:15,Pending
9004,854,128,Credit Card,730.77,USD,2025-06-11 02:31:15,Successful
9005,854,240,Debit Card,1279.31,THB,2024-11-12 02:31:15,Pending
9006,854,242,Debit Card,607.86,JPY,2025-10-30 02:31:15,Successful
9007,854,203,PayPal,232.76,THB,2025-02-21 02:31:15,Successful
9008,854,250,PayPal,128.26,EUR,2025-06-29 02:31:15,Pending
9009,854,257,Bank Transfer,4651.5,JPY,2025-02-11 02:31:15,Failed
9010,854,248,Bank Transfer,296.51,JPY,2024-12-03 02:31:15,Successful
9011,855,4,Bank Transfer,309.84,THB,2025-03-09 02:31:15,Failed
9012,855,121,Bank Transfer,3695.09,JPY,2025-03-28 02:31:15,Successful
9013,855,254,Bank Transfer,2566.98,EUR,2025-07-19 02:31:15,Failed
9014,855,198,Debit Card,2696.59,THB,2025-07-21 02:31:15,Successful
9015,855,270,Credit Card,2864.78,USD,2025-09-15 02:31:15,Pending
9016,855,153,Debit Card,1543.56,JPY,2025-10-07 02:31:15,Pending
9017,855,197,Bank Transfer,1873.49,JPY,2025-08-23 02:31:15,Successful
9018,855,127,Credit Card,2860.87,JPY,2025-07-28 02:31:15,Failed
9019,855,121,Bank Transfer,2684.27,THB,2025-02-16 02:31:15,Pending
9020,855,245,Credit Card,4408.86,JPY,2025-10-27 02:31:15,Successful
9021,855,157,Bank Transfer,3897.67,JPY,2025-02-16 02:31:15,Pending
9022,855,213,Credit Card,4388.69,THB,2025-02-25 02:31:15,Pending
9023,856,263,Credit Card,1626.73,THB,2025-04-26 02:31:15,Successful
9024,856,242,PayPal,1949.42,USD,2025-03-30 02:31:15,Pending
9025,856,230,Credit Card,3420.31,THB,2025-08-13 02:31:15,Pending
9026,856,280,PayPal,594.23,JPY,2024-12-27 02:31:15,Failed
9027,856,259,Credit Card,1163.02,USD,2025-01-20 02:31:15,Successful
9028,856,221,Debit Card,1395.58,USD,2024-12-20 02:31:15,Pending
9029,856,277,PayPal,4436.65,EUR,2025-06-23 02:31:15,Pending
9030,856,35,Bank Transfer,2799.8,USD,2025-06-15 02:31:15,Pending
9031,856,224,Debit Card,1042.75,JPY,2025-05-23 02:31:15,Pending
9032,856,272,Bank Transfer,4597.89,JPY,2024-12-12 02:31:15,Successful
9033,856,239,Bank Transfer,393.41,USD,2025-07-14 02:31:15,Successful
9034,856,21,Credit Card,2169.55,JPY,2025-04-03 02:31:15,Failed
9035,856,139,Credit Card,1668.86,JPY,2024-12-11 02:31:15,Pending
9036,856,107,PayPal,1190.6,USD,2025-02-03 02:31:15,Failed
9037,856,216,Credit Card,4225.13,THB,2025-03-19 02:31:15,Pending
9038,856,225,Debit Card,4619.5,EUR,2024-11-05 02:31:15,Successful
9039,856,278,Bank Transfer,623.89,JPY,2025-02-05 02:31:15,Pending
9040,857,228,Bank Transfer,213.31,USD,2025-05-15 02:31:15,Failed
9041,857,128,Bank Transfer,2748.51,USD,2025-07-04 02:31:15,Pending
9042,857,289,Bank Transfer,1081.4,USD,2025-06-09 02:31:15,Successful
9043,857,279,Credit Card,4219.58,EUR,2025-04-17 02:31:15,Successful
9044,857,229,PayPal,2454.32,EUR,2025-06-25 02:31:15,Successful
9045,857,209,Debit Card,4191.83,JPY,2025-01-27 02:31:15,Successful
9046,857,290,Bank Transfer,1207.56,USD,2025-05-05 02:31:15,Pending
9047,857,199,Bank Transfer,2101.66,THB,2025-10-16 02:31:15,Pending
9048,858,214,PayPal,4142.07,JPY,2025-02-08 02:31:15,Failed
9049,858,284,Bank Transfer,1340.03,USD,2025-09-04 02:31:15,Failed
9050,858,140,Bank Transfer,2300.2,JPY,2025-04-18 02:31:15,Successful
9051,859,276,Credit Card,3039.5,JPY,2025-02-13 02:31:15,Pending
9052,859,97,PayPal,4228.25,EUR,2024-12-13 02:31:15,Successful
9053,859,105,PayPal,4524.5,EUR,2025-08-17 02:31:15,Failed
9054,859,199,PayPal,2854.86,JPY,2025-04-10 02:31:15,Failed
9055,859,140,Debit Card,3089.65,USD,2025-03-09 02:31:15,Successful
9056,859,132,Debit Card,4915.11,JPY,2025-03-05 02:31:15,Pending
9057,859,174,PayPal,313.99,USD,2025-09-12 02:31:15,Failed
9058,859,107,PayPal,610.65,THB,2025-03-22 02:31:15,Pending
9059,859,263,Debit Card,2829.78,THB,2025-07-03 02:31:15,Pending
9060,859,214,Debit Card,4037.08,JPY,2025-08-23 02:31:15,Successful
9061,859,268,PayPal,3269.81,EUR,2025-03-30 02:31:15,Pending
9062,859,252,Bank Transfer,1014.91,JPY,2025-03-26 02:31:15,Successful
9063,859,287,Credit Card,1210.61,JPY,2025-04-25 02:31:15,Failed
9064,859,219,PayPal,3242.98,USD,2025-01-19 02:31:15,Failed
9065,859,29,Debit Card,2504.0,USD,2024-11-05 02:31:15,Failed
9066,859,189,Debit Card,2111.05,JPY,2025-07-06 02:31:15,Pending
9067,860,244,PayPal,119.93,JPY,2025-10-16 02:31:15,Successful
9068,860,201,Credit Card,828.37,JPY,2025-04-04 02:31:15,Failed
9069,860,235,Bank Transfer,3219.81,USD,2025-01-06 02:31:15,Failed
9070,860,265,Credit Card,1495.24,USD,2025-01-15 02:31:15,Successful
9071,860,285,Credit Card,330.09,USD,2025-03-26 02:31:15,Failed
9072,860,234,PayPal,4189.2,EUR,2025-05-27 02:31:15,Failed
9073,860,64,PayPal,4683.91,THB,2025-10-13 02:31:15,Successful
9074,860,220,Credit Card,2425.39,EUR,2025-04-11 02:31:15,Successful
9075,860,255,Bank Transfer,3663.18,THB,2025-10-30 02:31:15,Pending
9076,860,282,PayPal,986.4,THB,2025-05-11 02:31:15,Pending
9077,860,41,Bank Transfer,3463.94,THB,2025-10-04 02:31:15,Failed
9078,860,247,Debit Card,873.44,JPY,2025-04-12 02:31:15,Failed
9079,860,235,Bank Transfer,2890.8,USD,2025-10-09 02:31:15,Pending
9080,860,247,Bank Transfer,389.68,JPY,2025-09-29 02:31:15,Successful
9081,861,263,Bank Transfer,556.71,EUR,2025-11-01 02:31:15,Pending
9082,861,252,Debit Card,1852.24,USD,2025-04-07 02:31:15,Failed
9083,861,278,Debit Card,823.71,JPY,2025-03-31 02:31:15,Failed
9084,861,249,Debit Card,1619.55,EUR,2024-11-23 02:31:15,Failed
9085,861,35,PayPal,786.73,JPY,2024-11-22 02:31:15,Pending
9086,861,276,PayPal,398.27,EUR,2025-07-26 02:31:15,Failed
9087,861,157,Bank Transfer,4454.95,EUR,2025-09-22 02:31:15,Successful
9088,861,50,Bank Transfer,172.88,EUR,2024-11-08 02:31:15,Pending
9089,861,201,PayPal,1042.0,JPY,2025-05-10 02:31:15,Failed
9090,862,296,Bank Transfer,4622.89,THB,2025-10-02 02:31:15,Failed
9091,862,249,Credit Card,3398.22,EUR,2025-08-10 02:31:15,Pending
9092,862,222,Debit Card,3837.23,USD,2025-09-12 02:31:15,Failed
9093,862,225,PayPal,3669.82,USD,2024-11-29 02:31:15,Successful
9094,862,224,Debit Card,3055.17,JPY,2025-03-12 02:31:15,Pending
9095,862,226,PayPal,1545.07,EUR,2025-07-08 02:31:15,Successful
9096,862,95,Debit Card,3006.4,EUR,2025-05-09 02:31:15,Pending
9097,862,296,Bank Transfer,2673.97,JPY,2024-11-12 02:31:15,Pending
9098,862,284,PayPal,4402.96,USD,2025-06-03 02:31:15,Failed
9099,862,224,Bank Transfer,734.45,JPY,2025-06-14 02:31:15,Pending
9100,862,206,Bank Transfer,836.67,THB,2024-11-28 02:31:15,Failed
9101,862,211,Credit Card,2858.31,USD,2025-04-06 02:31:15,Failed
9102,863,7,Credit Card,206.74,JPY,2025-01-19 02:31:15,Failed
9103,863,228,PayPal,4923.03,THB,2025-01-09 02:31:15,Pending
9104,863,288,Debit Card,423.54,EUR,2025-08-26 02:31:15,Successful
9105,863,254,Debit Card,2563.54,JPY,2025-05-03 02:31:15,Pending
9106,863,201,PayPal,4805.99,JPY,2025-10-07 02:31:15,Successful
9107,863,228,PayPal,2627.02,USD,2025-11-01 02:31:15,Failed
9108,863,280,PayPal,2400.91,USD,2025-04-30 02:31:15,Pending
9109,863,247,PayPal,1220.11,EUR,2025-04-22 02:31:15,Failed
9110,863,174,Credit Card,3288.22,THB,2025-06-08 02:31:15,Successful
9111,863,223,PayPal,1448.64,JPY,2024-11-12 02:31:15,Successful
9112,863,219,Credit Card,2130.58,THB,2025-09-26 02:31:15,Pending
9113,863,272,Debit Card,2995.51,EUR,2025-07-02 02:31:15,Failed
9114,863,227,Bank Transfer,2745.39,EUR,2025-05-19 02:31:15,Pending
9115,863,241,Credit Card,3737.89,THB,2024-11-13 02:31:15,Pending
9116,863,284,Credit Card,864.63,THB,2025-09-25 02:31:15,Pending
9117,863,205,Credit Card,3991.33,THB,2025-04-14 02:31:15,Failed
9118,863,230,Debit Card,563.84,USD,2025-05-22 02:31:15,Failed
9119,863,249,PayPal,3864.02,THB,2025-03-09 02:31:15,Pending
9120,863,198,Bank Transfer,354.06,USD,2025-04-26 02:31:15,Successful
9121,863,35,Bank Transfer,223.18,EUR,2024-12-06 02:31:15,Pending
9122,863,282,Credit Card,3228.46,THB,2025-04-18 02:31:15,Pending
9123,863,212,Debit Card,1008.96,JPY,2025-08-02 02:31:15,Failed
9124,864,217,Debit Card,737.01,EUR,2025-03-15 02:31:15,Successful
9125,865,274,Credit Card,4793.13,JPY,2024-12-26 02:31:15,Pending
9126,865,55,Credit Card,1351.14,JPY,2025-10-12 02:31:15,Failed
9127,865,253,Debit Card,2260.55,JPY,2025-02-21 02:31:15,Pending
9128,865,265,PayPal,899.1,THB,2024-12-19 02:31:15,Pending
9129,865,285,Bank Transfer,4195.43,THB,2025-04-16 02:31:15,Pending
9130,865,205,Credit Card,4072.73,EUR,2025-04-30 02:31:15,Failed
9131,865,251,PayPal,627.38,THB,2025-02-15 02:31:15,Failed
9132,866,297,Bank Transfer,4868.16,THB,2025-02-05 02:31:15,Successful
9133,866,222,Bank Transfer,4062.01,USD,2025-09-11 02:31:15,Failed
9134,866,229,PayPal,612.83,EUR,2025-08-09 02:31:15,Failed
9135,866,174,PayPal,2287.03,JPY,2025-09-12 02:31:15,Failed
9136,866,251,PayPal,3699.41,THB,2025-07-20 02:31:15,Successful
9137,866,72,Bank Transfer,2913.25,THB,2025-09-26 02:31:15,Pending
9138,866,283,Debit Card,3241.62,JPY,2025-05-17 02:31:15,Failed
9139,866,289,Credit Card,3119.68,JPY,2025-09-14 02:31:15,Failed
9140,866,216,Bank Transfer,1867.8,USD,2025-08-21 02:31:15,Successful
9141,867,289,Credit Card,4028.68,USD,2025-08-06 02:31:15,Failed
9142,867,272,Bank Transfer,1607.69,EUR,2025-02-07 02:31:15,Pending
9143,867,287,Bank Transfer,376.37,USD,2025-05-06 02:31:15,Successful
9144,867,229,Debit Card,4717.26,THB,2025-02-12 02:31:15,Pending
9145,867,7,Credit Card,4385.48,JPY,2025-07-26 02:31:15,Successful
9146,867,132,Credit Card,1721.44,THB,2025-02-21 02:31:15,Failed
9147,867,199,Debit Card,935.96,JPY,2024-12-12 02:31:15,Pending
9148,867,35,Debit Card,3573.7,JPY,2025-06-08 02:31:15,Pending
9149,867,274,Bank Transfer,3896.07,THB,2025-04-13 02:31:15,Pending
9150,867,201,Bank Transfer,1654.57,USD,2025-09-23 02:31:15,Pending
9151,867,267,PayPal,901.24,EUR,2025-07-19 02:31:15,Pending
9152,867,4,Bank Transfer,756.59,USD,2025-03-19 02:31:15,Failed
9153,868,166,Bank Transfer,3052.7,USD,2025-05-27 02:31:15,Pending
9154,868,278,PayPal,1330.37,EUR,2025-09-04 02:31:15,Pending
9155,868,166,Bank Transfer,3332.82,EUR,2024-11-19 02:31:15,Pending
9156,868,153,Bank Transfer,961.47,EUR,2024-11-24 02:31:15,Successful
9157,868,282,PayPal,131.08,THB,2025-02-22 02:31:15,Failed
9158,868,280,Credit Card,4234.6,JPY,2025-07-07 02:31:15,Pending
9159,869,258,Bank Transfer,2686.92,USD,2024-12-05 02:31:15,Failed
9160,869,225,Credit Card,1670.42,USD,2025-01-28 02:31:15,Successful
9161,869,139,PayPal,534.5,USD,2025-10-17 02:31:15,Successful
9162,869,276,Credit Card,3299.85,JPY,2025-03-15 02:31:15,Successful
9163,869,251,Credit Card,2436.62,USD,2025-06-14 02:31:15,Failed
9164,869,268,PayPal,2129.83,USD,2024-12-19 02:31:15,Failed
9165,869,300,Bank Transfer,3668.17,JPY,2025-10-28 02:31:15,Successful
9166,869,248,PayPal,367.5,EUR,2025-07-04 02:31:15,Failed
9167,869,199,Credit Card,3866.63,USD,2025-07-30 02:31:15,Failed
9168,869,132,PayPal,1776.61,JPY,2024-11-11 02:31:15,Failed
9169,869,267,Bank Transfer,1913.7,JPY,2025-04-30 02:31:15,Pending
9170,869,254,Bank Transfer,4423.78,THB,2025-01-04 02:31:15,Pending
9171,870,256,Bank Transfer,2450.5,EUR,2025-09-20 02:31:15,Successful
9172,870,66,PayPal,113.3,EUR,2024-12-22 02:31:15,Successful
9173,870,261,Debit Card,1282.38,USD,2024-12-23 02:31:15,Failed
9174,870,217,Bank Transfer,3827.71,THB,2025-09-02 02:31:15,Failed
9175,870,274,Bank Transfer,3218.69,JPY,2025-09-12 02:31:15,Failed
9176,871,292,PayPal,1179.48,JPY,2025-07-12 02:31:15,Successful
9177,871,239,PayPal,1098.82,EUR,2025-08-09 02:31:15,Pending
9178,871,35,Credit Card,4759.6,USD,2024-12-11 02:31:15,Failed
9179,871,205,Debit Card,2936.03,USD,2025-01-11 02:31:15,Pending
9180,871,157,Bank Transfer,646.02,USD,2025-03-01 02:31:15,Successful
9181,871,197,Credit Card,2215.97,USD,2025-04-12 02:31:15,Pending
9182,871,210,Credit Card,1179.24,JPY,2025-10-03 02:31:15,Failed
9183,871,280,Credit Card,1419.05,USD,2025-03-11 02:31:15,Pending
9184,871,288,Bank Transfer,2271.02,JPY,2024-11-21 02:31:15,Successful
9185,871,255,Credit Card,3012.67,EUR,2025-04-04 02:31:15,Failed
9186,871,245,Credit Card,2881.8,JPY,2024-11-22 02:31:15,Successful
9187,871,287,Bank Transfer,1428.61,JPY,2025-09-27 02:31:15,Successful
9188,871,23,Debit Card,3064.92,THB,2025-10-23 02:31:15,Pending
9189,871,216,Bank Transfer,2751.17,EUR,2024-11-02 02:31:15,Failed
9190,871,121,Bank Transfer,4262.61,THB,2025-06-23 02:31:15,Successful
9191,871,277,Bank Transfer,1806.26,JPY,2025-02-03 02:31:15,Pending
9192,871,272,Bank Transfer,2735.67,JPY,2025-08-03 02:31:15,Failed
9193,871,273,PayPal,4610.92,THB,2024-11-10 02:31:15,Successful
9194,871,209,Credit Card,4376.27,USD,2025-01-14 02:31:15,Pending
9195,871,221,Bank Transfer,417.53,EUR,2025-06-23 02:31:15,Failed
9196,871,256,PayPal,2993.01,EUR,2025-10-24 02:31:15,Successful
9197,871,261,Debit Card,4274.93,THB,2025-04-19 02:31:15,Failed
9198,871,23,Debit Card,3661.43,USD,2025-09-29 02:31:15,Failed
9199,871,225,Bank Transfer,2285.78,USD,2025-06-13 02:31:15,Successful
9200,871,4,Debit Card,4540.84,THB,2025-06-04 02:31:15,Failed
9201,872,201,PayPal,4697.19,USD,2024-12-08 02:31:15,Successful
9202,872,270,Bank Transfer,490.67,EUR,2025-10-04 02:31:15,Pending
9203,872,128,PayPal,3383.53,THB,2024-11-27 02:31:15,Successful
9204,872,254,Credit Card,1931.13,JPY,2024-12-09 02:31:15,Successful
9205,872,217,Bank Transfer,4918.62,USD,2025-07-10 02:31:15,Successful
9206,872,37,Credit Card,1886.43,USD,2024-11-03 02:31:15,Successful
9207,872,235,Bank Transfer,4055.03,USD,2025-10-19 02:31:15,Failed
9208,872,274,Bank Transfer,3011.29,EUR,2025-03-25 02:31:15,Pending
9209,872,229,PayPal,1478.97,EUR,2025-10-02 02:31:15,Failed
9210,872,235,Credit Card,1710.19,THB,2024-12-21 02:31:15,Failed
9211,872,234,Debit Card,2523.12,USD,2024-11-06 02:31:15,Pending
9212,873,21,Credit Card,3149.02,THB,2025-03-24 02:31:15,Pending
9213,873,264,Credit Card,203.43,JPY,2024-11-19 02:31:15,Successful
9214,873,229,Bank Transfer,4151.64,USD,2025-06-05 02:31:15,Failed
9215,873,209,Credit Card,2201.61,JPY,2025-04-16 02:31:15,Successful
9216,874,297,Credit Card,2436.85,JPY,2024-11-16 02:31:15,Successful
9217,874,72,PayPal,899.64,USD,2025-04-06 02:31:15,Failed
9218,874,210,Credit Card,2829.89,USD,2025-05-10 02:31:15,Pending
9219,874,258,PayPal,2816.42,EUR,2024-11-19 02:31:15,Successful
9220,874,235,PayPal,3153.07,JPY,2025-02-26 02:31:15,Pending
9221,874,240,PayPal,3538.16,THB,2025-06-09 02:31:15,Successful
9222,874,165,Credit Card,1229.32,THB,2025-09-20 02:31:15,Failed
9223,875,95,Credit Card,3757.43,JPY,2025-09-15 02:31:15,Failed
9224,875,270,PayPal,2988.45,JPY,2025-08-02 02:31:15,Successful
9225,875,125,PayPal,3092.79,JPY,2025-04-01 02:31:15,Failed
9226,875,256,Credit Card,3089.11,EUR,2025-02-15 02:31:15,Successful
9227,875,219,Debit Card,4977.48,USD,2024-12-30 02:31:15,Pending
9228,875,209,Credit Card,505.48,THB,2025-04-09 02:31:15,Successful
9229,876,245,Debit Card,1385.55,THB,2025-08-19 02:31:15,Failed
9230,876,270,Bank Transfer,3517.06,JPY,2025-10-04 02:31:15,Pending
9231,876,228,PayPal,2928.55,THB,2025-03-30 02:31:15,Pending
9232,876,266,Debit Card,1250.46,EUR,2025-04-26 02:31:15,Failed
9233,876,165,Debit Card,3501.21,EUR,2025-01-30 02:31:15,Successful
9234,877,116,Credit Card,1281.1,USD,2025-09-02 02:31:15,Successful
9235,877,64,PayPal,3274.97,EUR,2025-03-02 02:31:15,Failed
9236,877,227,PayPal,3915.52,EUR,2025-09-10 02:31:15,Successful
9237,877,197,PayPal,4915.09,THB,2025-08-13 02:31:15,Successful
9238,877,39,Bank Transfer,1871.92,THB,2024-12-24 02:31:15,Failed
9239,877,104,Debit Card,675.29,EUR,2025-08-08 02:31:15,Failed
9240,877,44,Debit Card,3439.0,THB,2025-08-18 02:31:15,Failed
9241,877,201,Debit Card,1330.47,THB,2025-09-13 02:31:15,Pending
9242,877,280,Debit Card,2887.8,JPY,2025-01-11 02:31:15,Failed
9243,877,278,PayPal,4721.39,THB,2025-01-23 02:31:15,Successful
9244,877,272,Bank Transfer,1066.66,THB,2025-04-24 02:31:15,Successful
9245,877,262,Credit Card,2159.55,EUR,2024-11-13 02:31:15,Failed
9246,877,227,PayPal,3630.11,USD,2025-05-29 02:31:15,Pending
9247,877,272,Debit Card,3104.19,EUR,2025-10-11 02:31:15,Failed
9248,877,289,Debit Card,2645.02,THB,2025-04-28 02:31:15,Pending
9249,877,230,PayPal,2655.68,THB,2025-01-10 02:31:15,Successful
9250,877,267,Bank Transfer,214.16,JPY,2025-08-13 02:31:15,Pending
9251,878,66,PayPal,4357.78,JPY,2025-07-13 02:31:15,Failed
9252,878,210,Credit Card,2665.53,EUR,2025-05-05 02:31:15,Pending
9253,878,276,Debit Card,4149.46,THB,2025-04-01 02:31:15,Successful
9254,878,284,Debit Card,4691.69,USD,2025-04-06 02:31:15,Failed
9255,878,299,PayPal,4261.03,USD,2025-09-19 02:31:15,Failed
9256,878,223,Debit Card,4265.56,JPY,2025-10-20 02:31:15,Successful
9257,878,291,PayPal,3858.19,EUR,2025-03-19 02:31:15,Failed
9258,878,72,PayPal,3809.89,JPY,2025-07-16 02:31:15,Pending
9259,878,285,Bank Transfer,539.77,JPY,2025-01-03 02:31:15,Pending
9260,878,121,Bank Transfer,138.72,USD,2024-11-13 02:31:15,Failed
9261,878,255,Debit Card,2578.8,USD,2025-08-03 02:31:15,Pending
9262,878,267,Debit Card,3308.11,THB,2024-11-29 02:31:15,Pending
9263,878,41,Bank Transfer,4025.15,EUR,2025-03-15 02:31:15,Pending
9264,878,257,PayPal,4240.69,JPY,2025-04-16 02:31:15,Failed
9265,878,293,PayPal,1727.66,THB,2024-12-16 02:31:15,Failed
9266,878,224,Bank Transfer,857.97,THB,2025-08-15 02:31:15,Successful
9267,878,201,Debit Card,3946.14,JPY,2025-06-23 02:31:15,Pending
9268,879,290,PayPal,4019.91,THB,2025-01-04 02:31:15,Pending
9269,879,201,Bank Transfer,697.92,USD,2025-03-17 02:31:15,Successful
9270,879,128,Bank Transfer,317.39,JPY,2025-01-14 02:31:15,Pending
9271,879,217,Debit Card,3065.54,EUR,2025-05-11 02:31:15,Successful
9272,879,228,Credit Card,4760.72,THB,2025-02-09 02:31:15,Pending
9273,880,35,Debit Card,3120.13,USD,2025-04-20 02:31:15,Successful
9274,880,242,Bank Transfer,172.08,THB,2025-02-26 02:31:15,Pending
9275,880,289,PayPal,3535.38,USD,2025-10-03 02:31:15,Successful
9276,880,217,Bank Transfer,3289.55,USD,2025-05-01 02:31:15,Failed
9277,880,204,PayPal,3291.57,JPY,2025-08-03 02:31:15,Failed
9278,880,222,Credit Card,3464.24,JPY,2024-12-22 02:31:15,Failed
9279,880,116,Credit Card,786.84,EUR,2025-08-07 02:31:15,Pending
9280,880,282,Credit Card,3419.07,JPY,2025-10-17 02:31:15,Pending
9281,880,259,Credit Card,549.63,USD,2025-03-11 02:31:15,Successful
9282,880,252,PayPal,3019.61,THB,2025-07-20 02:31:15,Pending
9283,880,268,Bank Transfer,225.77,JPY,2025-02-13 02:31:15,Successful
9284,881,157,PayPal,4909.64,EUR,2025-06-21 02:31:15,Failed
9285,881,293,Debit Card,4030.87,JPY,2025-08-25 02:31:15,Successful
9286,881,64,Debit Card,951.55,JPY,2025-02-21 02:31:15,Failed
9287,881,81,Debit Card,4333.55,THB,2025-09-25 02:31:15,Pending
9288,881,35,Credit Card,3451.35,USD,2025-05-30 02:31:15,Successful
9289,881,300,PayPal,3522.3,USD,2025-01-03 02:31:15,Failed
9290,881,293,Bank Transfer,1714.31,JPY,2025-02-12 02:31:15,Pending
9291,881,217,PayPal,965.22,USD,2025-01-21 02:31:15,Successful
9292,881,226,Credit Card,4072.6,JPY,2025-06-12 02:31:15,Failed
9293,881,228,Debit Card,3032.09,THB,2025-09-09 02:31:15,Successful
9294,881,286,Debit Card,4826.17,EUR,2024-12-20 02:31:15,Pending
9295,881,234,Bank Transfer,1614.93,USD,2025-07-13 02:31:15,Successful
9296,881,225,Debit Card,3461.59,USD,2025-08-25 02:31:15,Successful
9297,882,286,Bank Transfer,2686.34,JPY,2025-10-24 02:31:15,Failed
9298,882,123,Debit Card,3545.93,THB,2025-02-22 02:31:15,Failed
9299,882,300,Credit Card,4377.15,EUR,2024-12-24 02:31:15,Successful
9300,882,239,Credit Card,2131.07,USD,2025-06-21 02:31:15,Successful
9301,883,207,Bank Transfer,1785.94,JPY,2025-08-08 02:31:15,Failed
9302,883,166,Credit Card,2810.85,USD,2025-10-28 02:31:15,Pending
9303,883,285,PayPal,1203.71,USD,2025-10-23 02:31:15,Successful
9304,883,239,Bank Transfer,3049.63,THB,2025-05-20 02:31:15,Successful
9305,883,236,Debit Card,2045.09,THB,2025-08-14 02:31:15,Successful
9306,883,228,Credit Card,468.29,JPY,2025-10-16 02:31:15,Successful
9307,883,283,Credit Card,4267.8,USD,2024-12-31 02:31:15,Failed
9308,883,215,Credit Card,466.27,EUR,2025-04-17 02:31:15,Pending
9309,884,174,Bank Transfer,503.59,THB,2025-04-09 02:31:15,Successful
9310,884,235,Bank Transfer,2527.12,JPY,2025-08-13 02:31:15,Successful
9311,884,216,PayPal,1885.86,USD,2025-03-24 02:31:15,Pending
9312,884,260,Debit Card,3480.48,EUR,2025-07-07 02:31:15,Successful
9313,884,104,Debit Card,1875.86,USD,2025-04-10 02:31:15,Pending
9314,884,277,Debit Card,2163.94,EUR,2025-09-28 02:31:15,Successful
9315,884,267,PayPal,4231.11,EUR,2025-04-22 02:31:15,Successful
9316,884,249,Bank Transfer,1296.84,EUR,2024-11-26 02:31:15,Successful
9317,884,290,PayPal,592.42,THB,2024-11-30 02:31:15,Successful
9318,884,233,Credit Card,2999.24,JPY,2025-07-21 02:31:15,Successful
9319,885,228,Debit Card,1537.74,USD,2025-03-02 02:31:15,Failed
9320,885,271,Credit Card,3224.85,THB,2025-05-12 02:31:15,Pending
9321,885,223,Bank Transfer,2132.88,THB,2025-07-03 02:31:15,Pending
9322,885,41,Credit Card,1189.25,JPY,2025-07-09 02:31:15,Pending
9323,885,239,PayPal,2454.52,THB,2025-07-11 02:31:15,Pending
9324,885,220,Credit Card,2981.42,USD,2024-11-07 02:31:15,Successful
9325,885,221,Credit Card,3997.5,EUR,2025-09-10 02:31:15,Failed
9326,885,4,Debit Card,3440.16,JPY,2025-05-01 02:31:15,Successful
9327,885,298,Credit Card,3595.5,JPY,2025-02-09 02:31:15,Successful
9328,885,23,Credit Card,1413.15,EUR,2025-10-30 02:31:15,Successful
9329,885,300,Debit Card,2929.97,EUR,2025-05-01 02:31:15,Pending
9330,885,271,PayPal,2003.7,EUR,2024-12-07 02:31:15,Successful
9331,885,262,Credit Card,578.63,USD,2024-12-06 02:31:15,Pending
9332,885,201,Credit Card,788.18,THB,2025-10-31 02:31:15,Successful
9333,885,213,Bank Transfer,4889.93,USD,2024-12-29 02:31:15,Pending
9334,885,258,Credit Card,2089.24,USD,2025-01-01 02:31:15,Successful
9335,886,143,Bank Transfer,3851.62,USD,2025-03-13 02:31:15,Failed
9336,886,254,Credit Card,4603.79,THB,2025-04-16 02:31:15,Failed
9337,886,210,Bank Transfer,3206.59,USD,2025-06-11 02:31:15,Failed
9338,886,197,Credit Card,4438.45,THB,2024-11-28 02:31:15,Successful
9339,886,198,PayPal,4958.86,JPY,2025-05-08 02:31:15,Failed
9340,886,216,Bank Transfer,3944.46,THB,2025-10-27 02:31:15,Successful
9341,886,202,Credit Card,1359.75,JPY,2025-09-21 02:31:15,Successful
9342,886,201,Debit Card,1978.92,EUR,2025-07-08 02:31:15,Failed
9343,887,224,Bank Transfer,1945.31,EUR,2025-09-17 02:31:15,Failed
9344,887,277,PayPal,3947.46,JPY,2025-09-04 02:31:15,Pending
9345,887,236,Bank Transfer,4694.54,EUR,2025-07-13 02:31:15,Successful
9346,887,227,PayPal,1880.31,EUR,2025-05-04 02:31:15,Successful
9347,887,239,Credit Card,343.73,USD,2025-03-28 02:31:15,Pending
9348,887,4,PayPal,1594.55,THB,2025-05-24 02:31:15,Failed
9349,887,69,PayPal,762.63,JPY,2024-11-14 02:31:15,Successful
9350,887,64,PayPal,1095.33,USD,2025-10-13 02:31:15,Pending
9351,887,66,Credit Card,2870.91,THB,2025-06-21 02:31:15,Failed
9352,887,246,Credit Card,3260.39,USD,2025-06-19 02:31:15,Pending
9353,888,156,Bank Transfer,3358.57,JPY,2025-10-11 02:31:15,Successful
9354,888,253,Debit Card,2149.88,JPY,2025-06-03 02:31:15,Successful
9355,888,95,Bank Transfer,390.32,JPY,2025-10-26 02:31:15,Successful
9356,888,223,Debit Card,1878.73,EUR,2025-05-20 02:31:15,Successful
9357,889,251,Credit Card,1022.22,USD,2025-03-16 02:31:15,Failed
9358,889,256,Debit Card,4970.38,USD,2025-01-11 02:31:15,Failed
9359,890,24,PayPal,4637.92,JPY,2025-04-26 02:31:15,Failed
9360,890,209,Credit Card,571.45,THB,2025-03-17 02:31:15,Pending
9361,890,223,Credit Card,1819.88,EUR,2025-01-22 02:31:15,Successful
9362,890,291,Credit Card,2283.5,THB,2025-07-16 02:31:15,Pending
9363,890,254,Bank Transfer,3130.34,USD,2025-10-19 02:31:15,Pending
9364,890,161,Debit Card,4026.63,JPY,2024-12-03 02:31:15,Pending
9365,890,202,PayPal,2226.93,USD,2025-08-24 02:31:15,Successful
9366,890,116,Bank Transfer,1495.97,EUR,2025-04-06 02:31:15,Failed
9367,891,229,Bank Transfer,1372.6,EUR,2025-04-20 02:31:15,Successful
9368,891,299,PayPal,4504.91,EUR,2025-05-05 02:31:15,Successful
9369,891,244,Credit Card,3278.98,EUR,2025-06-28 02:31:15,Pending
9370,891,208,Debit Card,1845.29,USD,2025-01-08 02:31:15,Pending
9371,891,289,Debit Card,2621.74,USD,2025-10-28 02:31:15,Successful
9372,891,253,PayPal,3180.35,USD,2025-06-26 02:31:15,Successful
9373,891,221,Debit Card,1679.44,EUR,2025-08-21 02:31:15,Successful
9374,891,104,Debit Card,1009.72,JPY,2025-05-13 02:31:15,Pending
9375,891,204,Credit Card,2729.94,USD,2025-01-17 02:31:15,Pending
9376,891,207,Credit Card,3916.87,THB,2025-02-03 02:31:15,Successful
9377,891,218,Credit Card,4265.98,EUR,2025-07-25 02:31:15,Successful
9378,891,242,Bank Transfer,2496.03,USD,2024-11-23 02:31:15,Pending
9379,892,281,Debit Card,4078.09,THB,2025-01-18 02:31:15,Pending
9380,892,242,PayPal,190.95,JPY,2024-12-10 02:31:15,Failed
9381,892,221,Bank Transfer,3979.56,THB,2024-11-10 02:31:15,Pending
9382,892,221,Credit Card,2950.21,USD,2025-10-24 02:31:15,Failed
9383,893,286,Credit Card,4238.53,USD,2025-01-09 02:31:15,Failed
9384,894,111,Credit Card,3049.2,JPY,2025-06-04 02:31:15,Failed
9385,894,294,PayPal,4687.41,EUR,2025-10-20 02:31:15,Failed
9386,894,125,Credit Card,4459.17,THB,2025-02-13 02:31:15,Failed
9387,894,232,Bank Transfer,2407.04,EUR,2025-06-29 02:31:15,Successful
9388,894,234,PayPal,3751.04,EUR,2025-04-04 02:31:15,Failed
9389,894,97,Bank Transfer,3080.59,JPY,2024-12-17 02:31:15,Successful
9390,894,41,Bank Transfer,982.28,JPY,2025-07-08 02:31:15,Successful
9391,894,253,Bank Transfer,1170.36,EUR,2025-07-08 02:31:15,Failed
9392,894,251,Credit Card,1034.21,USD,2025-01-13 02:31:15,Pending
9393,894,199,Credit Card,1699.68,JPY,2025-05-21 02:31:15,Pending
9394,894,273,Credit Card,4627.21,EUR,2025-09-30 02:31:15,Pending
9395,894,222,Debit Card,1610.14,USD,2025-03-17 02:31:15,Failed
9396,894,213,Debit Card,836.53,JPY,2025-04-19 02:31:15,Pending
9397,894,267,Credit Card,3240.61,JPY,2025-10-15 02:31:15,Failed
9398,895,297,Credit Card,2956.76,JPY,2025-10-29 02:31:15,Successful
9399,895,228,PayPal,1011.82,THB,2025-03-27 02:31:15,Pending
9400,895,284,Debit Card,2263.04,THB,2025-03-10 02:31:15,Successful
9401,895,205,Credit Card,430.17,USD,2025-02-05 02:31:15,Failed
9402,896,72,Debit Card,1507.49,THB,2025-05-09 02:31:15,Pending
9403,896,139,Bank Transfer,3607.16,JPY,2025-01-18 02:31:15,Successful
9404,896,97,Bank Transfer,709.24,USD,2025-06-08 02:31:15,Failed
9405,896,104,Bank Transfer,4633.49,THB,2025-10-20 02:31:15,Failed
9406,896,243,Debit Card,1351.16,JPY,2025-07-07 02:31:15,Pending
9407,896,235,PayPal,1628.98,EUR,2025-05-20 02:31:15,Failed
9408,896,229,Bank Transfer,4367.03,JPY,2025-07-25 02:31:15,Successful
9409,897,132,Credit Card,3914.36,EUR,2025-01-02 02:31:15,Successful
9410,897,286,Bank Transfer,2071.88,JPY,2024-12-10 02:31:15,Pending
9411,897,290,Credit Card,167.59,EUR,2025-07-10 02:31:15,Pending
9412,897,128,Debit Card,322.2,EUR,2025-01-25 02:31:15,Pending
9413,897,234,PayPal,2422.22,USD,2025-04-08 02:31:15,Failed
9414,898,121,Bank Transfer,147.89,USD,2024-11-19 02:31:15,Failed
9415,898,199,Credit Card,2590.45,USD,2024-11-23 02:31:15,Successful
9416,898,4,PayPal,1493.23,JPY,2025-07-30 02:31:15,Pending
9417,898,128,Debit Card,2217.93,JPY,2025-07-19 02:31:15,Failed
9418,899,225,Bank Transfer,266.52,JPY,2025-07-13 02:31:15,Failed
9419,900,35,Debit Card,483.14,THB,2024-11-13 02:31:15,Successful
9420,900,268,Credit Card,1030.93,THB,2025-08-16 02:31:15,Pending
9421,900,225,Debit Card,2648.48,USD,2025-05-29 02:31:15,Failed
9422,900,231,Credit Card,3284.68,USD,2024-12-08 02:31:15,Pending
9423,900,244,Debit Card,1458.2,USD,2024-12-01 02:31:15,Successful
9424,900,265,Bank Transfer,1502.52,JPY,2025-06-24 02:31:15,Pending
9425,900,204,Debit Card,3654.24,THB,2025-01-18 02:31:15,Pending
9426,900,251,Bank Transfer,2819.42,USD,2025-07-20 02:31:15,Successful
9427,900,223,Bank Transfer,3279.98,THB,2024-12-11 02:31:15,Failed
9428,900,240,Credit Card,2835.5,EUR,2025-05-09 02:31:15,Successful
9429,900,254,Debit Card,1888.71,THB,2025-10-15 02:31:15,Successful
9430,900,292,Credit Card,1080.48,JPY,2025-09-30 02:31:15,Failed
9431,900,290,Credit Card,3293.15,THB,2025-02-17 02:31:15,Failed
9432,900,209,Credit Card,4577.96,JPY,2025-02-08 02:31:15,Failed
9433,900,246,Bank Transfer,165.36,JPY,2025-05-27 02:31:15,Pending
9434,900,189,Credit Card,2413.18,JPY,2024-11-13 02:31:15,Pending
9435,900,116,PayPal,2700.69,USD,2025-10-31 02:31:15,Failed
9436,900,210,Credit Card,1316.09,USD,2025-04-02 02:31:15,Failed
9437,901,255,Credit Card,950.81,THB,2025-03-19 02:31:15,Pending
9438,901,188,Debit Card,3048.51,EUR,2024-12-12 02:31:15,Pending
9439,901,229,Debit Card,4714.66,USD,2025-01-21 02:31:15,Successful
9440,902,72,Debit Card,3957.02,USD,2025-06-14 02:31:15,Failed
9441,902,254,PayPal,1324.65,EUR,2025-06-29 02:31:15,Failed
9442,902,218,Debit Card,1290.56,THB,2025-10-11 02:31:15,Failed
9443,902,228,Debit Card,3198.46,JPY,2025-09-12 02:31:15,Pending
9444,902,245,Credit Card,1769.24,THB,2025-07-06 02:31:15,Successful
9445,902,223,Bank Transfer,2541.66,USD,2025-09-29 02:31:15,Pending
9446,902,202,PayPal,1990.01,USD,2025-09-19 02:31:15,Failed
9447,902,127,Credit Card,4258.93,USD,2025-06-24 02:31:15,Failed
9448,902,235,Bank Transfer,615.45,THB,2025-10-13 02:31:15,Pending
9449,902,221,Debit Card,3810.68,THB,2025-06-09 02:31:15,Pending
9450,902,253,Bank Transfer,1607.1,EUR,2025-04-09 02:31:15,Successful
9451,902,221,Debit Card,4099.77,JPY,2024-11-07 02:31:15,Successful
9452,902,265,Bank Transfer,4640.67,THB,2025-03-15 02:31:15,Failed
9453,903,101,Bank Transfer,224.14,JPY,2025-07-28 02:31:15,Pending
9454,903,220,PayPal,3239.05,THB,2025-04-07 02:31:15,Pending
9455,903,267,Credit Card,2190.55,JPY,2025-06-05 02:31:15,Successful
9456,903,270,Bank Transfer,3008.95,EUR,2024-12-07 02:31:15,Successful
9457,903,220,Bank Transfer,2082.86,THB,2024-11-21 02:31:15,Successful
9458,903,72,Bank Transfer,3732.55,EUR,2025-04-02 02:31:15,Successful
9459,903,215,PayPal,1832.37,EUR,2025-02-28 02:31:15,Failed
9460,903,224,Bank Transfer,3600.93,EUR,2025-01-17 02:31:15,Successful
9461,903,278,PayPal,4826.24,THB,2025-04-04 02:31:15,Successful
9462,903,177,Debit Card,2255.08,EUR,2025-01-28 02:31:15,Pending
9463,903,281,Debit Card,1031.53,JPY,2025-10-13 02:31:15,Failed
9464,903,139,Debit Card,1416.5,EUR,2025-10-30 02:31:15,Successful
9465,903,244,PayPal,4179.76,JPY,2025-02-20 02:31:15,Pending
9466,903,111,Credit Card,861.49,JPY,2025-02-10 02:31:15,Successful
9467,903,266,PayPal,3968.47,USD,2025-04-12 02:31:15,Successful
9468,903,81,Credit Card,4816.42,JPY,2025-04-05 02:31:15,Successful
9469,903,257,Debit Card,2986.59,USD,2025-07-10 02:31:15,Pending
9470,903,280,Credit Card,1589.7,JPY,2025-06-24 02:31:15,Successful
9471,903,257,Debit Card,2241.51,USD,2025-02-12 02:31:15,Pending
9472,903,211,Bank Transfer,1662.24,USD,2025-10-25 02:31:15,Pending
9473,903,300,Bank Transfer,3905.82,USD,2024-12-22 02:31:15,Pending
9474,903,219,Bank Transfer,4597.91,USD,2025-02-21 02:31:15,Pending
9475,903,282,Debit Card,3160.76,THB,2024-11-19 02:31:15,Successful
9476,903,156,Debit Card,726.73,EUR,2025-10-16 02:31:15,Successful
9477,904,294,Bank Transfer,3992.27,EUR,2025-08-01 02:31:15,Failed
9478,904,35,Credit Card,423.2,JPY,2025-04-24 02:31:15,Failed
9479,904,267,PayPal,1887.95,JPY,2025-05-31 02:31:15,Pending
9480,904,202,Bank Transfer,1139.72,THB,2025-01-21 02:31:15,Successful
9481,904,64,Credit Card,3458.88,JPY,2024-11-24 02:31:15,Pending
9482,904,156,Credit Card,3942.66,JPY,2025-10-02 02:31:15,Failed
9483,904,281,PayPal,2446.34,EUR,2025-09-03 02:31:15,Successful
9484,904,213,Bank Transfer,132.48,USD,2025-03-26 02:31:15,Failed
9485,904,251,Credit Card,2099.3,USD,2024-11-29 02:31:15,Failed
9486,904,204,Debit Card,4918.78,JPY,2025-04-22 02:31:15,Failed
9487,904,296,Credit Card,4042.08,THB,2025-06-04 02:31:15,Failed
9488,905,35,PayPal,1945.36,JPY,2024-11-07 02:31:15,Pending
9489,906,273,Credit Card,2600.3,EUR,2025-07-15 02:31:15,Successful
9490,906,271,Bank Transfer,4347.36,JPY,2025-05-17 02:31:15,Failed
9491,906,201,PayPal,4250.09,EUR,2025-06-20 02:31:15,Failed
9492,906,233,Credit Card,1984.08,THB,2025-06-17 02:31:15,Successful
9493,906,275,Bank Transfer,204.85,THB,2025-07-04 02:31:15,Pending
9494,906,228,Debit Card,4083.07,EUR,2024-12-25 02:31:15,Pending
9495,906,261,Bank Transfer,2983.09,JPY,2025-10-07 02:31:15,Pending
9496,906,229,Credit Card,2618.08,EUR,2025-02-10 02:31:15,Pending
9497,906,235,Credit Card,1513.39,EUR,2024-12-09 02:31:15,Successful
9498,906,244,Debit Card,2153.28,THB,2025-05-29 02:31:15,Pending
9499,906,271,Bank Transfer,1374.5,USD,2025-08-23 02:31:15,Pending
9500,906,265,Bank Transfer,692.6,THB,2025-03-16 02:31:15,Pending
9501,907,241,Credit Card,4343.13,THB,2024-12-01 02:31:15,Pending
9502,907,218,Debit Card,4407.95,EUR,2025-06-04 02:31:15,Successful
9503,907,260,Credit Card,3463.89,USD,2025-07-23 02:31:15,Failed
9504,907,23,PayPal,1718.76,JPY,2024-12-26 02:31:15,Pending
9505,907,153,Credit Card,4606.51,JPY,2025-07-30 02:31:15,Failed
9506,907,250,Bank Transfer,1998.07,JPY,2025-08-26 02:31:15,Successful
9507,907,206,Credit Card,1969.79,THB,2025-04-01 02:31:15,Failed
9508,907,201,Bank Transfer,4331.24,THB,2025-03-20 02:31:15,Pending
9509,907,263,Credit Card,3272.02,EUR,2025-09-07 02:31:15,Successful
9510,907,296,PayPal,585.31,JPY,2025-02-26 02:31:15,Failed
9511,907,249,Bank Transfer,4776.53,JPY,2024-12-26 02:31:15,Failed
9512,908,244,Debit Card,3742.57,THB,2025-06-16 02:31:15,Pending
9513,908,265,Bank Transfer,2449.26,JPY,2025-09-22 02:31:15,Pending
9514,908,271,Bank Transfer,2411.1,EUR,2025-03-15 02:31:15,Pending
9515,908,218,Credit Card,4064.38,USD,2024-12-27 02:31:15,Failed
9516,908,252,PayPal,1393.46,USD,2025-08-10 02:31:15,Pending
9517,908,229,PayPal,4520.57,THB,2025-01-19 02:31:15,Pending
9518,908,220,Debit Card,1947.63,JPY,2025-04-09 02:31:15,Pending
9519,908,148,PayPal,4784.21,THB,2024-11-21 02:31:15,Failed
9520,908,251,Bank Transfer,2485.83,JPY,2025-02-15 02:31:15,Pending
9521,908,226,Bank Transfer,3052.37,USD,2025-02-09 02:31:15,Failed
9522,908,277,Bank Transfer,1236.53,USD,2025-06-02 02:31:15,Successful
9523,908,66,Debit Card,1685.41,USD,2024-12-17 02:31:15,Failed
9524,908,285,Credit Card,3466.29,EUR,2025-06-21 02:31:15,Failed
9525,908,271,PayPal,1012.66,USD,2025-03-15 02:31:15,Successful
9526,908,288,PayPal,1570.77,EUR,2025-08-16 02:31:15,Failed
9527,908,267,Bank Transfer,412.34,EUR,2025-06-25 02:31:15,Failed
9528,908,295,Debit Card,2793.08,EUR,2025-10-04 02:31:15,Failed
9529,908,72,PayPal,4902.7,THB,2024-12-24 02:31:15,Successful
9530,908,281,PayPal,1970.97,USD,2025-07-02 02:31:15,Failed
9531,908,216,Debit Card,4909.75,USD,2025-07-08 02:31:15,Failed
9532,908,269,Bank Transfer,2663.65,USD,2024-11-20 02:31:15,Successful
9533,908,204,PayPal,2721.21,JPY,2025-03-11 02:31:15,Successful
9534,908,29,Bank Transfer,1855.32,USD,2025-07-27 02:31:15,Pending
9535,908,105,Debit Card,4206.39,THB,2025-05-20 02:31:15,Failed
9536,909,35,Bank Transfer,4203.87,JPY,2024-11-12 02:31:15,Failed
9537,909,267,Bank Transfer,4090.92,USD,2025-03-01 02:31:15,Failed
9538,909,217,Credit Card,2641.99,THB,2025-04-07 02:31:15,Failed
9539,909,203,Bank Transfer,3700.62,JPY,2025-09-27 02:31:15,Failed
9540,909,218,Debit Card,3998.1,JPY,2025-07-18 02:31:15,Pending
9541,909,241,Credit Card,1284.77,THB,2025-08-21 02:31:15,Pending
9542,909,300,Bank Transfer,736.15,JPY,2025-05-30 02:31:15,Successful
9543,909,66,PayPal,2071.76,EUR,2025-06-13 02:31:15,Pending
9544,909,35,Bank Transfer,2317.29,EUR,2025-07-09 02:31:15,Failed
9545,910,128,PayPal,1418.22,THB,2025-06-23 02:31:15,Pending
9546,911,35,PayPal,1507.59,THB,2025-09-07 02:31:15,Pending
9547,911,69,Bank Transfer,1963.42,USD,2025-01-29 02:31:15,Pending
9548,911,157,Credit Card,4254.43,THB,2025-02-03 02:31:15,Pending
9549,911,198,Debit Card,4493.99,THB,2025-02-02 02:31:15,Successful
9550,912,260,Credit Card,3970.3,THB,2025-10-23 02:31:15,Failed
9551,912,249,Debit Card,4306.61,EUR,2025-10-19 02:31:15,Failed
9552,912,105,PayPal,2057.0,JPY,2024-12-20 02:31:15,Failed
9553,912,199,Credit Card,287.9,USD,2024-12-29 02:31:15,Successful
9554,912,189,Debit Card,1021.9,EUR,2025-08-25 02:31:15,Failed
9555,912,246,Credit Card,4753.02,USD,2025-05-25 02:31:15,Pending
9556,912,254,Bank Transfer,1702.57,EUR,2024-11-11 02:31:15,Successful
9557,913,177,Bank Transfer,2173.46,JPY,2025-09-15 02:31:15,Pending
9558,913,293,Debit Card,2453.84,THB,2025-07-01 02:31:15,Successful
9559,913,276,Debit Card,4161.93,JPY,2024-12-21 02:31:15,Failed
9560,913,204,Debit Card,197.62,EUR,2025-06-23 02:31:15,Failed
9561,913,230,Bank Transfer,2029.32,JPY,2025-09-20 02:31:15,Failed
9562,913,237,Debit Card,4432.74,EUR,2025-10-05 02:31:15,Pending
9563,913,205,Bank Transfer,1478.58,USD,2025-07-15 02:31:15,Successful
9564,913,279,PayPal,408.68,JPY,2025-06-29 02:31:15,Pending
9565,913,245,Debit Card,3228.36,EUR,2025-08-22 02:31:15,Successful
9566,913,230,PayPal,3209.23,JPY,2025-04-26 02:31:15,Pending
9567,913,299,PayPal,1479.07,USD,2025-08-28 02:31:15,Pending
9568,913,220,Credit Card,1179.87,EUR,2025-04-05 02:31:15,Failed
9569,913,140,Debit Card,2234.41,EUR,2024-11-21 02:31:15,Successful
9570,913,241,Credit Card,4376.18,THB,2024-11-05 02:31:15,Pending
9571,913,262,Credit Card,4473.8,THB,2025-05-15 02:31:15,Successful
9572,913,292,PayPal,4394.79,EUR,2025-08-01 02:31:15,Failed
9573,913,66,Bank Transfer,714.32,JPY,2024-12-05 02:31:15,Successful
9574,913,232,Bank Transfer,3498.46,USD,2025-06-27 02:31:15,Pending
9575,913,201,PayPal,4847.29,JPY,2025-05-15 02:31:15,Successful
9576,913,298,Debit Card,3720.96,EUR,2025-10-10 02:31:15,Failed
9577,913,204,PayPal,3130.34,EUR,2025-10-23 02:31:15,Failed
9578,913,201,Debit Card,3382.4,USD,2025-05-08 02:31:15,Pending
9579,913,228,PayPal,3867.33,JPY,2024-11-02 02:31:15,Failed
9580,913,275,Credit Card,742.59,JPY,2024-12-21 02:31:15,Successful
9581,913,242,Bank Transfer,632.38,EUR,2025-01-02 02:31:15,Failed
9582,914,268,Debit Card,3231.97,THB,2025-05-17 02:31:15,Successful
9583,914,241,Credit Card,1236.97,EUR,2025-02-01 02:31:15,Failed
9584,914,291,Bank Transfer,1615.94,EUR,2025-06-16 02:31:15,Successful
9585,914,35,Credit Card,3470.98,EUR,2024-11-22 02:31:15,Successful
9586,914,239,Credit Card,2963.84,THB,2025-07-17 02:31:15,Successful
9587,914,299,PayPal,4677.03,USD,2025-03-05 02:31:15,Pending
9588,914,216,Bank Transfer,1290.39,EUR,2024-11-16 02:31:15,Successful
9589,914,270,Credit Card,4260.75,THB,2025-06-15 02:31:15,Pending
9590,914,236,Debit Card,4733.41,THB,2025-04-17 02:31:15,Successful
9591,914,264,Credit Card,4478.67,EUR,2024-11-03 02:31:15,Failed
9592,914,228,PayPal,4702.81,JPY,2025-08-18 02:31:15,Pending
9593,914,208,PayPal,3074.3,EUR,2025-04-19 02:31:15,Failed
9594,914,262,Bank Transfer,2777.19,THB,2025-07-07 02:31:15,Pending
9595,914,246,Debit Card,3051.58,EUR,2025-07-18 02:31:15,Successful
9596,914,204,Credit Card,2933.93,EUR,2025-09-22 02:31:15,Pending
9597,914,220,PayPal,3833.11,JPY,2025-02-03 02:31:15,Successful
9598,914,282,Credit Card,3426.38,EUR,2025-02-28 02:31:15,Successful
9599,914,157,Debit Card,3059.6,THB,2025-10-26 02:31:15,Pending
9600,915,267,Credit Card,2848.19,JPY,2025-04-30 02:31:15,Pending
9601,915,277,PayPal,2080.64,USD,2025-03-16 02:31:15,Failed
9602,915,279,PayPal,4358.62,THB,2024-11-24 02:31:15,Failed
9603,915,233,Bank Transfer,3237.62,USD,2025-07-17 02:31:15,Successful
9604,915,105,Bank Transfer,587.09,JPY,2025-05-03 02:31:15,Pending
9605,915,260,Bank Transfer,4130.42,USD,2025-01-09 02:31:15,Pending
9606,915,64,Credit Card,3356.2,USD,2025-02-26 02:31:15,Failed
9607,915,198,Debit Card,323.66,JPY,2025-01-06 02:31:15,Successful
9608,916,197,Bank Transfer,4906.27,THB,2025-01-08 02:31:15,Successful
9609,916,227,Bank Transfer,4146.82,EUR,2025-03-01 02:31:15,Failed
9610,916,280,Debit Card,3108.0,USD,2025-08-17 02:31:15,Failed
9611,916,273,PayPal,4141.0,EUR,2025-10-26 02:31:15,Pending
9612,916,247,Bank Transfer,1254.08,USD,2025-01-12 02:31:15,Failed
9613,916,95,Credit Card,4553.74,USD,2025-09-01 02:31:15,Successful
9614,916,269,Debit Card,383.83,THB,2025-04-12 02:31:15,Failed
9615,916,81,Debit Card,3091.08,USD,2025-04-13 02:31:15,Pending
9616,916,235,PayPal,4646.28,JPY,2025-09-20 02:31:15,Pending
9617,917,228,Bank Transfer,2134.03,JPY,2025-06-14 02:31:15,Failed
9618,917,267,Credit Card,4955.95,JPY,2024-11-11 02:31:15,Pending
9619,917,238,Debit Card,1798.18,JPY,2025-05-11 02:31:15,Failed
9620,917,231,PayPal,762.37,USD,2025-01-27 02:31:15,Successful
9621,917,276,Credit Card,4773.13,THB,2025-10-27 02:31:15,Pending
9622,917,218,Credit Card,468.65,JPY,2025-09-22 02:31:15,Pending
9623,917,290,Debit Card,974.52,EUR,2025-08-12 02:31:15,Pending
9624,918,267,Credit Card,391.13,JPY,2025-06-03 02:31:15,Successful
9625,919,216,Bank Transfer,4393.77,EUR,2025-07-17 02:31:15,Successful
9626,919,254,Bank Transfer,218.58,EUR,2025-08-18 02:31:15,Pending
9627,919,132,Debit Card,572.47,JPY,2025-08-22 02:31:15,Successful
9628,919,35,Debit Card,4271.38,EUR,2025-04-20 02:31:15,Pending
9629,919,239,PayPal,4928.91,JPY,2025-09-03 02:31:15,Successful
9630,920,225,Bank Transfer,336.4,JPY,2025-10-01 02:31:15,Failed
9631,921,35,Bank Transfer,4801.02,THB,2025-02-23 02:31:15,Failed
9632,921,228,Debit Card,454.76,USD,2025-01-27 02:31:15,Successful
9633,921,258,Credit Card,393.82,THB,2024-12-25 02:31:15,Successful
9634,921,248,PayPal,2407.53,USD,2025-09-09 02:31:15,Pending
9635,921,4,Credit Card,2334.89,EUR,2025-04-15 02:31:15,Failed
9636,921,299,Bank Transfer,3224.82,JPY,2025-05-16 02:31:15,Pending
9637,921,44,PayPal,2327.26,EUR,2025-03-16 02:31:15,Pending
9638,921,229,Credit Card,4443.36,THB,2025-04-11 02:31:15,Pending
9639,921,260,Bank Transfer,4366.35,EUR,2024-12-12 02:31:15,Pending
9640,921,177,PayPal,3864.24,USD,2025-10-22 02:31:15,Pending
9641,921,253,Debit Card,3737.19,JPY,2025-02-04 02:31:15,Failed
9642,921,219,Bank Transfer,1640.99,THB,2025-10-10 02:31:15,Pending
9643,921,232,Credit Card,1516.16,THB,2025-07-25 02:31:15,Failed
9644,922,255,Debit Card,221.54,THB,2025-10-19 02:31:15,Failed
9645,922,216,Credit Card,110.51,THB,2025-04-14 02:31:15,Failed
9646,922,202,PayPal,1754.0,JPY,2025-05-08 02:31:15,Successful
9647,922,199,Bank Transfer,4044.22,USD,2025-03-29 02:31:15,Successful
9648,922,156,Debit Card,1773.34,USD,2025-03-05 02:31:15,Successful
9649,922,207,Debit Card,358.22,EUR,2025-02-15 02:31:15,Successful
9650,922,277,Credit Card,2426.03,THB,2025-04-17 02:31:15,Successful
9651,922,198,Debit Card,4341.32,USD,2025-06-22 02:31:15,Pending
9652,922,251,Credit Card,2722.8,JPY,2024-11-11 02:31:15,Successful
9653,922,289,Credit Card,914.7,EUR,2025-02-17 02:31:15,Successful
9654,923,177,PayPal,1592.29,THB,2025-10-02 02:31:15,Failed
9655,923,215,PayPal,3438.95,JPY,2025-02-27 02:31:15,Successful
9656,923,201,Credit Card,589.63,JPY,2025-09-08 02:31:15,Pending
9657,923,174,Bank Transfer,2631.01,USD,2025-01-16 02:31:15,Pending
9658,923,250,Credit Card,4826.32,JPY,2025-04-03 02:31:15,Failed
9659,923,236,Debit Card,4573.01,THB,2025-09-19 02:31:15,Failed
9660,923,300,Debit Card,4667.34,JPY,2025-07-21 02:31:15,Pending
9661,923,256,Bank Transfer,661.28,USD,2025-03-15 02:31:15,Successful
9662,923,230,Bank Transfer,2717.24,JPY,2025-06-14 02:31:15,Failed
9663,923,276,PayPal,594.16,JPY,2025-07-04 02:31:15,Failed
9664,924,265,PayPal,2195.88,EUR,2025-07-26 02:31:15,Pending
9665,924,128,Bank Transfer,1529.92,THB,2025-05-10 02:31:15,Successful
9666,924,296,PayPal,2350.89,JPY,2025-01-30 02:31:15,Pending
9667,924,270,Bank Transfer,3615.5,THB,2024-11-18 02:31:15,Pending
9668,924,220,PayPal,533.34,JPY,2025-10-15 02:31:15,Successful
9669,924,72,Debit Card,4873.41,THB,2024-11-30 02:31:15,Failed
9670,925,220,Credit Card,589.26,USD,2024-12-22 02:31:15,Failed
9671,925,97,Credit Card,3426.54,USD,2025-05-06 02:31:15,Pending
9672,925,245,Credit Card,3142.83,JPY,2024-11-25 02:31:15,Pending
9673,926,213,Debit Card,790.08,USD,2024-12-03 02:31:15,Failed
9674,926,35,Bank Transfer,4563.34,THB,2025-05-13 02:31:15,Pending
9675,926,209,Bank Transfer,468.98,USD,2025-04-30 02:31:15,Pending
9676,927,245,PayPal,3464.82,THB,2025-07-07 02:31:15,Pending
9677,927,278,PayPal,548.97,THB,2024-11-17 02:31:15,Pending
9678,927,287,Credit Card,2228.6,USD,2025-05-21 02:31:15,Pending
9679,927,291,Bank Transfer,2048.27,THB,2025-10-19 02:31:15,Pending
9680,927,81,Credit Card,1821.66,USD,2024-12-09 02:31:15,Pending
9681,927,245,Debit Card,1388.99,THB,2025-06-14 02:31:15,Pending
9682,927,204,Debit Card,2096.32,EUR,2025-03-24 02:31:15,Pending
9683,927,270,Credit Card,3492.68,JPY,2025-03-20 02:31:15,Pending
9684,927,217,Debit Card,1493.44,THB,2025-06-04 02:31:15,Pending
9685,927,274,PayPal,561.07,JPY,2025-03-09 02:31:15,Failed
9686,928,256,Debit Card,562.26,JPY,2025-06-06 02:31:15,Successful
9687,928,284,Credit Card,3124.45,EUR,2025-02-19 02:31:15,Failed
9688,928,220,Debit Card,3053.26,THB,2025-08-22 02:31:15,Failed
9689,928,202,Debit Card,3673.9,JPY,2025-10-20 02:31:15,Pending
9690,928,23,Debit Card,2960.14,EUR,2025-09-09 02:31:15,Failed
9691,928,93,Debit Card,2844.74,USD,2025-01-21 02:31:15,Failed
9692,928,285,PayPal,1397.58,THB,2025-04-22 02:31:15,Successful
9693,928,69,Bank Transfer,2436.21,THB,2025-07-10 02:31:15,Successful
9694,928,245,Debit Card,1754.33,USD,2025-08-27 02:31:15,Pending
9695,928,223,Bank Transfer,2027.41,JPY,2025-07-10 02:31:15,Failed
9696,928,228,Credit Card,1354.92,USD,2024-12-18 02:31:15,Failed
9697,929,7,PayPal,1380.05,JPY,2025-03-29 02:31:15,Failed
9698,929,300,Debit Card,4263.93,THB,2025-05-30 02:31:15,Failed
9699,929,261,Bank Transfer,2628.62,EUR,2025-09-04 02:31:15,Failed
9700,929,289,Debit Card,426.0,EUR,2025-09-26 02:31:15,Failed
9701,929,272,Credit Card,1312.93,THB,2024-12-14 02:31:15,Pending
9702,929,286,PayPal,1705.75,JPY,2025-10-18 02:31:15,Pending
9703,929,210,PayPal,134.82,USD,2025-05-04 02:31:15,Failed
9704,929,253,PayPal,3446.46,USD,2025-02-26 02:31:15,Failed
9705,929,262,Bank Transfer,1630.78,JPY,2025-02-09 02:31:15,Failed
9706,929,218,Credit Card,1206.64,THB,2025-09-02 02:31:15,Successful
9707,929,286,Bank Transfer,2234.97,JPY,2025-01-31 02:31:15,Successful
9708,929,189,Debit Card,1815.72,EUR,2025-01-29 02:31:15,Successful
9709,929,248,Debit Card,4608.81,EUR,2025-08-29 02:31:15,Failed
9710,930,143,Credit Card,1995.82,USD,2024-11-27 02:31:15,Successful
9711,930,213,PayPal,4053.94,EUR,2025-09-07 02:31:15,Failed
9712,930,246,Bank Transfer,3530.82,EUR,2025-05-26 02:31:15,Failed
9713,930,248,Credit Card,4056.32,USD,2025-09-10 02:31:15,Pending
9714,930,222,Credit Card,259.75,USD,2025-06-05 02:31:15,Pending
9715,930,267,Bank Transfer,4335.41,USD,2024-12-14 02:31:15,Successful
9716,930,44,Debit Card,4709.21,EUR,2025-02-08 02:31:15,Failed
9717,930,218,PayPal,2844.26,USD,2024-11-21 02:31:15,Successful
9718,930,265,Debit Card,2347.56,USD,2025-08-24 02:31:15,Failed
9719,930,201,Bank Transfer,3516.81,EUR,2025-04-18 02:31:15,Pending
9720,930,209,PayPal,1053.71,USD,2025-01-03 02:31:15,Successful
9721,930,220,Bank Transfer,1480.74,JPY,2025-01-14 02:31:15,Failed
9722,930,221,Credit Card,4569.51,USD,2024-11-30 02:31:15,Successful
9723,931,128,Credit Card,3987.33,THB,2025-08-08 02:31:15,Pending
9724,932,189,Credit Card,4324.85,EUR,2025-09-13 02:31:15,Pending
9725,932,210,Bank Transfer,1696.38,EUR,2025-10-16 02:31:15,Successful
9726,932,166,Debit Card,2376.46,EUR,2025-05-21 02:31:15,Successful
9727,932,299,Bank Transfer,3235.78,JPY,2025-08-27 02:31:15,Pending
9728,932,271,Credit Card,4651.11,THB,2025-01-24 02:31:15,Failed
9729,932,199,PayPal,2156.93,JPY,2025-10-10 02:31:15,Successful
9730,932,223,Credit Card,1888.77,USD,2024-11-24 02:31:15,Successful
9731,933,7,Credit Card,133.94,THB,2025-11-01 02:31:15,Successful
9732,933,101,PayPal,4645.94,JPY,2025-01-30 02:31:15,Successful
9733,933,35,Bank Transfer,4339.81,JPY,2024-12-14 02:31:15,Successful
9734,933,251,Debit Card,350.47,THB,2025-10-27 02:31:15,Failed
9735,933,228,Credit Card,400.93,USD,2025-03-29 02:31:15,Pending
9736,933,127,Debit Card,4703.74,THB,2024-11-04 02:31:15,Pending
9737,933,123,Bank Transfer,1954.46,JPY,2025-08-08 02:31:15,Successful
9738,933,44,PayPal,1418.66,EUR,2024-11-10 02:31:15,Successful
9739,933,255,Credit Card,2282.17,THB,2025-03-14 02:31:15,Pending
9740,933,287,Debit Card,3136.29,THB,2024-11-11 02:31:15,Pending
9741,934,229,PayPal,4259.53,THB,2024-11-27 02:31:15,Pending
9742,934,261,Bank Transfer,1161.63,THB,2025-05-29 02:31:15,Pending
9743,934,189,Debit Card,3547.09,JPY,2025-07-22 02:31:15,Pending
9744,934,210,Bank Transfer,3259.84,EUR,2024-12-21 02:31:15,Failed
9745,934,271,PayPal,3084.13,USD,2024-12-24 02:31:15,Successful
9746,935,246,Debit Card,4706.72,EUR,2025-04-30 02:31:15,Pending
9747,935,239,PayPal,2332.14,THB,2025-02-11 02:31:15,Pending
9748,935,204,Debit Card,1386.47,THB,2024-12-05 02:31:15,Pending
9749,935,69,Credit Card,4448.68,USD,2024-11-27 02:31:15,Pending
9750,935,254,Credit Card,1815.71,JPY,2025-04-28 02:31:15,Successful
9751,935,174,Credit Card,3521.18,THB,2025-01-05 02:31:15,Failed
9752,935,268,Credit Card,1432.18,USD,2024-11-20 02:31:15,Pending
9753,935,203,PayPal,415.97,JPY,2025-01-16 02:31:15,Failed
9754,935,148,Debit Card,3295.21,THB,2025-03-09 02:31:15,Pending
9755,935,233,Credit Card,1446.71,EUR,2025-01-28 02:31:15,Successful
9756,936,189,Credit Card,2855.88,USD,2025-03-04 02:31:15,Pending
9757,937,242,Debit Card,2615.28,EUR,2025-02-10 02:31:15,Failed
9758,937,298,Bank Transfer,1425.2,EUR,2025-10-11 02:31:15,Successful
9759,937,266,Debit Card,2162.35,JPY,2025-05-08 02:31:15,Pending
9760,937,206,Credit Card,4902.25,JPY,2024-11-30 02:31:15,Successful
9761,937,272,Credit Card,4158.34,USD,2025-05-03 02:31:15,Failed
9762,937,35,Credit Card,493.63,JPY,2025-06-08 02:31:15,Successful
9763,937,237,PayPal,2287.18,THB,2024-11-30 02:31:15,Pending
9764,937,241,Debit Card,1717.86,EUR,2024-12-11 02:31:15,Failed
9765,937,139,Credit Card,3540.79,EUR,2025-03-29 02:31:15,Pending
9766,937,245,Credit Card,107.04,EUR,2024-11-11 02:31:15,Pending
9767,937,223,Credit Card,725.8,THB,2025-04-21 02:31:15,Successful
9768,937,143,PayPal,3548.22,EUR,2024-12-19 02:31:15,Pending
9769,937,246,PayPal,3945.14,USD,2025-10-30 02:31:15,Successful
9770,938,258,PayPal,668.84,USD,2025-04-14 02:31:15,Pending
9771,938,277,Bank Transfer,4530.32,EUR,2024-11-11 02:31:15,Failed
9772,938,7,Bank Transfer,348.03,EUR,2025-03-04 02:31:15,Pending
9773,938,253,Bank Transfer,4497.94,EUR,2025-02-02 02:31:15,Failed
9774,938,209,Bank Transfer,1515.34,JPY,2025-06-30 02:31:15,Successful
9775,938,213,Debit Card,1733.17,THB,2024-11-24 02:31:15,Pending
9776,938,265,Credit Card,4729.14,USD,2024-11-21 02:31:15,Successful
9777,938,252,Credit Card,3608.97,JPY,2025-06-27 02:31:15,Failed
9778,938,280,Bank Transfer,1606.23,USD,2025-02-16 02:31:15,Successful
9779,938,44,PayPal,4457.95,THB,2025-10-09 02:31:15,Pending
9780,938,198,Debit Card,868.76,USD,2025-05-24 02:31:15,Pending
9781,938,197,Bank Transfer,4390.6,JPY,2025-06-27 02:31:15,Successful
9782,938,242,Bank Transfer,4964.01,THB,2025-02-18 02:31:15,Failed
9783,938,258,Bank Transfer,1786.69,JPY,2025-05-01 02:31:15,Pending
9784,938,281,PayPal,1800.52,EUR,2025-02-14 02:31:15,Failed
9785,938,242,PayPal,4709.57,EUR,2025-10-20 02:31:15,Pending
9786,939,227,Bank Transfer,3834.8,EUR,2025-02-18 02:31:15,Failed
9787,939,270,Debit Card,3323.43,EUR,2025-02-13 02:31:15,Failed
9788,939,24,Credit Card,1198.4,USD,2025-10-05 02:31:15,Successful
9789,939,239,PayPal,1826.52,JPY,2024-12-08 02:31:15,Failed
9790,939,242,PayPal,4257.7,THB,2025-06-08 02:31:15,Failed
9791,939,128,PayPal,767.53,EUR,2024-12-11 02:31:15,Pending
9792,939,227,PayPal,1510.36,USD,2025-06-08 02:31:15,Successful
9793,939,267,PayPal,1922.2,EUR,2024-11-25 02:31:15,Pending
9794,939,44,Bank Transfer,1138.84,THB,2025-02-28 02:31:15,Successful
9795,939,276,Bank Transfer,3056.45,EUR,2024-12-04 02:31:15,Successful
9796,939,221,Credit Card,2660.62,JPY,2024-12-05 02:31:15,Successful
9797,939,93,Debit Card,2720.6,JPY,2025-04-29 02:31:15,Pending
9798,940,240,PayPal,1695.89,EUR,2025-08-10 02:31:15,Successful
9799,940,244,Credit Card,3359.34,THB,2024-12-05 02:31:15,Successful
9800,940,258,PayPal,475.13,JPY,2025-03-10 02:31:15,Pending
9801,940,296,Credit Card,496.8,USD,2025-09-07 02:31:15,Pending
9802,940,64,Bank Transfer,2263.28,JPY,2025-06-04 02:31:15,Successful
9803,940,229,Bank Transfer,352.85,EUR,2025-01-26 02:31:15,Pending
9804,940,197,Credit Card,4343.73,EUR,2024-12-27 02:31:15,Successful
9805,940,267,Bank Transfer,586.87,EUR,2025-07-10 02:31:15,Pending
9806,940,24,Bank Transfer,2909.87,EUR,2025-03-06 02:31:15,Failed
9807,940,242,Debit Card,4849.51,EUR,2025-03-01 02:31:15,Failed
9808,940,238,Debit Card,3605.11,JPY,2025-09-21 02:31:15,Failed
9809,940,288,Credit Card,3532.99,JPY,2025-03-11 02:31:15,Failed
9810,940,95,PayPal,4841.15,EUR,2025-02-06 02:31:15,Pending
9811,941,121,Credit Card,2744.37,THB,2025-09-21 02:31:15,Pending
9812,941,254,Bank Transfer,3208.95,THB,2025-09-28 02:31:15,Pending
9813,941,225,Bank Transfer,4202.42,USD,2024-12-09 02:31:15,Successful
9814,941,291,PayPal,1049.21,USD,2025-08-25 02:31:15,Failed
9815,941,250,Credit Card,1915.5,JPY,2025-06-01 02:31:15,Successful
9816,941,37,Debit Card,4542.74,EUR,2025-05-13 02:31:15,Pending
9817,941,35,PayPal,2734.99,JPY,2025-03-30 02:31:15,Pending
9818,941,226,PayPal,1934.22,USD,2024-12-09 02:31:15,Successful
9819,941,97,Bank Transfer,2627.67,THB,2025-10-15 02:31:15,Failed
9820,942,259,Debit Card,2310.01,THB,2025-09-07 02:31:15,Pending
9821,942,37,Debit Card,1807.91,EUR,2025-09-07 02:31:15,Successful
9822,942,230,Debit Card,3848.13,EUR,2025-05-18 02:31:15,Pending
9823,943,229,Debit Card,1088.92,EUR,2024-11-12 02:31:15,Pending
9824,943,253,Credit Card,4826.64,THB,2025-06-07 02:31:15,Failed
9825,943,270,PayPal,4199.81,USD,2025-09-10 02:31:15,Failed
9826,943,211,Debit Card,4073.71,JPY,2025-06-16 02:31:15,Successful
9827,943,230,PayPal,603.15,EUR,2024-12-31 02:31:15,Successful
9828,943,266,Bank Transfer,1085.69,JPY,2024-11-08 02:31:15,Successful
9829,944,132,Debit Card,1107.12,JPY,2025-06-23 02:31:15,Pending
9830,944,209,Credit Card,735.59,USD,2025-10-10 02:31:15,Failed
9831,944,207,Credit Card,3927.76,JPY,2025-04-17 02:31:15,Successful
9832,944,278,PayPal,1441.59,THB,2025-06-11 02:31:15,Pending
9833,944,272,Bank Transfer,110.09,JPY,2025-07-18 02:31:15,Successful
9834,944,282,PayPal,2050.59,USD,2024-11-03 02:31:15,Failed
9835,944,64,Debit Card,3002.85,JPY,2025-10-13 02:31:15,Successful
9836,944,299,PayPal,838.66,EUR,2025-09-17 02:31:15,Failed
9837,944,210,Debit Card,4740.83,USD,2025-03-03 02:31:15,Successful
9838,944,228,Debit Card,3375.89,EUR,2025-10-10 02:31:15,Failed
9839,944,214,PayPal,2726.32,THB,2025-04-17 02:31:15,Successful
9840,944,64,Debit Card,4127.54,THB,2025-05-15 02:31:15,Failed
9841,944,66,Bank Transfer,853.45,THB,2025-06-23 02:31:15,Successful
9842,945,265,PayPal,4645.24,EUR,2025-07-03 02:31:15,Successful
9843,945,234,Bank Transfer,4484.86,USD,2025-07-09 02:31:15,Pending
9844,945,241,Credit Card,120.91,EUR,2024-12-01 02:31:15,Pending
9845,945,241,Debit Card,2419.03,THB,2025-07-24 02:31:15,Failed
9846,945,209,Credit Card,2582.25,USD,2025-04-24 02:31:15,Failed
9847,945,258,Debit Card,1172.78,EUR,2025-05-02 02:31:15,Failed
9848,945,259,Debit Card,2594.68,USD,2025-02-05 02:31:15,Successful
9849,945,251,PayPal,4426.5,JPY,2025-06-02 02:31:15,Pending
9850,945,157,Bank Transfer,2941.26,USD,2025-10-10 02:31:15,Failed
9851,945,166,PayPal,2492.82,THB,2025-07-21 02:31:15,Pending
9852,945,214,Credit Card,2358.16,THB,2025-04-08 02:31:15,Pending
9853,945,157,Bank Transfer,104.75,EUR,2025-10-27 02:31:15,Failed
9854,945,236,PayPal,2334.16,EUR,2025-10-19 02:31:15,Successful
9855,945,254,Bank Transfer,4055.79,USD,2025-05-15 02:31:15,Failed
9856,946,223,Bank Transfer,1800.35,EUR,2025-02-10 02:31:15,Pending
9857,946,228,Credit Card,3263.08,EUR,2025-02-01 02:31:15,Failed
9858,946,250,Bank Transfer,4340.2,THB,2025-08-10 02:31:15,Successful
9859,947,234,Debit Card,1518.42,USD,2025-06-25 02:31:15,Successful
9860,947,229,Credit Card,400.17,THB,2024-11-13 02:31:15,Successful
9861,947,276,Credit Card,4350.28,JPY,2025-01-17 02:31:15,Failed
9862,947,93,Credit Card,3721.04,THB,2025-04-20 02:31:15,Successful
9863,947,281,PayPal,2999.5,USD,2025-05-31 02:31:15,Pending
9864,947,273,Debit Card,4183.46,THB,2025-01-25 02:31:15,Failed
9865,947,215,Credit Card,754.52,THB,2025-07-14 02:31:15,Successful
9866,947,156,Bank Transfer,3428.7,USD,2025-06-16 02:31:15,Successful
9867,947,250,Debit Card,3216.48,EUR,2025-06-02 02:31:15,Successful
9868,947,252,Debit Card,1380.11,THB,2025-08-06 02:31:15,Failed
9869,947,128,Debit Card,209.56,THB,2024-11-13 02:31:15,Successful
9870,947,256,Credit Card,173.87,USD,2025-07-27 02:31:15,Successful
9871,947,35,Bank Transfer,2679.49,THB,2025-01-27 02:31:15,Pending
9872,947,224,Debit Card,1397.31,THB,2025-05-15 02:31:15,Successful
9873,947,97,Bank Transfer,2879.15,THB,2025-05-14 02:31:15,Successful
9874,948,4,Debit Card,3060.41,JPY,2025-09-03 02:31:15,Pending
9875,948,281,Bank Transfer,4987.37,THB,2025-01-04 02:31:15,Failed
9876,948,274,PayPal,2098.7,JPY,2025-04-23 02:31:15,Failed
9877,949,282,Credit Card,4508.1,JPY,2025-03-12 02:31:15,Pending
9878,949,128,PayPal,1156.1,USD,2025-06-14 02:31:15,Successful
9879,949,161,Debit Card,101.31,JPY,2025-10-12 02:31:15,Pending
9880,949,218,Credit Card,2021.34,THB,2025-04-23 02:31:15,Successful
9881,949,64,Debit Card,2477.26,THB,2025-08-31 02:31:15,Pending
9882,949,148,PayPal,2173.05,THB,2025-03-31 02:31:15,Successful
9883,949,239,Bank Transfer,3754.85,THB,2025-03-27 02:31:15,Successful
9884,949,271,Debit Card,1528.25,JPY,2024-11-04 02:31:15,Failed
9885,950,224,Bank Transfer,1057.86,THB,2024-11-13 02:31:15,Failed
9886,950,290,Debit Card,4737.09,THB,2025-09-30 02:31:15,Failed
9887,950,139,Bank Transfer,914.27,THB,2025-08-09 02:31:15,Successful
9888,950,268,Debit Card,4736.1,THB,2025-07-24 02:31:15,Pending
9889,950,212,Credit Card,1064.56,EUR,2025-08-03 02:31:15,Pending
9890,950,264,Debit Card,1165.61,USD,2025-04-18 02:31:15,Successful
9891,950,255,Bank Transfer,3440.0,EUR,2025-10-11 02:31:15,Pending
9892,950,208,Credit Card,4993.49,EUR,2025-09-24 02:31:15,Successful
9893,950,201,PayPal,1758.13,THB,2025-07-30 02:31:15,Pending
