product_id,product_name,aisle_id,department_id
1,Chocolate Sandwich Cookies,61,19
2,All-Seasons Salt,104,13
3,Peanut Butter Cereal,121,14
4,Italian Herb Porcini Mushrooms Chicken Sausage,106,12
5,European Cucumber,83,4
6,Vegetarian Grain Meat Sausages Italian - 4 CT,14,20
7,Wild Albacore Tuna No Salt Added,95,15
8,Peanut Butter & Strawberry Jam Sandwich,38,1
9,High Fiber Tomato Basil Soup,69,15
10,Petit Suisse Fruit,2,16
11,Sharp Cheddar,21,16
12,Vanilla Milk Chocolate Almond Ice Cream Bars Multi-Pack,37,1
13,Nectarines,24,4
14,Organic Mini Homestyle Waffles,52,1
15,Kisses Milk Chocolate Candy,45,19
16,Wild Sardines in Marinara Sauce,95,15
17,Mild El Nino Salsa,67,20
18,Soda,77,7
19,Free & Clear Natural Laundry Detergent For Sensitive Skin,75,17
20,Roasted Vegetable Soufflé,38,1
21,Tapatio Salsa Picante Hot Sauce Tortilla Chips,107,19
22,Sambal Oelek Ground Fresh Chili Paste,66,6
23,"Gluten Free Oatmeal, Variety Pack",130,14
24,"String Cheese, Mozzarella",108,16
25,Chicharrones Picante Flavor Pork Rinds,107,19
26,Dried Sweetened Cranberries,117,19
27,Cantaloupe,24,4
28,French Vanilla Ice Cream,37,1
29,Diet Root Beer,77,7
30,Turkey,96,20
31,Naturals Savory Turkey Breakfast Sausage,52,1
32,Veggie-Style Mini Corn Dogs,42,1
33,Organic Whole Grassmilk Milk,84,16
34,Organic Whole Peeled Baby Carrots,123,4
35,Frozen All Butter Pound Cake,119,1
36,Cheerios Cereal,121,14
37,Moisture Rich Sweet Orange & Argan Conditioner,22,11
38,Multigrain Spaghetti Style Pasta,131,9
39,Breaded Chicken Breast Tenders,34,1
40,Mache Blend,123,4
41,100% Organic Diced Tomatoes,81,15
42,Linguine Pasta,131,9
43,Vanilla Almond Breeze Almond Milk,91,16
44,Sliced Chicken Entree Cat Food,41,8
45,Almond Honey Protein+ Bar,3,19
46,Blueberry Pomegranate Acaí Cultured Goat Milk Kefir,120,16
47,Whole Wheat Fig Bar,48,14
48,Honey Vanilla Greek Yogurt,120,16
49,Slow Churned Mint Chocolate Chip Ice Cream,37,1
50,Black Peppercorns,104,13
51,Antioxidant Infusions Brasilia Blueberry,31,7
52,Rescue Remedy,6,2
53,Tomatillo Salsa,51,13
54,Garnet Sweet Potato (Yam),83,4
55,Natural Liquid Laundry Detergent - Blue Eucalyptus and Lavender,75,17
56,Uncured Hard Salami,96,20
57,Organic Hearty Garden Vegetable Soup,69,15
58,Organic Salted Butter,36,16
59,Organic Promise Strawberry Fields Cereal,121,14
60,Greek & Chia Blood Orange Yogurt,120,16
61,Organic Raw Coconut Aminos,72,13
62,Malt Vinegar & Sea Salt Kettle Cooked Potato Chips,107,19
63,Sliced American Cheese,21,16
64,Breadstick,112,3
65,Organic Shredded Mild Cheddar,21,16
66,Garbanzo Beans,59,15
67,Every Woman Multivitamin,47,11
68,Graduates Lil' Meals Spaghetti Rings In Meat Sauce,92,18
69,Ultra-Filtered Whole Milk,84,16
70,Moisturizing Lavender Body Wash,25,11
71,Heavy Duty Scrub Sponges,114,17
72,Organic Diced Tomatoes,81,15
73,YoKids Squeeze Organic Blueberry Blue Yogurt,120,16
74,"Fava Crisps, Santa Barbara Ranch",107,19
75,Vegetable Pie In A Pocket Sandwich,38,1
76,Annie's Bunny Fruit Snacks Variety,50,19
77,Linguine No 7 Pasta,131,9
78,Philadelphia Cream Cheese,108,16
79,Organic Fresh Basil,16,4
80,Organic Old World Flatbreads Pizza Crust,128,3
81,Fully Cooked Turkey Sausage Links,106,12
82,Pork & Duck Live Mousse With Port Wine Topped With Aspic,67,20
83,Hickory Smoked Turkey Breast,96,20
84,Chicken & Brown Rice Premium Dog Food,40,8
85,Oxy Power Degreaser Ultra Concentrated Dish Liquid,74,17
86,Pomegranate Blueberry Sparkling Water,115,7
87,Wheat Sandwich Bread,112,3
88,Mango Chunks,116,1
89,Garlic Texas Toast,58,1
90,Mini Watermelon,24,4
91,YoTot Organic Raspberry Pear Yogurt,120,16
92,Vegetable Classics Vegetable Soup,69,15
93,Wild Berries Sore Throat Lozenges,11,11
94,Kidz All Natural Baked Chicken Nuggets,129,1
95,"Select-A-Size Paper Towels, White, 2 Huge Rolls = 5 Regular Rolls  Towels/Napkins",54,17
96,Thin Stackers Organic 5 Grain Puffed Grain Cakes,78,19
97,Baking Bar Ghirardelli 60% Cacao,17,13
98,Plain Better Than Cream Cheese,108,16
99,Organic Orange Bell Pepper,83,4
100,American Cheese Slices 12 Count,21,16
101,Premium Quality Variety Rice,63,9
102,Fresh Yeast,36,16
103,Cannellini White Kidney Beans,59,15
104,Cherry Diet Soda,77,7
105,"Sweet Potato, White Beans & Cinnamon Stage 2",92,18
106,Crunchy Peanut Butter,88,13
107,Organic Vanilla Chip Chewy Granola,3,19
108,Pink Lady Apple,24,4
109,100% Organic Whole Peeled Tomatoes,81,15
110,Organic Hass Avocado Bag,83,4
111,Buttermilk Biscuits,105,13
112,VitaTops Deep Chocolate Muffin Tops,52,1
113,White Apple Cauliflower & Leek Organic Baby Food,100,21
114,Ice Bag,37,1
115,Reduced Fat Cream of Mushroom Condensed Soup,69,15
116,Plain Soymilk Creamer,91,16
117,Kids Soft and Chewy Candy,45,19
118,Mini Cucumbers,123,4
119,Dairy Free Coconut Milk Passionate Mango Yogurt Alternative,120,16
120,Organic Olive Oil  Spray,19,13
121,Optic White Fresh Mint Toothpaste,20,11
122,Ice Pops Sugar Free Orange Cherry Grape,37,1
123,Organic Milk,84,16
124,Special k Protein Cereal,121,14
125,Original French Toast Sticks,52,1
126,Organic Peeled & Cooked Beets,123,4
127,Gummi Bears,45,19
128,Pop-Tarts Frosted Strawberry Toaster Pastries,48,14
129,Creamy Chicken & Dumplings Soup,69,15
130,Low Fat Cottage Cheese,108,16
131,2% Reduced Fat DHA Omega-3 Reduced Fat Milk,84,16
132,Cracklin' Oat Bran Cereal,121,14
133,Organic Acai Berry Smoothie Packs,116,1
134,Steamers Cauliflower & Cheese Sauce,116,1
135,Organic Southwest Taco Seasoning,30,6
136,Seriously Sharp Cheddar Cheese Block,21,16
137,Cherry Pomegranate Greek Yogurt,120,16
138,Bag Of Ice,37,1
139,Unsweetened Whole Milk Peach Greek Yogurt,120,16
140,Iced Tea with Lemon Flavor,94,7
141,Organic Poultry Seasoning,104,13
142,Beyond Beef Fiesty Crumble,42,1
143,French Feta,21,16
144,Pretzel Snaps Bonus Bag,107,19
145,Foil Baking Cups,85,17
146,Diced Peaches in Light Syrup Fruit Cups,99,15
147,Moose Tracks Ice Cream,37,1
148,Major Dickason's Blend Ground Coffee Dark Roast,26,7
149,Original Coconut Milk,91,16
150,Reduced Sodium Worcestershire Sauce,72,13
151,Organic Whole Wheat Stoneground Flakes Cereal,121,14
152,"Melatonin, Fast Dissolve, 5 mg, Tablets, Natural Strawberry Flavor & Sweeteners",6,2
153,Super Scoop Clumping Fragrance Free Cat Litter,41,8
154,Organic Letter of the Day Oatmeal Cinnamon Cookies,92,18
155,Mango Sorbet,37,1
156,Butter Pecan Ice Cream,37,1
157,Sodel Alm Mlk Wlnut 48,91,16
158,Chocolate Mint Ganache Ice Cream Cones,37,1
159,"Frozen Desserts, Cookies and Cream",37,1
160,Spicy Jalapeno Cream Cheese Spread,108,16
161,Organic Almond Extract,17,13
162,Chef Blends Shredded 4 State Cheddar Cheese,21,16
163,Tuna Fillets in Olive Oil,95,15
164,Organic Large Grade A Eggs,86,16
165,Instant Coffee,26,7
166,Kiwi Spinach Peas & Green Apple,92,18
167,Cheese Shredded Mozzarella Reduced Fat 2%,21,16
168,Organic 2% Reduced Fat Milk,84,16
169,Organic Gluten Free Quinoa Spaghetti,131,9
170,Moisturizing Shower Gel Vanilla,25,11
171,Organic Chicken Broth,69,15
172,"The \""World's Best\"" Veggie Burger",42,1
173,Raspberry Rain Shave Gel,55,11
174,Wrap Aluminum Foil Heavy Duty,85,17
175,Unsalted Pure Irish Butter,36,16
176,Sustainably Soft Bath Tissue,54,17
177,Almond Nut & Rice Cracker Snacks,78,19
178,Bengal Spice Herbal Tea,94,7
179,Sauvignon Blanc,62,5
180,Crispy Mango Fruit,117,19
181,Meatless and Soy-Free Meatballs,42,1
182,98% Fat Free Condensed Soup Cream of Chicken,69,15
183,Large Brown Grade AA Eggs,86,16
184,Mojo Bar® Dark Chocolate Almond Coconut,3,19
185,Angel Flake Sweetened Coconut,17,13
186,Organic Frozen Mango Chunks,116,1
187,Mango Peach Goat Milk Yogurt Baby Food,120,16
188,Chopped Collard Greens,116,1
189,"Turkey Bar, Almond + Cranberry",3,19
190,Peppermint,20,11
191,Chicken Apple Sausage Egg White Breakfast Burrito,52,1
192,Quick 5-Minute Grits,130,14
193,Yellow Bell Pepper,83,4
194,"Muffins, Mini, Flax, Chocolate Brownie",8,3
195,Organic Ground Flaxseed,47,11
196,Whole Milk Ricotta Cheese,108,16
197,All American Classic Made with Non-GMO Soy Veggie Burgers,42,1
198,Organic Blueberry Waffles,52,1
199,Organic SprouTofu Savory Baked Tofu,14,20
200,60% Cacao Bittersweet Premium Baking Chips,17,13
201,"Multivitamin, Kids Complete, Gummies",6,2
202,Lorraine Quiche,13,20
203,Mint Chip,37,1
204,Roasted Green Chile & Jack Cheese Tamales,13,20
205,Caramel Flavored Sundae Syrup,103,19
206,3 lb Clementines,123,4
207,"Tri Fun Pack Fruit Loops, Cocoa Krispies; Apple Jacks",121,14
208,Taco Seasoning,30,6
209,Naturals Chicken Nuggets,129,1
210,Variety Tea,94,7
211,Peppermint Gum,46,19
212,Gluten Free Apple Cinnamon Toaster Pastry,48,14
213,Organic 85% Cacao Dark Chocolate Bar,45,19
214,99% Fat Free Chicken Broth,69,15
215,Steam In Bag Broccoli & Cauliflower,123,4
216,Shaved Parmesan,2,16
217,Ultra Plush 3 ply Toilet Paper 12 Double Rolls,54,17
218,Tomato Basil Marinara Sauce,9,9
219,Roast Turkey Breast & Stuffing Dinner,38,1
220,Lavender Floral & Mint Natural Dish Liquid,74,17
221,Lemon Cake Ice Cream,37,1
222,Fresh Pressed Virgin Coconut Oil,19,13
223,Gluten Free SpongeBob Spinach Littles,92,18
224,Liquid Upset Stomach Reliever/Anti-Diarrheal,70,11
225,Ibuprofen 200 mg Pain Reliever/Fever Reducer Tablets,133,11
226,Blueberry Figgies & Jammies,61,19
227,Lemon Blended Non-Fat Greek Yogurt,120,16
228,Unsweetened Coconut Milk,66,6
229,Key Lime Pie Fruit & Nut Food Bar,3,19
230,Free Range Chicken Broth,69,15
231,Finely Ground Potato Flour,17,13
232,The Big 16 Grain Sprouted Whole Grain Bread,112,3
233,Complete™ ActionPacs™ Fresh Scent Dishwasher Detergent,74,17
234,Organic Greek Lowfat Yogurt With Strawberries,120,16
235,Lemon & Eucalyptus Hand Soap,25,11
236,Organic Reduced Fat Omega-3 Milk,84,16
237,Classic Chicken Parmigiana & Penne,38,1
238,Chipotle Lime Meat-Free Crispy Fingers,42,1
239,Organic Original Hommus,67,20
240,Organic Green Onions,83,4
241,Organic Good Seed Bread,112,3
242,Mango Tango Fruit Smoothie Blend,31,7
243,Cleansing Towelettes Night Calming Makeup Remover,73,11
244,Classic Onion Pierogies,129,1
245,Pure Coconut Water,98,7
246,Lotzza Motzza Cheese Pizza,79,1
247,Regular,77,7
248,"Sushi Nori, Pacific, Organic",66,6
249,Natural Anticavity Silly Strawberry Fluoride Toothpaste for Children,20,11
250,Fresh Mild Salsa,67,20
251,Organic Balance Milk Protein Shake Dark Chocolate,91,16
252,Kale & Pinto Bean Pupusas,42,1
253,Organic Short Grain Brown Rice,63,9
254,Foaming Scrub Pink Grapefruit Oil-Free Acne Wash,73,11
255,Organic Acacia Fiber,70,11
256,Shea & Cocoa Butter Baby Lotion,102,18
257,Lactose Free Vanilla Ice Cream,37,1
258,Organic Stage 2 Apple Oatmeal With Cinnamon Baby Food,92,18
259,Mini Seedless Watermelon Pack,32,4
260,Santa Cruz OG Blackberry Pom Fruit Spread,88,13
261,Black Tea Pyramids,94,7
262,Extra Firm Silken Tofu,14,20
263,Strawberry Squeeze Fruit Spread,88,13
264,Mozzarella String Cheese,21,16
265,Cinnamon Swirl Raisin Bread,112,3
266,White Cheddar Snack Crackers Cheddar Bunnies,78,19
267,Fruit Juicy Red Juice Drink,98,7
268,Natural Herb Cough Drops,11,11
269,"Rising Crust Supreme (Sausage, Pepperoni, Red Peppers, Green Peppers, Onions, Black Olives) Frozen Pizza",79,1
270,Sweet Potato,78,19
271,Organic Whole Kernel Sweet Corn No Salt Added,81,15
272,Organic Eggplant,83,4
273,Papaya,24,4
274,Shells No 50 Pasta,131,9
275,Pain Relief Tablets,133,11
276,Reddi Wip Fat Free Whip Cream,53,16
277,Spectacular Ginger Beer,77,7
278,Swedish Style Non-Fat Drinkable Yogurt Plain,120,16
279,Guacamole Dips,67,20
280,"Organic Butterhead (Boston, Butter, Bibb) Lettuce",83,4
281,70% Dark Chocolate With Orange Bar,45,19
282,Clementine Dish Soap,74,17
283,Pineapple,24,4
284,Black Beans Reduced Sodium,59,15
285,"Dark Chocolate, Firecracker, 60% Cacao",45,19
286,Crispy Strips,34,1
287,Flat Fillets of Anchovies,95,15
288,Unsweetened Coconut Milk Beverage,84,16
289,Grilled Ocean Whitefish & Tuna Feast in Gravy Cat Food,41,8
290,Baked Aged White Cheddar Rice and Corn Puffs,23,19
291,Stain Remover Carpet Cleaner,114,17
292,Dark Chocolate & Mint Morsels,17,13
293,Stove Top Stuffing Mix For Chicken,4,9
294,Nestle Toll House Premier White Chocolate Morsels,17,13
295,Organic Whole Milk French Vanilla Yogurt,120,16
296,Organic Original Panko,5,13
297,Chocolate With Fudge Low Fat Ice Cream Cones,37,1
298,S'mores Luna Bar,3,19
299,Mango Coconut Chia Squeeze Vitality Snack,117,19
300,Regular Cream Cheese Spread,108,16
301,Organic Roasted Red Pepper & Tomato Soup,69,15
302,Beef Broth,69,15
303,Naproxen Sodium 220mg (NSAID) Pain Reliever/Fever Reducer,133,11
304,Original Baked Snack Crackers,78,19
305,Cheese Enchilada Meal,38,1
306,Gluten Free Fire-Roasted Vegetable Pizza,42,1
307,Original Whole Fat Lactose Free Milk,91,16
308,Red Sugar Sprinkles,97,13
309,Pink Lady Apples,24,4
310,Hampshire 100% Natural Sour Cream,108,16
311,Classic Cheddar Potatoes Pierogie,38,1
312,Olive Oil Cooking Spray,19,13
313,Midnight California Dark Red Wine Blend,28,5
314,Organic Spicy Ginger Herbal Tea,94,7
315,"Coconut Water, Pure Organic",98,7
316,Organic Brussels Sprouts,83,4
317,Organic Just Sweet Potato & Barley,92,18
318,Original Whole Grain English Muffins,93,3
319,Peppered Smoked Wild Mackerel,15,12
320,White Hot Dog Rolls,43,3
321,Antioxidant Super Tea Pomegranate Peach Passion White Tea,94,7
322,Fresh Mushroom  Pasta Sauce,9,9
323,White Beauty Bar,127,11
324,Organic Stage 2 Pears Baby Food,92,18
325,Crinkle Cut Carrots,116,1
326,Organic Honey Sweet Whole Wheat Bread,112,3
327,Square Extra Small Containers + Lids,85,17
328,Original Unfiltered Ginger Ale,77,7
329,Hearty Grains 100% Whole Wheat English Muffins,93,3
330,Organic Broccoli Crowns,83,4
331,100% Raw Coconut Water,31,7
332,Cherry Soda,77,7
333,Natural Sharp Cheddar Sliced Cheese,21,16
334,Bosc Pear,24,4
335,Probugs Strawnana Split Frozen Ypgurt,37,1
336,Hazelnut Spread With Skim Milk & Cocoa,88,13
337,"Organic Corn Thins, Original",107,19
338,Blackberry Preserves,88,13
339,Mild Fire Roasted Diced Green Chiles,30,6
340,Organic Red Heirloom Pasta Sauce,9,9
341,On the Go Natural Lemonade Drink Mix,90,7
342,Chocolate Peanut Butter Nutrition Bar,3,19
343,Mint,16,4
344,Unsalted Vegetable Cooking Stock,69,15
345,Whole Grain Loaf,112,3
346,Hot Kid Organic Baby Mum-Mum Original Rice Rusks,92,18
347,Living Herbs Potted Living Basil,16,4
348,Whole Grain Oat Cereal,121,14
349,Arancita Rossa,77,7
350,Organic Chicken Breast In Water,95,15
351,Organic Thai Coconut Curry Hummus,67,20
352,Spanish Rice Pilaf Mix,4,9
353,Original Pork Sausage,106,12
354,"Yogurt, Goat Milk, and Fruit, Banana & Natural Vanilla Bean with Pear, 2+",120,16
355,"Ravioli, Spinach & Cheese",12,9
356,Whole Milk,84,16
357,"Ambrosia, Medium Roast",26,7
358,Skinny Natural Whipped Topping,108,16
359,Aquarium Series Liquid Hand Soap Refill,127,11
360,Gluten Free Cafe Chicken Noodle Soup,69,15
361,Spicy Salmon Avocado Roll,13,20
362,Artichoke Hearts,116,1
363,Solid White Albacore Tuna In Water,95,15
364,Extralean Ground Turkey Breast,49,12
365,Original No Pulp Orange Juice,31,7
366,Ambrosia Apples,24,4
367,Garlic & Fine Herbs Gournay Cheese,21,16
368,Ultra Soft Bathroom Tissue Double Rolls,54,17
369,Bag of Oranges,24,4
370,Calcium Plus Vitamin D Vegetable Oil Spread,36,16
371,Hair Pomade Signature Mint,22,11
372,Organic Flax Plus Multibran Flakes,121,14
373,Organic Beef Uncured Hot Dogs,106,12
374,Organic Mushroom & Olive Pizza,79,1
375,"Clotted Cream, English Luxury",53,16
376,Chamomile Herbal Tea,94,7
377,Organic Skim Milk with DHA Omega-3,84,16
378,Organic Raw Unfiltered Apple Cider Vinegar,19,13
379,Pink Lady Apple Kombucha,94,7
380,Toasted Coconut Almondmilk Blend,91,16
381,Organic Sprouted Whole Grain Bread,112,3
382,Walnut Halves And Pieces,117,19
383,Italian Sparkling Pomegranate And Orange Soda,115,7
384,Organic Pomegranate,24,4
385,Almond Squirt + Mop Wood Floor Cleaner,114,17
386,Rainier Cherries,24,4
387,High Heat Canola Spray Oil,19,13
388,Mango Peach Salsa,67,20
389,English Seedless Cucumber,83,4
390,Mini Crunchy Chocolate Chip Cookies,61,19
391,Italian Dry Salame,96,20
392,"Organic Tempeh, Garden Veggie",14,20
393,Sparkling Peach Juice,31,7
394,Yellow Onions,83,4
395,Burrata alla Panna,21,16
396,Ginger Root,16,4
397,Microwaveable 100% Beef Cheeseburgers,129,1
398,K-Toos Chocolate Sandwich Cream Cookies,61,19
399,Fruit Punch 100% Juice,98,7
400,Raspberry Preserves,88,13
401,Imported Mineral Water,115,7
402,Organic Sloppy Joe Seasoning,104,13
403,Oatmeal Dark Chocolate Cookies,61,19
404,On the Go Raspberry Lemonade,90,7
405,"Eggs, Cheese & Turkey Sausage Breakfast Burrito",52,1
406,Oscillo Oscillococcinum Quick-Dissolving Pellets,11,11
407,Broccoli Florettes,32,4
408,Classic Roast,26,7
409,Nantucket Mini Chocolate Chunk Cookies,61,19
410,Original Coconut Milk Creamer,91,16
411,Green Super Food Pineapple Lemongrass Packet,65,11
412,Panda Puffs Peanut Butter Cereal,121,14
413,Wild Berry Smoothie,120,16
414,Shredded Parmesan,21,16
415,Greek Whole Milk Blended Blueberry Yogurt,120,16
416,Broccoli Rabe,83,4
417,Good Buddy USA Rawhide Braid Dog Chews,40,8
418,Organic Pepper Jack Cheese,21,16
419,Mini Peeled Carrots,83,4
420,Orange Mango Sparkling Water,115,7
421,Facial Tissue Cube,54,17
422,Seedless Red Grapes,123,4
423,Homestyle Baked Beans,59,15
424,Vanilla Bean Ice Cream,37,1
425,100% Cotton Rounds,132,11
426,Vanilla Almond Breeze,91,16
427,Large Pineapple Chunks,123,4
428,Lafayette Butter Lettuce & Radicchio Salad Blend,123,4
429,Unsweet Peach Water,115,7
430,Total 2% Lowfat Greek Strained Yogurt With Blueberry,120,16
431,Three Cheese Mini Pizza Bagels Frozen Snacks,79,1
432,Yotoddler Organic Pear Spinach Mango Yogurt,120,16
433,Vitaminwater® Focus Kiwi-Strawberry,64,7
434,Sweets Medley Sea Salt Sweet Potato Chips,107,19
435,Organic Iced Oatmeal Cookie ZBar,3,19
436,Nutty for 'Nana Low-Fat Greek Yogurt,120,16
437,Organic Cottage Cheese Classic,108,16
438,Green Onions,83,4
439,Eggs,86,16
440,Cauliflower Florets,32,4
441,100% Whole Wheat Bread,112,3
442,Organic Stage 1 First Peas Baby Food,92,18
443,Golden Brown Pure Cane Sugar,17,13
444,Lean Sweet Italian Turkey Sausage,106,12
445,Danimals Swingin' Strawberry Banana Smoothie,120,16
446,"Peach,  Apricot & Banana Stage 2 Baby Food",92,18
447,Organic Vanilla Soymilk,91,16
448,Made Good Chocolate Chip Granola Bars,3,19
449,Organic Thompson Seedless Raisins,117,19
450,Organic Iced Black Tea,94,7
451,Unsalted Organic Microwave Pop's Corn,23,19
452,Dried Mango,18,10
453,Air Effects Linen & Sky Scent Air Freshener Spray,101,17
454,Organic Bunny Fruit Snacks Berry Patch,50,19
455,Organic Infant Formula With Iron,92,18
456,Watermelon Chunks,123,4
457,Fruit & Cream Variety Pack,130,14
458,All Natural Sea Fresh Antiplaque & Strengthening Toothpaste Deep Sea Spearmint,20,11
459,Spaghetti  No 12,131,9
460,Hot Roll Sausage,106,12
461,Sparkling Water,115,7
462,Condensed Chicken Noodle Soup,69,15
463,Brown Extra Large Grade AA Eggs,86,16
464,Roasted Salted Almonds,117,19
465,Fettuccine Pasta,131,9
466,Gluten Free Dark Chocolate Chunk Chewy with a Crunch Granola Bars,3,19
467,Tropical Kombucha,31,7
468,Blue Eucalyptus & Lavender Natural Laundry Detergent,75,17
469,Monterey Jack Cheese,21,16
470,Two Organic Cornmeal Pizza Crusts,13,20
471,Happy Baby Stage 1 Sweet Potato Organic Baby Food,92,18
472,Organic No Salt Added Diced Tomatoes,81,15
473,Strawberry Banana Smoothie,98,7
474,Country White Bread,112,3
475,Boneless Beef Chuck Roast,122,12
476,Chipotle Hot Sauce,72,13
477,Deluxe Everything Bagels,93,3
478,1 Liter,115,7
479,Prosciutto,96,20
480,Protein Zone Protein Juice Smoothie,31,7
481,Margherita Pizza,79,1
482,Small Hass Avocado,24,4
483,Green Tea With Ginseng and Honey,96,20
484,Butter,36,16
485,Italian Sparkling Mineral Water,115,7
486,Unsweetened Strawberry Kiwi Water,115,7
487,Stage 1 Apples Sweet Potatoes Pumpkin & Blueberries Organic Pureed Baby Food,92,18
488,Organic Homogenized Whole Milk,84,16
489,Kettle Korn Microwave Popcorn,23,19
490,Large Brown Free Range Eggs Grade A,86,16
491,Organic SprouTofu Silken Tofu,14,20
492,YoBaby Peach Pear Yogurt,120,16
493,Okra,83,4
494,Original Glass Cleaner,114,17
495,Organic Green Peas,116,1
496,Sesame Seed,104,13
497,Reduced Fat Milk,84,16
498,Cauliflower,83,4
499,Sea Salt Fine Crystals,104,13
500,Cocktail Tomatoes on the Vine,123,4
501,Vanilla Soy Creamer,91,16
502,Organic Turkey Bacon,106,12
503,La Vodka Cooking Sauce,9,9
504,Organic Red Potatoes,83,4
505,Chicken Curry Salad,1,20
506,Italian Pasta Sauce Puttanesca Tomato & Sliced Olives,9,9
507,Popped Corn Chips Kettle,23,19
508,Reduced Sugar Tomato Ketchup,72,13
509,Total Plain Greek Strained Yogurt,120,16
510,Organic SprouTofu Teriyaki Tofu Cutlets,14,20
511,Organic Chicken Stock,69,15
512,Grade A Large White Eggs,86,16
513,Organic Reduced Fat 2% Milk,84,16
514,House Blend Deep Roast Ground Coffee,26,7
515,Stage 2 Chicken Casserole with Vegetables & Rice Organic Baby Food,92,18
516,Turkey Pastrami,13,20
517,White Onion,83,4
518,Organic Celery,83,4
519,Organic Lemon,24,4
520,Organic Ground Cardamom,104,13
521,Organic Strawberry Lemonade,98,7
522,Royal Gala Apples,24,4
523,Cinnamon Toast Organic Rice Cakes,78,19
524,"Rice Crackers, Original",78,19
525,"Honest Face, Hand, & Baby Wipes",56,18
526,Traditional Favorites Four Cheese Pasta Sauce,9,9
527,Wild Caught Frozen Sockeye Salmon Fillet,39,12
528,Four Cheese Thin Crust Pizza,79,1
529,Barolo Salami,7,12
530,Spicy Avocado Hummus,67,20
531,Veggie Lover's Salad Blend,123,4
532,Clam Juice,95,15
533,Red Bell Peppers,32,4
534,Bok Choy,83,4
535,Organic Baby Romaine,123,4
536,Organic Apples,24,4
537,Milk Chocolate Sea Salt Caramels,45,19
538,Organic Crushed Red Pepper,104,13
539,Blueberry Vanilla Polar Puffs Cereal,121,14
540,Boneless Skinless Chicken Breast,35,12
541,Eggo Chocolate Chip Waffles,52,1
542,Mini Moo's Real Cream Half & Half,53,16
543,Maple Pumpkin Seeds with Sea Salt Chewy with a Crunch Granola Bars,3,19
544,Chocolate Almond Crunch Ice Cream,100,21
545,Fresh Goat Cheese,21,16
546,Farfalle No. 93,131,9
547,Whole Milk Plain Yogurt,120,16
548,Junmai Sake,134,5
549,Honey Nut Os,121,14
550,Golden Flaxseed,17,13
551,Lemon Tulsi Tea,94,7
552,Low Sodium Beef Broth,69,15
553,Roasted Garlic Family Size Hummus,67,20
554,Original String Cheese,21,16
555,Dijon Mustard Squeeze Bottle,72,13
556,Natural Artesian Bottled Water,115,7
557,Clementines,32,4
558,Raisin Bran Cereal,121,14
559,Organic Apple & Butternut Squash Baby Food,92,18
560,Organic Fancy Shredded Mozzarella Cheese,21,16
561,Organic Red Kidney Beans,68,10
562,Eggo Mini Homestyle Waffles,52,1
563,Bite Size Tortilla Chips,107,19
564,Pumpkin Spice Protein Bar,3,19
565,Minced Onions,104,13
566,Fruit Gushers Fruit Flavored Snacks Variety Pack,50,19
567,Chunky Garden Combination Pasta Sauce,9,9
568,Organic & Raw Strawberry Serenity Kombucha,31,7
569,Organic Fire Roasted Corn,116,1
570,Cheese Puffs Original,107,19
571,Light & Lean Pasta & Veggie Bowl,38,1
572,Vanilla Sandwich Creme Cookies,61,19
573,Brown Eggs,86,16
574,Santa Cruz OG Apricot Fruit Spread,88,13
575,Unsweetened Almond Milk,91,16
576,Mini Original Babybel Cheese,21,16
577,Soft Potato Bread,112,3
578,Chunky Peanut Butter,88,13
579,High Protein Bar Creamy Peanut Butter,3,19
580,Raspberry Chocolate Chip Gelato,37,1
581,All Whites 100% Egg Whites,86,16
582,Organic Vitality Snack Green Magic Chia,92,18
583,Almond Acai Lite Bar,3,19
584,Sprouted Whole Grain & Seed English Muffins,93,3
585,Little Bites Fudge Brownies,61,19
586,Fruit Roll-Ups Tropical Tie-Dye Fruit Flavored Snacks,50,19
587,Smartfood White Cheddar Cheese Popcorn,23,19
588,Simple Favorites Fettuccini Alfredo,38,1
589,Mini Quiche Florentine,13,20
590,Bag of Lemons,24,4
591,Organic Sparkling Cider,77,7
592,Sliced Salmon Canned Catfood Entree,41,8
593,Sponge Regular,114,17
594,Backyard Barbeque Potato Chips,107,19
595,Key Lime Oikos Greek Yogurt,120,16
596,Oh My Yog! Madagascar Vanilla Trilayer Yogyurt,120,16
597,Milk Chocolate,45,19
598,Organic YoKids Very Berry Smoothies,120,16
599,Organic Baby Food Banana Beet & Blueberry,92,18
600,Crunchy Chocolate Chip Chia Granola & Seed Bars,48,14
601,Super Garlic Croutons,112,3
602,Mozzarella Cheese,21,16
603,Classic Bologna,96,20
604,No Pulp Calcium & Vitamin D Pure Orange Juice,31,7
605,Organic Oil Canola,19,13
606,Organic Spelt English Muffins,93,3
607,Organic Whole Peeled Plum Tomatoes,81,15
608,Grinder Sea Salt,104,13
609,Cookie Tray,8,3
610,Organic Braeburn Apple,24,4
611,Cheese Ravioli with Sauce Bowls,38,1
612,Hearts Of Palm,81,15
613,Organic Iced Green Tea,94,7
614,Flat Fillets Anchovies,95,15
615,Organic Berry Goodness Juice,31,7
616,Whole Mushrooms,123,4
617,Organic Garlic Granules,104,13
618,Revive Zero Vitamin Water,64,7
619,Quest Bar Chocolate Chip Cookie Dough Protein Bar,3,19
620,Tomatoes Medley Mix,83,4
621,Organic Balsamic Vinaigrette,89,13
622,Organic Iceberg Lettuce,83,4
623,Red Blend,28,5
624,Raisin Bran,121,14
625,Caramel Fudge High Protein Bar,3,19
626,Strained Whole-Milk Yogurt Blueberry,120,16
627,Organic Original Almond Milk,91,16
628,Mayo Made With Avocado Oil,72,13
629,Chicken & vegetable dumplings with rice in an Asian-style dipping sauce. Asian-Style Pot Stickers,38,1
630,World Cuisine Certified Halal Chicken Tikka Masala With Basmati Rice,38,1
631,Alfredo Sauce,9,9
632,Organic Fresh Pressed Pure Lemon Juice,98,7
633,Organic White Basmati Rice,63,9
634,Dishwasher Gel Free & Clear,74,17
635,Organic Tomato Paste,81,15
636,"Sparkling Mineral Water, Natural Lemon Flavor",115,7
637,Peanut Butter Ice Cream Cup,100,21
638,Pecorino Romano,2,16
639,Rutabagas,83,4
640,"Happy Tot Banana, Peach, Prune & Coconut Organic Superfoods",92,18
641,Low Fat Plain Yogurt,120,16
642,Grain Free Chicken Formula Cat Food,41,8
643,Organic Alfalfa Sprouts,83,4
644,Organic Cheddar Bunnies,78,19
645,Large Enriched Bread,112,3
646,Light Semisoft Cheese,21,16
647,Sooo Good Light Roast Coffee,26,7
648,Traditional Plain Greek Yogurt,120,16
649,Green Tea Lemon Ginger Organic Tea,94,7
650,Dark Magic Extra Bold Dark Roast Coffee K Cups,26,7
651,Organic Whipped Naturally Buttery Spread,91,16
652,Mini Babybel Mozzarella Cheese,21,16
653,Chopped Pecans,117,19
654,Rice Dream Frozen Vanilla Dessert Bites,37,1
655,Coconut Vanilla Creme Miracle Tart,61,19
656,Cilantro Avocado Yogurt Dressing,89,13
657,"Free & Clear Laundry Detergent, 3x Concentrated, HE",75,17
658,71% Virgin Dark Chocolate With Sea Salt Bar,45,19
659,Vegan Cheddar Mac & Cheese,4,9
660,Deep Green Blends Kale,32,4
661,Milk Chocolate Covered Pretzels,45,19
662,Organic Whole O's Cereal,121,14
663,"SportsDrink, Orange Flavored",98,7
664,Primordial Himalayan Sea Salt,10,17
665,Organic Hazelnut Spread,88,13
666,Island Mango Premium Fruit Snacks,50,19
667,"Bread, Sliced, Extra Sourdough",112,3
668,Natural Lime Flavor Sparkling Mineral Water,115,7
669,Verde Salsa,30,6
670,Herb Crackers,78,19
671,Chocolate Chip Cookie Dough Bar,3,19
672,Dark Chocolate Frozen Dessert bars,37,1
673,The Original Ranch Buttermilk Recipe Salad Dressing And Seasoning Mix,89,13
674,Raw Chocolate Cacao Nibs,117,19
675,Chicken & Dumplings Organic Soup,69,15
676,Sweet Red Grape Tomatoes,83,4
677,Organic Poblano Pepper,100,21
678,Pinto Beans No Salt Added,59,15
679,Chive & Onion Cream Cheese Spread,108,16
680,Garlic Hummus,67,20
681,Organic Vanilla Extract,17,13
682,Whole Almonds,117,19
683,Spinach And Ricotta Ravioli,2,16
684,New Orleans Iced Coffee,26,7
685,Low-Fat Strawberry Banana on the Bottom Greek Yogurt,120,16
686,Doubleshot Light Espresso and Cream Coffee Drink,26,7
687,Organic Chewy Chocolate Banana Bites,117,19
688,Blueberry Mini Muffins,93,3
689,Cinnamon Rolls with Icing,105,13
690,Milk Chocolate Pretzels,45,19
691,Vegetarian Vegetable Condensed Soup,69,15
692,Organic Unsweetened Creamy Cashewmilk,91,16
693,Mild Chunky Salsa,51,13
694,Greek 100 Protein Vanilla Fat Free Yogurt,120,16
695,Cinnamon Roll Bar,3,19
696,Organic Chicken & Wild Rice Soup,69,15
697,"Dressing, Jersey Sweet Onion, Calorie Free",83,4
698,Broccoli Bunch,83,4
699,Gluten Free Extra Crispy Fast Food French Fried Potatoes,129,1
700,Scoops! Tortilla Chips,107,19
701,Red Raspberry Preserves,88,13
702,Whole Wheat Tandoori Naan,128,3
703,Organic SprouTofu Super Firm Tofu,14,20
704,Organic Lowfat Plain Yogurt,120,16
705,Dark Chocolate Pot De Creme,71,16
706,The Complete Peanut Butter Cookie,3,19
707,Premium Original Saltine Crackers,78,19
708,Oregano,104,13
709,Tomato Ketchup,72,13
710,Dark Chocolate Pumpkin Seed Bark,45,19
711,Unflavored Sugar Free Jel Dessert,105,13
712,Acti Fresh Body Shape Regular Pantliners,126,11
713,Organic Sticks Low Moisture Part Skim Mozzarella String Cheese,21,16
714,Dinosaurs Chicken Breast Cutlets,34,1
715,Marketplace  Asparagus & Cheese Ravioli,38,1
716,Greek 100 Calories Apple Pie Fat Free Yogurt,120,16
717,Soft Pretzel Burger Buns,43,3
718,Olive Oil & Vinegar Dressing,89,13
719,Tomato Basil Cooking Sauce,9,9
720,Bologna,96,20
721,Raw Shrimp,34,1
722,Organic Diced Tomatoes with Italian Herbs,81,15
723,Seaweed Salad,13,20
724,Cinnamon Raisin Sprouted Whole Grain Cereal,121,14
725,Dark Green Sugar Sprinkles,97,13
726,Chicken Thighs,49,12
727,BelVita Golden Oat Breakfast Biscuit Packets,48,14
728,"Ice Pops Sugar Free, Orange, Cherry, Grape",37,1
729,Original Air Effects With Gain Air Freshening Spray,101,17
730,Grilled Chicken Breast,13,20
731,Organic Unsalted Butter,36,16
732,Chicken & Apple Breakfast Sausage,106,12
733,Karamel Sutra Core Ice Cream,37,1
734,Gluten Free Whole Grain Bread,58,1
735,Select Fat Free Skim Milk,84,16
736,Lime,24,4
737,Graduates Lil Crunchies Veggie Dip,92,18
738,One Plant-Based Chocolate Flavor Nutritional Shake Drink Mix,65,11
739,Fully Cooked Original Pork Sausage Links,106,12
740,Chopped Organic Garlic,110,13
741,Pizza 4 Cheese,79,1
742,100% Recycled Paper Towels,54,17
743,Spinach Pizza,79,1
744,Uncured Beef Hot Dogs,106,12
745,Salted Peanuts,117,19
746,Packaged Grape Tomatoes,32,4
747,Organic Pineapple Chunks,123,4
748,Pineapple Yogurt 2%,120,16
749,Euro Classic Brioche Hot Dog Buns,43,3
750,Organico Bello Tomato Basil Pasta Sauce,9,9
751,Cherry Flavor Primadophilus Kids Chewables,70,11
752,Petite French Baguette,112,3
753,"Face Wash, Original",109,11
754,Traditional Hummus,67,20
755,Organic Navel Orange,24,4
756,French Organic Dressing,89,13
757,Russet Potato,83,4
758,Paper Towels,54,17
759,Alfredo Sauce Mix,9,9
760,Ground Ginger,104,13
761,Traditional Favorites Tomato & Basil Pasta Sauce,9,9
762,Easy Mac Original Flavor Macaroni & Cheese Dinner,4,9
763,100% Recycled Bathroom Tissue,54,17
764,Peanut Butter Creamy With Salt,88,13
765,Whole Grain White Hot Dog Buns,43,3
766,Flavored with Meat Italian Sauce,9,9
767,"Orange Juice, California",98,7
768,Apple Honeycrisp Organic,24,4
769,Organic Herbal Mint Tea Bags,94,7
770,Organic Heavy Cream,53,16
771,Nonfat Icelandic Style Strawberry Yogurt,120,16
772,34% Cacao Milk Chocolate Bar,45,19
773,Green Peas No Salt Added,116,1
774,Broccoli Crown,83,4
775,Organic Waffles Flax Plus,52,1
776,Hearty Thick Cut Bacon,106,12
777,Tangerine Lime Sugar Free Sparkling Water,77,7
778,Cinnamon Raisin Bread,112,3
779,Original Black Box Tablewater Cracker,78,19
780,Strawberry Rhubarb Yogurt,120,16
781,Whole Young Chicken,49,12
782,Organic Red Onion,83,4
783,Scoops,107,19
784,Green Leaf Shreds,123,4
785,Sweet Potato Tortilla Chips,107,19
786,Baby Cucumbers,32,4
787,VitaminWater Zero™ XXX Acai Blueberry Pomegranate,64,7
788,Organic Country Style Barbeque Potato Chips,107,19
789,Vanilla Milk Chocolate Almond Ice Cream Bars,37,1
790,Organic Frozen Blueberries,117,19
791,Pasta Joy Ready Organic Brown Rice Pasta Penne,131,9
792,Diced Tomatoes,81,15
793,Semi-Sweet Chocolate Premium Baking Chips,17,13
794,Dairy Free French Vanilla Creamer Almond Milk,100,21
795,Cheddar & Sour Cream Potato Chips,107,19
796,Dairy Free Coconut Milk Blueberry Yogurt Alternative,120,16
797,Air Effects Mediterranean Lavender Air Freshener,101,17
798,Ravioli with Spinach & Ricotta,38,1
799,Comfort Roasted Turkey Breast Dinner,38,1
800,Synergy Organic & Raw Cosmic Cranberry,31,7
801,90% Less Fat Organic Powdered Peanut Butter,88,13
802,Fully Husked & Trimmed Super Sweet Corn,32,4
803,Organic Carrots,83,4
804,"Sweet Peas, Greens & Brown Rice Organic Baby Food",92,18
805,Milk Chocolate Covered Raisins,45,19
806,Natural Spring Water,115,7
807,Organic White Chocolate Peanut Butter Cups,45,19
808,Builder's® Chocolate Peanut Butter Protein Bars,3,19
809,Semi-Sweet Mini Chocolate Chips,17,13
810,"Pears, Kale & Spinach Organic Baby Food",92,18
811,Organic Uber Green,64,7
812,Buttery Homestyle Mashed Potatoes,4,9
813,Organic Chicken Pot Pie,38,1
814,Premium Pepperoni Pizza in Garlic Buttery Crust Sandwiches,38,1
815,Basil,16,4
816,Danish Variety Pack,93,3
817,Organic Balance Vanilla Bean Milk Protein Shake,65,11
818,Vanilla Coconut Milk Yogurt,120,16
819,Organic Garlic Powder,104,13
820,Fruit Tea Sampler Herbal Tea,94,7
821,Organic Creamy Chocolate Fudge Nutritional Shake,84,16
822,Organic Yellow Zucchini,83,4
823,Frosted Flakes,121,14
824,Fuji  Apples,24,4
825,All Natural Virgin Lemonade,31,7
826,EF Honey Nut Rice Cakes Eco-Farmed Rice Cakes,78,19
827,Boneless Skinless Chicken Thighs,35,12
828,Cook & Serve Vanilla Pudding Pie Filling,105,13
829,Gluten Free Vanilla Glazed Donuts,119,1
830,American Cheese slices,21,16
831,Gluten Free Pizza Crust,128,3
832,Mint Chocolate Cookie Ice Cream,37,1
833,Blueberries,116,1
834,Organic Vegetable Broth,69,15
835,Organic Morning Harvest Apples + Walnuts Macrobar,3,19
836,"Yogurt, Organic Icelandic, Nonfat, Vanilla",120,16
837,Rice Crust Roasted Vegetable Pizza,79,1
838,Broccoli & Cheddar Bake Meal Bowl,38,1
839,Honey Graham Snacks,61,19
840,Lemon Italian Sparkling Mineral Water,115,7
841,Cf Van Pmpkn Grnola 11,3,19
842,Organic Chèvre Fleurie Soft Ripened Goat Cheese,2,16
843,Chopped Ginger,110,13
844,Cookie Dough Slow Churned Ice Cream,37,1
845,Organic Balsamic Vinaigrette Dressing,89,13
846,Diet Coke Caffeine Free Soda,77,7
847,Sesame Stir Fry with Chicken,38,1
848,"Friends Honey, Chocolate & Chocolate Chip Bunny Grahams Whole Grain Snacks",61,19
849,Vegan Hickory & Sage Benevolent Bacon,14,20
850,Culinary Coconut Milk,91,16
851,Jumbo Turkey Franks,106,12
852,Fresh Whole Chicken,49,12
853,"Chicken Breast Patties, 100% All Natural, Fully Cooked & Breaded",34,1
854,Gluten-Free Supergrain Pasta Elbows,131,9
855,Vitamin C 1000mg Coconut-Pineapple Drink Mix Dietary Supplement,90,7
856,Sesame Melba Rounds,78,19
857,"Muffin & Cake Mix, Almond Flour, Chocolate",17,13
858,Organic Sesame Oil,19,13
859,Half And Half Ultra Pasteurized,84,16
860,Garlic Powder,104,13
861,Purity Farms Ghee Clarified Butter,36,16
862,Organic Chicken & Apple Sausage,106,12
863,Homestyle Classics Meatloaf,38,1
864,"Organic Apple Cider Vinegar Drink, Concord Grape-Acai",98,7
865,April Fresh Liquid Fabric Softener,75,17
866,Pepperoni Pizza Frozen Sandwiches,129,1
867,Healthy Indulgence Salmon & Chicken Cat Food,41,8
868,Penne Rigate #41 Pasta,131,9
869,Organic 2% Buttermilk,84,16
870,Gluten Free Chocolate Brownie Mix,105,13
871,Granny Smith Apples,24,4
872,Frozen Peaches,116,1
873,Calcium Enriched 100% Lactose Free Fat Free Milk,91,16
874,Dry Roasted Peanuts,117,19
875,Unsweetened Iced Coffee,26,7
876,Organic Raw Multigreen Kobmbucha,31,7
877,Organic Saltine Baked Cracker Classic Crackers,78,19
878,Deodorant Antiperspirant Gel- Lavender Scent,80,11
879,Original Tortilla Strips,107,19
880,Whole Milk Peach Yogurt Smoothies,100,21
881,Meatless & Soy Free Frozen Chik'n Tenders,42,1
882,Organic Red Cherry Tomato,83,4
883,Thai Peanut Sauce,66,6
884,Chicken Breast Tenders,35,12
885,Natural Classic Pork Breakfast Sausage,52,1
886,Organic Hearts Of Palm,81,15
887,Sliced Pimientos,30,6
888,Turkey Franks,106,12
889,Ancient Grain Original Granola,57,14
890,Clean Day Liquid Hand Soap Peppermint,100,21
891,Mocha Almond Fudge Minis Almond Milk Frozen Dessert,37,1
892,Persimmon Sharon Fruit Cv,24,4
893,Dairy Free Coconut Milk Beverage,91,16
894,Extra Virgin Olive Oil Blend,19,13
895,Grilled Salmon Feast in Gravy Cat Food,41,8
896,Organic Homestyle Mini Waffles,52,1
897,Organic Acai Superfood Juice,31,7
898,Sparkling Natural Spring Water,115,7
899,Black Forest Berry Caffeine-Free Tea,94,7
900,Tomato and Basil Bombolina Pasta Sauce,9,9
901,Triple Clean Mint Floss Picks,20,11
902,Chicken Tikka Masala with Cumin Infused Basmati Rice Frozen Meal,38,1
903,Grain Free Maple Granola,57,14
904,Blueberry Scones,93,3
905,Tostitos Simply Organic Blue Corn Tortilla Chips,107,19
906,All One Hemp Lavender Castile Soap Bar,25,11
907,Salted Caramel Yoghurt,120,16
908,Organic Portabello Mushroom Caps,123,4
909,Freeze Dried Instant Coffee,26,7
910,Cheese Pizza,79,1
911,Real Vegetable Chips Original Sea Salt Non GMO,107,19
912,Original Popcorn,23,19
913,Original Antacid & Pain Relief Tablets 36 Ct,70,11
914,Organic Whole Wheat Pita,112,3
915,Four Cheese Pizza,79,1
916,Organic Shells & White Cheddar Macaroni and Cheese,4,9
917,Organic Multigrain Waffles,52,1
918,Pencil Birthday Candles,97,13
919,Original Cooking Spray,19,13
920,Organic Broccoli,83,4
921,Balsamic Reduction Traditional Balsamic,72,13
922,Everyday Fresh 85% Lean Ground Turkey,49,12
923,Bakery Classics 100% Whole Wheat Hamburger Buns,43,3
924,Dill,16,4
925,Madras Lentils Indian Cuisine,76,6
926,Delicate Care Scrub Sponges - 3 CT,114,17
927,Beef Loin New York Strip Steak,122,12
928,Vegan Aged White Cheddar Flavor Puffs,107,19
929,Organic Crushed Tomatoes,81,15
930,Original Strawberry Banana Yogurt,120,16
931,Natural Creamy Peanut Butter,88,13
932,Organic Australian Style Vanilla Lowfat Yogurt,120,16
933,Unsweetened Organic Coconut Milk,91,16
934,Natural Skin Essentials Facial Cleansing Towelettes - 30 CT,25,11
935,Less Sodium Soy Sauce,66,6
936,Low Sodium Refried Black Beans,59,15
937,Tilapia Filet,39,12
938,Cola Soft Drink,77,7
939,Lightly Sweet Chai Skinny Latte,100,21
940,Kellogg's Nutri-Grain Apple Cinnamon Cereal,48,14
941,Original BBQ Sauce,72,13
942,Organic 1% Low Fat Milk,84,16
943,Multigrain Cereal,121,14
944,Corn Meal Pizza Crust,58,1
945,Honey & Maple Turkey Breast,96,20
946,Artisan Sausage Pineapple Uncured Bacon Hardwood Smoked with Vermont Maple Syrup,24,4
947,On-The-Go,13,20
948,Yokids Organic Strawberry Banana Lowfat Yogurt Squeeze,120,16
949,Swiss Muesli,121,14
950,Organic American Cheese Singles,21,16
951,Simple Favorites Chicken Enchilada Suiza,38,1
952,Roasted Red Pepper Hommus,67,20
953,Shredded Carrots,123,4
954,All Natural New England Style Clam Chowder Soup,69,15
955,Whole Bean French Roast Dark Roast Blend Extra Bold Coffee,26,7
956,Parchment Paper,85,17
957,Organic Celery Hearts,83,4
958,Kosher Dill Pickles,110,13
959,Clean Care Mega Rolls Toilet Paper,54,17
960,Pistachios,117,19
961,Family Size Shells & White Cheddar Macaroni & Cheese,4,9
962,Dark Chocolate Cherry Chia Bar,3,19
963,Black Plum,24,4
964,Zen Tea,94,7
965,Organic Fuji Apples,24,4
966,Rice Krispies Treats Original Crispy Marshmallow Squares,61,19
967,Sencha Shot Japanese Green Tea,94,7
968,Dragon Fruit,24,4
969,Organic Genoa Salami,96,20
970,Organic English Cucumber,83,4
971,Honey Low Fat Grahams,78,19
972,Rustic Sourdough Bread,112,3
973,Essentials Organic Green Delight Juice,98,7
974,Hard Candies,45,19
975,Dry Roasted Almonds,117,19
976,Sizzling Szechuan Beefless Strips,42,1
977,Sonic Energy Refreshed,64,7
978,Organic Bernie O's,59,15
979,Half And Half Cream,53,16
980,Organic Deep Greens Kale Blend,123,4
981,Coconut Milk,66,6
982,Cool Mint® Antiseptic Adult Mouthwash,20,11
983,Yukon Gold Potatoes 5lb Bag,83,4
984,Assorted Compostable Flatware,111,17
985,Traditional Basil Pesto Sauce,9,9
986,Whipped Butter,36,16
987,Mini Whole Grain Waffles,52,1
988,Organic Protein Unsweetened Vanilla Almond Milk,91,16
989,Chocolate Belgian Waffles,52,1
990,Grands! Flaky Layers Butter Tastin' Biscuits,105,13
991,Plain Bread Crumbs,5,13
992,Chunky Mild Salsa,51,13
993,Apple Scent Liquid Hand Soap,25,11
994,Pepperoni,96,20
995,93% Ground Beef,122,12
996,Cut & Peeled Baby Carrots,123,4
997,Organic Purple Kale,83,4
998,Italian Extra Virgin Olive Oil,19,13
999,Organic Mixed Herbs,16,4
1000,Original Nooks & Crannies English Muffins,93,3
1001,Feta Crumbled Reduced Fat Cheese,21,16
1002,Non Dairy Chunky Monkey,37,1
1003,Dark Chocolate Coconut Almond Bark,45,19
1004,Organic Red Bell Pepper,83,4
1005,Peanut Butter Bar,3,19
1006,Organic Yokids Lemonade/Blueberry Variety Pack Yogurt Squeezers Tubes,120,16
1007,Sprouted Khorasan Honey O's,121,14
1008,Organic Raspberry Lowfat Yogurt,120,16
1009,Spot's Stew Wild Salmon Recipe Cat Food,41,8
1010,Organic Salted Individually Wrapped Quarters Butter,36,16
1011,Applewood Smoked Bacon,106,12
1012,Original Craisins,117,19
1013,Yobaby Organic Plain Yogurt,120,16
1014,Blueberry Crisp Energy Bar,3,19
1015,Natural Alpine Spring Water,115,7
1016,Grain Free Turkey & Salmon Formula Cat Food,41,8
1017,Lowfat Vanilla Yogurt,120,16
1018,Whole Wheat Ramen Noodles,66,6
1019,Organic Wild Blueberry Bars,3,19
1020,Fridge Pack Cola,77,7
1021,Nutritional Yeast Seasoning,104,13
1022,Baked Beans with Tomato Sauce,59,15
1023,Organic Cream Cheese Bar,108,16
1024,Clean Linen Jar Candle,101,17
1025,Apple Apple Applesauce On The Go Pouches,99,15
1026,Cayenne Cleanse Probiotic Tea,31,7
1027,Humboldt Fog,2,16
1028,Medium Cheddar Cheese Block,21,16
1029,Dishwasher Detergent ActionPacs Fresh Scent,74,17
1030,Sweet Sliced Apples,123,4
1031,Organic Fat Free Cottage Cheese,21,16
1032,Giovanni Avocado & Olive Oil Ultra-Moist Shampoo,22,11
1033,Vitamin Water Zero Squeezed Lemonade,64,7
1034,Single Serve Crispy Wheat Crackers,78,19
1035,Organic Low Sodium Chicken Cooking Stock,69,15
1036,Swiss Cheese Deli Slices,21,16
1037,Organic Romaine Leaf,123,4
1038,Defense Up Cold Pressed Fruit Smoothie,31,7
1039,Candy Bar,45,19
1040,Baby Spinach,123,4
1041,Ancient Grain Blueberry Hemp Granola,57,14
1042,Seasoning Paprika,104,13
1043,Organic California Sushi Rice,63,9
1044,Extra Large Grade A Eggs,86,16
1045,Organic Cashew Nondairy Blueberry Yogurt,100,21
1046,Shortbread Cookies,61,19
1047,Dried Mangos,117,19
1048,Double Stuf Oreo Sandwich Cookies,61,19
1049,Sea Salt & Vinegar Olive Oil Potato Chips,107,19
1050,The Original Irish Creme Liquer,124,5
1051,Original Super Soy Protein Tropical Flavored Shake,64,7
1052,Organic Mini Sandwich Crackers Peanut Butter,78,19
1053,Chicken-Style Seitan,66,6
1054,Mango Spears,123,4
1055,Original Soda Crackers,78,19
1056,Unsweetened Pear Essence Water,115,7
1057,Crushed Tomatoes,81,15
1058,Moroccan Mint Herbal Tea,94,7
1059,Plain Greek Yogurt,120,16
1060,Chopped Kale,123,4
1061,Gluten Free Blueberry Oat Muffin Tops,52,1
1062,Chicken Breast Tenders Breaded,129,1
1063,Chorizo Seitan,14,20
1064,Sour Cream & Onion Flavored Potato Chips,107,19
1065,White Corn Tortillas,128,3
1066,Honey Ham,96,20
1067,Organic Quinoa & Brown Rice With Garlic,63,9
1068,"Crackers, Baked, Crispy Sea Salt",78,19
1069,Honey Yoghurt,120,16
1070,Large Alfresco Eggs,86,16
1071,Organic Carrot Juice,31,7
1072,Full-Size Chocolate Bars,45,19
1073,Superfood Currant Cacao & Hemp Seedbar,3,19
1074,Light & Lean Black Bean and Cheese Enchilada,38,1
1075,Corn Chips,107,19
1076,Pure Ground Black Pepper,104,13
1077,Wheat Protein Cubed,14,20
1078,Organic Chocolate Syrup,29,13
1079,Dairy Free Coconut Milk Chocolate Yogurt Alternative,120,16
1080,Mixed Berry Lowfat Yogurt,120,16
1081,Chorizo Style,14,20
1082,"Pizza, Thin & Crispy, Ionian Awakening",79,1
1083,Lemon Fruit & Nut Food Bar,3,19
1084,Peanut Butter Chocolate Chip Macrobar,3,19
1085,Cage Free Large White Eggs,86,16
1086,Green Beans And Brown Rice Stage 2 Baby Food,92,18
1087,Organic Lemon Lowfat Yogurt,120,16
1088,French Vanilla Liquid Coffee Creamer,53,16
1089,Chili Powder,104,13
1090,Arrowroot Starch/Flour,17,13
1091,Classic Roast Medium Ground Coffee,26,7
1092,Red Raspberries,123,4
1093,"Mushroom, Spinach, and Salsa Tamales",30,6
1094,Bing Cherries,24,4
1095,Free & Clear All-Purpose Natural Cleaner,114,17
1096,Gluten Free Verde Sauce,89,13
1097,Rustic Italian Vegetable Soup,69,15
1098,Cashew Cookie Fruit & Nut Bar,3,19
1099,Laundry Detergent Free & Clear,75,17
1100,Organic Milk Whole,84,16
1101,Chunky Medium Salsa,51,13
1102,Organic Gluten Free Brownie Mix,105,13
1103,Unflavored Gelatin,105,13
1104,Kickstart Pineapple Orange Mango,77,7
1105,String Cheese,21,16
1106,"Sparkling Water, Bottles",115,7
1107,Kidz Baked Chicken Nuggets,129,1
1108,Total 2% with Raspberry Pomegranate Lowfat Greek Strained Yogurt,120,16
1109,"Tortillas, Corn, Organic",128,3
1110,Organic Gluten & Wheat Free Homestyle Waffles,52,1
1111,Madagascar Vanilla Ice Cream,37,1
1112,Goat Milk Yogurt Vanilla,120,16
1113,Heritage Flakes Cereal,121,14
1114,Buttermilk Pancakes,52,1
1115,Homemade Style Basil Pesto,9,9
1116,Natural Dog Food Turkey & Sweet Potato Formula,40,8
1117,Rev #1 Pepperoni Pizza Snack Wrap,13,20
1118,Baked Organic Sea Salt Crunchy Pea Snack,72,13
1119,Pinot Noir,28,5
1120,Asparagus Spears,83,4
1121,Raspberries Dark Chocolate Bar,45,19
1122,"Carrot, Mango, & Coconut With Red Lentils Organic Baby Food",92,18
1123,Gluten-Free Supergrain Pasta Organic Corn & Quinoa Blend Penne,131,9
1124,Organic Pear Juice,98,7
1125,Spicy Hummus,67,20
1126,Chicken Flavor Ramen Noodle Soup,4,9
1127,Quick Dissolve Superfine Pure Cane Sugar,17,13
1128,Corn Starch,17,13
1129,Chewy Peanut Peanut Butter Granola Bars,3,19
1130,Cheddar Cheese,21,16
1131,Diet Soda,77,7
1132,Gluten-Free Chicken Nuggets,34,1
1133,Tamari Gluten Free Soy Sauce Reduced Sodium,66,6
1134,Organic Mint Mélange Herbal Tea,94,7
1135,"Monviso, California Heirloom Fresh Peeled Garlic",123,4
1136,Basil Pesto,9,9
1137,Organic Cheddar & Broccoli Quinoa Squares,78,19
1138,Gluten Free Organic Taco Sliders Corn Tortillas,30,6
1139,Unscented 1000 Sheets Per Roll Bathroom Tissue,54,17
1140,Classic Wheat Bread,112,3
1141,Original Diced Tomatoes & Green Chilies,81,15
1142,Vanilla Protein Almond Milk,91,16
1143,EF California White Basmati Eco-Farmed 2 lb Rice,63,9
1144,90 Calorie Chocolate Chip Cookie,48,14
1145,Organic Cherries,123,4
1146,Chocolate Chip Cookie Dough Ice Cream,37,1
1147,Probiotic Green Coconut Water,70,11
1148,All Natural Smoothies Orange Dream Machine,113,1
1149,Brie,2,16
1150,Lavender Hand Soap,25,11
1151,Dairy Free Hazelnut Coconut Milk Creamer,91,16
1152,Organic Italian Herb Pasta Sauce,9,9
1153,Indian Paneer Tikka,38,1
1154,Wild Sardines in Extra Virgin Olive Oil with Lemon,95,15
1155,Hass Avocados,32,4
1156,Bowls Tortilla Casserole & Black Beans,42,1
1157,Organic Lactose Free 1% Lowfat Milk,91,16
1158,"Vegetable Base, Organic",69,15
1159,Organic Love Crunch Granola Dark Chocolate & Red Berries,57,14
1160,Plain Goat Milk Yogurt,120,16
1161,Earl Grey Tea Bags,94,7
1162,Organic Sage,16,4
1163,Original Beef Jerky,23,19
1164,California Lemonade,31,7
1165,Reduced Sugar Craisins,117,19
1166,Organic Sunday Bacon,106,12
1167,Muscat Grapes,24,4
1168,Baby Food Pears Squash,92,18
1169,Splash Strawberry Kiwi,98,7
1170,Red Bell Pepper,83,4
1171,"Motion Sickness Relief, Less Drowsy Formula, 25 mg",70,11
1172,Mezze Penne Pasta,131,9
1173,French Vanilla Coconut Milk Creamer,91,16
1174,Rigatoni Pasta,131,9
1175,6 OZ LA PANZANELLA CROSTINI ORIGINAL CRACKERS,78,19
1176,Gluten Free Supreme Pizza,79,1
1177,Birthday Candles,97,13
1178,Organic Bakery Tortillas Whole Spelt,128,3
1179,100% Natural Spring Water,115,7
1180,Yellow Grape Tomatoes,83,4
1181,Certified Organic Oranges,123,4
1182,Organic Potato Russet,83,4
1183,Organic Wraps Wheat,13,20
1184,Cashew Milk Snickerdoodle Non-Dairy Frozen Dessert,37,1
1185,G Series Perform Lemon Lime Sports Drink,64,7
1186,Cocoa Noir Cold Brew Coffee With Almondmilk,31,7
1187,Dry Roasted 100 Calorie Packs Almonds,117,19
1188,Super Nutty Granola,68,10
1189,Blue Cheese Dressing & Dip,89,13
1190,Organic Mung-Bean Sprouts,123,4
1191,Organic Ground Turkey,35,12
1192,"Yogurt, Lowfat, Strawberry",120,16
1193,Mexican Style Hominy,30,6
1194,Multigrain Oat Bread,112,3
1195,Peanut Butter & Co Cinnamon Raisin Swirl,88,13
1196,Organic Tomato,83,4
1197,Spaghetti Squash,83,4
1198,Bun Length Beef Franks,106,12
1199,Organic Whole Peeled Tomatoes,81,15
1200,Organic Gunpowder Green Tea,94,7
1201,Calorie Free Sweetener,17,13
1202,Original Baked Whole Grain Wheat Crackers,78,19
1203,Chopped Walnuts,117,19
1204,Penne Rigate,131,9
1205,Toll House Milk Chocolate Morsels,17,13
1206,Assorted Latex Free Fabric Bandages,118,11
1207,Ground Pork,7,12
1208,Light Rye Crispbread,78,19
1209,Fresh Mozzarella All-Natural Sliced Cheese,21,16
1210,Organic Sambucus for Kids Standardized Elderberry,11,11
1211,Pure Zero Cola,77,7
1212,Corn Tortilla Chips,107,19
1213,Ginger Ale,77,7
1214,Coconut Sparkling Water,115,7
1215,Cold Pressed Strawberry Apple Juice,31,7
1216,Organic Pasture Raised Brown Eggs,86,16
1217,Organic Just Tart Cherry Juice,98,7
1218,"Super Foods/Organic Apples, Spinach, Peas & Broccoli + Super Chia Snack Pouch",92,18
1219,Organic Horseradish Mustard,72,13
1220,100% Baby Kale,83,4
1221,Large Greenhouse Tomato,83,4
1222,Cinnamon Multigrain Cereal,121,14
1223,Pie Crust,17,13
1224,Banana Chips,50,19
1225,Ready Pac Salad Santa Fe Caesar Bowls,1,20
1226,Cinnamon Toast Crunch,121,14
1227,Grape Nut Flakes Cereal,121,14
1228,Nonfat Plain Greek Yogurt,120,16
1229,Gluten-Free Chia Seeds Organic Yellow Corn Tortilla Chips,107,19
1230,Sweet Water Hand Wash,127,11
1231,Pretzel Chocolate Candy,45,19
1232,Gluten Free Oatmeal Classic with Flax & Chia,130,14
1233,Lowfat Small Curd Cottage Cheese,108,16
1234,Fresh Cut Butternut Squash,32,4
1235,The Complete Cookie Double Chocolate,3,19
1236,Robusto! Sauteed Onion & Garlic Pasta Sauce,9,9
1237,Organic Apple Juice Boxes,98,7
1238,Medium Latex Gloves,114,17
1239,"Organic Milk Reduced Fat, 2% Milkfat",84,16
1240,Lavender & Vanilla Candle,101,17
1241,Bag of Organic Bananas,24,4
1242,85% Lean Ground Beef,122,12
1243,Ground Black Pepper,104,13
1244,"Grape Seed Oil, All Natural",19,13
1245,Lowfat Milk,84,16
1246,Original Egg Substitute,86,16
1247,"Natural Artesian Water, Mini & Mobile",115,7
1248,Skim Milk,84,16
1249,Organic Chamomile with Lavender Herbal Tea Bags,94,7
1250,Cappuccino,3,19
1251,Non Fat Acai & Mixed Berries Yogurt,120,16
1252,Parmesan Garlic & Herb Pita Chips,107,19
1253,Rice Thin Sesame Seed Gluten Free Crackers,78,19
1254,Cranberry Almond Granola  Gluten Free,57,14
1255,Gluten Free Smoked Gouda Mac and Cheese,38,1
1256,Total 0% Peach Yogurt,120,16
1257,Vitaminwater Zero Focus Kiwi-Strawberry,37,1
1258,Organic Blue Corn Tortilla Chips,107,19
1259,Japanese Style Stir Fry Vegetables,116,1
1260,Jammy Sammy Apple Cinnamon & Oatmeal Snack Size Sandwich Bar,3,19
1261,Dubliner Wedge Pre Cut Cheese,2,16
1262,Grands! Flaky Layers Original Biscuits,105,13
1263,Flaky Biscuits,105,13
1264,Margherita With Cherry Tomatoes Pizza,79,1
1265,Gluten and Dairy Free Sonoma Veggie Burger,42,1
1266,Mild Sliced Cheddar Cheese,21,16
1267,Baked Chicken,38,1
1268,Simply Organic Garlic Salt,104,13
1269,Organic Smoked Chicken Breast,96,20
1270,Whole Wheat Bread,112,3
1271,Gluten Free Plain Tortilla,58,1
1272,Organic Medium Salsa,51,13
1273,Shredded Parmesan Cheese,21,16
1274,Oreo Cookies & Cream Bars,37,1
1275,A+ Cinnamon Sweet Potato Pancakes,52,1
1276,No Salt Added Gluten-Free Blue Chips Made with Organic Blue Corn,107,19
1277,Mini Butter Croissant,43,3
1278,Apples,24,4
1279,Dried Porcini Mushrooms,123,4
1280,Unsweet Pineapple Water,115,7
1281,Soy & Dairy Free Plain Unsweetened Almond Milk Yogurt,100,21
1282,Outdoor Fresh Fabric Softener Dryer Sheets,75,17
1283,Decker Bundle,13,20
1284,Organic Snipped Green Beans,83,4
1285,Sliced Almonds,17,13
1286,Lemon Hummus,67,20
1287,Original Bacon,106,12
1288,Pure Mint With Herbal Accent Sugar Free Gum,46,19
1289,Fresh Whole Mushrooms,100,21
1290,Good Seed Organic Thin Sliced Bread,112,3
1291,Cold Brew Coffee Double Espresso with Almond Milk,91,16
1292,Organic Sweet Potatoes,116,1
1293,Red Potatoes,83,4
1294,Mango Chia Bar,3,19
1295,Cherry Garcia Frozen Yogurt,37,1
1296,Summer Strawberry Fruit Strip,50,19
1297,Carrot Squash & Apple 100% Vegetable & Fruit Puree,92,18
1298,Thyme,16,4
1299,French Roast Organic Whole Bean Coffee,26,7
1300,Salted Sweet Cream Butter,36,16
1301,Organic Black Cherry Lowfat Yogurt,120,16
1302,Roasted Salted Cashews,117,19
1303,Mild Salsa,51,13
1304,Natural Free & Clear Dish Liquid,74,17
1305,Organic Broccoli Crown,83,4
1306,Deluxe Plain Bagels,93,3
1307,Lightly Salted Baked Snap Pea Crisps,107,19
1308,Organic Pumpkin,17,13
1309,Smoked Salmon,15,12
1310,Caramel Cookie Crunch Gelato,37,1
1311,Jasmine Rice,63,9
1312,Cheez-It Baked Snack Crackers,78,19
1313,Mixed Fruit Snacks,50,19
1314,Chicken Pot Pie,38,1
1315,Rustic Tomato Basil Sauce,9,9
1316,Organic Mint,16,4
1317,Snow Peas,83,4
1318,One Chocolate Cherry Almond Meal Bar,65,11
1319,Giant Peach,94,7
1320,Mixed Berry Fruit On The Bottom Yogurt,120,16
1321,Tortilla Chips,107,19
1322,Crunchy Honey Oat Flax Granola & Seed Bars,3,19
1323,Gluten Free Chocolate Chip Snack'n Go Packs,61,19
1324,Organic Unsweetened Vanilla Almond Milk,91,16
1325,Sparkling Apple Juice,98,7
1326,Organic Coconut Sugar Vanilla,17,13
1327,Souper 6-Pack Shrimp Flavor Ramen Noodle Soup,69,15
1328,Orange Chicken,38,1
1329,Gluten and Dairy Free Rice Macaroni and Cheeze,38,1
1330,Tesora Medium Roast,26,7
1331,Organic Chicken Bone Broth,69,15
1332,Sweet Cream Salted Butter,36,16
1333,Reduced Fat Sharp Cheddar Cheese,21,16
1334,Seedless Watermelon,24,4
1335,Kiwi,24,4
1336,Peanut Butter Candy,45,19
1337,Chocolate Almond Milk,91,16
1338,Caffeine Free Peppermint Herbal Tea,94,7
1339,Fruit & Nutty Almonds Raisins Cranberries Pecans Granola,57,14
1340,Tomato Paste,9,9
1341,Baby Food Stage 2 Pumpkin Banana,92,18
1342,Grade A Large Eggs Cage Free Omega 3,86,16
1343,Natural Artesian Water,115,7
1344,Garlicky Hummus 8oz,67,20
1345,Organic Sunflower Butter Chocolate Macrobar,3,19
1346,Coke Zero Diet Soda,77,7
1347,Organic Refried Black Beans,59,15
1348,Vantage Choose-A-Size Giant Roll Paper Towels,54,17
1349,Sprouted Pumpkin Seeds with Celtic Sea Salt,117,19
1350,Choco Taco,37,1
1351,Organic Yellow Mustard,72,13
1352,Phish Food® Ice Cream,37,1
1353,Mortadella,96,20
1354,California Pinot Noir,28,5
1355,Organic Beef Bone Broth,69,15
1356,Organic Trail Mix Pumpkin N Spice Flax Plus Chewy Granola Bars,3,19
1357,Paneer,21,16
1358,Enlighten Mint Organic,94,7
1359,BBQ Chicken Crispy Thin Crust Pizza,79,1
1360,Cherry Preserves,51,13
1361,Oreo Mini Bite Size Chocolate Sandwich Cookies,61,19
1362,Organic Freeze-Dried Mango,92,18
1363,Sliced Black Olives,110,13
1364,Dulce de Leche Caramel Ice Cream,37,1
1365,Oat Chocolate Chip Coconut Whenever Bars,3,19
1366,Sweet Baguette,112,3
1367,Sourdough Whole Grain Crispbread,78,19
1368,Organic Spaghetti,131,9
1369,One Bun Multigrain Whole Grain Pita,128,3
1370,"Happy Baby Spinach, Mango, and Pear Baby Food",92,18
1371,Natural Goodness 33% Less Sodium Chicken Broth,69,15
1372,Ultra Comfort Care 2-Ply Double Rolls Toilet Paper,54,17
1373,Organic Tomato Basil Soup,69,15
1374,Goat Milk Feta Crumbled,21,16
1375,Veggie Chips,107,19
1376,Original Spread,36,16
1377,De Mexico,77,7
1378,Tommy/Kent/Keitt/Haden Mango,24,4
1379,Cocoa Loco Baked Chewy Bars,3,19
1380,Extra Soft One-Ply Unscented Mega Roll  Bathroom Tissue,54,17
1381,Organic Frozen Peas,116,1
1382,Tecas Barbeque Fava Crisps,107,19
1383,Organic Tea Tree Oil,6,2
1384,Maple Honey Ham,96,20
1385,Organic Bagged Valencia Oranges,24,4
1386,Pie Crusts,105,13
1387,Lemon Dill Tartar Sauce,72,13
1388,Coconut Water,98,7
1389,"Mini 8\"" Italian Pizza Crusts",79,1
1390,Organic Stage 2 Pears & Mangos Baby Food,92,18
1391,Sparkling Grapefruit,77,7
1392,Organic Chocolate Chip Chewy Granola Bars,3,19
1393,Jalapeno Cilantro Salsa,51,13
1394,Unsweetened Iced Tea,94,7
1395,Artichoke,100,21
1396,Organic Earl Grey Black Tea Bags 15 Count,94,7
1397,Gluteen Free Center Cut Applewood Smoked Uncured Bacon,106,12
1398,Sweet Rejuvenation Cashew Butter Macrobar,3,19
1399,Chocolate Chunk Soft-Baked Cookies,61,19
1400,All Natural Marinara Sauce,9,9
1401,Multigrain Pita Chips,107,19
1402,Aged White Cheddar Puffs Cheese Snacks,23,19
1403,Icelandic Style Fat Free Plain Yogurt,120,16
1404,All Natural Powder Cleanser,114,17
1405,Soft & Smooth Whole Grain White Bread,112,3
1406,Mint Waxed Floss,20,11
1407,Organic Yukon Select Fries,129,1
1408,2% Milkfat Reduced Fat Milk,84,16
1409,Genoa Salami,96,20
1410,Sweet Potato Yam,83,4
1411,Raisins,117,19
1412,Free & Clear Diapers,56,18
1413,Crunchy Corn Sticks,107,19
1414,Crunchy Breaded Fish Fillets,34,1
1415,Blackberry Yogurt,120,16
1416,Pure Sparkling Water,115,7
1417,Pineapple Coconut Water,98,7
1418,Mozzarella Ciliegine,21,16
1419,Green Beans,83,4
1420,Grade A Large Brown Eggs,86,16
1421,Organic Ketchup Gluten Free,72,13
1422,Organic Acorn Squash,83,4
1423,"Superfood Cranberry, Almond & Lucuma Seedbar",3,19
1424,Lowfat Pomegranate Kefir Probiotic Cultured Milk Smoothie,120,16
1425,Saffron Yellow Seasonings & Long Grain Rice,4,9
1426,"Eggs, Organic, Pasture-Raised, Large",86,16
1427,Creme Caramel Low Fat Frozen Yogurt,37,1
1428,Organic Pears & Rasberries Stage 2 Baby Food,92,18
1429,Fresh Spinach,123,4
1430,Strawberry Gelatin,71,16
1431,Blueberry Pint,24,4
1432,Blue Machine Boosted 100% Juice Smoothie,31,7
1433,Glide Mint Floss 2 Pack,20,11
1434,"Organic Turbinado, Raw Cane Sugar",17,13
1435,Organic Green Beans,83,4
1436,Reese's Peanut Butter Chips,17,13
1437,Protein Chewy Bar Peanut Butter Dark Chocolate Bars,50,19
1438,Organic Rosemary,16,4
1439,Natural Medium Cheddar Cheese,21,16
1440,Orange Bell Pepper,83,4
1441,Harissa Simmer Sauce,9,9
1442,Organic Raw Agave Nectar,29,13
1443,All Purpose Flour,17,13
1444,Whole Grain White Corn Salted Tortilla Chips,107,19
1445,Honey Salted Peanut,3,19
1446,Seafood Cocktail Sauce,72,13
1447,Organic Mayonnaise,72,13
1448,"Almondmilk Creamer, Vanilla",91,16
1449,"Honey Patties, Chocolate Mint",45,19
1450,Chicken Flavor Ramen Noodles,4,9
1451,Purified Water,115,7
1452,Pure Vanilla Extract Madagascar Bourbon,17,13
1453,Multigrain Bread,112,3
1454,Geranium Room Freshener,101,17
1455,Nourishing Coconut Hand and Body Lotion,25,11
1456,Cavity Defense Mint Flavor Essential Floss,20,11
1457,Pickling Cucumber,83,4
1458,Orange Cream Traditional Oikos Greek Yogurt,120,16
1459,Pure Madagascar Vanilla Extract,17,13
1460,Grands Buttermilk Biscuits,129,1
1461,Original Almondmilk,91,16
1462,Water Cucumber Pineapple Organic Fruit & Vegetable Juice Drink,31,7
1463,Naturally Hickory Smoked Thick Cut Bacon,106,12
1464,Fat Free Plain Yogurt,120,16
1465,Salted Tub of Butter,36,16
1466,Baby Seedless Cucumbers,83,4
1467,Crunchy Peanut Butter Granola,3,19
1468,Mac and Cheese Shells & White Cheddar Cheese,4,9
1469,Tomatoes Sauce,81,15
1470,Caribbean Coconut Gelato,37,1
1471,Organic Peach Oo La Long Tea,94,7
1472,Cheddar Cheese Nut Thins Cracker Snacks,78,19
1473,Organic Baking Cocoa,17,13
1474,Pineapple Spears,32,4
1475,Prune Juice,98,7
1476,Breakfast Blend Medium Roast Ground Coffee,26,7
1477,Organic Sweet Potato Puree,17,13
1478,Anchovy Fillets In Oil,95,15
1479,Kosher Chicken Breasts Boneless And Skinless,34,1
1480,Variety Minis with Dark Chocolate Ice Cream Bars,37,1
1481,Original Thin Crust Four Cheese Pizza,79,1
1482,Celery Hearts,83,4
1483,100 Calorie  Per Bag Popcorn,23,19
1484,Mandarin Orange & Grapefruit Hand Wash 12 oz,25,11
1485,Spirals with Butter & Parmesan Mac & Cheese Macaroni & Cheese Natural,4,9
1486,Shallot,83,4
1487,Cannellini Heirloom Beans,63,9
1488,Chik'n Nuggets,42,1
1489,Diced Peaches in 100% Fruit Juice,99,15
1490,Almond Milk Blueberry Yogurt,120,16
1491,Organic Cinnamon Apple Sauce,99,15
1492,All-In-One French Vanilla Nutritional Shake Sachet,65,11
1493,Original Crescent Rolls,105,13
1494,Unsalted Tops Saltine Crackers,78,19
1495,"Steam Fresh Lightly Sauced Broccoli, Cauliflower & Carrots",116,1
1496,Organic Large Brown Eggs,86,16
1497,Shower Tub & Tile Cleaner with Oxy Clean,114,17
1498,Organic Cannellini Beans,59,15
1499,Shredded Steak & Cheese Burrito,38,1
1500,Large Organic Omega3 Brown Eggs,86,16
1501,Grands Southern Homestyle Biscuit,105,13
1502,Sharp Cheddar Cheese,21,16
1503,100% Natural Beef Broth,69,15
1504,Vitamin D Organic Milk,84,16
1505,Peanut Butter Chocolate Chip Meal Bar,3,19
1506,Chunky Grilled Chicken & Sausage Gumbo Soup,69,15
1507,Lacinato Kale Og,83,4
1508,ZBar Organic Chocolate Brownie Energy Snack,3,19
1509,Everything Bagels,93,3
1510,Bittersweet 60% Chocolate Baking Chips,17,13
1511,Solid White Albacore Tuna,95,15
1512,Greek 0% Fat Strawberry on the Bottom Yogurt,120,16
1513,Sparkling Clementine Juice,77,7
1514,70% Dark Chocolate With Coconut Bar,45,19
1515,Dill Relish,72,13
1516,Organic Yams,83,4
1517,Cornstarch,17,13
1518,Sweet Ground Baking Cocoa,17,13
1519,Cold-Pressed Organic Grapefruit,98,7
1520,Sleep Serenity Bedroom Mist,101,17
1521,Grass milk Raw Cheddar Cheese,21,16
1522,Pizza Margherita,79,1
1523,Kettle Cooked Sea Salt & Cracked Pepper Potato Chips,107,19
1524,Finely Shredded Parmesan Cheese,21,16
1525,Sweet Sliced Bread,112,3
1526,Infant Formula Powder Single-Serve,92,18
1527,Grilled Tuna Feast in Gravy Cat Food,41,8
1528,Beach Sage Laundry Detergent,75,17
1529,Ready-to-Bake 9 Inch Pie Crusts,105,13
1530,Sweet & Salty Nut Almond Granola Bars,3,19
1531,"Fruit Spread, Deluxe, Strawberry",88,13
1532,Old Fashioned Whole Wheat Bread,112,3
1533,Stage 3 Hearty Meals - Chick Chick Organic Baby Food,92,18
1534,Tropicals Sugar Free 1.65 fl oz Ice Pops,37,1
1535,"Plates, Paper, Heavy Duty, 6-7/8 In",111,17
1536,Walnut Halves & Pieces,117,19
1537,Organic Chopped Garlic,81,15
1538,Straightshot Probiotic Oat Drink,70,11
1539,Organic Stage 2 Carrots Baby Food,92,18
1540,Organic Fresh Carrot Chips,123,4
1541,Quartered Artichoke Hearts,81,15
1542,Plantain Chips,107,19
1543,Whole Grains Health Nut Bread,112,3
1544,Chopped Clams,95,15
1545,Chocolate Chunk Cookie,58,1
1546,Organic Muenster Cheese Slices,21,16
1547,Solid Air Freshener Pure Linen,101,17
1548,Strawberry Fruit Bars,37,1
1549,Double Duty Advanced Odor Control Clumping Cat Litter,41,8
1550,Banana Bread Sprouted Bar,3,19
1551,VitaminWater Squeezed Lemonade Flavored,64,7
1552,Vanilla Sparkling Energy Water,64,7
1553,Coke Classic,77,7
1554,Purse Pack Cotton Swabs,44,11
1555,Non Dairy Coffee Caramel Fudge,37,1
1556,Roasted Red Chili Paste,66,6
1557,Peanut Milk Chocolate XXL Bag,45,19
1558,"Organic Pear, Pumpkin & Pineapple Baby Food",92,18
1559,Barista Blend Pure Almond Milk,53,16
1560,Organic Carrot Bunch,83,4
1561,Strawberries,24,4
1562,Organic Beef Broth,69,15
1563,Mild Guacamole,67,20
1564,Banana Dippers Banana Slices,116,1
1565,"Black Cherry, Naturally Flavored Zero Calorie Soda, Caffeine Free",77,7
1566,Automatic Dishwasher Tablets Citrus - 25 CT,74,17
1567,Simple Starters Diced Red Onion,123,4
1568,Baby Spring Mix,123,4
1569,"Pasta 'n Sauce, Elmo, Organic, with Carrots & Broccoli, 123 Sesame Street",38,1
1570,Jacob's Wonderbar Dark Roast,26,7
1571,Country Potato Bread,112,3
1572,Chevrai Original Goat Cheese,21,16
1573,"Milk, Lowfat, Chocolate, 1% Milkfat",84,16
1574,Creamy Peanut Butter,88,13
1575,Chocolate Ice Cream,37,1
1576,Poultry & Beef Feast Variety Grilled Wet Cat Food,41,8
1577,Shredded Sharp Cheddar Cheese,21,16
1578,Green Apple Shampoo,22,11
1579,Elbows Pasta,131,9
1580,Country Dijon Mustard,72,13
1581,Avocado Roll,13,20
1582,French Baguette,112,3
1583,Clementina Sparkling Beverage,115,7
1584,Organic Five Spice Tofu Nuggets,14,20
1585,Organic Low Sodium Broth Chicken,69,15
1586,Hot Italian Chicken Sausage,106,12
1587,Honeycrisp Apples,24,4
1588,Gluten Free Chicken Breast Tenders,34,1
1589,Little Yums Pumpkin and Banana Teething Wafers,92,18
1590,Natural Goddess Dressing,89,13
1591,Peach Yoghurt,120,16
1592,Tangerine,77,7
1593,Wild Blueberry Preserves,88,13
1594,Non Fat Greek Yogurt,120,16
1595,Oats & Honey Gluten Free Granola,3,19
1596,Honey Chipotle Salmon,34,1
1597,Fresh 99% Lean Ground Turkey,49,12
1598,White with 30% Cacao Content Organic Chocolate,45,19
1599,Organic Sugar Snap Peas,83,4
1600,Ice Cream Scoop,10,17
1601,Natural Powder Long Lasting Deodorant,80,11
1602,Frozen Greek Yogurt Coconut Bars,37,1
1603,Powdered Peanut Butter,88,13
1604,Hass Avocado Variety,24,4
1605,Vitamin D Organic Whole Milk,84,16
1606,Sliced Swiss Cheese,21,16
1607,Canola Mayonnaise Dressing,72,13
1608,"Kombucha, Organic Raw, Lavender No. 3",31,7
1609,Presliced Everything Bagels,93,3
1610,Compostable Coffee Filters,26,7
1611,Green Chili & Cumin Adzuki Bean Burger,42,1
1612,Original Flavor Ramen Noodles,66,6
1613,Organic Lettuce,83,4
1614,Sprouted Whole Wheat Bread,112,3
1615,Jalapeno Hummus,67,20
1616,Candy Rolls Assorted Flavors,45,19
1617,Organic 90% Ground Beef,7,12
1618,Roasted Seaweed Snack,50,19
1619,Air Chilled Organic Boneless Skinless Chicken Breasts,35,12
1620,Raw Almonds,117,19
1621,Arnicare Pain Relief Arnica Gel,133,11
1622,Self Heating One Minute Mask,73,11
1623,70% Dark Chocolate Salted Almond Bar,45,19
1624,Boneless Ribeye Steak,122,12
1625,Pitted Prunes,117,19
1626,Cream Top Strawberry on the Bottom Yogurt,120,16
1627,"YoKids Squeezers Organic Low-Fat Yogurt, Strawberry",120,16
1628,Sweet Dreams Organic Brown Rice Syrup,29,13
1629,David Seeds Sunflower Seeds,117,19
1630,Wholesome Breakfast Blueberry Banana,92,18
1631,Spiral Birthday Candles,97,13
1632,YoKids Squeeze! Organic Strawberry Flavor Yogurt,120,16
1633,Chick Peas,59,15
1634,Vanilla Coffee Concentrate,26,7
1635,Unsweetened Chocolate Almond Breeze Almond Milk,91,16
1636,Vanilla Yogurt,120,16
1637,Sugar Cones,103,19
1638,Icelandic Style Skyr 0% Milkfat Strained Non-Fat Yogurt Pomegranate & Passion Fruit,120,16
1639,Organic Whole Grain Wheat English Muffins,93,3
1640,Organic Corn Tortillas,128,3
1641,Hot Oatmeal Variety Pack,130,14
1642,Peanut Toffee Buzz Energy Bar,3,19
1643,All Natural Hickory Liquid Smoke,5,13
1644,Plastic Wrap,54,17
1645,Strawberry Rhubarb Yoghurt,120,16
1646,Pad Refills,114,17
1647,Soy Free Buttery Spread,91,16
1648,Carrots,83,4
1649,Organic Green Leaf Lettuce,83,4
1650,Gluten Free Blueberry Waffles,52,1
1651,Organic Spinach & Feta Dinner Sausage,106,12
1652,Premium Organic Strawberry Spread,88,13
1653,Crisp Cucumber & Melon Liquid Hand Soap,127,11
1654,Minced Garlic,81,15
1655,Total 2% Lowfat Plain Greek Yogurt,120,16
1656,Grilled Chicken Breast Strips,49,12
1657,Chai Classic Latte Black Tea Concentrate,94,7
1658,Liquid Egg Whites,86,16
1659,Reduced Fat Crackers,78,19
1660,Endulge Peanut Butter Cups,3,19
1661,Frozen Organic Wild Blueberries,116,1
1662,Mild Cheddar Cheese Sticks,21,16
1663,Cocoa Powder,90,7
1664,Organic Applesauce,99,15
1665,Healthy Kids Organic Nutritional Shake Strawberry,92,18
1666,Ding Dongs,61,19
1667,Organic Coconut Water,115,7
1668,Ezekiel 4:9 Bread Organic Sprouted Whole Grain,112,3
1669,Sparkling Probiotic Drink Strawberry Acai Coconut,31,7
1670,Wild Arugula,123,4
1671,Organic Large White Flesh Peach,24,4
1672,Gluten Free Whole Grain Bagels,93,3
1673,Favorites Alfredo Pasta with Chicken & Broccoli,38,1
1674,Original Classic Organic Rice Drink,91,16
1675,Smoked Chicken & Apple Mini Sausages,106,12
1676,100% Organic Unbleached All-Purpose Flour,17,13
1677,Organic Fresh Pressed Pure Cranberry Juice,98,7
1678,Caramel Filled Chocolate Candy,45,19
1679,Organic Whole Carrots,123,4
1680,"Salsa, Chipotle, Medium",51,13
1681,Natural Sunflower Spread,88,13
1682,Organic Strawberry Yogurt & Fruit Snack,92,18
1683,Aged White Cheddar Gluten-Free Baked Rice And Corn Puffs,107,19
1684,"Concentrated Bleach, Regular",75,17
1685,Shea Butter Cream Oil Body Lotion,100,21
1686,Cinnamon Rolls,93,3
1687,Organic Low Fat Plain Yogurt,120,16
1688,Plastic Knives,111,17
1689,Beef Skirt Steak,122,12
1690,Organic Spinach Bunch,83,4
1691,Sea Salt Potato Chips,107,19
1692,Natural Applesauce,99,15
1693,Classic Mild Cheddar Macaroni & Cheese,4,9
1694,100% Lemon Juice,98,7
1695,Organic Macaroni & Cheese,4,9
1696,90 Calories Low Fat Chocolate Chunk Granola Bars,48,14
1697,Flax Plus Organic Pumpkin Flax Granola,57,14
1698,Organic Bread with 21 Whole Grains,112,3
1699,Organic Shredded Mozzarella,21,16
1700,Red Classics  Ice Pops,37,1
1701,Raspberry Sorbet,37,1
1702,Saltine Crackers,78,19
1703,Gourmet Mochi Ice Cream Bonbons,37,1
1704,Blood Orange Italian Soda,77,7
1705,Asian Chopped Salad with Dressing,123,4
1706,Sweet Honey BBQ Sauce,5,13
1707,Organic Whole Crimini Mushrooms,83,4
1708,Organic Ketchup,72,13
1709,Organic Grade A Free Range Large Brown Eggs,86,16
1710,Organic Light Agave Nectar,29,13
1711,Organic Low Sodium Vegetable Broth,69,15
1712,Apples & Blueberries Stage 2 Baby Food,92,18
1713,Broccoli Florets Steamers,116,1
1714,Light Cream,53,16
1715,Total 2% All Natural Greek Strained Yogurt with Honey,120,16
1716,Organic Heavy Whipping Cream,53,16
1717,Moist Supreme Classic Yellow Cake Mix,105,13
1718,SmartBlend Lamb & Rice Formula,40,8
1719,Diet Ginger Ale All Natural Soda,77,7
1720,Low Fat No Chicken Noodle Soup,69,15
1721,Italian Style Wedding With Meatballs & Spinach Soup,69,15
1722,Taboule Salad,13,20
1723,Emmentaler Swiss Slices,21,16
1724,Garlic Couscous,4,9
1725,Moroccan Mint Green Tea,94,7
1726,Cola Soda,77,7
1727,Baked Caesar Snapea Crisps,50,19
1728,Original Sugar Free Coconut Milk,91,16
1729,Organic Sliced Bella Mushrooms,123,4
1730,Organic Red Potato,83,4
1731,Orange Marmalade,88,13
1732,All Natural Swedish Style Lemon Snaps,61,19
1733,Dairy-Free Chive Cream Cheese,108,16
1734,Mild Red Enchilada Sauce,30,6
1735,"Baked Rice and Corn Puffs, Aged White Cheddar",107,19
1736,Smoked Apple Sage Sausages,106,12
1737,5 Cheese Ravioli,4,9
1738,Balsamic Vinegar Of Modena,19,13
1739,Santa Fe Barbecue Rice Chips MWO Rice Chips,107,19
1740,Chunky Steak and Potato Soup,69,15
1741,Gel Personal Lubricant,126,11
1742,Grapefruit Bag,123,4
1743,Goldfish Pretzel Baked Snack Crackers,78,19
1744,Organic Red Heirloom Quinoa,63,9
1745,Pasteurized Apple Cider,31,7
1746,Organic Apple Juice,98,7
1747,Unsweetened Organic Soy Milk,91,16
1748,Dairy Free Grated Parmesan Style Topping,91,16
1749,Organic Earl Grey Black Tea 16 Count,94,7
1750,Organic Pre-washed Hearts Of Romaine Lettuce,123,4
1751,Organic Free Range Low Sodium Chicken Broth,69,15
1752,Honeydew Chunks,123,4
1753,Greek Extra Virgin Olive Oil,19,13
1754,Organic Wild Blueberry Fruit Spread,88,13
1755,Lemon Sorbet,37,1
1756,Organic Minestrone Soup,1,20
1757,Fat Free Strawberry Yogurt,120,16
1758,The Original Firecracker Ice Pop,37,1
1759,Apple Cider Vinegar,19,13
1760,Hot & Spicy with Shrimp,4,9
1761,Hot Dog Buns,43,3
1762,Organic Cashew Caramel Macrobar,3,19
1763,Complete ActionPacs Fresh Scent Dishwasher Detergent,74,17
1764,Celery,83,4
1765,Dark Chocolate Pretzels with Sea Salt,107,19
1766,Homestyle Pancakes,52,1
1767,Uncured Slow Cooked Ham,96,20
1768,Sharing Gratitude Kombucha,31,7
1769,Green Bean Chips,107,19
1770,Gluten-Free Rainforest Banana Nut Granola,57,14
1771,"Just Apple, Raspberry & Avocado Stage 2",92,18
1772,Banana & Mango Organic Yogurt & Fruit Snacks ,92,18
1773,Organic Butternut Squash,83,4
1774,Peeled Garlic,123,4
1775,"Pita Chips, Simply Naked, Party Size",107,19
1776,Organic Large Extra Fancy Fuji Apple,24,4
1777,Boneless And Skinless Chicken Breast,35,12
1778,Rich & Hearty Chicken & Homestyle Noodles Soup,69,15
1779,Strawberry Watermelon Sparkling Water,115,7
1780,Small Cantaloupe,24,4
1781,Organic Brazilian Cashew Nuts Superfood,117,19
1782,Dairy Pure Whole Milk,84,16
1783,Double Chocolate Brownie Mix,105,13
1784,Coconut Fruit Bars,37,1
1785,Fat Free Blueberry Yogurt,120,16
1786,100% Lactose Free Organic 2% Reduced Fat Milk,84,16
1787,Orange Calcium & Vitamin D Pulp Free,98,7
1788,Vanilla Almond Builder's Protein Bar,65,11
1789,Peppermint Tea,94,7
1790,Compleats Roast Beef & Gravy With Mashed Potatoes,4,9
1791,Organic Heritage Flakes Cereal,121,14
1792,Gluten Free Multigrain Bread,112,3
1793,Lemon Real Brewed Tea,94,7
1794,Premium Grapefruit Juice Ruby Red,31,7
1795,No Pulp Orange Juice With Calcium,100,21
1796,Grassfed Whole Milk Strawberry Yogurt,120,16
1797,"Fruit Spread, Organic, Strawberry",88,13
1798,Rocky Mountain Sourdough Bread,112,3
1799,Vanilla Mocha Frappuccino,26,7
1800,Veganic Sprouted Brown Rice Cacao Crisps,121,14
1801,Fat Free Milk,84,16
1802,Dairy Free Greek Style Vanilla Coconut Milk Yogurt,120,16
1803,With Glade Tough Odor Solutions Cat Litter,41,8
1804,Roasted Tomato Salsa,51,13
1805,Gluten Free Crunchy Vanilla Cereal,121,14
1806,Original Almond Milk,91,16
1807,Shredded Low-Moisture Part-Skim Mozzarella Cheese,21,16
1808,Balsamic Dressing & Marinade,89,13
1809,Coconut Milk Vanilla Bean Frozen Dessert,37,1
1810,Unsweetened Applesauce,99,15
1811,Thick & Chunky Salsa,67,20
1812,Comforting Chamomile Tea,94,7
1813,All-Bran Buds Cereal,121,14
1814,Swanson Premium Chicken Breast Chunks,95,15
1815,Organic Marinara Pasta Sauce,9,9
1816,Select-A-Size White Paper Towels,54,17
1817,Udon Soup Bowl,66,6
1818,Corn Tortillas,128,3
1819,Half And Half,53,16
1820,Simply Dipped Drumsticks,37,1
1821,Low Fat Ice Cream Bars Peanut Butter,37,1
1822,Organix Grain Free Chicken & Vegetable Dog Food,40,8
1823,Medium Scarlet Raspberries,24,4
1824,Organic Dandelion Greens,83,4
1825,Grape Seed Oil,19,13
1826,Organic Chicken & Vegetable Potstickers,129,1
1827,Butternut Squash Pear Stage 2 Baby Food,92,18
1828,Lay's Wavy Original Potato Chips Family Size,107,19
1829,Rich Taste Extra Virgin Olive Oil,19,13
1830,Hash Brown Potato Patties,129,1
1831,Spring Water,115,7
1832,Original Pure Creamy Almond Milk,91,16
1833,Organic Russet Potato,83,4
1834,Green Seedless Grapes,32,4
1835,Original Black Tea Brew Kombucha,31,7
1836,Organic Nectarine,24,4
1837,Classic Mix Variety,107,19
1838,Burrata Cheese,21,16
1839,Stand 'n Stuff Soft Flour Tortillas,30,6
1840,100% Whole Wheat with Honey Bread,112,3
1841,Ultra Thin Slices Swiss Cheese,21,16
1842,Toasted Coconut Chips Caramel Sea Salt,50,19
1843,Moroccan Infusion Color Care Conditioner,22,11
1844,Honey + Ginger Beets,123,4
1845,Sonoma Traditional Flour Tortillas 10 Count,128,3
1846,Grassmilk 2% Reduced Fat Milk,84,16
1847,Chocolate Chip,3,19
1848,Pop-Tarts Frosted Cookies & Creme Toaster Pastries,48,14
1849,Sweet Corn & Carrot with Turkey + Sage Stage 3 Baby Food,92,18
1850,Kidney Beans,59,15
1851,Unsweetened Vanilla Almond Breeze,91,16
1852,Almond Breeze Almond Coconut Milk,91,16
1853,Sliced Prosciutto,96,20
1854,Ginger,104,13
1855,Fresh Whole White Mushrooms,83,4
1856,Fat Free Smooth & Creamy Plain Organic Yogurt,120,16
1857,Dark Sweet with Red Tart Cherries,116,1
1858,All Natural Berry Blast 100% Juice Smoothie,31,7
1859,Pink Grapefruit,115,7
1860,Gourmet Mochi Ice Cream Vanilla Bonbons,37,1
1861,Grandma's Hummus,67,20
1862,Cacao Nibs Raw Chocolate,17,13
1863,Lowfat Kefir Smoothie Blueberry,120,16
1864,Original French Fried Onions,89,13
1865,Granulated White Cane Sugar,17,13
1866,Sea Salt & Pepper Popcorn,23,19
1867,Sea Salt Mini Popcorn,107,19
1868,Organic Whole Milk with DHA Omega-3,84,16
1869,Organic Gluten Free Buckwheat Wildberry Waffles,52,1
1870,Jalapeno Peppers,83,4
1871,Organic Trail Mixer Gluten Free Chewy Granola Bars,3,19
1872,Sparkling Water Berry,115,7
1873,Smoked Ham Shanks,7,12
1874,Lemon Verbena Dryer Sheets,75,17
1875,Salt,104,13
1876,Organic Lentil Beans,59,15
1877,Organic Pack Peasant Bread,112,3
1878,Eat Your Colors Purples Puree Baby Food,100,21
1879,Organic Quinoa Dark Chocolate Bar,45,19
1880,Almond Flour Fine Ground Sea Salt Crackers,78,19
1881,Organic Mlk Chocolate Bar,45,19
1882,Double Peanut Butter Chip Ice Cream,37,1
1883,With Stainlifters Free Clear 94 Loads Laundry Detergent,75,17
1884,Organic Extra Large Eggs,86,16
1885,Milk Chocolate Peanut Butter Eggs,45,19
1886,World's Best Gluten Free Mac & Cheese,38,1
1887,Kung Pao Noodle Bowl,66,6
1888,Blue Machine 100% Juice Smoothie,31,7
1889,Yogurt Maple Ginger Yogurt,120,16
1890,Crunch Time,88,13
1891,Lavender Harvest Aromatherapy Mist,101,17
1892,Organic All Natural Blueberry Mini Waffles,52,1
1893,Chocolate Protein Soy & Dairy Protein Shake,31,7
1894,Thin Crust Pepperoni Pizza,79,1
1895,Natural Mint Gum,46,19
1896,Chicken Broth,69,15
1897,Organic Free Range Large Grade A Brown Eggs,86,16
1898,Pepper Greens,123,4
1899,Hair Bender Whole Bean Coffee,26,7
1900,Thin & Crispy Pizza Revolution,79,1
1901,Tofu Shirataki Fettuccine Noodle Substitute,66,6
1902,Organic Ranch Dressing,89,13
1903,Organic Quick Cooking Rolled Oats,130,14
1904,Organic Fat-Free Milk,84,16
1905,Recipe Secrets Onion Soup & Dip Mix,69,15
1906,Bread,112,3
1907,Original Cereal,121,14
1908,"Club Delight Sausage, Egg, & Cheese Sandwiches",106,12
1909,Mild Diced Green Chiles,81,15
1910,Organic 100% Whole Wheat No. 4 Spaghetti,131,9
1911,Lime Ginger Lemon Agave,31,7
1912,Brownberry 100% 12 Grain Bread,112,3
1913,Organic Chewy Peanut Butter Banana Bites,50,19
1914,Cashew Butter + Bourbon Vanilla Chocolate Bar,45,19
1915,Roasted Turkey,96,20
1916,Original Real Vegetable Chips,107,19
1917,Sourdough Baguette,112,3
1918,Vegan Buttery Sticks,91,16
1919,Italian Bread,112,3
1920,Sweet & Salty Kettlecorn,23,19
1921,Grapeseed Oil,19,13
1922,Organic Spring Vegetables & Pasta Stage 3 Baby Food,92,18
1923,Mache Rosettes French Salad Mix,123,4
1924,Coconut Sugar Pure & Unrefined,17,13
1925,Mozzarella Cheese Shreds,21,16
1926,Oikos Triple Zero Greek Strawberry Yogurt,120,16
1927,Cinnamon Raisin Swirl Pre-Sliced Bagels,93,3
1928,Pine Nuts,117,19
1929,Organic Pure Lime Juice,98,7
1930,Natural Care Baby Wipes,56,18
1931,Broad Noodles,131,9
1932,PlugIns Scented Oil Refill  - Cashmere Woods,101,17
1933,Organic Medjool Dates,117,19
1934,Plain Bagels,93,3
1935,Omega-3 Buttery Spread,91,16
1936,Mediterranean Mint Gelato,37,1
1937,Pork Breakfast Sausage,106,12
1938,Flushable Moist Wipes Refill,54,17
1939,Olive Oil & Sel Gris Sourdough Flatbread,128,3
1940,San Jose Ocana Bourbon Whole Bean Coffee,26,7
1941,Bedtime Tea,94,7
1942,"Kombucha, Organic Raw, Citrus",31,7
1943,Original Medium Picante Sauce,51,13
1944,Total 0% Greek Yogurt,120,16
1945,100% Pure Eucalyptus Essential Oil,101,17
1946,Crunchy Peanut Butter Energy Bar,3,19
1947,Beef & Bean Burritos,38,1
1948,French Lavender Hand Soap,25,11
1949,Feta Crumbles Cheese,21,16
1950,For Pots & Pans Powder Stainless Steel & Copper Cleaner,114,17
1951,Goo Berry Pie Probugs Kefir,120,16
1952,"Rice and Corn Puffs, Baked, Veggie",23,19
1953,Sage,16,4
1954,Creamy Basil Alfredo Sauce,9,9
1955,Organic Low Fat Milk,84,16
1956,Hot Fudge Topping,103,19
1957,Passionberry Bliss Kombucha Drink,31,7
1958,Cereal,121,14
1959,Glass Cleaner Spray,114,17
1960,Trail Mix Fruit & Nut Chewy Granola Bars,3,19
1961,Organic Broccoli Florets,116,1
1962,Peanut Butter Pie Ice Cream,37,1
1963,"Crispy Wheat, Crackers",78,19
1964,Organic Crushed Tomatoes with Basil,81,15
1965,Roasted Red Pepper Hummus,67,20
1966,Grass Fed Beef Stew Meat,122,12
1967,Organic Spelt Tortillas,128,3
1968,Organic Brown Rice Spaghetti,131,9
1969,Lightly Sweet Popcorn,23,19
1970,Cara Cara Navel Orange,24,4
1971,Corn Puffs with Aged White Cheddar (Lunch Packs),23,19
1972,Sea Salt Kettle Cooked Potato Chips,107,19
1973,Peanut Chocolate Candy,45,19
1974,Sandwich Pepperoni,96,20
1975,Cherry Vanilla Creme Soda,77,7
1976,Whole Kernel Corn,81,15
1977,Caramel Almondmilk Creamer,100,21
1978,Organic Coconut Chia Granola,121,14
1979,Spreadable Butter with Olive Oil & Sea Salt,36,16
1980,Organic Strawberries,24,4
1981,Tomato Paste with Italian Herbs,81,15
1982,Fire Grilled Steak Bowl,38,1
1983,Everything Bagel,93,3
1984,Organic Mixed Berry Yogurt & Fruit Snack,92,18
1985,I Heart Baby Kale,123,4
1986,Organic Gold Beet Bunch,83,4
1987,Classic Macaroni & Beef in Tomato Sauce,38,1
1988,Organic Extra Virgin Olive Oil,19,13
1989,Honey Bunches With Almonds Cereal,121,14
1990,Smart Dogs Veggie Hot Dogs,14,20
1991,Organic Himalayan Pink Popcorn,23,19
1992,Orange Sports Drink,64,7
1993,Simple Favorites Chicken Fettuccini Frozen Entree,38,1
1994,Organic Ramen Noodles,66,6
1995,Outshine Pomegranate Fruit Bars,37,1
1996,Sourdough Bread,112,3
1997,Sprouted Wheat Onion & Poppyseed Bagels,93,3
1998,All Purpose Crushed Tomatoes,81,15
1999,Blackberries,24,4
2000,Buffalo Bleu Krinkle Cut Potato Chips,107,19
2001,Rainbow Bell Peppers,32,4
2002,Dry Roasted Lightly Salted Peanuts,117,19
2003,Organic Spaghetti Squash,83,4
2004,3-Ply Paper Towel Rolls,54,17
2005,Canned Meat 25% Less Sodium,95,15
2006,Original Whipped Cream Cheese,108,16
2007,Organic Peeled Garlic,123,4
2008,Easy Grip 18 oz Red Plastic Cups,111,17
2009,Spanish Pitted Manzanilla Cocktail Olives,110,13
2010,Lotion With Aloe & E Upright Facial Tissue,54,17
2011,Pretzel Crisps Original Deli Style Pretzel Crackers,107,19
2012,Smartwater,115,7
2013,Straws,111,17
2014,"Organic Red Radish, Bunch",83,4
2015,Labné Kefir Cheese,2,16
2016,Organic Soba,66,6
2017,Organic Creamy Tomato Soup,69,15
2018,Dark Chocolate Peanut Butter Nutrition Bar,3,19
2019,Zero Calorie Cola Soda,77,7
2020,Vanilla Bean Light Ice Cream,37,1
2021,Mocca-Java Decaffeinated Ground Coffee,26,7
2022,Honest T Mango White Tea,94,7
2023,Organic Turkish Figs,117,19
2024,White Sandwich Bread,112,3
2025,Lite Balsamic Dressing,89,13
2026,Heart to Heart Honey Toasted Oat Cereal,121,14
2027,Organic Golden Round Crackers,78,19
2028,Unsweetened Whole Milk Blueberry Greek Yogurt,120,16
2029,Organic Quick Oats,130,14
2030,Lowfat 2% Milkfat Cottage Cheese,108,16
2031,Organic Polenta,63,9
2032,Cut Hearts Of Palm,1,20
2033,Cheez-It Cheddar Cracker,78,19
2034,Roasted Pine Nut Hummus,67,20
2035,Lemon Burst Wheat & Gluten Free Cookies,61,19
2036,Brown Sugar Cinnamon Pre-Sliced Mini Bagels,93,3
2037,Crackers Harvest Whole Wheat,78,19
2038,Organic Baby Arugula,123,4
2039,Compostable Forks,111,17
2040,Coco Crunch Sprouted Granola,57,14
2041,Organic Multigrain English Muffins,43,3
2042,Sparkling Lemon Water,115,7
2043,Fruit On The Bottom Yogurt Raspberry,120,16
2044,Stir-fry Rice Noodles,66,6
2045,Chunky Guacamole,67,20
2046,Brazilian Cheese Bread Original Cheddar and Parmesan,129,1
2047,Maple Quinoa Cluster With Chia Seeds,57,14
2048,Cajun Andouille Smoked Pork Sausage,106,12
2049,Coconut Milk Vanilla Mini Sandwiches,37,1
2050,Mini Whole Wheat Pita Bread,128,3
2051,Extra Virgin Olive Oil Rich Taste,19,13
2052,Organic Honey Mustard Dressing,89,13
2053,White Chocolate Baking Chips,17,13
2054,Concord Grapes,24,4
2055,Herbs Chives,16,4
2056,Lemongrass Citrus Scent Disinfecting Wipes,114,17
2057,Waffle Cut Sweet Potato Seasoned Fries,129,1
2058,Fire Roasted Red Peppers,81,15
2059,Organic Italian Salad,123,4
2060,Black Cherry with Vitamins Water Beverage,115,7
2061,Organic Baby Spinach,123,4
2062,Raw Cheddar Chips,107,19
2063,50/50 Mix Spring Mix and Baby Spinach Salad Blend,123,4
2064,Organic Boneless Skinless Chicken Breast,35,12
2065,Grassfed Whole Milk Blueberry Yogurt,120,16
2066,Vegetarian Refried Beans,59,15
2067,Green Bell Pepper,83,4
2068,All Natural Marinara Pasta Sauce,9,9
2069,100% Stone Ground Whole Wheat Organic Flour,17,13
2070,Wild Caught Skinless & Boneless Sardines Packed in Pure Olive Oil,95,15
2071,Gluten Free Chocolate Coated Wafers,61,19
2072,The Original Worcestershire Sauce,72,13
2073,Pepperjack Style Shreds,21,16
2074,Honey Wheat Braided Twists,107,19
2075,YoBaby Blueberry Apple Yogurt,120,16
2076,Grilled Chicken Taquitos,38,1
2077,Organic Whole String Cheese,21,16
2078,3D White Luxe Glamorous White Vibrant Mint Toothpaste,20,11
2079,"Ketchup, Spiced",72,13
2080,Large Premium Wtaerblock Cotton Lined Gloves Pair,114,17
2081,Sea Salt Caramel Frozen Greek Yogurt Bars,37,1
2082,Rooibos Chai Herbal Tea Bags,94,7
2083,Vitamin D Milk,84,16
2084,Corn De Maiz Blanco Tortillas,128,3
2085,Organi Cheddar Cheese Mild sliced,21,16
2086,Organic Garden Herb Burgers,42,1
2087,Stage 2 Green Bean Pear Greek Yogurt Baby Food,92,18
2088,1% Low Fat Chocolate Milk,84,16
2089,Total 0% Raspberry Yogurt,120,16
2090,100% Pure Pumpkin,17,13
2091,Original Cooking Chicken Stock,69,15
2092,Tart Cherry Yoghurt,120,16
2093,with Sweet & Smoky BBQ Sauce Cheeseburger Sliders,129,1
2094,Miniatures Assortment Party Bag,45,19
2095,"4X Ultra Concentrated Natural Laundry Detergent, Free & Clear",75,17
2096,Multi Grain Cheerios Cereal,121,14
2097,Organic Stage 2 Broccoli Pears & Peas Baby Food,92,18
2098,Coconut Cream Pie,3,19
2099,Taco with Chipotle & Garlic Skillet Sauce,5,13
2100,Strawberry Licorice Twist,45,19
2101,Swirl Bread Cinnamon,112,3
2102,Organic Chives,16,4
2103,Organic Rolled Oats,68,10
2104,Organic Classic Marinara Pasta Sauce,9,9
2105,Black Bean Veggie Burger,42,1
2106,Organic Super Beet Juice,98,7
2107,Organix Butcher & Bushel Chicken Wing & Thigh Grain Free Adult Dog Food,40,8
2108,Yo Baby Organic Whole Milk Banana Mango Yogurt,120,16
2109,Soft & Smooth100% Whole Wheat Bread,112,3
2110,Organic Cherry Tomatoes,83,4
2111,Mango Sriracha Hummus,88,13
2112,Organic 50/50 Blend Salad,123,4
2113,Original Rice Krispies Treats,61,19
2114,Total 0% Cherry Nonfat Yogurt,120,16
2115,Dairy-Free Chocolate Protein Beverage,91,16
2116,Organic Throat Coat Herbal Tea,94,7
2117,Chile Habanero Hot Sauce,30,6
2118,Tomato Sauce,81,15
2119,"Craveables Chicken, Spinach & Mushroom Panini",38,1
2120,Chocolate Mint Creme Sandwich Cookies,61,19
2121,Whipped Original Cream Cheese Spread,88,13
2122,Mesquite Smoked Turkey,96,20
2123,Cheddar Bunnies Snack Crackers,78,19
2124,"Water, Unsweet, Blood Orange",115,7
2125,Regular Organic Cotton Tampons,126,11
2126,Organic Mountain Forest Amber Honey,29,13
2127,Premium Grapefruit Large,24,4
2128,"White Paper Towels, Regular Roll",54,17
2129,Honey-Herb Drops Cough Suppressant,11,11
2130,First Bananas Stage 1 4 Months +,92,18
2131,Vanilla Chocolate Ice Cream,37,1
2132,All Natural Apricot Sparkling Water,115,7
2133,Kitchen Cheese Enchilada,38,1
2134,"Disinfecting Wipes, Lemon Scent",114,17
2135,Rotisserie Style Deli Thin-Sliced Chicken Breast,96,20
2136,Quattro Formaggi Four Cheeses Pizza,13,20
2137,Key Lime Pie,3,19
2138,Chocolate Peanut Butter Ice Cream,37,1
2139,Gluten Free Flour,17,13
2140,Quick-Dissolving Sinus Homeopathic Medicine Tablets,47,11
2141,Tomato Condensed Soup,69,15
2142,Vegetarian Organic Great Northern Beans Low Sodium,59,15
2143,Steamfresh Premium Selects Broccoli Florets,116,1
2144,Ground Chicken Breast,35,12
2145,Meatles  Soy Gluten-Free Grounds,42,1
2146,Family Size Macaroni & Cheese,38,1
2147,Sweet Potato Fries with Salt,129,1
2148,Gluten Free Vegan Chocolate Chip Cookie Dough,119,1
2149,Finely Shredded Mild Cheddar Cheese,21,16
2150,Butter Top White Bread,112,3
2151,Organic Coconut Granola MacroBar,3,19
2152,Original Ice Cream Bar,37,1
2153,Original Key Lime Pie Yogurt,120,16
2154,100% Whole Wheat Hamburger Buns,43,3
2155,Mineral Water,115,7
2156,Organic Medium Chili,59,15
2157,Roasted Bell Peppers,110,13
2158,Organic D'Anjou Pears,24,4
2159,Unsweetened Pomegranate Essence Water,115,7
2160,Bunny-Luv Fresh Organic Carrots,123,4
2161,100% Goats Milk,84,16
2162,Sharp Cheddar Cheese Shredded,21,16
2163,Natural Unsalted Macadamia,117,19
2164,Light Mozzarella String Cheese,21,16
2165,90% Lean Ground Beef,122,12
2166,Toll House Semi-Sweet Chocolate Morsels,17,13
2167,Organic Grape Juice,98,7
2168,Builder's Chocolate Peanut Butter Bar,3,19
2169,Dinosaur Shapes Chicken Breast Nuggets,49,12
2170,Organic Yellow Onion,83,4
2171,Lactose Free Blueberry Pomegranate Acai Kefir,120,16
2172,Farfalle Pasta,131,9
2173,Reduced Fat Milk 100% Lactose Free,91,16
2174,Organic Roasted Turkey Breast,96,20
2175,"Sweeet Potato, Apple, Carrot & Cinnamon Organic Superfoods",92,18
2176,Milano Minis Mint Chocolate Cookies,61,19
2177,Tangerine Dream Sweet Dreams,64,7
2178,Smoked Sausage,106,12
2179,30% Less Sodium Taco Seasoning Mix,104,13
2180,93% Lean Ground Turkey,49,12
2181,Organic Cashew Carrot Ginger Bisque,69,15
2182,Diet Tonic Water,77,7
2183,Organic Stage 4 Green Bean Pear & Pea Baby Food,92,18
2184,Salted Butter Half Sticks,36,16
2185,Organic Uncured Sliced Black Forest Ham,96,20
2186,Sriracha Chili Sauce,66,6
2187,Cream Top Smooth & Creamy Vanilla Yogurt,120,16
2188,Cheese Danish Twist,8,3
2189,Whole Wheat Sourdough,112,3
2190,"Stage 2 Spinach, Apple & Kale",92,18
2191,Gluten Free Brown Rice Bread,58,1
2192,2% Chocolate Milk,84,16
2193,Montauk Soft Baked Milk Chocolate Cookies,61,19
2194,Organic Lentil Soup,69,15
2195,Organic 1% Milk,84,16
2196,Organic Leek,83,4
2197,Lavender Oil,101,17
2198,Pure Lemon Juice,98,7
2199,Less Sodium Teriyaki Marinade & Sauce,66,6
2200,Black Currant Flavor Natural Stress Relief Pastilles,47,11
2201,Chocolate Whole Grain Graham Snacks Bunny Grahams,61,19
2202,Organic Chicken Drumsticks,49,12
2203,Cantina Traditional Tortilla Chips,107,19
2204,French Roast Dark Roast Coffee K- Cups,26,7
2205,Fancy Shredded Cheese Italian Blend,21,16
2206,Nutz Over Chocolate,3,19
2207,Unscented Disposable Dusters Refills,114,17
2208,Special Dark Mildly Sweet Full Size Chocolate Bar,45,19
2209,California Sourdough Bread,112,3
2210,Chopped Spinach,116,1
2211,Chives,50,19
2212,Distilled Water,115,7
2213,Coconut Chia Bar,3,19
2214,Golden Delicious Apple,24,4
2215,Protein Zone Double Berry Juice Smoothie,31,7
2216,Sweet Corn On The Cob,83,4
2217,Large Grade AA Eggs,86,16
2218,Chessmen Cookies,61,19
2219,Marinara Sauce,9,9
2220,Super Natural Organic Whole Milk,84,16
2221,Parmesan Cheese Shreds,21,16
2222,Organic Premium Tomato Paste,81,15
2223,Pure Baking Soda,17,13
2224,Chunky Monkey® Ice Cream,37,1
2225,Baked Chicken Breast,38,1
2226,Roast Chicken Flavor Ramen Noodle Soup,4,9
2227,Organic Pine Nuts,117,19
2228,Pro Health Stages Kids Toothpaste featuring Disney Princess with Disney MagicTimer App,20,11
2229,Organic Unbleached All-Purpose Flour,17,13
2230,"Ginger, Pickled Sushi",66,6
2231,Portabella Mushroom Caps,83,4
2232,Sea Salt Chickpeas,50,19
2233,Light Brown Sugar,17,13
2234,Orange,64,7
2235,Organic Extra Large Brown Eggs,86,16
2236,Chocolate Mochi Ice Cream,37,1
2237,Organic Vanilla Bean Ice Cream,37,1
2238,Light Beer,27,5
2239,Peanut Butter Chocolate Chip Fruit & Nut Food Bar,3,19
2240,Vanilla Non Dairy Frozen Dessert Minis,37,1
2241,Dried Young Coconut,117,19
2242,Medium Salsa,51,13
2243,Organic Hot House Tomato,83,4
2244,Dairy-Free Cheddar Style Shreds,21,16
2245,Sharp Cheddar Thick Slices Cheese,21,16
2246,Electrolyte Water,115,7
2247,Organic Black Chia Seed Superfood,117,19
2248,Bernie's Farm Cheddar Crackers,78,19
2249,Multi Grain Sandwich Thins,43,3
2250,California Veggie Burger,42,1
2251,Habanero Salsa Hot,51,13
2252,Cashew Cookie,3,19
2253,Chicken Tortilla Soup,1,20
2254,Sour Cream,108,16
2255,Balsamic Vinaigrette Dressing,89,13
2256,French Vanilla Sugar Free Liquid Coffee Creamer,53,16
2257,Organic Smoked Turkey Breast,96,20
2258,Organic Apple Butter Spread,88,13
2259,"Almond Coconut Bar, Organic",3,19
2260,1% Chocolate Milk,84,16
2261,Fusilli No. 34,131,9
2262,Carrot,123,4
2263,Organic Chili Spicy,59,15
2264,Applewood Smoked Turkey Breast,96,20
2265,Hamburger Buns,43,3
2266,Original High Efficiency Liquid Laundry Detergent,75,17
2267,2% Reduced Fat Milk,84,16
2268,Uncrustables Peanut Butter & Grape Jelly Sandwich,38,1
2269,Organic Creamy Potato Leek Soup,69,15
2270,EnviroKidz Chocolate Choco Chimps,121,14
2271,Cream on Top Strawberry Organic Yogurt,120,16
2272,Balsamic Vinaigrette Calorie Free,89,13
2273,Sugar Free Vanilla Pudding,71,16
2274,Lactose Free Reduced Fat 2% Milk,84,16
2275,Organic Long Grain White Rice,63,9
2276,Wheat Gluten Free Waffles,52,1
2277,1% Lowfat Milk,84,16
2278,Coconut  Chocolate Bar,3,19
2279,"Kale and Brown Rice Gratin, Gluten Free",38,1
2280,Whipped Cream Cheese Spread,108,16
2281,Coconut Milk Yogurt Alternative Natural Flavor,120,16
2282,Organic Dark Sweet Cherries,116,1
2283,Rotini Pasta,131,9
2284,Good Buddy Beef Jerky Dog Treat,40,8
2285,Natural Fresh Goat Cheese,21,16
2286,Sriracha Mayonnaise,72,13
2287,Broccoli Cuts,116,1
2288,Organic Red Raspberries,116,1
2289,Orbit Cinnamint Sugarfree Gum,46,19
2290,Red Peppers,83,4
2291,Slim Can Pink Grapefruit Natural Mineral Water,115,7
2292,Purifying Tea Tree Body Wash,25,11
2293,Organic Red Grapes,24,4
2294,Tahitian Vanilla Bean Gelato,37,1
2295,Honey Wheat Enriched Bread,112,3
2296,Organic  Dried & Unsulfured Orchard Select Apricots,117,19
2297,Go Lean Cereal,121,14
2298,Organic Fettuccine,131,9
2299,Whole Wheat Panko Breadcrumbs,5,13
2300,"Canadian Bacon, Uncured",106,12
2301,Vanilla Almond,121,14
2302,BBQ Ranch Salad Kit,89,13
2303,Honey Graham Crackers,78,19
2304,Brut Sparkling Wine,134,5
2305,Lemon Cayenne Agave Cold Pressed Juice Beverage,31,7
2306,Blondies Squares,8,3
2307,Hot Wasabi Peas,66,6
2308,Organic Free Range Chicken with White & Wild Rice Soup,69,15
2309,Mediterranean Vegetable Chips,107,19
2310,Ranch Dressing,89,13
2311,Italian Sausage Pizza,13,20
2312,Hot Diced Tomatoes With Habaneros,81,15
2313,Endulge Caramel Nut Chew Bars,3,19
2314,Chicken with Rice Condensed Soup,69,15
2315,Gluten Free Maple Glazed Donuts,52,1
2316,Snacks String Cheese Natural Mozzarella Cheese,21,16
2317,Turkey Pepperoni,96,20
2318,Salt & Pepper Potato Chips,107,19
2319,Organic Whole Strawberries,116,1
2320,Sun-Ripened Dried Tomatoes,81,15
2321,Classic Ocean Whitefish & Tuna Feast Cat Food,41,8
2322,"Condoms, Premium Latex, Ultra Thin, Premium Lubricant",6,2
2323,Gluten Free Lemonzest Nutrition bar,3,19
2324,Sprouted Brown Rice,66,6
2325,Dark Chocolate Covered Goji Berries,45,19
2326,Plain Whole Milk Yogurt,120,16
2327,Breakfast Blend Whole Bean Coffee,26,7
2328,Organic Cheese Frozen Pizza,79,1
2329,Organic  Unsweetened & Salt Free Sunflower Seed Butter,88,13
2330,Extra Cheesy Cheddar Bunnies,4,9
2331,Triscuit Roasted Garlic Baked Whole Grain Crackers,78,19
2332,Green Cabbage,83,4
2333,Fruit & Nut Bar Raspberry Cashew & Chia,3,19
2334,Freshmates Charmin Freshmates™,54,17
2335,"Tuna, Solid Pack Light",95,15
2336,Home Style Asiago Caesar Dressing,89,13
2337,Light Butter with Canola Oil,36,16
2338,Chomperz BBQ Seaweed Snack,50,19
2339,Club Soda,77,7
2340,Superfood Premium Fruit Smoothie Blend Blueberry B,31,7
2341,Crushed Garlic,116,1
2342,In Light Seasoning White Beans,59,15
2343,Mayonnaise Dressing with Olive Oil,72,13
2344,Vanilla Skyr Nonfat Yogurt,120,16
2345,Organic Lightly Salted Brown Rice Cakes,78,19
2346,Pepperoni Provolone Cheese & Breadsticks,13,20
2347,Organic Romaine,123,4
2348,Unsweetened Almondmilk,91,16
2349,Aged White Cheddar Baked Rice & Corn Puffs Gluten Free Lunch Packs,107,19
2350,Organic Super Fruit Punch Juice Drink,98,7
2351,Banana,24,4
2352,Organic Chocolate 1% Milk with DHA Omega-3,84,16
2353,Rapid Rise Fast Acting Instant Yeast,17,13
2354,"Tortilla Chips, Corn, Red Hot Blues",107,19
2355,Total 0% with Honey Nonfat Greek Strained Yogurt,120,16
2356,Organic Garlic,83,4
2357,Sonoma Brut Sparkling Wine,134,5
2358,Organic Low Fat Black Bean Vegetable Soup,69,15
2359,Organic Green Lentils,63,9
2360,Grape Chia Kombucha,31,7
2361,Organic Turkey Breast,96,20
2362,Organic Banana Chips,50,19
2363,Rye Style Bread,58,1
2364,Instant Oatmeal Variety Pack,130,14
2365,Raw Cocnut Nectar,29,13
2366,Organic Cheddar Snack Mix,125,19
2367,No Boil Lasagna,131,9
2368,Colby Jack Cheese,21,16
2369,Armenian String Cheese,21,16
2370,Organic European Style Lightly Salted Butter,36,16
2371,Ice Cream Bars,37,1
2372,Organic String Cheese,21,16
2373,Organic Plain Greek Whole Milk Yogurt,120,16
2374,Original Orange Juice,31,7
2375,Gruyere Chik'n Cutlets,42,1
2376,Deep Action Cream Cleanser,73,11
2377,Iced Oatmeal Cookie Kid Z Bar,3,19
2378,Classic Chicken Salad,1,20
2379,Protein Mac Mild Cheddar  Macaroni & Cheese,4,9
2380,Chopped Onions,123,4
2381,Lucky Charms Cereal,121,14
2382,Cultured Low Fat Buttermilk,84,16
2383,Supergreens Superfood Smoothie,98,7
2384,Small Macintosh Apple,24,4
2385,"Deli Flats, Soft 100% Whole Wheat, Pre-Sliced",128,3
2386,Organic Black Heirloom Quinoa,63,9
2387,Unsweetened Coconut Water,98,7
2388,Large Yellow Flesh Nectarine,24,4
2389,Ultra Comfort Care Toilet Paper,54,17
2390,Peanut Butter Dark Chocolate + Protein Bar,3,19
2391,Base Cookie Dough Protein Bar,3,19
2392,Prime Filets Meaty Favorites Variety Pack Cat Food,41,8
2393,"Lime Juice, 100% Organic",98,7
2394,Peachy Pistachio Greek Yogurt,120,16
2395,Sparkling Tangerine Probiotic Drink,120,16
2396,Classic Recipe Chicken & Stars Condensed Soup,69,15
2397,Flip™ Low-Fat Key Lime Crumble Greek Yogurt,120,16
2398,Philadelphia Cream Cheese Strawberry,108,16
2399,Boomchickapop Sea Salt Popcorn,23,19
2400,Seasonal Espresso,26,7
2401,Lowfat Maple Yogurt Organic,120,16
2402,Vegan Chao Creamy Original Cheese Slices,21,16
2403,French Snacking Brie,21,16
2404,"Orzo, No. 65",131,9
2405,Fresh Cut Golden Sweet Whole Kernel Corn,81,15
2406,Creamer,6,2
2407,Clover Premium Honey,29,13
2408,Seedless Small Watermelon,24,4
2409,Mandarin Orange Chicken,38,1
2410,Heavenly  Crisp Peanut Butter Candy Bars,45,19
2411,Healthy Grains Fiber Cinnamon Oat Clusters,57,14
2412,Air Chilled Chicken Drumsticks,35,12
2413,White Peach,24,4
2414,Heirloom Tomato,83,4
2415,Organic Plain Yogurt,120,16
2416,Organic Coconut Milk,91,16
2417,Madras Curry Spicy Indian Simmer Sauce,72,13
2418,High Pulp Orange Juice,31,7
2419,Super Soft Flour Tortillas Fajita Size 20 ct,128,3
2420,Hazelnut Bromstad Design Liquid Coffee Creamer,53,16
2421,Cold Brew Coffee,26,7
2422,Delifresh Combos The Honey Smoked Turkey Breast Honey Ham,96,20
2423,Organic Homestyle Waffles,52,1
2424,Diced with Basil Garlic & Oregano Tomatoes,81,15
2425,Organic Multi Grain Squares Cereal,121,14
2426,Fig Newtons Packs,61,19
2427,Original Soy Milk,91,16
2428,Mini Babybel Light Semisoft Edam Cheeses,21,16
2429,Gluten Free Rice Crust Spinach Pizza,79,1
2430,Maple Bacon Potato Chips,107,19
2431,Freshly Shaved Parmesan Cheese,21,16
2432,Boneless Skinless Chicken Breasts,49,12
2433,Activia Lowfat Peach Yogurt,120,16
2434,Parmesan Shredded Cheese,21,16
2435,Natural Orange Flavor Sparkling Mineral Water,115,7
2436,Organic Baby Spinach Salad,123,4
2437,Amazing Mango Fruit Smoothie,31,7
2438,Pecan Halves,117,19
2439,Cream Top Smooth & Creamy Maple Yogurt,120,16
2440,Santa Fe Fiesta Salad,1,20
2441,Organic Gluten Free Pancake & Baking Mix,130,14
2442,Chicken & Apple Smoked Chicken Sausage,106,12
2443,Dairy Free Vegetable Pot Pie,38,1
2444,Caramel Nut Brownie,3,19
2445,Dairy Free Mozarella Style Shreds,21,16
2446,Organic Apples & Apricots,92,18
2447,Tuna Salad,1,20
2448,Trading Company Chile Con Queso Medium,51,13
2449,Carrot Juice,31,7
2450,Baby Bella Mushrooms,123,4
2451,Organic Gluten Free Hi-Protein Pancake & Baking Mix,130,14
2452,Holiday Semi-Sweet with Red & Green Colored Morsels Chocolate Morsels,45,19
2453,Frozen Organic Mango Chunks,116,1
2454,Organic Mango Chunks,116,1
2455,Mixed Berries Whole Milk Icelandic Style Skyr Yogurt,120,16
2456,Tuscan Bean & Rice Soup,59,15
2457,Electrolyte Enhanced Water,115,7
2458,Light Sour Cream,108,16
2459,Organic Honey Nut O's Cereal,121,14
2460,Chicken Taquitos,129,1
2461,Limes,24,4
2462,Cotija,21,16
2463,Skinny Cow Vanilla Low Fat Ice Cream Sandwiches,37,1
2464,Original Big Biscuit Cereal,121,14
2465,Organic Black Lentils,63,9
2466,"Corn Snack, Hot Chili Pepper & Lime, Takis",107,19
2467,Madagascar Bourbon pure Vanilla Powder,17,13
2468,"Organic Snack Mix Bunnies Snack Mix, Organic",125,19
2469,White Corn,83,4
2470,"Tortillas, White Corn, Grande",128,3
2471,Organic Tart Cherry Juice,98,7
2472,Thin Crust Margherita Pizza with Fresh Mozzarella & Basil,79,1
2473,Caesar Salad Kit,123,4
2474,"Buttermilk, Cultured Low Fat",84,16
2475,Organic White Corn & Wheat Tortillas,128,3
2476,Organic Lemonade,98,7
2477,Mixed Fruit Fruit Snacks,50,19
2478,Gluten Free Mini Pretzels,107,19
2479,Organic Roma Tomato,83,4
2480,Vitamin D Added Evaporated Milk,17,13
2481,Large Brown Eggs,86,16
2482,Organic Classic Cottage Cheese,100,21
2483,Rice Thins Brown Rice Snack Crackers,78,19
2484,Green Grapes,24,4
2485,Sesame Street Mini Cheese Ravioli,38,1
2486,Italian Pizza Crust Original 12oz,128,3
2487,Cello Tomatoes,83,4
2488,Organic Strawberry Grassfed Whole Milk Yogurt,120,16
2489,Romaine Lettuce,83,4
2490,Prenatal Gummy Vitamins,47,11
2491,Bath Tissue,54,17
2492,Quart Sized  Easy Open Freezer Bags,85,17
2493,Brushing Chews Fresh Breath Daily Dental Treats,40,8
2494,Organic Blackberries,24,4
2495,Peach Pear Flavored Sparkling Water,115,7
2496,Cherry Pie Fruit & Nut Bar,3,19
2497,The Ultimate Beefless Ground Gluten Free,42,1
2498,"Cookies, Chocolate Chip Walnut",61,19
2499,Organic Thai Sweet Potato Soup,69,15
2500,Ataulfo Mango,24,4
2501,Cannellini White Kidney Beans No Salt Added,59,15
2502,Fume Blanc Wine,62,5
2503,Garlic Marinara Pasta Sauce,9,9
2504,Chicken Pad Thai With Rice Noodles,38,1
2505,Ginger Yuzu Scented Dish Soap,74,17
2506,Comice Pear,24,4
2507,Original Round Sweet Bread,43,3
2508,Organic Tomato Basil Sauce,9,9
2509,Solid Light Tuna In Olive Oil,95,15
2510,Seasoning,104,13
2511,Extra Hold Aerosol Hair Spray,22,11
2512,No Calorie Sweetener Packets,17,13
2513,Organic Thompson Raisins,117,19
2514,Organic Unrefined Coconut Oil,19,13
2515,Organic AppleApple,99,15
2516,Organic Baby Kale Mix,123,4
2517,Oat Revolution Classic Steel Cut Oats with Flax,130,14
2518,Frosted Chocolate Fudge Pop-Tarts,48,14
2519,"Pet Food Supplement for Dogs and Cats, Organic Pumpkin",40,8
2520,Organic Ezekiel 4:9 Sesame Bread,112,3
2521,Original Frosted Mini Wheats Little Bites,121,14
2522,Russet Potatoes,83,4
2523,"Salsa, Medium",51,13
2524,USDA AA Extra Large Eggs,86,16
2525,Kale Krunch The Original Quite Cheezy,50,19
2526,Organic Lowfat Yogurt Banana Vanilla,120,16
2527,Turbinado Cane Sugar,17,13
2528,Penne Rigate Pasta,131,9
2529,Organic Large Green Asparagus,83,4
2530,Tempt Unsweetened Original Hemp Milk,91,16
2531,1/4 Pound Burgers,34,1
2532,Bean & Rice Chips Nacho,107,19
2533,3 Jumbo Romaine Hearts,123,4
2534,Organic Baby Spring Mix,123,4
2535,Mandarins Bag,24,4
2536,Organic Fermented Rice Probiotic,70,11
2537,Microwave Ready Original Bacon,106,12
2538,Maple Almond Butter,88,13
2539,Half & Half,53,16
2540,Fresh Cauliflower,83,4
2541,Kids Bubble Fruit Flavor Cavity Protection Toothpaste,20,11
2542,Unsweetened Organic Coconut Milk Light,91,16
2543,Organic Black Beans,59,15
2544,"Coconut Water, Real, with Pulp",98,7
2545,Pure & Natural Light Sour Cream,108,16
2546,Macaroni Salad,1,20
2547,Bits Cheese Cracker Sandwiches,78,19
2548,Classic Lavender & Chamomile Liquid Hand Soap,127,11
2549,Cultured Pasture Butter,36,16
2550,Red Velvet Filled Soft Cookies,78,19
2551,Original Soy Creamer,91,16
2552,Organic Just Pomegranate Product,98,7
2553,Organic Stage 1 First Sweet Potatoes,92,18
2554,Chocolate Chip Cookie Dough,105,13
2555,Wrigley's Orbit Wintermint Sugar Free Gum- 3 PK,46,19
2556,Organic SprouTofu Firm Water Packed Tofu,14,20
2557,Cage Free Grade A Large Brown Eggs,86,16
2558,Pure & Natural Sour Cream,108,16
2559,Alpine Spring Water,115,7
2560,Organic Rainbow Carrots,123,4
2561,Uncured Genoa Salami,96,20
2562,All Natural Seasoned Waffle Cut Fries,129,1
2563,French Onion Dip,67,20
2564,Boneless Skinless Chicken Breast Fillets,49,12
2565,Cello Carrots,83,4
2566,Strawberry Organic Kefir,120,16
2567,100% Mighty Mango Juice Smoothie,31,7
2568,Artisan French Rolls,58,1
2569,Oil-Free Eye Makeup Remover Cleansing,73,11
2570,Almond Meal/Flour,17,13
2571,Normal to Dry Skin Fragrance Free Daily Moisture Fragrance Free,127,11
2572,Organic Kale Chips,107,19
2573,Organic Seasoned Yukon Select Potatoes Hashed Browns,129,1
2574,"Sausage, Egg, & Cheese Biscuit",52,1
2575,Maple Glazed Honey Ham,96,20
2576,Organic Lacinato (Dinosaur) Kale,83,4
2577,Original Semisoft Cheese,21,16
2578,Mini Powdered Sugar Donuts,61,19
2579,Organic Blueberry Cream On Top Whole Milk Yogurt,120,16
2580,Gluten Free Blueberry Muffins,93,3
2581,Peanut Buttah Cookie Core™ Ice Cream,37,1
2582,Classic Original Hommus,67,20
2583,Trusted Care 2-Ply Tissues,54,17
2584,Chicken-Free Strips Seasoned,42,1
2585,Handmade Vodka,124,5
2586,"Juice, Vegetable & Fruit, Fuel",31,7
2587,Large Grade AA Cage Free Eggs,86,16
2588,Black Beans No Salt Added,59,15
2589,Apple Cinnamon GoGo Squeez,50,19
2590,Natural Chicken & Sage Breakfast Sausage,106,12
2591,Multi Surface Vinegar Cleaner,114,17
2592,100% Natural America's Favorite Tea,94,7
2593,Icelandic Style Skyr Non-Fat Strained Plain Yogurt,120,16
2594,Fat Free Small Curd Cottage Cheese,108,16
2595,Farmstand Flaxbread Egg and Vegetarian Bacon Breakfast Sandwich,52,1
2596,Organic Dried Shitake,63,9
2597,Almond Breeze Original Almond Milk,91,16
2598,Organic Whipping Cream,53,16
2599,Sour Batard,112,3
2600,Tea Tree Oil Dental Tape,20,11
2601,Real Mayonnaise,72,13
2602,Philadelphia Cream Cheese Spread,108,16
2603,Creamy Deluxe Gluten Free Rice Pasta & Extra Cheesy Cheddar Sauce,4,9
2604,Organic Whole Milk,84,16
2605,Bamboo Skewers 12 Inch,10,17
2606,"Olives, Organic, Kalamata, Pitted",110,13
2607,Castelvetrano Olives,110,13
2608,Extra Virgin Imported Robust Olive Oil,19,13
2609,Avocado Oil Canyon Cut Kettle Cooked Potato Chips Sea Salt,107,19
2610,Chicken Drumsticks,35,12
2611,Organic Raspberries,123,4
2612,Almond Non-Dairy Yogurt Made From Real Almonds Plain Low Fat,120,16
2613,Smartwater Electrolyte Enhanced Water,115,7
2614,Organic Brussel Sprouts,123,4
2615,Greek Salad,1,20
2616,White Meat Fun Nuggets,129,1
2617,Organic 100% Whole Wheat Loaf,112,3
2618,"8.5\"" Microwavable Cut Resistant Plates",111,17
2619,Soft Baked Double Chocolate Brownie Cookies,61,19
2620,Gluten Free Sliced Mountain White Bread,112,3
2621,Olive Hummus,67,20
2622,Sugar Free Italian Sweet Creme Coffee Creamer,53,16
2623,Bath & Shower Gloves,87,17
2624,Organic Cut Green Beans,116,1
2625,Heart to Heart Organic Oat Flakes & Blueberry Clusters Cereal,121,14
2626,Grain Free Turkey Canned Cat Food,41,8
2627,Total 0% Nonfat Plain Greek Yogurt,120,16
2628,"Clementines, Bag",123,4
2629,Organic Fuji Apple,24,4
2630,Crispy Cocoa Rice,121,14
2631,Coleslaw Dressing,89,13
2632,Ripe Sliced Olives,110,13
2633,Baby Spinach & Arugula,123,4
2634,Organic Black Truffles Dark Chocolate,45,19
2635,Organic Penne Rigate,131,9
2636,Organic Shredded Carrots,123,4
2637,Lemon Lime Sparkling Water,115,7
2638,Mexican Style Four Cheese Shredded Cheese,21,16
2639,Gourmet Pizza Three Cheese Gluten Free,79,1
2640,Pineapple Strawberry Naturally Essenced Sparkling Water,115,7
2641,Medium Black Bean & Corn Salsa,51,13
2642,Stage 2 Sweet Potato Corn & Apple Baby Food,92,18
2643,Organic Grass-Fed Real Aged Cheddar & Macaroni Shells,4,9
2644,"Pearl Plastic Triple Pack Includes Light, Regular, and Super  Unscented Tampons",126,11
2645,Peanut Sesame Noodle Bowl,66,6
2646,Master Brew Kombucha Ginger,31,7
2647,Bunny-Luv Organic Carrots,83,4
2648,Vitamin D Whole Milk,84,16
2649,Baby Back Pork Ribs,122,12
2650,Organic Flax Meal & Chia Seeds,47,11
2651,"French Roast, Dark Roast K-Cups",26,7
2652,Icelandic Style Skyr Blueberry Non-fat Yogurt,120,16
2653,Wavy Original Potato Chips,107,19
2654,Organic Small Curd Cottage Cheese,108,16
2655,Organic Premium Whole Flaxseed,117,19
2656,"Sundae Syrup Chocolate Flavored, No Mess Cap",103,19
2657,Organic 2 6 months + Apply Baby Food,92,18
2658,Cucumber & Garlic  Tzatziki,51,13
2659,Certified Organic Brown Gravy Seasoning Mix,5,13
2660,Whole Strawberries,116,1
2661,Pretzel Rods,107,19
2662,Vanilla Bean Chia Pod,120,16
2663,No Pulp Orange Juice,31,7
2664,Salad Cut Hearts Of Palm,81,15
2665,Good & Plenty Licorice Candy,45,19
2666,Chicken Breast Cutlets,49,12
2667,Organic Stoneground Wheat Crackers,78,19
2668,Flavor Variety Instant Oatmeal,130,14
2669,Flaky Supreme Cinnamon Rolls With Icing,105,13
2670,Collard Greens,83,4
2671,Whole Grain Rotini,131,9
2672,Chocolate Peanut Butter Cup Gelato,37,1
2673,Singles Deep Dish Pepperoni Pizzas,79,1
2674,Chocolate Milk Frozen Pops,37,1
2675,Oven Roasted Turkey,96,20
2676,Nuggets Assortment,45,19
2677,Traditional Caramel Filled Amsterdam Waffle,61,19
2678,Organic Apple Chicken Sausage,106,12
2679,Organic Tahini,72,13
2680,Gluten-Free Edamame,116,1
2681,Original Chicken Breast Nuggets,49,12
2682,Onion Rings,129,1
2683,Grapefruit Juice,31,7
2684,Bunched Cilantro,16,4
2685,Snickerdoodle Low Fat Ice Cream Sandwiches,37,1
2686,No Salt Added Black Beans,59,15
2687,Cage Free  100% Liquid Egg Whites,86,16
2688,Home Squeezed Style Calcium & Vitamin D 100% Orange Juice,31,7
2689,Organic Canned Red Kidney Beans,59,15
2690,100% Lime Juice,98,7
2691,Penne Lisce,131,9
2692,Uncured Black Forest Ham,96,20
2693,Honey Bunches of Oats Honey Roasted Cereal,121,14
2694,Slow Roasted Beef,38,1
2695,Frozen Broccoli Florets,116,1
2696,Yogurt Tubes Blueberry,120,16
2697,Michigan Organic Kale,83,4
2698,Mild Italian Chicken Sausage,106,12
2699,Vanilla Bottles,92,18
2700,Iceberg Lettuce,83,4
2701,Flank Steak,122,12
2702,Crystallized Ginger Slices,117,19
2703,Organic Salted Pistachio,117,19
2704,Honey Bunches of Oats Roasted Oats,121,14
2705,Organic Beans Pinto,59,15
2706,Power Essence Kale & Shredded Brussels Sprouts,123,4
2707,Organic Milk Chocolate Peanut Butter Cups,45,19
2708,Honey Mustard Nut-Thins Cracker,78,19
2709,Red Hot Buffalo Wings Sauce,72,13
2710,Flip Coffee Break Bliss Greek Yogurt,120,16
2711,Zero Go-Go Mixed Berry Vitamin Water,64,7
2712,Spinach Souffle,38,1
2713,French Vanilla Soy Creamer,91,16
2714,Dairy Free Unsweetened Coconut Milk,91,16
2715,Red Creamer Potato,83,4
2716,Natural Chicken & Apple Breakfast Sausage Patty,52,1
2717,100 Calorie Ritz Snnack Mix Packs,78,19
2718,Tuscan Kale & Quinoa Salad,1,20
2719,Seeded Jewish Rye Bread,112,3
2720,Snak-Saks Crackers,61,19
2721,Recycled Adult Ultra Soft Toothbrush,20,11
2722,Slivered Almonds,117,19
2723,Golden Pineapple,24,4
2724,Taco Shells & Flour Tortillas,30,6
2725,Croissants,93,3
2726,Eggplant Cutlets,38,1
2727,Baby Bananas,24,4
2728,Graduates Lil' Crunchies Mild Cheddar Corn Snacks,92,18
2729,Baby Arugula,123,4
2730,Organic California White Basmati Rice,63,9
2731,Signature Pepperoni Crispy Thin Crust Pizza,79,1
2732,Leek,83,4
2733,Mild Italian Sausage,106,12
2734,Gold & White Corn,81,15
2735,Organic White Cheddar Popcorn,23,19
2736,Nonfat Probiotic Drinks,120,16
2737,Yo Toddler Organic Strawberry Banana Whole Milk Yogurt,120,16
2738,Mandarin Orange Crispy Chick'n,42,1
2739,Organic Seedless Watermelon,24,4
2740,European Style Salted Butter,36,16
2741,Fluoride-Free Antiplaque & Whitening Peppermint Toothpaste,20,11
2742,Reduced Fat Monterey Jack Cheese,21,16
2743,"Action Pacs, Citrus Scent with Dawn",74,17
2744,"Milk, Organic, Vitamin D",84,16
2745,Bowls,111,17
2746,Roma Tomato,83,4
2747,Coke,77,7
2748,80  Vodka Holiday Edition,124,5
2749,Cream Top Peach on the Bottom Yogurt,120,16
2750,Cherry Coke Soda,77,7
2751,Super Soft Taco Flour Tortillas,128,3
2752,Tempt Unsweetened Vanilla Hemp Milk,91,16
2753,YoKids Strawberry Banana/Strawberry Yogurt,120,16
2754,Jalapeno Popcorn,23,19
2755,"Paper Snack & Sandwich Bags, 100% Unbleached",85,17
2756,Pink Virgin Lemonade,31,7
2757,"Bread, Country Buttermilk",112,3
2758,Spaghetti Brown Rice Pasta,131,9
2759,Synergy Raspberry Chia Kombucha,31,7
2760,Sweet & Salty Nut Peanut Granola Bars,48,14
2761,Buttermilk Ranch Dressing,89,13
2762,Pork Chorizo,122,12
2763,Harvest Best in 100% Fruit Juice Mandarin Oranges,99,15
2764,Potato Yukon Gold Organic,83,4
2765,"Watercress, Bunch",83,4
2766,Lactose Free Low Fat Vanilla Yogurt,120,16
2767,Organic Bagged Carrots,83,4
2768,Organic Coconut Oil,19,13
2769,Fresh Cut Brussels Sprouts,123,4
2770,Mary Kitchen 50% Reduced Fat Corned Beef Hash,59,15
2771,Nature's Calorie-Free Sweetener,17,13
2772,Organic Chili Powder Blend,104,13
2773,Plain Bagel,93,3
2774,Organic Lasagna with Meat Sauce,38,1
2775,Salty Date Raincoast Crisps,78,19
2776,Of Maine Fresh Frozen Wild Blueberries,116,1
2777,Kinni Toos Vanilla Sandwich Creme,61,19
2778,"Mustard, Spicy Brown",72,13
2779,Key Lime Sparkling Water,115,7
2780,Italian Zesty Dressing,89,13
2781,Organic Spaghetti Pasta,131,9
2782,Super Moist Yellow Cake Mix,105,13
2783,Cheese Finely Shredded Mexican Four Cheese Blend,21,16
2784,Roasted & Salted Almonds,117,19
2785,Red Plums,24,4
2786,Lemon Gelatin,105,13
2787,Star Fruit,24,4
2788,Shredded Mozzarella,21,16
2789,Super Greens,123,4
2790,Lighty Breaded Fishies,34,1
2791,Organic Multigrain Snack Crackers,78,19
2792,Distilled White Vinegar,19,13
2793,Cage Free Grade AA Large White Eggs,86,16
2794,Organic Chard Green,83,4
2795,Orzo Pasta,131,9
2796,"Coconut & Peanut Spread, Crunchy",88,13
2797,Flaxseed Bread,112,3
2798,Ranch Salad Dressing,89,13
2799,Cooked Spicy Italian Sausage,106,12
2800,Cheddar Cheese Burrito,38,1
2801,Vegetable Dumpling,13,20
2802,Sierra Trail Mix Energy Bar,3,19
2803,Total 2% All Natural Plain Greek Yogurt,120,16
2804,Fresh Cut Green Beans,81,15
2805,Vanilla Syrup,90,7
2806,Coconut Spray Oil,19,13
2807,Organic Large Brown Grade AA Cage Free Eggs,86,16
2808,Cheese Delicato Tortellini,12,9
2809,Organic Soft Wheat Bread,112,3
2810,Ranch Original Topping & Dressing,89,13
2811,100% Recycled Bath Tissue Rolls,54,17
2812,Stone Ground Garbanzo Bean Flour,17,13
2813,Ultra Strength Assorted Berries Antacid,70,11
2814,Fancy Eggplant,83,4
2815,Dark Chocolate Acai Blueberry,45,19
2816,Oatmeal Squares Brown Sugar,121,14
2817,Goldfish Original Baked Snack Crackers,78,19
2818,Curate Cherry Lime Sparkling Water,115,7
2819,Organic Forest Berry Cream On Top Whole Milk Yogurt,120,16
2820,Organic Cucumber,83,4
2821,Butternut Squash,83,4
2822,Organic Lemon Flavor Recharge Thirst Quencher With Electrolytes,98,7
2823,Apple Dapples Cereal,121,14
2824,Chocolate Crepes,93,3
2825,Creamy Almond Butter,88,13
2826,Original Beef Flavor Dog Snacks,40,8
2827,REV #13 Bacon Club,13,20
2828,"Tomatoes, Whole Peeled",81,15
2829,Original Hummus,67,20
2830,Organic Mango Slices,117,19
2831,Cheeseburger Macaroni Home Cooked Skillet Meal,4,9
2832,Low Fat Ice Cream Bars Mint Fudge Swirl,37,1
2833,"Bacon, Egg & Cheese Biscuit Sandwiches",52,1
2834,Stage 2 Pear Pumpkin Baby Food,92,18
2835,Chunky New England Clam Chowder,69,15
2836,Creamy Chicken Flavor Ramen Noodle Soup,4,9
2837,"Organic Baby Food Apricot, Peach & Pumpkin",92,18
2838,Cocoa,90,7
2839,Farmstyle Greek Old Fashioned Vanilla Strained Lowfat Yogurt,120,16
2840,Plain Bagelettes,93,3
2841,Unsweet Watermelon Sparkling Water,115,7
2842,"8\"" Flour Tortillas De Harina",128,3
2843,Cinnamon Brown Sugar Breakfast Biscuits,48,14
2844,Shrimp Scampi,34,1
2845,Crispy Golden Spud Puppies,116,1
2846,Veggie Cheese & Pretzel Snack Pac Prepacked,50,19
2847,Organic Orange Juice,98,7
2848,Organic Beef Base,69,15
2849,Half Baked Frozen Yogurt,37,1
2850,Eggo Homestyle Waffles,52,1
2851,Sugar Snap Peas,83,4
2852,No Beans Chili,59,15
2853,Organic Assam Black Tea,94,7
2854,Vanilla Almond Fit Granola,57,14
2855,Freezer Gallon Bags,85,17
2856,Organic French Roast Ground Coffee,26,7
2857,Organic Raw Kombucha Gingerade,31,7
2858,Organic Classic Hummus,67,20
2859,Sesame Seaweed Salad,13,20
2860,Sea Salt Chips,107,19
2861,Seedless Cucumbers,32,4
2862,Organics Vitamin C Fortified 100% Apple Juice,98,7
2863,Blueberries Pint,24,4
2864,French Roast Ground Coffee,26,7
2865,Chocolate Hazelnut Butter Blend,88,13
2866,Naturally Smoked Oysters in Pure Olive Oil,95,15
2867,Island Vanilla Cereal,121,14
2868,Organic Gluten Free Yellow Cornmeal,17,13
2869,"Organic Banana, Cinnamon & Granola Stage 2 Baby Food",92,18
2870,Organic YoKids Smoothie Strawberry Banana Lowfat Yogurt,120,16
2871,Organic Frosted Flakes Cereal,121,14
2872,"Dry Roasted, Spicy Organic Pumpkin Seeds",117,19
2873,Talenti Double Dark Chocolate Gelato,37,1
2874,Original Kettle Cooked Potato Chips,107,19
2875,Ricotta & Parmigiano Tortellini,12,9
2876,Sea Salt Pita Chips,107,19
2877,Envirokidz Chocolate Koala Crisp,121,14
2878,Aluminum Foil,85,17
2879,Organic Bunch Arugula,83,4
2880,Whole Kernel Corn No Salt Added,81,15
2881,Sugar Free Energy Drink,64,7
2882,Cubed Butternut Squash,123,4
2883,Blueberry Dried Cranberries,117,19
2884,Frontier Whiskey,124,5
2885,Lemon Yogurt,120,16
2886,"100% Juice, Variety Pack",98,7
2887,Gluten Free Classic Hotdog Buns,43,3
2888,Vitamin Water Zero Rise Orange,64,7
2889,Vegan Chocolate Chip Mini Muffins,8,3
2890,Breaded Fish Sticks,34,1
2891,Sandwich Bags,85,17
2892,Ultra Free & Clear Dishwashing Liquid,74,17
2893,Lowfat Key Lime Yogurt,120,16
2894,All Natural Cinnamon Raisin Bread,112,3
2895,Classic Almond Butter,88,13
2896,Shredded Mild Cheddar Cheese,21,16
2897,Sliced Provolone Cheese,21,16
2898,Whole Wheat English Muffins,93,3
2899,Macrobar Prolonged Powder Banana + Almond Butter,3,19
2900,Brownberry Country Buttermilk Sandwich Bread,112,3
2901,Vanilla Yoghurt,120,16
2902,100% Orange Juice,31,7
2903,Organic Cinnamon Crunch Cereal,121,14
2904,Dairy Free Plain Cultured Coconut Milk,120,16
2905,After Dark Chocolate frozen nonfat yogurt bars,37,1
2906,Cheese Tamale Verde,38,1
2907,Sockarooni Spaghetti Sauce,9,9
2908,Berry & Barley Organic Baby Food,92,18
2909,Semisweet Chocolate Chips,17,13
2910,High Protein Bar Chunky Peanut Butter,3,19
2911,Zero Calorie Sweetener,17,13
2912,Beggin' Strips Bacon Flavor Dog Snacks,40,8
2913,Extra Virgin Olive Oil,19,13
2914,Southwest Taco Seasoning Mix,30,6
2915,Natural Emmentaler Swiss Cheese,21,16
2916,100% Juice Apple Cider,98,7
2917,Fresh Ginger Root,83,4
2918,White Nectarine,24,4
2919,Sweet Onions,83,4
2920,Crackers,78,19
2921,Whole Grain Brown Ready Rice,4,9
2922,Minis Candy,45,19
2923,Black Bean Vegetables Burrito,38,1
2924,Thick Medium Cheddar Slices,21,16
2925,Brown Sugar Maple Oatmeal with Ancient Grains,130,14
2926,Vanilla Almond Milk Yogurt,120,16
2927,Original Puffins Cereal,121,14
2928,Extra Fancy Unsalted Mixed Nuts,117,19
2929,Ultra Soft Mega Rolls  Bathroom Tissue,54,17
2930,Organic White Wine Vinegar,19,13
2931,Vanilla Blueberry Clusters With Flax Seeds Granola,57,14
2932,Milk Chocolate with Almonds Candy Bar,45,19
2933,Grilled Chicken Feast in Gravy Cat Food,41,8
2934,Original No Pulp 100% Florida Orange Juice,31,7
2935,Sourdough Bachelor Loaf,112,3
2936,Organic Almond Non Dairy Beverage Vanilla,91,16
2937,Organic Cilantro,16,4
2938,Organic  Whole Milk,84,16
2939,Farmer's Garden Medium Salsa,51,13
2940,"Organic Tomato Paste, No Salt Added",81,15
2941,Cherrios Honey Nut,121,14
2942,Cheese Pizza Snacks,129,1
2943,Sprouted Grain Bread Cinnamon Raisin,58,1
2944,Oven Baked Cheddar & Sour Cream Potato Crisps,107,19
2945,Garden Spinach Herb 6 Ct Wraps,128,3
2946,Baby Healing Ointment,6,2
2947,Gourmet Tomato Medley,32,4
2948,"Maple Sugar, Organic, Pure",17,13
2949,Heavy Whip Cream,53,16
2950,Mini Pretzels,107,19
2951,Four Cheese Ravioli,12,9
2952,Organic Edamame,116,1
2953,Sunflower Seed Butter,88,13
2954,Pretzel In Milk Chocolate Bar,45,19
2955,Organic Red Delicious Apple,24,4
2956,Four Cheese Pasta Sauce,9,9
2957,Organic Fresh Pressed Pure Carrot 100% Juice,98,7
2958,Broccoli Slaw,123,4
2959,1% Low Fat Milk,84,16
2960,Beefsteak Tomatoes,83,4
2961,Reduced Sodium Chicken Broth for Passover,33,6
2962,Viva Vanilla Flavor Protein Smoothie Powder Drink Mix,65,11
2963,Grilled Seafood Feast in Gravy Cat Food,41,8
2964,Fat Free Feta Chunks,21,16
2965,Organic Fiber & Protein Pear Blueberry & Spinach Baby Food,92,18
2966,Extra Sharp White Cheddar,21,16
2967,Original Almond Breeze Almond Milk,91,16
2968,Toasted Pine Nut Couscous Mix,4,9
2969,Organic Brown Rice Cake Salt-Free,78,19
2970,Organic Whole Grain Brown Rice Microwaveable Pouches,63,9
2971,Pumpkin Bar Sprouted Bar,3,19
2972,Grab 'N Go® Cups & Lids 12 Ounce,111,17
2973,Dark Roast Cold Brew Coffee Concentrate,26,7
2974,Hommus Classic Original,67,20
2975,Diet Coke Soda,77,7
2976,Gluten Free Wraps,128,3
2977,Hot Salsa,51,13
2978,Root Beer Soda,77,7
2979,Blood Oranges,24,4
2980,Nonfat Strawberry With Fruit On The Bottom Greek Yogurt,120,16
2981,Whole Grains Oatnut Bread,112,3
2982,100% Whole Wheat Slice English Muffins,93,3
2983,"Delight Air Popped Popcorn, White Cheddar",23,19
2984,Lowfat Peach Yogurt,120,16
2985,Twelve Essentials Fruit and Vegetable Juice,31,7
2986,Dijon Mustard,72,13
2987,Red Seedless Grapes,24,4
2988,Flip™ Low-Fat Almond Coco Loco Lowfat Greek Yogurt,120,16
2989,Natural Jif Creamy Peanut Butter Spread,88,13
2990,Glazed Apple Fritters,93,3
2991,Creamy Deluxe Shells & Real Aged Cheddar Sauce,4,9
2992,Orange Aranciata Sparkling Beverage,77,7
2993,Almonds Mini Nut-Thins Cheddar Cheese,78,19
2994,"Crackers, Crispy, Cheddar",78,19
2995,Fat Free Skim Milk,84,16
2996,Red Mango,24,4
2997,Green Peas,116,1
2998,Tapioca Pudding Cups,71,16
2999,Pro-Strength Hair Clog Eliminator With Clorox,114,17
3000,Whole Grain Cheddar Baked Snack Crackers,78,19
3001,Sliced White Mushrooms,123,4
3002,Family Favorites Broccoli Cole Slaw,123,4
3003,Garlic & Herb Bread Crumbs,5,13
3004,Reduced Fat 2% Milk,84,16
3005,Extra Strong Dark Chocolate,45,19
3006,Parsley,16,4
3007,Chunk Light Tuna,95,15
3008,Bakery Classics Sliders Golden Potato Buns,43,3
3009,Dha Omega 3 Vitamin D Milk,84,16
3010,Pretzel Sticks,107,19
3011,Organic Fresh Squeezed Orange Juice,31,7
3012,Organic Promise Autumn Wheat Cereal,121,14
3013,Sprouted Wheat Cinnamon Raisin Bagels,93,3
3014,Organic Cranberry Winter Salad,1,20
3015,Caramelized Onions And Gruyere Cheese Ravioli,12,9
3016,Fresh Spreadable Cream Cheese,108,16
3017,Acorn Squash,83,4
3018,Roasted Chicken Breast,96,20
3019,"Apples, Guavas & Beets Organic Baby Food",92,18
3020,White Giant Paper Towel Rolls,54,17
3021,Organic Large Grade AA Brown Eggs,86,16
3022,Organic Ezekiel 49 Bread Cinnamon Raisin,112,3
3023,Romaine Hearts,123,4
3024,Vanilla Ice Cream,37,1
3025,Original Whipped Cream,53,16
3026,Baked Beans,59,15
3027,Reduced Fat 4 Cheese Mexican Shredded Cheese,21,16
3028,Roasted Red Pepper & Basil Quinoa and Brown Rice,4,9
3029,Spaghetti,131,9
3030,Cold-Brew Black Coffee,26,7
3031,Low Fat 1% Milk,84,16
3032,Quiche Lorraine,13,20
3033,"Carrots, Bag",123,4
3034,Pronamel Fresh Wave Fresh Breath Toothpaste,20,11
3035,Italian Sausage,14,20
3036,Cherry Vanilla Cherry On The Bottom Cream Top,120,16
3037,Dry Rubbed Thick Sliced Pork Bacon,106,12
3038,Organic Carrots Baby Peeled Prepacked,123,4
3039,Organic Chunky Tomato Bisque Soup,69,15
3040,Organic Baby Rainbow Carrots,123,4
3041,Clementine,24,4
3042,Wintermint Sugar Free Gum,46,19
3043,Frontier Whole Wheat Oat & Honey Flapjack and Waffle Mix,130,14
3044,"Breaded Chicken Breast Nuggets, Gluten Free",129,1
3045,Organic Peanut Butter Fruit & Nut Bar,3,19
3046,Jumbo Veggie Protein Smart Dogs Links,106,12
3047,Rich and Creamy Milk Chocolate Frosting,97,13
3048,Yellow Corn Extra Thin Tortillas,128,3
3049,Pure Irish Butter,36,16
3050,Chef Salad,1,20
3051,Wheat English Muffins,93,3
3052,Crescent Rolls,105,13
3053,Family Size Lasagna With Meat & Sauce,38,1
3054,Organic Golden Delicious Apple,24,4
3055,Cabernet Sauvignon,28,5
3056,Sashimi Combo,13,20
3057,Alpine Breeze Gentle Whitening for Sensitive Teeth Toothpaste,20,11
3058,Chicken Apple Sausage,106,12
3059,Organic Unsweetened Ketchup,72,13
3060,Organic Egg Whites,86,16
3061,Organic Mini Cheddar Cheese Crackers,78,19
3062,Classic Hummus,67,20
3063,Tissue with Lotion Aloe & E,54,17
3064,Organic Crimini Mushrooms,83,4
3065,Gluten free Dark Chocolate covered Creamy Banana Fruit Bars,37,1
3066,Seafood Favorites Variety Cat Food,41,8
3067,"100% Juice, Apple",98,7
3068,Texmati Rice,63,9
3069,7 Sprouted Grains Bread,112,3
3070,Sparkling Natural Mineral Water,115,7
3071,Chocolate Protein Soy And Dairy Protein Shake,31,7
3072,Dark Chocolate Chip Chococonut Chewy Granola Bars,3,19
3073,Organic Vegetarian Baked Beans,59,15
3074,Cole Slaw,123,4
3075,Lemon Verbena Dish Soap,74,17
3076,"Tortillas, Wheat Free, Sprouted Corn",128,3
3077,Organic Hummus,123,4
3078,Organic Banana Bites,117,19
3079,Cinnamon Toast Crunch Crispy Sweetened Whole Wheat & Rice Cereal,121,14
3080,Light Multi-Grain English Muffins,93,3
3081,Organic Kale Greens,123,4
3082,Honeycrisp Bag,24,4
3083,"Coffee, Cold Brew, Triple Shot",26,7
3084,Touch Nylon Ladle,10,17
3085,Outshine Creamy Coconut Fruit Bars,37,1
3086,Red Lentil Dahl Soup,1,20
3087,Goat Cheese Crumbles,21,16
3088,Ripe Large Pitted Olives,110,13
3089,Rosemary & Olive Oil Quinoa Blend,63,9
3090,Deep Moisture Body Wash,127,11
3091,Fruit Punch Sports Drink,64,7
3092,White Pita,128,3
3093,Organic Peppermint Tea,94,7
3094,Cotton Swabs,44,11
3095,CoffeeMate French Vanilla Sugar Free Creamer,53,16
3096,Italian Herbs & Olive Oil Mozzarella Stix,129,1
3097,Meaty Ground Dinner W/Chopped Beef (PS #1211062) Wet Dog Food,40,8
3098,Ume Plum Vinegar,66,6
3099,Super Green Juice Blend Smoothie,31,7
3100,Cherry Tomatoes,24,4
3101,Crackers Almond Flour Farmhouse Sharp Cheddar,78,19
3102,Lactose Free 2% Reduced Fat Milk,91,16
3103,Epsom Salt Soaking Solution Relax & Relief,127,11
3104,Sweet White Miso,66,6
3105,Hash Browns,52,1
3106,Organic Shells And White Cheddar,4,9
3107,Lactose Free Cream Cheese,108,16
3108,Tasteeos Cereal,121,14
3109,Harvest Cheddar Multigrain Chips,107,19
3110,Shredded Monterey Jack Cheese,21,16
3111,Elmo Mac 'n Cheese With Carrots & Broccoli,38,1
3112,Total 2% Greek Mixed Berries Yogurt,120,16
3113,Raspberry Oikos Greek Yogurt,120,16
3114,All Natural Medium Fire-Roasted Tomato & Jalapeno Salsa,51,13
3115,Apple Pie Fruit & Nut Food Bar,3,19
3116,Chicken and Vegetable Egg Rolls,129,1
3117,Grated Parmesan,21,16
3118,Gluten Free Classic Hamburger Buns,43,3
3119,Oats and Honey Protein Crunchy Granola,57,14
3120,Sweet Rival Sesame Butter + Dates Macrobar,3,19
3121,Total 2% with Strawberry Lowfat Greek Strained Yogurt,120,16
3122,Sinfully Sweet Campari Tomatoes,83,4
3123,Pears,24,4
3124,Total 2% Lowfat Greek Strained Yogurt with Peach,120,16
3125,Yellow Tortilla Chips,107,19
3126,Extended Chest Congestion 600 mg Expectorant,11,11
3127,Four Fruits Preserves,88,13
3128,Fat Free French Vanilla Creamer,53,16
3129,Roasted Garlic Hummus,67,20
3130,Black Raspberry Sparkling Water Drink,115,7
3131,Bay Leaves,104,13
3132,Chicken Wings,49,12
3133,Cracked Wheat Sourdough Loaf,112,3
3134,Acai Berry Chia Bar,3,19
3135,Natural California Raisins Mini Snack Boxes,117,19
3136,Mighty Mango Juice Smoothie,31,7
3137,Black Seedless Grapes,24,4
3138,Almond Breeze Chocolate Almond Milk,91,16
3139,Whole Grain Quinoa,63,9
3140,Classic Soda,77,7
3141,Garlic Chicken Spring Rolls,129,1
3142,Chickpeas Garbanzo Beans,63,9
3143,Broccolini,83,4
3144,Orange Juice,31,7
3145,Organic Honey,29,13
3146,Reduced Fat  Sharp Cheddar Cheese Product,21,16
3147,Non Pareil Capers,110,13
3148,Organic Italian Parsley Bunch,16,4
3149,Tzatziki,67,20
3150,Spinach Peas & Pear Stage 2 Baby Food,92,18
3151,Chocolate Sea Salt,3,19
3152,Whole Grain Buttermilk Pancake & Waffle Mix,130,14
3153,Dark Chocolate Ice Cream Bars,37,1
3154,of Hanover 100 Calorie Pretzels Mini,107,19
3155,Goat Milk,84,16
3156,Sonoma Organic Wraps Multigrain Tortillas With Flax,128,3
3157,Natural Applesauce Snack & Go Pouches,99,15
3158,100% Tangerine Juice,31,7
3159,Healthy Mouth All Natural Mouthwash Cinnamon Clove,20,11
3160,Pesto Tortellini  Bowls,38,1
3161,Squeeze Grape Jelly,88,13
3162,Vanilla Frozen Non-Dairy Dessert Bites,37,1
3163,4% Milkfat Small Curd Cottage Cheese,108,16
3164,Grade AA Large White Eggs,86,16
3165,Organic Baby Broccoli,83,4
3166,"Bread, Sprouted Sourdough",112,3
3167,Strawberry Puffs,92,18
3168,Hint Of Sea Salt Almond Nut Thins,78,19
3169,"Cold-pressed, Deliciously Hydrating Watermelon Water",31,7
3170,Organic Light In Sodium Butternut Squash Soup,69,15
3171,"Disinfecting Wipes, Lemon",114,17
3172,Chocolate Frozen Desserts,37,1
3173,Organic Goddess Dressing,89,13
3174,Ruby Red Grapefruit Juice,98,7
3175,"Pizza, Rice Crust, Cheese",79,1
3176,Breakfast Patties,42,1
3177,Heavy Duty Non-Stick Aluminum Foil 35 sq ft,85,17
3178,Garlic,83,4
3179,Organic Strawberry Preserves,88,13
3180,"Chick Peas, Garbanzos",30,6
3181,Black Cherry Sparkling Water,115,7
3182,Fajita Seasoning,30,6
3183,Taco Seasoning Mix,104,13
3184,Pure Organic Pineapple Juice,98,7
3185,Butter Beans,59,15
3186,Kumato Tomatoes,83,4
3187,Original Wavy Potato Chips Party Size,107,19
3188,Original Veggie Straws,50,19
3189,Bag Of Organic Lemons,24,4
3190,Cavity Protection Regular Toothpaste Gel 6.4 Oz Dentifrice,20,11
3191,Sweet Potatoes,116,1
3192,Hass Avocado Bag,24,4
3193,Almond Flour Sundried Tomato Basil Crackers,78,19
3194,Cheeseburger Sliders,129,1
3195,Alfredo Pasta Sauce,9,9
3196,"Prosciutto, Americano",96,20
3197,Grape-Nuts Cereal,121,14
3198,Organic Chicken Thighs,7,12
3199,Creamy Ranch Dressing,89,13
3200,Organic Cane Sugar,17,13
3201,Peanut Butter Whole Grain Clusters,57,14
3202,Chomperz Original Crunchy Seaweed Chips,50,19
3203,Organic Sliced Peaches,116,1
3204,Pitted Dates,117,19
3205,On the Go Pink Lemonade Drink Mix,90,7
3206,1% Milkfat Low Fat Buttermilk,84,16
3207,Triscuit Baked Whole Grain Wheat Rosemary & Olive Oil,78,19
3208,Vanilla Cupcakes,8,3
3209,Steamfresh Premium Selects Frozen Whole Green Beans,116,1
3210,Clean Linen Air Freshener,101,17
3211,100% Recycled 2 Ply Jumbo Paper Towel Roll,54,17
3212,Roasted & Salted Pistachios,117,19
3213,Total 2% Lowfat Greek Yogurt with Honey,120,16
3214,Organic Large Grade AA Omega-3 Eggs,86,16
3215,Good Belly Probiotics Juice Drink Blueberry Acai Flavor,31,7
3216,100% Juice Apple Juice,98,7
3217,Toaster Strudel Cream Cheese & Strawberry Pastries,52,1
3218,Original Natural Buttery Spread,91,16
3219,"Avocado Oil, Refined",19,13
3220,Organic Stage 3 Pear Carrot Apricot Baby Food,92,18
3221,Cordon Bleu Stuffed Chicken Breasts,49,12
3222,Tikka Masala Simmer Sauce,76,6
3223,Yellow Curry Paste,66,6
3224,"Steamfresh Selects Frozen Broccoli, Cauliflower & Carrots",116,1
3225,Beets Bunch,83,4
3226,Tiny Twists Pretzels,107,19
3227,Deluxe Blueberry Bagels,93,3
3228,Chunky Tomato Garlic & Onion Pasta Sauce,9,9
3229,Platinum Erasing Dish Foam Fresh Rapids Scent,74,17
3230,Veggie Ground,14,20
3231,Premium Grade Sushi Rice,63,9
3232,Red Vine Tomato,83,4
3233,Mango Yoghurt,120,16
3234,No Salt Added Tomato Sauce,81,15
3235,Macaroni Shells & White Cheddar Cheese,4,9
3236,Black Beans,59,15
3237,Unsweetened Whole Milk Strawberry Yogurt,120,16
3238,Premium Solid White Albacore Tuna in Water,95,15
3239,Orange Strawberry Banana Juice,31,7
3240,"Chao, Vegan, Coconut Herb, Slices",21,16
3241,Traditional Bavarian Classic Soft Pretzels,129,1
3242,Salted Butter,36,16
3243,Lemon Ginger Sparkling Probiotic Drink,31,7
3244,Cheese Square Crackers,78,19
3245,Epsom Salt Soaking Solution Soothe & Sleep,73,11
3246,Organic Whole Cashews,117,19
3247,Organic Turkey Gravy Mix,4,9
3248,Sea Salt Brownies,8,3
3249,Red Leaf Lettuce,83,4
3250,Organic Spicy Taco Seasoning,30,6
3251,Ezekiel 4:9 Sprouted Grain Tortillas,128,3
3252,Supreme Pizza,79,1
3253,Extra Crisp English Muffins,93,3
3254,Strawberries Clamshell,24,4
3255,Chinese Noodles,66,6
3256,100% Apple Juice,98,7
3257,Whitening Plus Scope Crest Complete Whitening + Scope Multi-Benefit Minty Fresh Striped Toothpaste 6.2oz Dentifrice,20,11
3258,Toasted Sesame Seed Oil,19,13
3259,Lime Sparkling Water,115,7
3260,Dairy Free Plain Cream Cheese Style Spread,108,16
3261,Cornmeal Crust 3 Cheese Pizza,79,1
3262,Bedtime Bath™ Baby Bath,102,18
3263,Cavity Protection Regular Fluoride Toothpaste,20,11
3264,Himalayan Pink Salt,104,13
3265,Cut Okra,116,1
3266,Balsamic Vinaigrette Salad Dressing,89,13
3267,Dark Chocolate Sugar Free Pudding Snacks,71,16
3268,Chewy S'mores Granola Bars,3,19
3269,Unsalted Sweet Butter Sticks,36,16
3270,Premium Green Tea,94,7
3271,Organic Lowfat Milk,84,16
3272,Finley Shreeded Mild Colby Monterey Jack,21,16
3273,Naked Green Machine Boosted Juice Smoothie,31,7
3274,Sugar Free Chocolate Reduced Calorie Pudding Snacks,71,16
3275,L&#39;Or&Eacute;Al&Reg; Paris Pure Clay Mask Detox &#38; Brighten 1.7 Oz,73,11
3276,Organic Red Pepper Hommus,67,20
3277,Peter Rabbit Organic Pea Spinach & Apple Puree Snack,92,18
3278,Sun Dried Tomatoes,81,15
3279,Gluten Free Brown Rice English Muffins 6 ct,93,3
3280,Nilla Wafers,61,19
3281,Hazelnut Liquid Coffee Creamer,6,2
3282,100% Whole Wheat Pre-Sliced Bagels,93,3
3283,Everyday 2-Ply White Facial Tissues,54,17
3284,Organic Vanilla Almond Milk,91,16
3285,Real Coconut Water,98,7
3286,Pure Life Purified Water,115,7
3287,Organic Yukon Gold Potato,83,4
3288,Apple & Apricot Fruit Bar,3,19
3289,Frosted Chocolate Cup Cakes  with Creamy Filling,61,19
3290,Strawberry Protein Shake,98,7
3291,Natural Mini Pork Pepperoni,96,20
3292,Organic Red Chard Greens,83,4
3293,Organic Baby Kale,83,4
3294,Organic Tortilla Chips,107,19
3295,Organic Hemp Plus Granola Cereal,57,14
3296,Organic Large Grade AA Eggs,86,16
3297,Ritz Sour Cream & Onion Toasted Chips,78,19
3298,Sensitive Skin Moisturizing Cream Soap Bars,127,11
3299,Organic Strawberry Smoothie,120,16
3300,Chocolate Peanut Butter,3,19
3301,Half & Half Lemonade Tea,94,7
3302,Organic Braised Tofu,14,20
3303,Gluten Free Chocolate Macaroons,8,3
3304,"Whole Grain Organic Waffles, Totally Original",52,1
3305,Whole Chia Seeds,117,19
3306,Toaster English Muffins Wheat Made With a Touch of Honey,93,3
3307,Honey Crunchy Flavor Corn Dogs 6 Count,38,1
3308,Golean Crisp! Cinnamon Crumble Cereal,121,14
3309,Hardwood SmokedCenter Cut Original Bacon,106,12
3310,Ultra Thin Slices Sharp Cheddar Cheese,21,16
3311,Pure Foods Sea Salt Iodized,104,13
3312,Milk Chocolate Covered Peanuts,45,19
3313,Mango Flavor Probiotic Juice Drink,31,7
3314,Homestyle Tart Cherry Lemonade Drink,98,7
3315,Continuous Control® Acne Cleanser Cleansers,73,11
3316,Emollient Sunscreen Fragrance Free Clear Spray SPF 50,25,11
3317,Light Organic Agave Nectar,29,13
3318,Complete Foaming Antibacterial Hand Soap Variety Pack,127,11
3319,Organic Lemon Cayenne Sparkling Probiotic Drink,31,7
3320,Yukon Gold Potato,123,4
3321,Cream of Tomato Soup,69,15
3322,Organic Blueberries Clamshell,32,4
3323,Organic Mixed Vegetables,116,1
3324,Moisturizing Lotion,127,11
3325,Original Hot Sauce,72,13
3326,Organic Cherry Orchard Fruit Bites Pouches,50,19
3327,Caffeine Free Diet Coke Soda,77,7
3328,California Black Bread,112,3
3329,Dha Omega 3 Reduced Fat 2% Milk,84,16
3330,Organic Large Grade A Brown Eggs,86,16
3331,Taco 25% Less Sodium Seasoning Mix,5,13
3332,Unsweetened Vanilla Coconut Milk Beverage,91,16
3333,Organic Jalapeno Pepper,83,4
3334,Tonic Water,115,7
3335,Organic Unsweetened Almond Milk,91,16
3336,Fancy Feast Wet Classic Chicken Feast Cat Food,41,8
3337,Organic Traditional Hummus,67,20
3338,Coconut Flavored Sparkling Water,115,7
3339,Seedless Strawberry Jam,88,13
3340,Organic Fat Free Milk,84,16
3341,Argan & Sweet Orange Moisture Rich Shampoo,22,11
3342,Organic Orange Fruit Juice,98,7
3343,Glass Cleaner,114,17
3344,"Super Spinach! Baby Spinach, Baby Bok Choy, Sweet Baby Kale",123,4
3345,Organic Sweet Beets Juice,31,7
3346,Everything Deli Style Pretzel Crisps Crackers,107,19
3347,Organic Mango,24,4
3348,Berry Berry Good Lemonade Organic Juice Drink,98,7
3349,Philadelphia Original Cream Cheese,108,16
3350,"Cereal, Superfood, Cacao Crunch",121,14
3351,Extra Light Olive Oil,19,13
3352,Soft 10 Grain Bread,112,3
3353,Double Fiber Whole Grain Sliced English Muffins,93,3
3354,Freshly Squeezed Orange Juice,31,7
3355,Natural Choice Deli Oven Roasted Turkey,96,20
3356,Whipped Cream Cheese Frosting,97,13
3357,Smoked Turkey Breast,96,20
3358,In Spring Water No Salt Added Tin Overwrap Sardines,95,15
3359,Beast Burger,42,1
3360,Turkey Burger,35,12
3361,Organics Spinach,123,4
3362,Reduced Fat Original Baked Snack Crackers,78,19
3363,Black Chia Enlightened Kombucha Drink,31,7
3364,Red Kidney Beans,63,9
3365,Smooth Greens & Kale Vegetable and Fruit Juice Blend,98,7
3366,Large Grade AA Organic Eggs,86,16
3367,Peanut Butter Egg White Protein Bar,3,19
3368,Turkey Burger Patties,49,12
3369,Sour Cream & Onion Flavored Potato Crisps,107,19
3370,Sea Salt Breadstick,78,19
3371,VIA Ready Brew Colombia Coffee,26,7
3372,Sea Salt Sourdough Einkorn Crackers,78,19
3373,Low Fat Split Pea Soup,69,15
3374,Lemon Sparkling Water,115,7
3375,Cottage Cheese,108,16
3376,Organic Root Vegetables & Apples with Beef Stage 3 Baby Food,92,18
3377,Organic Rainbow Chard Vegetable,83,4
3378,Gluten Free Millet-Chia Bread,112,3
3379,Grapes Green Seedless,24,4
3380,"Fire-Roasted Tomato Taco Sauce, Medium",30,6
3381,Hardwood Smoked Bacon,106,12
3382,Napkins,54,17
3383,Pure Canola Oil,19,13
3384,Honey Roasted Turkey Breast,7,12
3385,Natural Choice Original Uncured Bacon,106,12
3386,Organic Grain Free Chicken & Liver Dinner Canned Dog Food,40,8
3387,Organic Stage 2 Winter Squash Baby Food Puree,92,18
3388,Plus Lubricant Eye Drops,44,11
3389,Brussels Sprout Season,123,4
3390,Sweet Italian Chicken Sausage,35,12
3391,Chips Ahoy Thin Crisps,61,19
3392,Reduced Fat Crescent Rolls,105,13
3393,Epsom Salt,133,11
3394,100% Natural Stevia Sweetener,17,13
3395,Bars Peanut Butter,88,13
3396,Organic Extra Large Grade AA Brown Eggs,86,16
3397,Campari Tomato,83,4
3398,Veganic Sprouted Ancient Grain O's,121,14
3399,100% Whole Wheat Medium Soft Taco Flour Tortillas,128,3
3400,Sprouted Multi-Grain Bread,112,3
3401,Minced Turkey Entree Cat Food,41,8
3402,Key Lime Pie Gelato,37,1
3403,Sprouted Grain Low Sodium Bread,112,3
3404,Pizza Poppers Uncured Pepperoni,38,1
3405,Baked Soft Pretzels,129,1
3406,50/50 Spring Mix & Baby Spinach,123,4
3407,Purified Drinking Water,115,7
3408,Organic Hothouse Cucumbers,83,4
3409,The Original Natural Herb Drops Cough Suppressant,11,11
3410,Vanilla Goats Milk Yogurt,120,16
3411,Double Fiber Bread,112,3
3412,Organic Sea Salt Roasted Seaweed Snacks,66,6
3413,Egg Nog,84,16
3414,Organic Roasted Sliced Chicken Breast,96,20
3415,Iodized Salt,104,13
3416,Authentic French Brioche Rolls,43,3
3417,Triple Berry Blend,116,1
3418,Pretzels Original Thins,107,19
3419,Twig Kukicha Tea,94,7
3420,Bunny Pasta with Yummy Cheese Macaroni & Cheese,4,9
3421,Simply...Chocolate Chip Cookie Dough,105,13
3422,Sour Cream & Onion Potato,107,19
3423,Milk Chocolate Candy Bars,45,19
3424,Hot Sauce,72,13
3425,Premium Chocolate Coconut Water,98,7
3426,Non Fat Raspberry Yogurt,120,16
3427,O'Soy Smooth & Creamy Vanilla Organic Soy Yogurt,120,16
3428,Stringless Sugar Snap Peas,123,4
3429,Organics Big Bird's Apple 100% Juice,98,7
3430,Alka-Seltzer Plus Cold Formula Orange Zest Effervescent,11,11
3431,Animal Crackers,78,19
3432,"Organic Apples, Carrots and Parsnips Puree",92,18
3433,Artichokes,83,4
3434,Plain Cultured Goat Milk Kefir,120,16
3435,Cream Cheese Spread,108,16
3436,Non-Stick Parchment Paper,97,13
3437,Turbinado Cane Sugar Packets,17,13
3438,Lemon & Lime Blossom Ocean Fresh Scent Disinfecting Wipes,114,17
3439,Serrano Chile Peppers,83,4
3440,Organic Banana,24,4
3441,Organic Tomato & Basil Pasta Sauce,9,9
3442,Sparkling Peach,77,7
3443,Real Cola,77,7
3444,Uncured Pepperoni,96,20
3445,Dairy Free Coconut Milk Vanilla Yogurt Alternative,120,16
3446,Chicken & Maple Breakfast Sausage,52,1
3447,Diet Ginger Ale Soda,77,7
3448,Soup Bones Minis for Small Dogs Real Chicken & Veggies Flavor Chew Bones,40,8
3449,Shelled Edamame,116,1
3450,Kalamata Hummus,67,20
3451,Salted Caramel Iced Coffee With Almond Milk,31,7
3452,Excellence 70% Cocoa Smooth Dark Chocolate Bar,45,19
3453,100% Cranberry Juice,98,7
3454,Organic Strawberry Fruit Spread,88,13
3455,"Bathroom Tissue Softness & Strength, Double Rolls",54,17
3456,Vantage Choose-A-Size Regular Roll Towels,54,17
3457,Cut Green Beans,116,1
3458,Traditional German Egg Pasta Thin Soup Noodles,131,9
3459,Tryst Black Bean Hummus,67,20
3460,"Bar, Toffee & Almonds in Milk Chocolate",45,19
3461,Organic Black Plum,83,4
3462,Wonderful 100% Pomegranate Juice,31,7
3463,Thin Whole Wheat Sandwich Buns,128,3
3464,Flour Tortillas Soft Taco,128,3
3465,Organic Extra Virgin Coconut Oil,19,13
3466,Grands! Homestyle Buttermilk Biscuits,105,13
3467,No Sugar Added Applesauce,99,15
3468,Frosted Mini-Wheats Little Bites Chocolate Cereal,121,14
3469,Vanilla Snowflake Goat's Milk Ice Cream,37,1
3470,Crushed Red Peppers,104,13
3471,Brown Rice Pasta Spirals,131,9
3472,Apple Cinnamon Instant Oatmeal,130,14
3473,Kale Salad,123,4
3474,Organic Elxir Protein Coconut Vanilla Chai,64,7
3475,Green & Crisp Premium Garden,123,4
3476,0% Fat Organic Greek Vanilla Yogurt,120,16
3477,Organic Cookies & Cream Ice Cream,37,1
3478,Fresh Mozzarella Ball,2,16
3479,Yellow Kernel Popcorn,23,19
3480,Organic Sweet Pea,123,4
3481,Sparkling Blackberry Juice,98,7
3482,"Ice Cream, Super Premium, Dutch Chocolate",37,1
3483,Cherry Zero Cola,77,7
3484,White Quilted Napkins,54,17
3485,Guacamole Authentic,67,20
3486,Toilet Bowl Cleaner with Bleach Rain Clean,114,17
3487,Chili with Beans,59,15
3488,Ccnut Raw Cocoaminos,72,13
3489,Organic Gala Apples,24,4
3490,Snack Pack Mini Classic,67,20
3491,"Splits\"" Pretzels Original",107,19
3492,Organic Spring Mix,123,4
3493,Dairy Free Semi Sweet Baking Chips,17,13
3494,Trail Mix,125,19
3495,Blueberry Whole Milk Yogurt Pouch,120,16
3496,Organic Buckwheat Flour,17,13
3497,Organic Blended Raspberry Whole Milk Greek Yogurt,120,16
3498,XL Emerald White Seedless Grapes,123,4
3499,Lime Juice,98,7
3500,Oyster Mushrooms,83,4
3501,Complete Extra Whitening with Tartar Protection Toothpaste Clean Mint,20,11
3502,Organic Whole Wheat Fusilli,131,9
3503,Golden White English Muffins,93,3
3504,Extra Creamy Dairy Whipped Topping,53,16
3505,Roasted Tomato Basil Soup,1,20
3506,Prosecco Sparkling Wine,134,5
3507,Red Miso Soup,69,15
3508,Dairy Free New York Style Cheezecake,42,1
3509,Light and Lean 3 Cheese Penne Marinara,38,1
3510,Original Strawberry Low Fat Yogurt,120,16
3511,Sweet Italian Pork Sausage,7,12
3512,Soup Lentil,69,15
3513,Organic Cranberry Pomegranate Juice,98,7
3514,Apricot-Raspberry Preserves,88,13
3515,Organic Cream of Mushroom Condensed Soup,69,15
3516,Tomato Basil Cream Sauce,9,9
3517,White Sliced Mushrooms,123,4
3518,"Cone Snack Pack 3 Cheddar Cheese, 3 Caramel Corn & 3 Zebra Popcorn, 3 Kettle Corn",23,19
3519,Shiitake Mushroom,83,4
3520,Fancy Feast Wet Classic Turkey & Giblets Feast Cat Food,41,8
3521,Coconut Flakes,17,13
3522,Shower Clean Antiperspirant Deodorant,80,11
3523,Organic Honey Hemp Sprouted Oat Granola,57,14
3524,Hemp Hearts Raw Shelled Hemp Seeds,117,19
3525,Dusk Deodorant,80,11
3526,"Fiber & Protein Organic Pears, Raspberries, Butternut Squash & Carrots Snack",92,18
3527,Thick & Creamy Vanilla Lowfat Yogurt,120,16
3528,Original Sour Cream,108,16
3529,Organic Yellow Peaches,24,4
3530,Almonds & Sea Salt in Dark Chocolate,45,19
3531,Hint of Lime Flavored Tortilla Chips,107,19
3532,Venus Embrace Women's Razor Blade Refills,55,11
3533,Dark Chocolate Chips,45,19
3534,Monster Trail Mix,125,19
3535,Low-Fat Mango on the Bottom Greek Yogurt,120,16
3536,Vegetable Turkey Dinner Stage 2,92,18
3537,Chocolate Macaroons,61,19
3538,Fresh Basil,16,4
3539,Marinara Pasta Sauce,9,9
3540,Ice Cream Sandwiches Vanilla,37,1
3541,Cocktail Style Cubes  Spring Water Ice,37,1
3542,Dairy Free Vanilla Coconut Milk,91,16
3543,Ground Turkey Breast,35,12
3544,Lemon Love Juice Drink,31,7
3545,Almond Milk Strawberry Yogurt,120,16
3546,Original Multigrain Crackers,78,19
3547,Milk and Cookies Ice Cream,37,1
3548,Organic White Onions,83,4
3549,BBQ,107,19
3550,Asparation/Broccolini/Baby Broccoli,83,4
3551,Muffin Pans with 18 Bake Cups,97,13
3552,Parsnip,83,4
3553,Bella Romaine Salad Mix,123,4
3554,Chunk White Albacore Tuna in Water,95,15
3555,Large Grapefruit,24,4
3556,Lime & Sea Salt Tortilla Chips,107,19
3557,Original Graham Crackers,78,19
3558,Antibacterial Concentrated Dish Soap,74,17
3559,Coconut Water Organic,31,7
3560,Green Tea and Ginseng & Honey,94,7
3561,Lightly Salted Kettle Potato Chips - Sea Salt,107,19
3562,Organic Celery Bunch,100,21
3563,1 Ply Paper Towels,54,17
3564,Very Rare Blended  Scotch Whisky,124,5
3565,Organic Sweet Potato Multigrain Tortilla Chips,107,19
3566,Creamy Deluxe Macaroni Dinner Elbows & Four Cheese Sauce,4,9
3567,All Natural Carob Powder,17,13
3568,Organic Whole Milk Strawberry Beet Berry Yogurt Pouch,120,16
3569,Organic Low Fat Cottage Cheese,108,16
3570,Pomegranate Arils,123,4
3571,Mint Chocolate Chip Ice Cream,37,1
3572,Part Skim Ricotta Cheese,108,16
3573,Organic Chunky Vegetable Soup,69,15
3574,Organic Red Lentils,63,9
3575,Gluten Free Peanut Butter Dark Chocolate Chewy With a Crunch Granola Bars,3,19
3576,Roasted Almond Butter,6,2
3577,"Brussels Bytes, Chili Pumpkin Seed Crunch",50,19
3578,Organic White Chia Seed,63,9
3579,Organic Reduced Fat Milk,84,16
3580,Meyer Lemon,24,4
3581,BBQ Chopped Salad,1,20
3582,Brownie Crunch High Protein Bar,3,19
3583,Wheat Sandwich Thins,128,3
3584,Hass Avocado,83,4
3585,Turkey & Sweet Potato Dog Treats,40,8
3586,Sweet Kale Salad Mix,32,4
3587,Chopped Green Chiles,30,6
3588,Provolone,21,16
3589,Organic Green Seedless Grapes,123,4
3590,Chicken Stock,69,15
3591,Sugarfree,64,7
3592,Organic Traditional Flour Tortillas,128,3
3593,Crispy Chick'n Sliders,42,1
3594,Purely O's Organic Cereal,121,14
3595,Organic Whole Kernel Unrefined Coconut Oil,19,13
3596,Gluten Free Cafe Veggie Noodle Soup,69,15
3597,Pure Cane Certified Organic Sugar,17,13
3598,Perrier Lime,115,7
3599,No Pulp Calcium & Vitamin D Pure Premium 100% Pure Orange Juice,98,7
3600,Toll House Butterscotch Morsels,17,13
3601,Gluten Free Tapioca Flour,17,13
3602,0% Greek Strained Yogurt,120,16
3603,Seven Grain Crispy Tenders,42,1
3604,Petit Ecolier Milk Chocolate Biscuits,61,19
3605,Gluten-Free Boom Chicka Pop Salted Caramel popcorn,23,19
3606,Organic Stage 4 Spinach Mango & Pear Baby Food,92,18
3607,White English Muffins,93,3
3608,Grape Tomatoes,83,4
3609,Bakery Classics Sliders Wheat Buns,43,3
3610,Smoked Fresh Turkey Kielbasa,106,12
3611,Edamame In Pod,116,1
3612,Roasted Garlic Mashed Potatoes,4,9
3613,Breathe Easy Herbal Tea Bags,94,7
3614,Hearts Of Romaine,123,4
3615,Organic Sliced Crimini Mushrooms,123,4
3616,Original Wheat Thins,78,19
3617,Smok Cured Turkey Bacon,106,12
3618,Unsweetened Cocoa Powder,17,13
3619,Mild Salsa Roja,67,20
3620,Barbeque Potato Chips,107,19
3621,Gluten Free White Sandwich Bread,112,3
3622,Egg & Green Chile Burrito,38,1
3623,Onion Bagels,93,3
3624,Pulp Free Orange Juice,31,7
3625,Organic Jasmine Rice,38,1
3626,Plastic Cup Squared Base - 30 CT,111,17
3627,Craisins Dried Cranberries,117,19
3628,Organic Lowfat 1% Milk,84,16
3629,"Soup, Traditional, with Tofu",66,6
3630,Vanilla Unsweetened Almond Milk,91,16
3631,Original Multigrain Spoonfuls Cereal,121,14
3632,Beef Jalapeno Sea Salt Bone Broth,69,15
3633,Peppermint Stick Ice Cream,37,1
3634,Organic Blueberries,123,4
3635,Bananas,24,4
3636,Fat Free Smart Ground Mexican Style Taco Protein Crumbles,14,20
3637,Organic Sea Salt Potato Chips,107,19
3638,Dried Mangoes,117,19
3639,Organic Refried Vegetarian Black Beans,59,15
3640,Gummy Vitamin C Slices Plus Vitamin E,47,11
3641,Prosciutto Cotto,96,20
3642,Gala Apples,24,4
3643,"Ginger Root Beer, Naturally Flavored Zero Calorie Soda, Caffeine Free",77,7
3644,Organic Cinnamon Harvest Cereal,121,14
3645,Lifewater 0 Cal Blood Orange Mango Vitamin Enriched Water,98,7
3646,Coffee Mate French Vanilla Creamer Packets,6,2
3647,Long Grain White Rice,63,9
3648,"Apples, Kale & Avocados Organic Baby Food",92,18
3649,Total Greek Strained Yogurt,120,16
3650,"Broccoli Florets, Organic",116,1
3651,Organic Traditional Gluten Freen Quinoa,63,9
3652,Pirate's Booty Aged White Cheddar Baked Rice and Corn Puffs,107,19
3653,Cauliflower Rice,123,4
3654,Original Light Flatbread Wraps,128,3
3655,Gold Potato,83,4
3656,Go Lean Crunch! Honey Almond Flax Cereal,121,14
3657,Crackers Cheddar Bunnies Snack Packs,78,19
3658,Organic Go Go Apple Peach Applesauce,92,18
3659,French Vanilla Creamer,53,16
3660,Seasonal Blood Orange Yoghurt,120,16
3661,Grated Pecorino Romano Cheese,2,16
3662,Simply 100 Peach Blended  Non-Fat Greek Yogurt,120,16
3663,Organic Tomato Basil Pasta Sauce,9,9
3664,Organic Artichoke,83,4
3665,Organic Dairy Iron-Fortified Toddler Formula,92,18
3666,"Red Onions, Fresh Diced",123,4
3667,Gluten & Dairy FreeWheat  Pizza Dough,58,1
3668,Coconut Water with Peach & Mango,98,7
3669,Fresh Dill,16,4
3670,"Freshly Made. Filled with Creamy Ricotta, Aged Parmesan and Romano Cheeses Three Cheese Tortellini",12,9
3671,Mixed Berry English Tea Scones,93,3
3672,Organic Whole Grain Infant Oatmeal Cereal with Bananas,92,18
3673,Red Plum,24,4
3674,Original 0 Calorie Sweetener Packets 115 Count,17,13
3675,Organic Thyme,16,4
3676,Rise Krisipies Toasted Rice Cereal,121,14
3677,Hydrogen Peroxide,118,11
3678,Organic Orange Mango Juice,98,7
3679,Organic Granny Smith Apple,24,4
3680,Celery Sticks,123,4
3681,Organic Kiwi,24,4
3682,Blackberry Cucumber Sparkling Water,115,7
3683,Grands! Southern Homestyle Buttermilk Biscuits,105,13
3684,Organics Gummy Bears,45,19
3685,"Life Water Zero Calorie, Variety Pack",64,7
3686,Rice Pasta & Cheddar Gluten Free Macaroni & Cheese,4,9
3687,Chocolate Fudge High Protein Bar,3,19
3688,Pumpkin & Spinach Stage 2 Baby Food,92,18
3689,Organic Dill,16,4
3690,Vine Ripe Tomatoes,83,4
3691,Vanilla 0% Milkfat Yogurt,120,16
3692,Strawberry Ice Cream,37,1
3693,Garden Veggie Straws Lightly Salted,107,19
3694,Red Seedless Grapes Bunch,24,4
3695,Deluxe Cinnamon Raisin Bagels,93,3
3696,"Olives, Spanish, Manzanilla",110,13
3697,Organic Tagliatelle Traditional Egg Pasta,131,9
3698,Unbleached Bread Flour,17,13
3699,Gluten Free Chocolate Chip Cookies,61,19
3700,Organic Multigrain Bread,112,3
3701,Original Taco Seasoning Mix,104,13
3702,"Pumpkin, Sweet Potato and Pear Fruit and Veggie Blend",92,18
3703,Air Effects Hawaiian Aloha Air Freshener,101,17
3704,Free & Clear Unscented Refill Value Packs  Baby Wipes,56,18
3705,Sheep Milk Plain Yogurt,120,16
3706,Organic Gluten Free Rigatoni,131,9
3707,2% Reduced Fat Organic Milk,84,16
3708,Apple Sour Punch Bites,45,19
3709,Blueberry Yoghurt,120,16
3710,Chocolate Chip Cookies,61,19
3711,Sliced California Olives,110,13
3712,90 Calorie Chocolate Fudge Brownies,48,14
3713,Organic Whole Wheat Penne Rigate,131,9
3714,Tuna Fillets in Spring Water,95,15
3715,Organic Wheat-Free & Gluten-Free Original Crackers,78,19
3716,Zesty Dill Spears,110,13
3717,Traditional Snack Mix,125,19
3718,Original Potato Crisps,107,19
3719,Soft Taco Flour Tortillas,128,3
3720,Oven Roasted Turkey Breast,96,20
3721,Organic Mixed Baby Kale Salad,123,4
3722,Ready Rice Roasted Chicken Flavored,4,9
3723,"Cage Free Brown Eggs-Large, Grade A",86,16
3724,Large Burrito Flour Tortillas,128,3
3725,Gluten-Free Multi Seed Rice Bread,112,3
3726,"Coconut Water, Real",98,7
3727,Chicken Noodle Soup Bowl,69,15
3728,Steamfresh Sweet Peas,116,1
3729,Unrefined Virgin Coconut Oil,19,13
3730,Guacamole,67,20
3731,Calm Chamomile Herbal Tea,94,7
3732,Organic Gluten Free Crispy Brown Rice Cereal,121,14
3733,Chicken Tenders,49,12
3734,Organic Romaine Hearts,123,4
3735,Jasmati Long Grain American Jasmine Rice,63,9
3736,Sparkling Probiotic Drink Mojita Lime Mint Coconut,31,7
3737,"6\"" Yellow Corn Tortillas",128,3
3738,Berry Medley,116,1
3739,Oat Blueberry Lemon Whenever Bars,48,14
3740,Total 2% Greek Strained Yogurt with Cherry 5.3 oz,120,16
3741,Ultra Soft Facial 3-Ply White Facial Tissues,54,17
3742,Fudge Brownie Mix,105,13
3743,Fabric Softener Sheets,75,17
3744,Feta Cheese Crumbles,21,16
3745,Triple Action Dish Liquid Orange,74,17
3746,Brown Rice Snaps Black Sesame,78,19
3747,Indian Dal Golden Lentil Soups,69,15
3748,Almond Butter Smooth,88,13
3749,Half N Half,108,16
3750,Brut California Champagne,134,5
3751,Peas & Carrots,116,1
3752,Wasabi Crunchy Chickpeas,66,6
3753,Whole Jersey Milk Low Pasteurized,84,16
3754,Organic Grape Tomatoes,123,4
3755,Fennel,83,4
3756,Sea Salt & Vinegar Potato Chips,107,19
3757,Black Figs,24,4
3758,Organic Cripps Pink Apples,24,4
3759,Soy Free Buttery Spread with Olive Oil,91,16
3760,Mini Croissants,43,3
3761,French Roast Whole Bean Coffee,26,7
3762,Organic Green Tea Bags,94,7
3763,"Unsweetened Almond Breeze, Almond Milk, Original",91,16
3764,Pumpkin Yoghurt,120,16
3765,Seasoned Turkey Burger,34,1
3766,EPS Intestinal Immune Function,70,11
3767,Repair & Protect Extra Fresh Toothpaste,20,11
3768,"Hot (101305, 101352) Italian Sausage",106,12
3769,Vegan Sour Cream & Onion Kettle Chips,107,19
3770,Havarti Cheese Slices,21,16
3771,Manhattan Style Whole Kosher Pickles,110,13
3772,Lactose Free Fat Free Milk,91,16
3773,Portobello & Swiss Cheese Smoked Chicken Sausage,106,12
3774,Salsa Medium,67,20
3775,Kale,123,4
3776,Vanilla Caramel Fudge Ice Cream,37,1
3777,Root Beer,77,7
3778,Organic Smooth Peanut Butter,88,13
3779,Ultra Concentrated Original Scent Dishwashing Liquid,74,17
3780,Drinking Water,115,7
3781,Capraccino Goat's Milk Ice Cream,37,1
3782,Pure Clover Honey,29,13
3783,Chopped Tomatoes,81,15
3784,Lemon Sparkling Mountain Spring Water,115,7
3785,Toffee & Sea Salt Milk Chocolate Bar,45,19
3786,Mild Shredded Cheddar Cheese,21,16
3787,Rustic Cut Organic Ruby Red Beets,116,1
3788,Organic Yellow Squash,83,4
3789,Zante Currants,117,19
3790,Ranch Potato Crisps,107,19
3791,India Pale Ale,27,5
3792,Organic Riced Cauliflower,100,21
3793,Cheese Puffs,107,19
3794,American Slices Cheese,21,16
3795,Enhanced Water,115,7
3796,Classic Peanut Butter,88,13
3797,French Loaf,112,3
3798,Organic Romaine Lettuce,83,4
3799,Pods Spring Meadow Scent Laundry Detergent Pacs,75,17
3800,Parmesan Couscous Mix,4,9
3801,Vanilla Al'mondo Protein Shake,65,11
3802,Poblano Pepper,83,4
3803,Mandarin Oranges in Light Syrup,99,15
3804,Broccoli Florets,123,4
3805,Energy Drink,64,7
3806,Lemonade,31,7
3807,Organic Superfood Coconut Flour Gluten-Free,17,13
3808,Sea Salt Caramel Gelato,37,1
3809,Organic White Cane Sugar,17,13
3810,Lunchables Turkey & Cheddar with Crackers,13,20
3811,Grated Parmesan Romano Cheese,21,16
3812,Quaker Real Medleys Peach Apple Walnut Multigrain Cereal,121,14
3813,Red Pepper Hot Links Sausage,106,12
3814,Cookies 'N Cream Protein Bar,3,19
3815,Gourmet Chocolate 100% Premium Whey Protein Powder,65,11
3816,Fresh Roasted Tomate & Chile Asado Medium Salsa,67,20
3817,Hearty Minestrone with Vegetables Soup,69,15
3818,Protein Bar Cookies & Cream,3,19
3819,Smoked Paprika,104,13
3820,Chocolate Milk,84,16
3821,Clean Cut Look Pomade,22,11
3822,Cedarwood Body Wash,25,11
3823,Sidekicks Chocolate Shake,92,18
3824,Super Scoop Instant Clumping Unscented Cat Litter,41,8
3825,Organic Mild Salsa,51,13
3826,Variety Pack Hard Cider,27,5
3827,Organic Whole White Mushrooms,83,4
3828,Organic Crushed Fire Roasted Tomatoes,81,15
3829,Pizzeria Primo Pepperoni Pizza,79,1
3830,Original Crust,79,1
3831,Almonds & Apricots in Yogurt Fruit & Nut Bar,3,19
3832,Pastry Kitchens Classic Puff Pastry,119,1
3833,Active Dry Yeast,17,13
3834,Organic Ground Allspice,104,13
3835,Greenlight Strike On Box Matches,87,17
3836,Firm Tofu,14,20
3837,Blue Cheese Crumbles,21,16
3838,Deli Select Ultra Thin Honey Ham,96,20
3839,100% Organic Rainbow Heirloom Quinoa,63,9
3840,Arborio White Rice,63,9
3841,Gluten Free Uncured Frozen Pepperoni Pizza,79,1
3842,Organic Half Spring Mix,123,4
3843,Santa Cruz OG Sdls Red Raspberry Fruit Spread,88,13
3844,Authentic French Brioche Hamburger Buns,43,3
3845,Acai & Blueberry Flavors Dark Chocolate,45,19
3846,Organic Mexican Blend Finely Shredded Cheese,21,16
3847,Reduced-fat Soft Cream Cheese,108,16
3848,Beyond Chicken Southwest Style Strips,42,1
3849,Curate Pomme Baya-Apple Berry Sparkling Water,115,7
3850,Free & Clear Bleach,75,17
3851,Jalapeno,107,19
3852,Gluten Free Fusilli,12,9
3853,Organic Air Chilled Whole Chicken,35,12
3854,XX Espresso Iced Coffee With Almond Milk,26,7
3855,Bartlett Pears,24,4
3856,Mini Chocolate Chunk Cookies,61,19
3857,Almond Ice Cream,37,1
3858,Strawberry Lemonade,98,7
3859,Organic Greek Whole Milk Blended Strawberry Yogurt,120,16
3860,Classic Creme Cookies,61,19
3861,Green Chile Enchilada Sauce,30,6
3862,Honey Nut Cheerios,121,14
3863,Sea Salt Baked Potato Chips,107,19
3864,Mexican Chocolate Yogurt,100,21
3865,Villagio Marzano Heavenly Tomatoes,83,4
3866,Clean Day Lavender Scent Room Freshener Spray,101,17
3867,Bagel Chips Toasted Garlic,107,19
3868,Bread & Butter Pickle Chips,110,13
3869,Reduced Fat Mozzarella Shredded Cheese,21,16
3870,Gluten Free Comfort Chicken In Sweet BBQ Sauce Frozen Dinner,38,1
3871,Organic Tomato Cluster,83,4
3872,Dark Roast,26,7
3873,California White Jasmine Rice,63,9
3874,Cut Tulips (Choose Color),83,4
3875,Mamma Bella's Recipe Garlic Bread,58,1
3876,"Pupusas, Black Bean & Sweet Corn",38,1
3877,Yogurt Covered Pretzels,45,19
3878,Compostable Basket Coffee Filters,26,7
3879,Pomegranate Terere,64,7
3880,Organic Macaroni Shells & Real Aged Cheddar,4,9
3881,"Frozen Desserts, Fit, Cappuccino",37,1
3882,Fudge Mint Cookies,61,19
3883,Super Antioxidant Green Tea,94,7
3884,Turkey Cotto Salami,96,20
3885,Chocolate Chip Cookie,61,19
3886,Semi Sweet Baking Bar,17,13
3887,Wind Resistant Lighter,87,17
3888,Ultra Soft Facial Tissues,54,17
3889,Cacao Powder,17,13
3890,Whole Grain Mustard,72,13
3891,Total 2% All Natural Low Fat 2% Milkfat Greek Strained Yogurt,120,16
3892,French Sandwich Rolls,43,3
3893,Organic Baby Carrots,123,4
3894,Dog Food With Beef in Meaty Juices,40,8
3895,Organic Reduced Fat 2% Cottage Cheese,108,16
3896,Organic Quinoa Rice Pasta & White Cheddar Macaroni & Cheese,63,9
3897,Sun Dried Tomato Basil Chicken Sausage,106,12
3898,Free & Gentle Fabric Softener Dryer Sheets,75,17
3899,White Cheddar Cheese Popcorn,23,19
3900,Roasted Turkey Breast,96,20
3901,Baby Food Pouch - Roasted Carrot Spinach & Beans,92,18
3902,Strawberry Preserves,88,13
3903,Pineapple on the Bottom Greek Yogurt,120,16
3904,Organic Baby Foods Whole Grain Multi-Grain Cereal,92,18
3905,Mozzarella di Bufala Campana,21,16
3906,Blueberry Bagels,93,3
3907,Multi Grain Waffles,52,1
3908,Blueberry Almond Granola,57,14
3909,Szechuan Hot & Spicy Marinade & Stir Fry Sauce,66,6
3910,Whole Milk With Vitamin D,84,16
3911,Organic Plain Whole Milk Yogurt,120,16
3912,Shredded Wheat,121,14
3913,Macaroni & Cheese,38,1
3914,Plain Mini Bagels,93,3
3915,Unsalted Butter Quarters,36,16
3916,Pink Lady (Cripps) Apple,24,4
3917,Gluten Free Plain Bagels,93,3
3918,Traditional Latkes Potato Pancakes,129,1
3919,"Superfoods Organic Pears, Blueberries & Beets + Super Chia Fruit & Veggie Blend",92,18
3920,Gluten Free Original Granola,57,14
3921,Slider Storage Quart Bags,85,17
3922,Crunchy Almond Butter,88,13
3923,Low fat Chocolate Milk,84,16
3924,Whole Milk Mozzarella Cheese,21,16
3925,Organic Pitted Prunes,117,19
3926,Chow Mein Noodles,66,6
3927,Organic Extra Firm Tofu,14,20
3928,Green Tea Green Ginger Tea Bags,94,7
3929,Dark Chocolate With Sea Salt & Almonds,117,19
3930,"Flat Parsley, Bunch",16,4
3931,Red Delicious Apple,24,4
3932,"Muffins, Flax, Wild Blueberry",93,3
3933,Crunchy Peanut Butter Builder's Bar,3,19
3934,Wild Blueberry Crisp Protein Bar,3,19
3935,Talenti Banana Chocolate Swirl Gelato,37,1
3936,Honest All-Purpose Multi-Surface Cleaner White Grapefruit,114,17
3937,Real Sweet Potato Vegetable Chips,107,19
3938,Organic Sour Cream,108,16
3939,Sauce Honey Sweet,5,13
3940,Organic Nonfat Greek Yogurt With Raspberries,120,16
3941,Natural Premium Coconut Water,98,7
3942,Unsalted Butter,36,16
3943,Original Sea Salt Mediterranean Crackers,78,19
3944,Organic Garbanzo Beans,59,15
3945,Natural Milk Chocolate Bar,45,19
3946,Raw Extra Virgin Coconut Oil,19,13
3947,Organic Apple Slices,50,19
3948,Spicy Sweet Chili Flavored Tortilla Chips,107,19
3949,Strawberry Premium Mochi Ice Cream,37,1
3950,Whipped Cream Cheese,108,16
3951,Organic Mini Peeled Carrots,123,4
3952,Baking Powder Aluminum-Free,17,13
3953,Strawberry Spreadable Fruit,88,13
3954,Mini Marshmallow,17,13
3955,Baby Wipes Sensitive,56,18
3956,"Cheese Sticks, Variety Pack, Colby Jack & Cheddar",21,16
3957,Mini Muffins,93,3
3958,Soft'ees Variety Donuts Family Pack - 12 CT,61,19
3959,Gluten Free Spaghetti Pasta,131,9
3960,Natural Pure Sparkling Water,115,7
3961,Krinkle Cut Salt & Fresh Ground Pepper Potato Chips,107,19
3962,Sliced Baby Bella Mushrooms,123,4
3963,"2 Chic Ultra Moist,Hair Mask",22,11
3964,"Dish Liquid/Hand Soap, Triple Action, Orange",114,17
3965,Whole Wheat Pita Bread,128,3
3966,Wide Egg Noodles,131,9
3967,Super Greens Salad,123,4
3968,Crackers Bunny Graham Friends Snack Packs,61,19
3969,Original Canola Cooking Spray,19,13
3970,Mint Ice Cream Sandwiches,37,1
3971,Shelled & Dry Roasted Organic Pistachios,117,19
3972,Dairy & Gluten Free Frozen Mexican Tamale Pie,38,1
3973,Organic Bartlett Pear,24,4
3974,Panko Bread Crumbs,5,13
3975,Orange Pineapple,98,7
3976,Organic Hummus Roasted Red Pepper,67,20
3977,Sparkling Mineral Water,115,7
3978,Orange Peel In Dark Chocolate Bar,45,19
3979,Almond Butter,3,19
3980,Deli Fresh Shaved Smoked Turkey Breast,96,20
3981,Hawaiian 3-in-1 Clean Towelettes,109,11
3982,Dark with 70% Cacao Content Organic Chocolate Bar,45,19
3983,Signature Shredded Steak & Three–Cheese Burritos,38,1
3984,Honey BBQ Sauce Boneless Chicken Bites,129,1
3985,Pure Kosher Dills,110,13
3986,Egg Salad,1,20
3987,Popcorn Chicken,129,1
3988,Banana Chia Pod,120,16
3989,Original Sauce,72,13
3990,Crunchy Oats N' Honey Granola Bars,3,19
3991,Atsuage Tofu Cutlet,91,16
3992,100% Pure Organic Maple Syrup Grade A,29,13
3993,Unsweetened Vanilla Almond Milk,91,16
3994,Organic Almond Butter With Carob Macrobar,3,19
3995,Organic Protein Cocoa Coconut Bar,3,19
3996,Pyramid Black Tea Bags,94,7
3997,Raspberries,32,4
3998,Total with Mango Greek Strained Yogurt,120,16
3999,Organic Lactose Free Whole Milk,91,16
4000,Double Dark Chocolate Gelato,37,1
4001,Frosted Mini-Wheats Original Cereal,121,14
4002,Gluten Free Frosted Blueberry Toaster Pastry,93,3
4003,Veggie Tray,123,4
4004,Japanese Style Noodles & Chicken Flavored Sauce,66,6
4005,Wild Alaskan Sockeye Smoked Salmon,15,12
4006,Organic Chicken Strips,34,1
4007,L-Lysine 500 mg Capsules,65,11
4008,Traditional Italian Sauce,9,9
4009,Herb Organic Oregano,16,4
4010,Ultra Moisturizing Lavender Shave Cream,55,11
4011,Diet Coke,77,7
4012,Whole Milk Greek Plain,120,16
4013,Organic Strawana Probugs Kefir,120,16
4014,Whole Milk Greek Blended Vanilla Bean Yogurt,120,16
4015,Gluten Free Linguini,12,9
4016,"Yogurt, Strained Low-Fat, Coconut",120,16
4017,On the Go with Caffeine Grape Drink Mix,90,7
4018,Iced Coffee Low Calorie Coffee + Milk,26,7
4019,Shredded Mozzarella Cheese,21,16
4020,Whole Vitamin D Milk,84,16
4021,Manchego Cheese,2,16
4022,Creme Fraiche,108,16
4023,Organic Creamy Peanut Butter,88,13
4024,40% Less Sodium Taco Seasoning Mix,104,13
4025,Wint-O-Green,46,19
4026,Tomato Kumato,83,4
4027,Variety Diet Tea,94,7
4028,Sparkling Probiotic Drink Coconut,31,7
4029,Refreshing Gel Hand Sanitizer Pump,127,11
4030,Fakin' Bacon Organic Smoky Tempeh Strips,14,20
4031,Organic Bell Pepper,83,4
4032,Cherubs Heavenly Salad Tomatoes,83,4
4033,Protein Plus Vanilla Bean Protein Shake,31,7
4034,Organic Basil,16,4
4035,Baby Corn on the Cob Whole Spears,81,15
4036,Organic Very Dark Chocolate Bar,45,19
4037,Blended Scotch Whiskey,124,5
4038,Traditional Chicken & Wild Rice Soup,69,15
4039,Original Coconut Milk Beverage,91,16
4040,Vegan Carob Chips,17,13
4041,100% Grated Parmesan Cheese,21,16
4042,Mambo Italiano Italian Combination Pizza,79,1
4043,Baby Food Stage 2 Blueberry Pear & Purple Carrot,92,18
4044,Crumbled Goat Cheese,21,16
4045,Rainbow Sherbet,37,1
4046,Dark Chocolate Covered Banana,119,1
4047,Whole Ground Flaxseed Meal,17,13
4048,Butternut Squash Ravioli,38,1
4049,Organic Powdered Sugar,17,13
4050,Creamy Swiss Original Wedges Cheese,21,16
4051,Organic Unsalted Diced Tomatoes,81,15
4052,Table Water Crackers with Cracked Pepper,78,19
4053,Crumb Donuts,61,19
4054,PlugIns Scented Oil Pure Vanilla Joy Refills,101,17
4055,Organic Peeled Whole Baby Carrots,123,4
4056,Coleslaw,123,4
4057,Raspberry Lemonade,31,7
4058,Tropical Fruit Electrolyte Solution,6,2
4059,Natural California Raisins,117,19
4060,Organic Greek Whole Milk Blended Vanilla Bean Yogurt,120,16
4061,Authentic Red Curry Paste,72,13
4062,Pop-Tarts Frosted Strawberry/Frosted Brown Sugar Cinnamon Variety Pack Toaster Pastries,48,14
4063,Grain Free Minced Chicken Dinner Canned Cat Food,41,8
4064,Premium Italian Bread,112,3
4065,Premium Spring Water,115,7
4066,Green Plantains,24,4
4067,White Pita Pocket Bread,128,3
4068,Vanilla Light & Fit Greek Yogurt,120,16
4069,Organic Original Hummus,67,20
4070,Appley Ever After Organic Juice Drink,98,7
4071,Cornichons Extra Fine Gherkins Hand-Picked,110,13
4072,Goodness Grapeness Organic Juice Drink,98,7
4073,Organic Raw Almonds,117,19
4074,Plant-Based Vanilla Chai Flavor Nutritional Shake Drink Mix,65,11
4075,Red Onion,83,4
4076,Natural Skinless & Boneless Sardines In Water,95,15
4077,Gluten Free Paleo Gnocchi,38,1
4078,Belgian Style Farmhouse Ale,27,5
4079,Boston SimPlus Multipurpose Contact Lens Multi-Action Solution with Daily Protein Remover,44,11
4080,Movie Theater Butter Microwave Popcorn,23,19
4081,Organic Greens Vegetable Chips,50,19
4082,Original Gluten Free Crackers,78,19
4083,Organic Honey Graham Crackers,78,19
4084,Honey Peanut Almond Protein Bar,3,19
4085,Organic Multigrain Tortilla Chips Sub Lime,107,19
4086,Multi Grain Crispbread,78,19
4087,Squeeze Tomato Ketchup,72,13
4088,Honey Maid Graham Crackers,78,19
4089,100% Cacao Natural Unsweetened,17,13
4090,Unscented Bathroom Tissue,54,17
4091,Premium Unsweetened Iced Tea,94,7
4092,Organic Shredded Unsweetened Coconut,17,13
4093,Soft Pretzel Mini Buns,43,3
4094,Elbow Macaroni Pasta,131,9
4095,Gluten Free Chocolate Dipped Donuts,52,1
4096,Organic Jumbo Grade A Eggs,86,16
4097,Dry Roasted Pumpkin Seeds,117,19
4098,"Cooking Sauce, La Pizza",81,15
4099,Honey Mustard Potato Crisps,107,19
4100,Organic Small Bunch Celery,83,4
4101,Alaskan Salmon Burgers,34,1
4102,Organic California Brown Basmati Rice,63,9
4103,Canned Aranciata Orange,77,7
4104,Gluten Free Original Baguettes,58,1
4105,Apricot Fruit Spread Organic,88,13
4106,Peeled Baby Carrots,123,4
4107,Organic Coconut Date Rolls,117,19
4108,Best Grains Bread 100% Whole Wheat Bread,112,3
4109,Organic Old Fashioned Rolled Oats,130,14
4110,Organic Sun Dried Tomatoes,81,15
4111,Happy Bellies Organic Oatmeal Baby Cereal,92,18
4112,Organic Tomato Sauce,81,15
4113,Snack Size Milk Chocolate Peanut Butter Cups,45,19
4114,Honey Bunches of Oats Honey Roasted with Almonds Cereal,121,14
4115,Organic Stringles Mozzarella String Cheese,21,16
4116,Lightly Salted Rice Cakes,78,19
4117,Ultra Strong Charmin Ultra Strong Toilet Paper,54,17
4118,Black Chill™ Revitalizing Shower,127,11
4119,Yellow Straightneck Squash,83,4
4120,Organic Calimyrna Figs,117,19
4121,Organic Grilled Zucchini,116,1
4122,Deli Style Smoked Ham,96,20
4123,"French Baguettes, Take & Bake, Twin Pack",112,3
4124,Barbecue Potato Chips,107,19
4125,Kids Organic Chocolate Chip ZBars,3,19
4126,Kale Greens,83,4
4127,All-Purpose Unbleached Flour,17,13
4128,Baby Bok Choy,83,4
4129,Vegetable Egg Rolls,129,1
4130,Makeup Remover Cleansing Towelettes Refill,73,11
4131,Organic Dijon Mustard,72,13
4132,"Chia Seed, Organic, Ground",117,19
4133,Sparkling Water Grapefruit,115,7
4134,Gallon Freezer Bags,85,17
4135,Bicolor Sweet Corn,83,4
4136,Restaurant Style White Bean with Sea Salt Bean Chips,107,19
4137,Organic Baby Food Creamy Vegetables with Chicken,92,18
4138,Brussels Sprouts,83,4
4139,Collagen Elastin Body Lotion,127,11
4140,Colby Cheese Sticks,21,16
4141,Very Emollient Sunscreen Active Kids Clear Spray SPF 50,109,11
4142,"0% Greek, Blueberry on the Bottom Yogurt",120,16
4143,Oh My Yog! Organic Wild Quebec Blueberry Cream Top Yogurt & Fruit,50,19
4144,Stage 1 - Just Prunes,92,18
4145,Fresh CA Grown Eggs,86,16
4146,Crunchy Sunflower Seed Bites Sea Salt,107,19
4147,Pepper Jack Cheese,21,16
4148,Medium Roast Coffee,26,7
4149,Friskies Party Mix Crunch Original Cat Treats,41,8
4150,All Natural Maple Almond Butter,88,13
4151,Disinfectant Spray,114,17
4152,Garlic Salt,104,13
4153,Organic Spring Mix Salad,123,4
4154,Baking Powder,17,13
4155,Zesty Lemon Sorbet,37,1
4156,Max AAA Batteries,6,2
4157,Organic Three Grain Tempeh,14,20
4158,Brazil Nuts,117,19
4159,The Original Multi Grain Bread,112,3
4160,Heavy Whipping Cream,53,16
4161,Organic Balsamic Vinegar Of Modena,19,13
4162,Organic Zucchini,83,4
4163,Apple Sauce,99,15
4164,Organic Ras El Hanout,104,13
4165,Lemon Dish Liquid,74,17
4166,Combination Party Pizza,79,1
4167,Natural Vanilla Ice Cream,37,1
4168,Organic Baby Bella Mushrooms,123,4
4169,Honey Wheat Bread,112,3
4170,Honeycrisp Apple,24,4
4171,Sliced Portabella Mushrooms,83,4
4172,Jewish Rye & Pumpernickel Deli Swirl Bread,112,3
4173,ALMONDBREEZE UNSWEETENED,91,16
4174,Low Fat Strawberry Yogurt Tubes,120,16
4175,Potatoes Sweet,83,4
4176,Organic 21 Grain Thin Sliced Bread,112,3
4177,Organic Fillo Dough,58,1
4178,Blueberry B Smoothie,31,7
4179,Vodka,124,5
4180,Organic Cauliflower,83,4
4181,Sliced Pepperoni,96,20
4182,Organic Greek Lowfat Yogurt With Blueberries,120,16
4183,Pizza for One Original 4 Cheese Frozen Pizza,79,1
4184,Just Green Unsweetened Tea,94,7
4185,Gluten Free Chocolate Chunk Cookies,105,13
4186,Parsley Flakes,104,13
4187,Organic Fat Free Dha Omega 3 Milk,84,16
4188,Naturally Alkaline Spring Water,115,7
4189,Cherry Chocolate,57,14
4190,Gluten Free Dream Cookies Chocolate Vanilla Creme,61,19
4191,Newman O's Creme Filled Chocolate Cookies,61,19
4192,Cinnamon Raisin Sandwich Bread,112,3
4193,Beef & Cheese Mini Tacos,129,1
4194,Sea Salt Made With Organic Grain Rice Chips,107,19
4195,Air Effects Gain Original Scent,101,17
4196,Flip Chocolate Haze Craze Low-Fat Greek Yogurt,120,16
4197,Organic Bagged Mini Dark Peanut Butter,45,19
4198,"Yogurt, Organic, Lowfat, Strawberry",120,16
4199,Peanut Butter Protein Replenishment Macrobar,3,19
4200,Signature Classics Fettuccini Alfredo,38,1
4201,Dark Chocolate Ice Cream,37,1
4202,Shredded Medium Cheddar Cheese,21,16
4203,Whole Organic Omega 3 Milk,84,16
4204,Organic Caramel Toffee Crunch Ice Cream,37,1
4205,Organic Low Sodium Chicken Broth,69,15
4206,Classic Round Crackers,78,19
4207,Clean Up Cleaner with Bleach Fresh Scent,114,17
4208,Organic Greek Plain Nonfat Yogurt,120,16
4209,Dark Sweet Cherries,116,1
4210,"Super Morning Organic Apples, Cinnamon, Yogurt & Oats + Super Chia Snack",92,18
4211,Pizzeria Style Classic Crust Pepperoni Pizza,79,1
4212,Goats Milk Feta,21,16
4213,Organic Strawberry Lemonade Fruit Juice Drink,31,7
4214,Trilogy Kombucha Drink,31,7
4215,Pad Thai,38,1
4216,G Series Blueberry Pomegranate,64,7
4217,"Paper Towels Choose-A-Sheet, Mega Rolls, One-Ply",54,17
4218,Organic Beef Hot Dogs,106,12
4219,Cranberry Pomegranate Sparkling Yerba Mate,94,7
4220,Dark Chocolate Nuts & Sea Salt Bars,3,19
4221,Grated Parmesan Cheese,21,16
4222,Whole Grain Brown Rice,63,9
4223,Onion Powder,104,13
4224,Steak & Roasted Potato Dinner,38,1
4225,Lite Italian Dressing,89,13
4226,Organic Chickpeas (Garbanzos),63,9
4227,Chicharrones Fried Pork Rinds,107,19
4228,Curate Melon Pomelo Sparking Water,115,7
4229,Strawberry Jam,88,13
4230,Turkey Breast Thin Sliced Honey Roasted Deli Select,96,20
4231,Mini Seedless Cucumbers,83,4
4232,Organic Sweet Greens and Ginger Juice Blend,31,7
4233,Garlic Lovers Hommus,67,20
4234,Super Puffs Spinach & Apple Fruit & Veggie Grain Puffs,92,18
4235,Pepproni Pockets,79,1
4236,Organic Florets Broccoli,116,1
4237,Veranda Blend Blonde Keurig Cups,26,7
4238,Ultra Strong Mega Bathroom Tissue Rolls,54,17
4239,100% Pure Apple Juice,98,7
4240,Natural Sour Cream,108,16
4241,Cherry Vanilla Granola,6,2
4242,Broccoli Floret,123,4
4243,Fig Newmans Fruit Filled Cookies,61,19
4244,Herb Roasted Chicken Dinner,38,1
4245,Yellow Cake Mix,105,13
4246,Best Cannellini White Kidney Beans,59,15
4247,Organic Greek Plain Lowfat Yogurt,120,16
4248,Gluten Free 7 Grain Bread,112,3
4249,Green Super Food Energy Watermelon,64,7
4250,Truffle Tremor Cheese,2,16
4251,Reduced Fat Medium Cheddar Cheese,21,16
4252,Steel Cut Oats,130,14
4253,Brioche,43,3
4254,Pineapple Slices in 100% Pineapple Juice,99,15
4255,Beef Franks,106,12
4256,Organic Original Acai Berry + Guarana Smoothie Packs,116,1
4257,Salt & Pepper Krinkle Chips,107,19
4258,All Whites 100% Liquid Egg Whites,86,16
4259,Popcorn,23,19
4260,Supergreens!,123,4
4261,Plus Blueberry Apple & Purple Carrot Organic Superfoods,92,18
4262,Gluten Free Homestyle Hot Oatmeal,130,14
4263,Beer,27,5
4264,Classic Cheese Dogs,106,12
4265,Organic Sriracha Hummus,67,20
4266,Whole Wheat Crackers,78,19
4267,Cookies & Cream Ice Cream,37,1
4268,Whole Berry Cranberry Sauce,99,15
4269,Organic Tomato Ketchup,72,13
4270,Half Baked® Ice Cream,37,1
4271,Pasta Angel Hair,131,9
4272,Burrata,21,16
4273,Bread Flour,17,13
4274,Original Ranch Salad Dressing & Seasoning Mix,89,13
4275,Complete Multi-Benefit™ Whitening + Scope Toothpaste,20,11
4276,Thick & Crispy Tortilla Chips,107,19
4277,Original Thin Rye Crispbread,78,19
4278,"Protein Bar, High, Cookies & Cream",3,19
4279,Crisp Linen Disinfectant Spray,114,17
4280,Organic Parsley,16,4
4281,Baby Swiss Slices Cheese,21,16
4282,Dark Chocolate Sea Salt Caramels,45,19
4283,Value Pack Breast Nuggets,34,1
4284,Sweet Potato Fries with Sea Salt,129,1
4285,Mixed Berry Goat Milk Yogurt and Fruit,120,16
4286,Imported Capote Capers,110,13
4287,Sweet & Salty Nut Cashews Granola,3,19
4288,Harvest Casserole Bowls,38,1
4289,With Raspberry Lemonade,31,7
4290,Lavender Scent Laundry Detergent,75,17
4291,Marble Sliced Loaf Cake,8,3
4292,Organic Long Grain Brown Rice,63,9
4293,Spaghetti Pasta,131,9
4294,French Green Beans,123,4
4295,Asian Toasted Sesame Lite Dressing,89,13
4296,Sweet & Salty Nut Granola Bars Peanut,3,19
4297,Gluten Free White Cheddar Rice Thin Crackers,78,19
4298,Lower Sodium Garden Vegetable Soup,69,15
4299,Sweet Rolls,43,3
4300,YoKids Blueberry & Strawberry/Vanilla Yogurt,120,16
4301,Original Chocolate Pudding Snacks,71,16
4302,Chicken Legs,112,3
4303,Organic Dark Chocolate Peanut Butter Cups,45,19
4304,Peppermint & Citrus Hand Sanitizer Spray,118,11
4305,Sesame Blues Corn Tortilla Chips,107,19
4306,Special Reserve Extra Sharp Cheddar Cheese,21,16
4307,Organic Grade A Large Brown Eggs,86,16
4308,Pesto Alla Genovese Basil,9,9
4309,Organic Ginger Root,83,4
4310,Ultra Original Scent Dishwashing Liquid,74,17
4311,Total 0% Nonfat Greek Yogurt,120,16
4312,Totopos De Maiz Mexican Style Corn Chips,107,19
4313,Multigrain Tortilla Chips,107,19
4314,Gluten Free Old Fashioned Rolled Oats,130,14
4315,Organic Free Range Chicken Broth,69,15
4316,Microwave in Bag Green Beans,123,4
4317,Crunchy Cheese Flavored Snacks,107,19
4318,Grilled Turkey Feast in Gravy Cat Food,41,8
4319,Yellow Corn Taco Shells - 12 CT,30,6
4320,Pineapple Chunks,116,1
4321,"Bananas, Raspberries & Oats Organic Baby Food",92,18
4322,Natural Buttermilk Pancake & Waffle Mix,130,14
4323,Non Fat Black Cherry on the Bottom Greek Yogurt,120,16
4324,Vanilla Pure Almond Milk,91,16
4325,Plain Pre-Sliced Bagels,93,3
4326,Simple Favorites Lasagna with Meat Sauce,38,1
4327,Quick Cooking Rolled Oats Irish Oatmeal,130,14
4328,Organic Ancient Grains Granola,57,14
4329,100 Calorie Healthy Pop Butter 1.2 Oz Mini Bags Microwave Pop Corn,23,19
4330,Aged White Cheddar Baked Rice And Corn Puffs,107,19
4331,Raspberry Yoghurt,120,16
4332,Organic Brown Basmati Rice,68,10
4333,Organic Chicken Noodle Soup,69,15
4334,Grape White/Green Seedless,24,4
4335,"Chao, Vegan, Tomato Cayenne, Slices",21,16
4336,Grand Vanilla Ice Cream,37,1
4337,All Natural Coconut Water,98,7
4338,Eat Your Colors Reds Puree Baby Food,100,21
4339,Korean Sweet Chili Noodle Bowl,66,6
4340,Organic Bosc Pear,24,4
4341,Asparagus,83,4
4342,Organic Coconut Spread,91,16
4343,Lightly Toasted Creamy Almond Butter,88,13
4344,Peanut Butter Pretzel Sandwiches,107,19
4345,Organic Greek Nonfat Yogurt With Mixed Berries,120,16
4346,Organic Red On the Vine Tomato,83,4
4347,"Baby Food Pouch - Kale, Sweet Corn & Quinoa",92,18
4348,Freshly made pasta in a Real Cheddar cheese sauce Macaroni & Cheese,38,1
4349,Total 0% Blueberry Acai Greek Yogurt,120,16
4350,Oyster Sauce,72,13
4351,Rice Mac & Cheese,38,1
4352,XL Milk Chocolate Peanut Butter Candy Bar,45,19
4353,Cola,77,7
4354,Unsweetened Original Almond Breeze Almond Milk,91,16
4355,Spring Mix,123,4
4356,Natural Dark Chocolate Bar,45,19
4357,Curried Lentil Soup,69,15
4358,Coconut Almond Unsweetened Creamer Blend,53,16
4359,Whole Grain Brown Rice Thin Cakes,78,19
4360,100% O-J Juice,31,7
4361,Roasted Garlic Alfredo Pasta Sauce,9,9
4362,Organic Hass Avocado,24,4
4363,Taco Seasoning Mix Original,104,13
4364,No Sugar Added Mandarin Oranges in Artificially Sweetened Water,99,15
4365,Toll House Semi Sweet Chocolate Mini Morsels Chips,17,13
4366,Imported Swiss Cheese,2,16
4367,Unsalted Peanuts,117,19
4368,8 Sesame Seed Hamburger Buns,43,3
4369,100% Pomegranate Juice,98,7
4370,Fresh Fruit Salad,1,20
4371,Original Thin Sausage & Pepperoni Pizza,79,1
4372,Organic Fresh Mozzarella,21,16
4373,Organic Plain Kefir,120,16
4374,Fuji Apples,24,4
4375,Homestyle Belgian Waffles,52,1
4376,Small Size Flour Tortillas,128,3
4377,S'mores Chocolate Ice Cream,37,1
4378,Trifecta Blend Handmade Granola,57,14
4379,Mini Chocolate Chip Waffles,52,1
4380,Organic Coconut Snack Bar,3,19
4381,Organic Berry Blend,116,1
4382,Crispy Cheddar Crackers,78,19
4383,Goat Cheese Log,21,16
4384,Organic Yellow Corn Tortilla Chips,107,19
4385,Crushed Ginger,116,1
4386,Cinnamon,104,13
4387,Organic Apple Pumpkin & Granola Stage 2 Baby Food,92,18
4388,Semi-Sweet Chocolate Chips,17,13
4389,Prosciutto di San Daniele,96,20
4390,Fiesta Sides Mexican Rice,4,9
4391,Unsalted Cultured Butter,36,16
4392,Halloumi Cheese,2,16
4393,Sesame Street Organic Mini Blueberry Pancakes,52,1
4394,Large Lemon,24,4
4395,Medium Navel Orange,24,4
4396,Original Vegetable Oil Spread,36,16
4397,Coconut Almond Minis Frozen Dessert Bars,37,1
4398,100 Calorie Right Bites Cheez It Snack Mix,125,19
4399,Uncured Hickory Smoked Sunday Bacon,106,12
4400,Natural 72% Dark Chocolate With Espresso Beans Bar,45,19
4401,Vanilla Light & Fit Nonfat Yogurt,120,16
4402,Variety Pack  Fruit Fusion Fruit Snacks,50,19
4403,Organic Green Cabbage,83,4
4404,Dijon Honey Mustard Dressing,89,13
4405,Oreo Ice Cream Bars,37,1
4406,Mandarin Oranges,24,4
4407,Organic Avocado,24,4
4408,Gluten Free Deli-Style Bread,112,3
4409,Honeydew Melon,24,4
4410,Organic Beans & Rice Cheddar Cheese Burrito,38,1
4411,Organic Vanilla Kefir,120,16
4412,Organic Matcha Tea Bags,94,7
4413,Baby Brussels Sprouts,83,4
4414,Clear Complexion Foaming Cleanser,73,11
4415,Quart Storage Bags,85,17
4416,Jalapeno Potato Chips,107,19
4417,Sparkling Probiotic Drink Mango Coconut,31,7
4418,Gluten Free Quinoa Linguine,131,9
4419,Coke Zero,77,7
4420,Whole White Mushrooms,123,4
4421,Steel Cut Irish Oatmeal,130,14
4422,"Uncured, No Sugar, Hickory Smoked Bacon",106,12
4423,Vanilla Skyr Style Yogurt,120,16
4424,Organic Half Spring Mix & Half Baby Spinach,123,4
4425,Diet Cola,77,7
4426,Light Strawberry Yogurt,120,16
4427,Coffee With Milk Sweetened Iced Coffee Medium Roast Latin American Blend,26,7
4428,Fresh Ground Turkey,49,12
4429,TLC Cherry Dark Chocolate Chewy Granola,3,19
4430,Old Fashioned Rolled Oats,130,14
4431,Grapefruit Sparkling Water,115,7
4432,White Chocolate Macadamia Nut Energy Bar,3,19
4433,Cherry Garcia Ice Cream,37,1
4434,Mini Fudge Stripe Right Bites 100 Calorie,61,19
4435,Lime Slim Can,115,7
4436,Wild Alaskan Pink Salmon,95,15
4437,Tagliarni,131,9
4438,Fresh Romaine Lettuce head,123,4
4439,Crushed Tomatoes With Basil,81,15
4440,"Tortilla Chips, Clasico, Jalapeno Lime",107,19
4441,Mckenzie Farms Buttermilk,112,3
4442,Diet,77,7
4443,Organic Powered Chocolate Peanut Butter,88,13
4444,Shredded Hash Browns,129,1
4445,Sweet and Tangy Barbecue Wings,129,1
4446,Flour Tortillas,128,3
4447,Lactose Free Half & Half,53,16
4448,Butter with Olive Oil & Sea Salt,36,16
4449,Goat Milk Butter European Style,36,16
4450,Buffalo Wings,42,1
4451,Spinach,123,4
4452,Almond Milk Peach Yogurt,120,16
4453,Gluten free Sesame Bagels,93,3
4454,Green Machine Juice Smoothie,31,7
4455,Organic Pancake Syrup,29,13
4456,Natural Chicken & Maple Breakfast Sausage Patty,34,1
4457,Baby Cut Carrots,123,4
4458,Nutritional Yeast Flakes,17,13
4459,Chocolate Brownie Energy Bar,3,19
4460,Tomato Basil Pasta Sauce,9,9
4461,Green Split Peas,63,9
4462,Sweet Onion,83,4
4463,Original Rice Pilaf Mix,63,9
4464,Organic Sweet Peas,116,1
4465,Alkalized Water With Electrolytes,115,7
4466,Activia Greek Yogurt Blueberry & Strawberry,120,16
4467,Coarse Kosher Salt,104,13
4468,"Broccoli, Kale & Cheddar Cheese Organic Veggie Snack",92,18
4469,"Tofu, Medium Firm (Regular)",14,20
4470,"Water, Unsweet, Crisp Apple",115,7
4471,Sour Cream & Onion Chips,107,19
4472,Organic Muenster Cheese,21,16
4473,Tender Chicken & Stars Stage 3,92,18
4474,Monoarabica Ethiopian Whole Bean Coffee,26,7
4475,Frozen Goo-Berry Pie Kefir,37,1
4476,Birthday Cake Light Ice Cream,37,1
4477,Avocado,24,4
4478,All Purpose Cleaner,114,17
4479,Synergy Organic Kombucha Gingerberry,31,7
4480,Cream Top Smooth Coffee Yogurt,120,16
4481,Organic Wheat Square Crackers,78,19
4482,Organic Cinnamon Apple Chips,117,19
4483,Potato & Cheese Pierogi,129,1
4484,Organic Sharp Cheddar Cheese,21,16
4485,Organic Whole Wheat Bread,112,3
4486,Cotton Rounds,132,11
4487,Organic Garnet Sweet Potato (Yam),83,4
4488,Canola Oil,19,13
4489,Parmesan Cheese,21,16
4490,Banana Mango Yogurt,120,16
4491,Shoestring Fries,129,1
4492,Organic Nonfat Greek Yogurt With Peaches,120,16
4493,Quick 1 Minute Whole Grain Oats,130,14
4494,Globe Eggplant,83,4
4495,Oh My Yog! Gingered Pear Trilayer Yogurt,120,16
4496,Split Top Wheat Bread,112,3
4497,Organic Red Cabbage,83,4
4498,Organic Turkey Hot Dogs,106,12
4499,Organic Whole Wheat Fusilli Pasta,131,9
4500,Premium Organic Whole Kernel Sweet Corn,116,1
4501,Hazelnut Coffee Sugar Free CoffeeCreamer,53,16
4502,Variety Pack,85,17
4503,Bag of Organic Lemons,24,4
4504,Roasted Brussels Sprouts,13,20
4505,Authentic French Brioche,93,3
4506,Natural Tomato Paste,81,15
4507,Diced Onions,123,4
4508,Bathroom Bleach Foamer,114,17
4509,Coffee Chocolate Bar,3,19
4510,Garden Salad Mix,123,4
4511,White Kidney Beans,69,15
4512,Peppered Deli Slices,14,20
4513,Surf Sweet Watermelon Rings,45,19
4514,Milk Free Better Than Sour Cream,108,16
4515,Dry Sherry,134,5
4516,Unsweetened Premium Iced Tea,94,7
4517,Hearty & Delicious 100% Whole Wheat with Honey Bread,112,3
4518,Plain Almond Milk Yogurt,84,16
4519,Glacier Freeze Frost,64,7
4520,Organic Brown Rice,38,1
4521,100% Recycled 2 Ply Paper Towels,54,17
4522,Original Instant Oatmeal,130,14
4523,Tall Kitchen Drawstring Bags,60,17
4524,Organic Tamari Gluten-Free Soy Sauce,66,6
4525,Smoked Turkey Breast Slices,96,20
4526,"Cereal, Superfood, Acai Blueberry",121,14
4527,Baked Cheese Ravioli,38,1
4528,D'anjou Pears 90/100 Sz,24,4
4529,Organic Whole Grain Sprouted Quinoa,63,9
4530,Organic Teas Black Tea Organic English Breakfast Tea Bags - 16 CT,94,7
4531,Organic Pinto Beans,59,15
4532,Cran Raspberry Sparkling Water,115,7
4533,Holler Mountain Organic Coffee,26,7
4534,Zero Soda,77,7
4535,"Banana, Peach and Mango Fruit Pouch",92,18
4536,Kids Sensible Foods Broccoli Littles,92,18
4537,Persian (Armenian) Cucumber,83,4
4538,Organic Half & Half,53,16
4539,80% Lean Ground Beef,122,12
4540,Coconut Yoghurt,120,16
4541,Vegetable Broth Low Sodium,69,15
4542,Light and Lean Quinoa Black Beans with Butternut Squash and Chard,38,1
4543,Fennel Seed,104,13
4544,Grapefruit Sparkling Energy Water,64,7
4545,Cereal Variety Fun Pack,121,14
4546,Jasmine Green Tea,94,7
4547,Chocolate Protein Nutritional Shake,65,11
4548,Gardenia Hydrating Shampoo,22,11
4549,Organic Unsweetened Applesauce,99,15
4550,Sweet & Spicy BBQ Multigrain Chips,107,19
4551,Freshly made pasta in a 100% Real Cheddar cheese sauce Macaroni & Cheese,38,1
4552,Fizz Lemon Limey,77,7
4553,Zucchini Squash,83,4
4554,Organic Bunch Beets,83,4
4555,Classic Beef Stock,38,1
4556,Geranium Scented Soy Candle,101,17
4557,"Chicken Base, Organic",69,15
4558,Japaleno Green Salsa Hot,51,13
4559,Organic Gluten Free Non-Dairy Beans & Rice Burrito,38,1
4560,Greek 0% Fat Smooth & Creamy Plain Yogurt,120,16
4561,Slider Stand & Fill Storage Gallon Bags,85,17
4562,Artichoke Spinach Dip,67,20
4563,Frozen Organic Strawberries,24,4
4564,Coarse Ground Black Pepper,104,13
4565,Original Barbecue Sauce,5,13
4566,Jasmine Green Iced Tea,66,6
4567,Hot Italian Sausage,106,12
4568,0% Fat Free Organic Milk,84,16
4569,Raspberry Essence Water,115,7
4570,Orange Sparkling Water,115,7
4571,Zero Non-Chlorine Bleach,75,17
4572,Anchovy Fillets In Olive Oil,95,15
4573,Cane Sugar,17,13
4574,Sweet Potatoes Stage 2,92,18
4575,Organic Refined Coconut Oil,19,13
4576,Very Berry Flavor Sparking Mineral Water,115,7
4577,100% Lactose Free Fat Free Milk,91,16
4578,Challah Bread,112,3
4579,Yoghurt Blueberry,120,16
4580,"Baby Food Blueberry, Parsnip & Buckwheat Stage 2",83,4
4581,Apple Cider,98,7
4582,Organic Creamed Coconut,17,13
4583,Cucumber Kirby,83,4
4584,Artisan Baguette,112,3
4585,Shaving Blade Cartridges,55,11
4586,Organic Russet Potatoes,83,4
4587,Fresh Brush Heavy Duty Refills Toilet Bowl,114,17
4588,All Natural Unbleached Waxed Paper,97,13
4589,Pink Lemonade,31,7
4590,Fit Triple Berry Crunch Whole Grain Granola,57,14
4591,Apple & Maple Chicken Mini Links,106,12
4592,Naturally Sun Dried Organic Raisins,117,19
4593,"Natural Laundry Stain Remover, Free & Clear",75,17
4594,Strawberry Raspberry Blended Greek Yogurt,120,16
4595,Homestyle Salisbury Steak,4,9
4596,Fruit Cocktail in Heavy Syrup,99,15
4597,Medium Cantina Style Serranos Salsa,51,13
4598,Spa Formula Nail Polish Rem0ver,132,11
4599,King Crab Legs,39,12
4600,Happy Hoppers Gummy Candy,100,21
4601,Salt & Organic Spices,5,13
4602,"Cashew, Sesame & Pimento Spread",51,13
4603,Vanilla Bean Natural Lowfat Yogurt,120,16
4604,Jambalaya Soup,69,15
4605,Applesauce Cinnamon Jar,99,15
4606,Banana Walnut Hemp Manna Bread,112,3
4607,Deli Deluxe American Cheese Product,21,16
4608,Organic Spelt Spaghetti,131,9
4609,Green Tea with Pomegranate,94,7
4610,Backyard BBQ Meal,38,1
4611,Perfectly Undone Silicone Free Shampoo,22,11
4612,Diet Cranberry with Lime Juice,98,7
4613,Pepperoni Pizza,79,1
4614,Fruit Sensations Sweet Watermelon Sugar-Free Gum,46,19
4615,Mushroom Barley Soup,1,20
4616,"Quattro For Women Refill Blades,",55,11
4617,Match Light Instant Charcoal Briquets,87,17
4618,Revitalizing Oil Furniture Spray,114,17
4619,Organic Red Pepper,104,13
4620,Authentic Mexican Crumbling Cheese,21,16
4621,Cheddar Cheese and Carrot Baked Organic Cheese and Grain Snack,92,18
4622,Echinacea Goldenseal Compound,47,11
4623,All Natural Peach Tea Bottles,94,7
4624,Nylon Turner,10,17
4625,You're My Boy Blueberry Bourbon Jam,88,13
4626,Envy Apple,24,4
4627,Homestyle Zesty Tomato Bisque Soup,69,15
4628,Cinnamon Banana Chip Clusters,107,19
4629,Beer Especial,27,5
4630,Pure Coconut Water With Orange,98,7
4631,DairyPure Fat Free Milk,84,16
4632,Shredded Gruyere Cheese,2,16
4633,"Just Croutons, Garlic",89,13
4634,Mint 82% Cacao Square,3,19
4635,Stuffed Hash Browns Sausage &  Cheese,100,21
4636,Squeezed Lemonade,64,7
4637,Lemon Natural Dishwasher Detergent Gel,74,17
4638,Organic Lemon Pepper,104,13
4639,Sesame Chicken,38,1
4640,Organic Simply Detox,94,7
4641,Coriander & Annatto Seasoning,104,13
4642,Sherry Vinegar,19,13
4643,"Anti-Gas, Ultra Strength, 180 mg, Softgels",70,11
4644,Chocolate Infinity Ice Cream Bars,37,1
4645,Organic Bold Original Cacao Superfood Drink,31,7
4646,Lindor Stracciatella White Chocolate Truffles,45,19
4647,Maple Leaf Creme Cookies,61,19
4648,Frosted Krispies Sweetened Toasted Rice Cereal,121,14
4649,Chicken & Salmon Formula Cat Food,41,8
4650,Family Marinara Premium Organic Pasta Sauce,9,9
4651,2% Milk Fat Creamy Small Curd Peach Cottage Cheese,100,21
4652,Cheeseburger Macaroni Hamburger Helper,131,9
4653,Envirokidz Peanut Choco Crispy Rice Bars,3,19
4654,Kittles Tuna & Cranberries Recipe Cat Treats,41,8
4655,Seaweed Rice Chips Wasabi,50,19
4656,Lemon Garlic Turkey Jerky,23,19
4657,Mini Chocolate Chip Cookies Munchpack,61,19
4658,Organic Lemon Gingersnap,61,19
4659,Mandarin Soda,77,7
4660,"Bean, Rice and Cheddar Burrito",38,1
4661,Premium Herring Fillet Wine Sauce,15,12
4662,Non Dairy Thousand Island,89,13
4663,Instant Brightening Facial Mask,132,11
4664,Extra Strength Pain Relief Acetaminophen Caplets,133,11
4665,Bacon Mac & Cheese,59,15
4666,Natural Whole Steamed French Ardeche Chestnuts,117,19
4667,Bits Cheese Big Bag,78,19
4668,Strawberry Lowfat Organic Milk,84,16
4669,Blood Orange & Vanilla Body Wash,25,11
4670,With Febreze Bounce Fabric Softener Dryer Sheet Spring & Renewal 105CT Fabric Enhancers,75,17
4671,Organic Chili Cayenne,104,13
4672,Smoked Mozzarella Cheese,13,20
4673,Original Clean Deodorant,80,11
4674,Hawaiian Blend Medium Roast Extra Bold K-Cups,26,7
4675,Ready Meals Three Cheese Alfredo,12,9
4676,Ultimate Omega,47,11
4677,Natural Brown Paper 8-12 Cups Basket Coffee Filters,26,7
4678,"Tortilla Chips, Black Bean",107,19
4679,Mini Pretzels Canister,107,19
4680,Organic Natural Creations Light in Sodium Creamy Garden Tomato Soup,69,15
4681,Red Lentil Spaghetti Pasta,131,9
4682,98% Fat Free Cream Of Chicken Soup,69,15
4683,Cheese Fix Flavored Snack Mix,107,19
4684,Thin to Thick Extra Volume Hair Spray,22,11
4685,Chocolate Dipped Almond Biscotti,61,19
4686,Petite Party Tray,123,4
4687,Ultraclean Cool Mint Mouthwash,20,11
4688,Light Mayonnaise Dressing,72,13
4689,Gluten-Free and Wheat-Free Chocolate-Dipped Cookies,61,19
4690,Light Smoked Portuguese Sardines in Tomato Sauce,95,15
4691,Hot Golden Curry Sauce Mix,66,6
4692,All Natural Flat Leaf Parsley,104,13
4693,Monterey Jack Sliced Cheese,21,16
4694,Goat Cheese and Portobello Ravioli Bowl,38,1
4695,Organic Raspberry Energy Chews,3,19
4696,Nestle Carnation Instant Nonfat Dry Milk,17,13
4697,Premium Chunk Light Tuna in Water,95,15
4698,Berry Medley Oatmeal,130,14
4699,Swaddlers Size 4 Giant Pack Diapers,82,18
4700,Wild Skipjack Light Tuna,95,15
4701,Big Bang Medium Roast Ground Coffee,26,7
4702,Mango Strawberry Granola Bar,3,19
4703,2nd Foods Carrots,92,18
4704,"Nighttime Cough DM, Maximum Strength, Adult",11,11
4705,"Easy Tie Waste Bags On-The-Go Dog Waste Pick-up, Fresh Scent",60,17
4706,Au Gratin Potatoes,4,9
4707,Leave - In Conditioner,22,11
4708,Sweet Balanced Breaks Natural Cheddar Cheese Sea-Salted Roasted Almonds Raisins & Greek Yogurt Flavored Drops  Snacks,100,21
4709,Boneless Beef Top Sirloin Steak,122,12
4710,Organic Sprouted Pumpkin Seeds,117,19
4711,Natural Chestnut 4N Permanent Hair Color,22,11
4712,Complete Mix Cheese Garlic,105,13
4713,Low Sodium Black Beans,59,15
4714,Indicator Contour Clean Soft Toothbrush Twin Pack,20,11
4715,Snackimals Cookies Peanut Butter,61,19
4716,Lean Pockets Philly Steak and Cheese Sandwiches,38,1
4717,Organic Italian Peeled Tomatoes,81,15
4718,Peas & Diced Carrots,81,15
4719,Peanut Butter Sandwich Cookies,61,19
4720,Hydrating Day Creme,109,11
4721,Dark Chocolate Hot Cocoa Mix,90,7
4722,Premium Veal Stock,69,15
4723,Organic Snackimals Chocolate Crisp Cereal,121,14
4724,Mint Floss,20,11
4725,Face Toner,109,11
4726,Organic Maple Creamline Yogurt,120,16
4727,Probiotic Supplement Capsules,70,11
4728,In Escabeche Carrots,30,6
4729,Lentil & Quinoa Spaghetti,100,21
4730,Honey Nut Tasteeos,121,14
4731,Chicken Tortilla With Red Quinoa Soup,69,15
4732,Chunk Light in Sunflower Oil Tuna,95,15
4733,Italian Style Whole Peeled Tomatoes With Basil Leaf,81,15
4734,Tahitian Renewal  Body Wash,127,11
4735,"Garlic Salt, Organic",104,13
4736,English Toffee Cappuccino,26,7
4737,Concentrated Deep Reach Fogger Insecticide,87,17
4738,Organic Pitted Kalamata Olives,110,13
4739,Clear Pore Cleanser/Mask,73,11
4740,Beneful IncrediBites Variety Pack Dog Food,40,8
4741,Baby Vitamin C tablets,6,2
4742,100% Lactose Free 1% Milkfat Chocolate Lowfat Milk,91,16
4743,Organic Harmony Blend Tri-Color,4,9
4744,Sea Salt Veggie Chips,50,19
4745,Platinum Wide Mouth Pint Jars,85,17
4746,Almond Soap Bar,25,11
4747,98% Fat Free Premium Ham in Natural Juices,96,20
4748,Whole Wheat Pita,128,3
4749,Breakfast Pack,121,14
4750,100% Organic Crushed Chili,104,13
4751,Sweet Heat Barbecue Sauce,5,13
4752,Hamburger Buns 8 Ct,43,3
4753,Signature German Chocolate Cake Mix,105,13
4754,Syrup Day Time Cold & Cough Cherry 4oz,11,11
4755,Pomegranate & Mango Hand Soap,127,11
4756,Double Bergamot Earl Grey,94,7
4757,"Antiperspirant/Deodorant, Shower Fresh",80,11
4758,Everyday Paper Plates,111,17
4759,Breakfast Links Maple & Smoked Bacon Smoked Chicken Sausage,106,12
4760,Macaroni & Cheese with Cheddar & Romano,38,1
4761,Organic Cheddar Classics Baked Crackers,78,19
4762,Gourmet Garlic Butter Popcorn,23,19
4763,Creamy Onion Dip,67,20
4764,Toasted Cheddar,107,19
4765,Lemon Lime Sparkling Energy Water,115,7
4766,Nasal Relief Simply Saline Nasal Mist,11,11
4767,Organic Original Instant Oatmeal,130,14
4768,Aqua Impact Body and Face Wash,127,11
4769,Black Decorating Gel,97,13
4770,Naturals Purifying Pore Scrub,73,11
4771,Ginger Frozen Yogurt,37,1
4772,"Organic Yogurt, Pomegranate",120,16
4773,Seafood Feast Variety Classic Wet Cat Food,41,8
4774,Super Spinach Greens,83,4
4775,Salted Peanut Butter Filled Pretzels,107,19
4776,Soft & Strong Bathroom Tissue 2 Ply,54,17
4777,Fresh Breath Mint-Coated Capsules,20,11
4778,Green Salsa Jalapeno,51,13
4779,Sea Greens 100% Juice Smoothie,31,7
4780,Calabrese Bite Size Spicy Salamini,96,20
4781,Dried Dates,117,19
4782,Pick-A-Size Paper Towel Roll,54,17
4783,"Multi-Vitamin & Mineral, Gummy Bears, Fruit Flavors",47,11
4784,Beef Top Round Steak,122,12
4785,Mild Barbecue Sauce,5,13
4786,Ground Coriander Seed,104,13
4787,Tasty Treasures With Ocean Fish in Sauce,41,8
4788,White Gold Popcorn,23,19
4789,Multigrain Wheat Thins Crackers,78,19
4790,"Super C, 1000 mg, Tablets",47,11
4791,Reduced Fat Cheddar Cheese Slices,21,16
4792,Pickled Ginger With Shiso Leaves,110,13
4793,Pinto Beans,59,15
4794,Medicated Foot Powder,118,11
4795,"Seitan, Traditional, Strips",65,11
4796,Sea Salt Garden Veggie Straws,78,19
4797,Organic Chunky Tomato & Herb Pasta Sauce,9,9
4798,Lotzza Motzza Sausage and Pepperoni Pizza,79,1
4799,Family Favorites Broccoli & Cauliflower,100,21
4800,Homestyle Beef Skillet,38,1
4801,Organic Polenta Corn Grits,17,13
4802,Original Life Cereal,121,14
4803,"Simmer Sauce, Tikka Masala, Medium Spicy",76,6
4804,Mexican Blend Cheese,21,16
4805,Organic Granulated Tapioca,17,13
4806,Red Cherry Tomato,100,21
4807,Tangerine Lime Drink Tabs,100,21
4808,Tropical Coconut Conditioner,22,11
4809,Cinnamon Apple Clusters,50,19
4810,Men's Multivitamin Adult Gummies,47,11
4811,Quartered & Marinated Artichoke Hearts,81,15
4812,Clean Curve Dishwand,114,17
4813,Organic Medium Chili With Vegetables,59,15
4814,"Prenatal Multivitamin, Vegetarian, Capsules",47,11
4815,Lil Bits Banana Strawberry Oatmeal,92,18
4816,Security Regular Unscented Tampons,126,11
4817,Heat & Serve Sweet Potato,123,4
4818,Total Advanced Deep Clean Toothpaste,20,11
4819,Lite Half Salt White Popcorn,23,19
4820,Grilled white meat chicken & penne pasta in a creamy alfredo sauce Chicken Alfredo,38,1
4821,Butter Ghee,76,6
4822,San Marzano Blend Tomato Basil Pasta Sauce,9,9
4823,Instant Rice Noodles,4,9
4824,"Fruit Spread, Strawberry",88,13
4825,Crumbled Bacon,89,13
4826,Chicken Samosas With Cilantro Chutney,129,1
4827,Emery Boards,132,11
4828,Caffeine Free Coke Zero,77,7
4829,Crystal Deodorant Mist Spray,80,11
4830,Dentastix Fresh Toy/Small Dog Care & Treats,40,8
4831,Organic Woman's Mother To Be Tea,94,7
4832,100% Recycled White Paper Towels,54,17
4833,Potatoes O'Brien with Peppers and Onions,129,1
4834,Small Pecan Pie,8,3
4835,Shells & Cheese Aged White Cheddar,4,9
4836,Full Spectrum Liquid Peppermint Flavor Olive Leaf Complex,47,11
4837,In Light Syrup & Passion Fruit Juice Tropical Fruit,99,15
4838,Tropical Splash Moisturizing Shave Gel,55,11
4839,The Complete Cookie Snickerdoodle,61,19
4840,Whole Peeled San Marzano Tomatoes with Basil,81,15
4841,Strong Toilet Paper,54,17
4842,GoodNites® Disposable Bed Mats,56,18
4843,Steamfresh Sriracha Green Beans,116,1
4844,Organic PB & J Chewy Granola Bars,3,19
4845,Fresh Outlast Soothing Orchid & Black Currant Body Wash 23.6oz  Personal Cleansing,127,11
4846,Milk Chocolate Almonds,45,19
4847,Gluten Free Shredded Beef Burrito,129,1
4848,Old Fashioned Oats,130,14
4849,1 Ply White Luncheon Napkins,54,17
4850,Select Sesame And Poppy Seed Crackers,78,19
4851,Sourdough Boule,112,3
4852,Mirabelle Preserves Golden Plum,88,13
4853,Natural Hibiscus Tea,94,7
4854,Barramundi,34,1
4855,Organic Date & Lemon Artisan Crisps Made With Fresh Greek Yogurt & Himalayan Pink Salt,100,21
4856,Chai Rooibos Herbal Tea Bags,94,7
4857,Organic Rosemary Olive Oil Stoneground Wheat Crackers,78,19
4858,Strawberry on the Bottom Nonfat Greek Yogurt,120,16
4859,Matzo Ball Mix,33,6
4860,Organic Yellow Seed Mustard,104,13
4861,Ginger Brew Soda,77,7
4862,Fireworks Moonlight Breeze In-Wash Scent Booster,75,17
4863,Crispy Battered Fish Fillets,34,1
4864,Hi-Chew Strawberry Fruit Chews,66,6
4865,Gluten Free Seeds & Grains Bread,112,3
4866,Psyllium Husk Powder,6,2
4867,Deep Cleansing Nose/Face Combo Pore Strips,73,11
4868,Light Sodium Brown Rice and Vegetable Bowl,38,1
4869,Israeli Couscous with Mushrooms,63,9
4870,Pancake Syrup,29,13
4871,Pomegranate Hard Candies,45,19
4872,Kid's Cold & Mucus Relief,11,11
4873,Crab Delights Imitation Flake Style Crab Meat,15,12
4874,Organic Sea Kelp Delight Seasoning,104,13
4875,Andouille,106,12
4876,Gotta Do Chocolate Ice Cream,37,1
4877,All Time Great's Candy Assortment,45,19
4878,Whole Cumin,6,2
4879,Caramel Dark Chocolate Bar,45,19
4880,Mega Food Men's One Daily Tablets,47,11
4881,Brut Premier,134,5
4882,Glory's Sweet Cherry Tomatoes,83,4
4883,Roasted Pumpkin Seed Salsa,51,13
4884,Qualita Rossa Ground Coffee,26,7
4885,Sesame Whole Wheat Crackers,78,19
4886,Original Strawberry Gelatin Snacks,71,16
4887,Sun-Dried Tomatoes Halves With Herbs,81,15
4888,Clean Linen Spray,75,17
4889,Vanilla Dairy Free Almond Milk Creamer Made With Real Almond & Coconut Cream,100,21
4890,Spinach Dal Indian Cuisine,76,6
4891,Puffs Flamin' Hot Cheese Flavored Snacks,107,19
4892,Chewy Chocolate Chip Granola Bars,3,19
4893,"Juice, Organic, Acai with Pomegranate",31,7
4894,Milano Lemon Flavored Chocolate Cookies,61,19
4895,100% Whole Wheat Flour Tortillas,128,3
4896,Original Iced Matcha Unsweetened Tea,100,21
4897,Creamed Spinach & Kale,67,20
4898,Chocolate Chip Cookie Dough Frozen Greek Yogurt Bars,58,1
4899,Diced Yellow Onions,123,4
4900,Original Red Hot Cayenne Pepper Sauce,72,13
4901,Super Glue Gel Control,87,17
4902,Frosted Flakes Cereal Single Serve,121,14
4903,Organic Marin Pasta Ravioli,12,9
4904,Healing + Vitamin E Conditioner,22,11
4905,White Label Blended Scotch Whisky,124,5
4906,Organic Savory Beef Gravy,69,15
4907,Multigrain Onion & Garlic Quinoa Crisps,107,19
4908,Naturals Flushable Moist Refill Wipes,54,17
4909,Cooked Wild Rice,59,15
4910,Garlic Primavera Risotto,4,9
4911,Egg Fettuccine No.103,131,9
4912,Medium Salsa Organica,67,20
4913,Coconut Pineapple Water,98,7
4914,"Fortifying, Sleek & Shine Conditioner",22,11
4915,"Natural Liquid Laundry Detergent, Fresh Citrus scent",75,17
4916,Totally Rockin' Tots Russet Potato & Cauliflower Frozen Snacks,116,1
4917,Parmesan Beef Meatballs,122,12
4918,Extra Noodle Soup Mix,69,15
4919,White Cheddar Baked Snack Crackers,78,19
4920,Kick It Immune For Kids Drops,6,2
4921,Reese's Peanut Butter Chocolate Dessert Bar Mix,105,13
4922,Extra Stout Beer,27,5
4923,Acne Wash,73,11
4924,Organic Orange,98,7
4925,Original Light Ranch Salad Dressing,89,13
4926,"Miso, Dark Aged",66,6
4927,40W Tubular Frosted Light Bulb,87,17
4928,Honeydew Nourishing Hair Conditioner,22,11
4929,Fun Size Variety Mix,45,19
4930,Diced Jalapenos,81,15
4931,Kosher Recipe Secrets Soup & Dip Mix Onion,69,15
4932,Organic Flax Plus Cinnamon Cereal,121,14
4933,Taquitos Steak & Cheese,129,1
4934,Tall Kitchen Bag With Febreze Odor Shield,60,17
4935,California Blend Vegetables,116,1
4936,Unscented Liken Plant Natural Deodorant,80,11
4937,Ruled White Index Cards,87,17
4938,Black Aroma Mist Diffuser,101,17
4939,DeTox Caffeine Free Organic Herbal Tea Bags,94,7
4940,Organic Tortillas,128,3
4941,Liquid Gel Fastmax Day/Night,11,11
4942,Mighty Pacs Free Clear,114,17
4943,Fine Selection of Crackers and Biscuits for Cheese,78,19
4944,American Concord Grape,134,5
4945,Chocolate Cookies Single Serve,61,19
4946,Lil' Bits Oatmeal Apple Cinnamon Cereal,92,18
4947,Coconut Milk Non Dairy Frozen Dessert  Mini Sandwiches Banana Split,37,1
4948,"Gochujang Chicken, with Brown Rice",38,1
4949,"Fruit Bars, Dark Chocolate Covered, Creamy Strawberry",37,1
4950,Flip Sriracha Mango Greek Yogurt,31,7
4951,Oranges,24,4
4952,Decorating White Cake Icing,97,13
4953,Cinnamon Swirl French Toast,52,1
4954,"Papaya Enzyme, Super Plus, High-Potency, Chewable Tablets",47,11
4955,Cobb Salad With Chicken & Bacon,1,20
4956,Gluten Free Spaghetti,131,9
4957,Garlic 'n Herb,104,13
4958,Evening Primrose Oil,47,11
4959,Honey Bunny Grahams,61,19
4960,Extra Strength Itch Stopping Cream,118,11
4961,Pesto Pasta Primavera,38,1
4962,All Hair Types Pure Clean Finishing Paste,22,11
4963,Matzo Farfel,33,6
4964,D.O.P San Marzano Tomatoes,81,15
4965,Coverstick,109,11
4966,Crispy Variety Pack Chicken,129,1
4967,Show Me the Honey Crunchy Coconut Chips,50,19
4968,Navel Oranges Bag,24,4
4969,Original Crust Pizza,79,1
4970,"Fruit Spread, Chia, Strawberry, with Agave Syrup",88,13
4971,Toaster Strudel Apple Toaster Pastries,48,14
4972,Double Chocolate Chip Cookies with Dirty Mint Chip Ice Cream,37,1
4973,Infants' Ibuprofen 50mg White Grape Flavored Concentrated Drops Fever Reducer/Pain Reliever,6,2
4974,"Vodka, Pear Flavored",124,5
4975,Toaster Strudel Pastries Strawberry,52,1
4976,Broccoli,83,4
4977,Organic Sunflower Flax Snax,125,19
4978,Men's One Daily Tablets,47,11
4979,Turtle Trails Soymilk Frozen Dessert,37,1
4980,"Crumbled Feta, with Mediterranean Herbs, Fat Free",2,16
4981,Delmonicos Dress Pepper Rnch,89,13
4982,Sea Salt Original Beef Jerky,23,19
4983,Chocolate Peppermint Stick Soymilk,90,7
4984,Cleaning Brush Set,82,18
4985,Normal Herbal Essences Shine Collection Conditioner 13.5 Fl Oz Female Hair Care,22,11
4986,Gluten Free Quinoa Rice & Shine Hot Cereal,130,14
4987,Eco-Foil Mini Loaf Pans and Lids (5 23/32 in x 3 5/16 in x  1 7/8 in),10,17
4988,Originale Extra Virgin Olive Oil,19,13
4989,Bistro Organic Caesar Salad Bowl with Chicken,1,20
4990,Arrabiata Pasta Sauce,9,9
4991,Veggie Pepperoni Pizza,14,20
4992,"9\"" Cherry Pie",8,3
4993,Five Star Chocolate Bar Caramel,45,19
4994,Vegan Split Pea Soup,69,15
4995,Homestyle Some Pulp Orange Juice,31,7
4996,Italian Style Vegetables,116,1
4997,Diet Orange Diet CSD,77,7
4998,Organic Plain Soy Yogurt,120,16
4999,Honey BBQ Chicken Wings,129,1
5000,Classic Lasagna Velveeta Cheesy Skillets,4,9
5001,Sake Cooking Wine,19,13
5002,"Potato Chips, Kettle Cooked, Sweet Maui Onion",107,19
5003,Fruit Pie Apple,61,19
5004,Large Pearl Tapioca,17,13
5005,Pumpkin Loaf Cake,61,19
5006,AcneDote Invisible Treatment Gel,109,11
5007,"Dish Soap, Natural, Valencia Orange",74,17
5008,Migraine Caplets,133,11
5009,Wheat Bread,112,3
5010,Whole Arbol Chili Pods Bag,104,13
5011,Organic Prune Juice,98,7
5012,Ice Cream,37,1
5013,Juicy Green Apple Conditioner,22,11
5014,Salisbury Steak with macaroni and cheese Salisbury Steak with macaroni and cheese,38,1
5015,#4 Natural Brown Coffee Filters,26,7
5016,Stawberry Energy Chews,64,7
5017,Enchiladas Al Chipotle,38,1
5018,Classic Guacamole Spicy Mix,51,13
5019,2nd Food Organic Pear Peach & Strawberries,92,18
5020,Anti-Diarrheal Tablets,70,11
5021,Salame Panino,21,16
5022,Pore Refining Toner,73,11
5023,Organic Sea Salt Dark Chocolate,45,19
5024,Raw Reserve Green Superfood,47,11
5025,Voila! Fajita Chicken,38,1
5026,"Laxative Powder Solution, Unflavored",70,11
5027,Classic Smoked Ham Steaks,7,12
5028,SmartBlend Large Breed Adult Formula Dog Food,40,8
5029,Nasal Spray,11,11
5030,Organic Einkorn Whole Wheat Rigatoni Pasta,131,9
5031,Mediterranean Style Nonfat Yogurt,120,16
5032,Gluten Free Class French Dinner Rolls,58,1
5033,Supreme Caesar Dressing,89,13
5034,Fruitables Tropical Orange Juice Beverage,98,7
5035,White Cheddar,4,9
5036,Dairy Free Gluten Free Mushroom & Roasted Garlic Pizza,42,1
5037,All Natural Udon Stir-Fry Noodles,66,6
5038,Mayo Light Mayonnaise,72,13
5039,Organic Unsweetened Soy Milk Beverage,91,16
5040,Organic Envy Apple,100,21
5041,Mini Artisian Crackers Croccantini Roasted Garlic,78,19
5042,Crabby Rice Chips,107,19
5043,7 Grain Hot Cereal,130,14
5044,White Paper Towel Roll,54,17
5045,Cavity Defense Medium Toothbrush,20,11
5046,Lemon Snakaroons,61,19
5047,Organic Vegetarian & Delicious Four Cheese Tortelloni,12,9
5048,Non Alcoholic French Vanilla Coffee Creamer,53,16
5049,Mini Chocolate Chip Cookies,8,3
5050,Special Recipe Italian Bread,112,3
5051,Organic Cooked Beets,83,4
5052,Skin Clearing Shave Cream Men,55,11
5053,Bite Organic Snack Bar Peanut Butter Chocolate Chip,3,19
5054,Complete Health Adult Dog Food Lamb & Barley,40,8
5055,Chocolate in Ceramic Ramekins,119,1
5056,Sliced Heirloom Portabella Mushrooms,123,4
5057,D'Noir Prunes,117,19
5058,100% Pure Cider,98,7
5059,Tilapia Fillets,34,1
5060,Aspirin Regimen Pain Reliever,133,11
5061,"Matzo Ball Mix, Gluten Free",33,6
5062,Hearty Meals Beef Stew,59,15
5063,Shreds Finely Shredded Monterey Jack Cheese,21,16
5064,Antibacterial All Purpose Disinfecting Cleaner,34,1
5065,Black Bean Burgers,42,1
5066,Keurig Nantucket Blend Medium Roast Coffee K Cups,26,7
5067,Clinical Strength Invisible Solid Completely Clean Antiperspirant/Deodorant,80,11
5068,Natural Chocolate Flavor Whey Protein Isolate,65,11
5069,Orange Peel In Dark Chocolate,45,19
5070,Kids Strawberry Banana Low-Fat Yogurt 25% Less Sugar,120,16
5071,Herbal Berry DeTox Tea,94,7
5072,Organic Kabocha Squash,83,4
5073,Maya Kaimal Goan Coconut,76,6
5074,Nacho Sliced Jalapeños,30,6
5075,Venus Sensitive 3 Blade Women's Disposable Razors,55,11
5076,Supreme Dark Chocolate 90% Cocoa,45,19
5077,Diet Sparkling Beverage Orange Dry,77,7
5078,Frosty Paws Peanut Butter Novelty Dog Treats,37,1
5079,Cavity Protection Regular Flavor Toothpaste,20,11
5080,Dark Roast Whole Bean Coffee Coffee,26,7
5081,Skin Therapy Sensitive Skin Lotionized Moisturizing Shave Gel,55,11
5082,Cinnamon Sugar Spice Biscuits,61,19
5083,California Fig Balsamic Vinegar,19,13
5084,Vermont Sharp Cheddar Cheese,2,16
